[Licensing::Module] Trying to connect to existing licensing client channel...
[Licensing::IpcConnector] Successfully connected to: "LicenseClient-moham" at "2026-08-24T15:02:40.7906897Z"
Built from '6000.5/staging' branch; Version is '6000.5.2f1 (eb73d3b415a1) revision 15430611'; Using compiler version '194234433'; Build Type 'Release'
OS: 'Windows 11  (10.0.26200) Core' Language: 'en' Physical Memory: 16077 MB
BatchMode: 1, IsHumanControllingUs: 0, StartBugReporterOnCrash: 0, Is64bit: 1
System  architecture: x64
Process architecture: x64
Date: 2026-08-24T15:02:40Z

COMMAND LINE ARGUMENTS:
C:\Program Files\Unity\Hub\Editor\6000.5.2f1\Editor\Unity.exe
-adb2
-batchMode
-noUpm
-name
AssetImportWorkerHW0
-projectPath
C:/Users/moham/My Stuff/Development/Formula-NIL
-logFile
Logs/AssetImportWorkerHW0.log
-srvPort
56278
-parentPid
5076
-analyticsCloudUserId
anonymous
-analyticsCloudProjectId
3f2af847-aea3-45f8-9d64-bb1a2c8a2b7a
-analyticsLocalProjectId
5f1a6e8988baa1b4da0580bced24706b
-licensingIpc
LicenseClient-moham
-noDiagnosticSwitchPersistentStore
-job-worker-count
9
-background-job-worker-count
8
-asset-garbage-collectors
1
-force-d3d12
-name
AssetImport
Successfully changed project path to: C:/Users/moham/My Stuff/Development/Formula-NIL
C:/Users/moham/My Stuff/Development/Formula-NIL
[UnityMemory] Configuration Parameters - Can be set up in boot.config
    "memorysetup-temp-allocator-size-gi-baking-worker=262144"
    "memorysetup-temp-allocator-size-gi-baking-worker=262144"
    "memorysetup-temp-allocator-size-gi-baking-worker=262144"
    "memorysetup-temp-allocator-size-gi-baking-worker=262144"
    "memorysetup-temp-allocator-size-gi-baking-worker=262144"
    "memorysetup-temp-allocator-size-nav-mesh-worker=65536"
    "memorysetup-temp-allocator-size-audio-worker=65536"
    "memorysetup-temp-allocator-size-cloud-worker=32768"
    "memorysetup-temp-allocator-size-gfx=262144"
    "memorysetup-temp-allocator-size-preload-manager=33554432"
    "memorysetup-allocator-temp-initial-block-size-main=262144"
    "memorysetup-allocator-temp-initial-block-size-worker=262144"
    "memorysetup-temp-allocator-size-job-worker=262144"
    "memorysetup-temp-allocator-size-background-worker=32768"
    "memorysetup-bucket-allocator-granularity=16"
    "memorysetup-bucket-allocator-bucket-count=8"
    "memorysetup-bucket-allocator-block-size=33554432"
    "memorysetup-bucket-allocator-block-count=8"
    "memorysetup-main-allocator-block-size=16777216"
    "memorysetup-thread-allocator-block-size=16777216"
    "memorysetup-main-allocator-mimalloc-enabled=0"
    "memorysetup-gfx-main-allocator-block-size=16777216"
    "memorysetup-gfx-thread-allocator-block-size=16777216"
    "memorysetup-cache-allocator-block-size=4194304"
    "memorysetup-typetree-allocator-block-size=2097152"
    "memorysetup-profiler-bucket-allocator-granularity=16"
    "memorysetup-profiler-bucket-allocator-bucket-count=8"
    "memorysetup-profiler-bucket-allocator-block-size=33554432"
    "memorysetup-profiler-bucket-allocator-block-count=8"
    "memorysetup-profiler-allocator-block-size=16777216"
    "memorysetup-profiler-editor-allocator-block-size=1048576"
    "memorysetup-temp-allocator-size-main=16777216"
    "memorysetup-job-temp-allocator-block-size=2097152"
    "memorysetup-job-temp-allocator-block-size-background=1048576"
    "memorysetup-job-temp-allocator-reduction-small-platforms=262144"
Player connection [29452]  Target information:

Player connection [29452]  * "[IP] 192.168.0.106 [Port] 0 [Flags] 2 [Guid] 1406691640 [EditorId] 1406691640 [Version] 1048832 [Id] WindowsEditor(7,WINTER) [Debug] 1 [PackageName] WindowsEditor [ProjectName] Editor" 

Player connection [29452] Host joined multi-casting on [225.0.0.222:54997]...
Player connection [29452] Host joined alternative multi-casting on [225.0.0.222:34997]...
JobSystem: Creating JobQueue using job-worker-count value 9
Input System module state changed to: Initialized.
[Physics::Module] Initialized fallback backend.
[Physics::Module] Id: 0xdecafbad
Library Redirect Path: Library/
[Physics::Module] Selected backend.
[Physics::Module] Name: PhysX
[Physics::Module] Id: 0xf2b8ea05
[Physics::Module] SDK Version: 4.1.2
[Physics::Module] Integration Version: 1.0.0
[Physics::Module] Threading Mode: Multi-Threaded
Refreshing native plugins compatible for Editor in 1761.10 ms, found 6 plugins.
Initialize engine version: 6000.5.2f1 (eb73d3b415a1)
[Subsystems] Discovering subsystems at path C:/Program Files/Unity/Hub/Editor/6000.5.2f1/Editor/Data/Resources/UnitySubsystems
[Subsystems] Discovering subsystems at path C:/Users/moham/My Stuff/Development/Formula-NIL/Assets
Forcing GfxDevice: Direct3D 12
GfxDevice: creating device client; kGfxThreadingModeNonThreaded
[Licensing::Client] Error: HandshakeResponse reported an error:
	ResponseCode: 505
	ResponseStatus: Unsupported protocol version '1.18.1'.
[Licensing::Module] Error: Failed to handshake to channel: "LicenseClient-moham"
[Licensing::IpcConnector] LicenseClient-moham channel disconnected successfully.
[Licensing::IpcConnector] Successfully connected to: "LicenseClient-moham-6000.5.2" at "2026-08-24T15:02:43.8575148Z"
[Licensing::Client] Code 10 while verifying Licensing Client signature (process Id: 13928, path: "C:/Program Files/Unity/Hub/Editor/6000.5.2f1/Editor/Data/Resources/Licensing/Client/Unity.Licensing.Client.exe")
[Licensing::Module] LicensingClient has failed validation; ignoring
[Licensing::Client] Handshaking with LicensingClient:
  Version:                 1.18.1+9fbee8e
  Session Id:              f7b96dd2ad314995a1f36ca87ec68434
  Correlation Id:          53686563a8c3862ad5eae2fee58d6650
  External correlation Id: 3270105323619819497
  Machine Id:              TfOZK2I1D07pOdZHp7282DMlXO4=
[Licensing::Module] Successfully connected to LicensingClient on channel: "LicenseClient-moham-6000.5.2" (connect: 0.00s, validation: 0.04s, handshake: 0.03s)
[Licensing::IpcConnector] Successfully connected to: "LicenseClient-moham-6000.5.2-notifications" at "2026-08-24T15:02:43.921391Z"
[Licensing::Module] Licensing Background thread has ended after 3.13s
d3d12: failed to query info queue interface (0x80004002).
Direct3D:
    Version:         Direct3D 12 [level 12.2]
    Renderer:        NVIDIA GeForce RTX 4060 Laptop GPU (ID=0x28a0)
    Vendor:          NVIDIA
    VRAM:            7956 MB
    App VRAM Budget: 7188 MB
    Driver:          32.0.16.1074
Initialize mono
Mono path[0] = 'C:/Program Files/Unity/Hub/Editor/6000.5.2f1/Editor/Data/Managed'
Mono path[1] = 'C:/Program Files/Unity/Hub/Editor/6000.5.2f1/Editor/Data/BCLExtensions/runtime/netstandard2.1'
Mono path[2] = 'C:/Program Files/Unity/Hub/Editor/6000.5.2f1/Editor/Data/MonoBleedingEdge/lib/mono/unityjit-win32'
Mono config path = 'C:/Program Files/Unity/Hub/Editor/6000.5.2f1/Editor/Data/MonoBleedingEdge/etc'
Using monoOptions --debugger-agent=transport=dt_socket,embedding=1,server=y,suspend=n,address=127.0.0.1:56224
CodeReloadManager initialized
Begin MonoManager ReloadAssembly
Registering precompiled unity dll's ...
Register platform support module: C:/Program Files/Unity/Hub/Editor/6000.5.2f1/Editor/Data/PlaybackEngines/WindowsStandaloneSupport/UnityEditor.WindowsStandalone.Extensions.dll
Registered in 0.516936 seconds.
Native extension for WindowsStandalone target not found
Package Manager log level set to [2]
[Package Manager] Failed to launch server process. Reason: Unity was launched with the -noUpm command-line argument
[Package Manager] Unable to send message (not connected to server process).
[Package Manager] Cannot connect to Unity Package Manager local server
ScheduleIndexationOnStartup MainProcess:False IndexOnStartup:True
Mono: successfully reloaded assembly
- Finished resetting the current domain, in  0.886 seconds
Domain Reload Profiling: 2723ms
	BeginReloadAssembly (391ms)
		CreateAndSetChildDomain (18ms)
	RebuildCommonClasses (10ms)
	RebuildNativeTypeToScriptingClass (48ms)
	initialDomainReloadingComplete (788ms)
	LoadAllAssembliesAndSetupDomain (595ms)
		LoadAssemblies (341ms)
		AnalyzeDomain (424ms)
			TypeCache.Refresh (421ms)
				TypeCache.ScanAssembly (390ms)
	FinalizeReload (891ms)
		SetupLoadedEditorAssemblies (0ms)
			InitializePlatformSupportModulesInManaged (4ms)
			BeforeProcessingInitializeOnLoad (235ms)
			ProcessInitializeOnLoadAttributes (249ms)
			ProcessInitializeOnLoadMethodAttributes (267ms)
Initializing Unity extensions:
[Licensing::Client] Successfully resolved entitlement details
[Licensing::Module] License group:
  Id: 18966972188191-UnityPersXXXX
  Product: Unity Personal
  Type: Assigned
  Expiration: Unlimited
========================================================================
Worker process is ready to serve import requests
Import Worker Mode flag is 0x00
Duplicate assembly 'log4net.dll' with different versions detected, using 'Packages/com.unity.package-validation-suite/Lib/Editor/log4net.dll, AssemblyName=log4net, Version=2.0.8.0, Culture=neutral, PublicKeyToken=669e0ddf0bb1aa2a' and ignoring 'Packages/com.unity.collab-proxy/Lib/Editor/log4netPlastic.dll, AssemblyName=log4net, Version=1.2.15.0, Culture=neutral, PublicKeyToken=669e0ddf0bb1aa2a'.Begin MonoManager ReloadAssembly
Duplicate assembly 'log4net.dll' with different versions detected, using 'Packages/com.unity.package-validation-suite/Lib/Editor/log4net.dll, AssemblyName=log4net, Version=2.0.8.0, Culture=neutral, PublicKeyToken=669e0ddf0bb1aa2a' and ignoring 'Packages/com.unity.collab-proxy/Lib/Editor/log4netPlastic.dll, AssemblyName=log4net, Version=1.2.15.0, Culture=neutral, PublicKeyToken=669e0ddf0bb1aa2a'.Symbol file LoadedFromMemory is not a mono symbol file
Refreshing native plugins compatible for Editor in 63.88 ms, found 6 plugins.
Native extension for WindowsStandalone target not found
[Package Manager] Failed to launch server process. Reason: Unity was launched with the -noUpm command-line argument
[Package Manager] Unable to send message (not connected to server process).
[Package Manager] Cannot connect to Unity Package Manager local server
Refreshing native plugins compatible for Editor in 32.20 ms, found 6 plugins.
[Package Manager] Failed to launch server process. Reason: Unity was launched with the -noUpm command-line argument
[Package Manager] Unable to send message (not connected to server process).
[Package Manager] Cannot connect to Unity Package Manager local server
ScheduleIndexationOnStartup MainProcess:False IndexOnStartup:True
Mono: successfully reloaded assembly
- Finished resetting the current domain, in  2.374 seconds
Domain Reload Profiling: 5407ms
	BeginReloadAssembly (710ms)
		DisableScriptedObjects (13ms)
		CreateAndSetChildDomain (71ms)
	RebuildCommonClasses (24ms)
	RebuildNativeTypeToScriptingClass (72ms)
	initialDomainReloadingComplete (282ms)
	LoadAllAssembliesAndSetupDomain (1944ms)
		LoadAssemblies (1378ms)
		AnalyzeDomain (698ms)
			TypeCache.Refresh (507ms)
				TypeCache.ScanAssembly (469ms)
			BuildScriptInfoCaches (169ms)
			ResolveRequiredComponents (19ms)
	FinalizeReload (2377ms)
		SetupLoadedEditorAssemblies (0ms)
			InitializePlatformSupportModulesInManaged (4ms)
			BeforeProcessingInitializeOnLoad (202ms)
			ProcessInitializeOnLoadAttributes (791ms)
			ProcessInitializeOnLoadMethodAttributes (272ms)
			AfterProcessingInitializeOnLoad (27ms)
		AwakeInstancesAfterBackupRestoration (5ms)
AcceleratorClientConnectionCallback - disconnected - :0
Launched and connected shader compiler UnityShaderCompiler.exe after 0.04 seconds
Refreshing native plugins compatible for Editor in 71.83 ms, found 6 plugins.
Unloading 29 Unused Serialized files (Serialized files now loaded: 0)
Curl error 3: URL rejected: Malformed input to a URL function
Unloading 6922 unused Assets / (5.6 MB). Loaded Objects now: 7686.
Memory consumption went from 321.6 MB to 316.0 MB.
Total: 22.374400 ms (FindLiveObjects: 1.733700 ms CreateObjectMapping: 6.073900 ms MarkObjects: 9.919700 ms  DeleteObjects: 4.642000 ms)

========================================================================
Received Prepare
AcceleratorClientConnectionCallback - disconnected - :0
Refreshing native plugins compatible for Editor in 65.39 ms, found 6 plugins.
Unloading 29 Unused Serialized files (Serialized files now loaded: 0)
Unloading 29 unused Assets / (2.8 MB). Loaded Objects now: 7686.
Memory consumption went from 313.6 MB to 310.8 MB.
Total: 13.835200 ms (FindLiveObjects: 0.618100 ms CreateObjectMapping: 1.799800 ms MarkObjects: 10.626000 ms  DeleteObjects: 0.789000 ms)

Prepare: number of updated asset objects reloaded= 0
========================================================================
Received Prepare
AcceleratorClientConnectionCallback - disconnected - :0
Refreshing native plugins compatible for Editor in 43.82 ms, found 6 plugins.
Unloading 29 Unused Serialized files (Serialized files now loaded: 0)
Unloading 29 unused Assets / (2.8 MB). Loaded Objects now: 7686.
Memory consumption went from 313.7 MB to 310.9 MB.
Total: 12.823000 ms (FindLiveObjects: 0.611400 ms CreateObjectMapping: 1.575500 ms MarkObjects: 9.833900 ms  DeleteObjects: 0.800200 ms)

Prepare: number of updated asset objects reloaded= 0
========================================================================
Received Import Request.
  Time of request: 2026-08-24T15:03:43.3314091Z
  Time since last request: 25569.06250609999915 seconds.
  importAddress: GUID: 5affacb2975c1b240b500165dbb469ad - Path: Assets/Bahrain International Circuit/Small Ads.mat - Importer: ScriptedImporter/UnityEditor.QuickSearchModule:UnityEditor.Search:ASIAI0B
Importing 'GUID: 5affacb2975c1b240b500165dbb469ad - Path: Assets/Bahrain International Circuit/Small Ads.mat - Importer: ScriptedImporter/UnityEditor.QuickSearchModule:UnityEditor.Search:ASIAI0B' with importer (ScriptedImporter : UnityEditor.QuickSearchModule:UnityEditor.Search:ASIAI0B)
Imported 'GUID: 5affacb2975c1b240b500165dbb469ad' -> (Import Result ID: 'e2991c66b9b8a6b606fd8d42d0fc33d8') in 0.370 seconds [static and dynamic dependencies]. Details - ImportResultOutputID=a6c6fa8a91f53a13bf1decab69e08694 DependenciesID=b32e564baa43af12d1980a90860e8db8 StaticDependenciesID=3f2b2526b85f5b0e8d969183155ccd84 
Number of updated asset objects reloaded before import = 0
Number of asset objects unloaded after import = 3
========================================================================
Received Import Request.
  Time of request: 2026-08-24T15:03:43.7287779Z
  Time since last request: 0.0014454 seconds.
  importAddress: GUID: b37ee1ad341005a41a714d459f907450 - Path: Assets/Bahrain International Circuit/Track - Side.mat - Importer: ScriptedImporter/UnityEditor.QuickSearchModule:UnityEditor.Search:ASIAI0B
Importing 'GUID: b37ee1ad341005a41a714d459f907450 - Path: Assets/Bahrain International Circuit/Track - Side.mat - Importer: ScriptedImporter/UnityEditor.QuickSearchModule:UnityEditor.Search:ASIAI0B' with importer (ScriptedImporter : UnityEditor.QuickSearchModule:UnityEditor.Search:ASIAI0B)
Imported 'GUID: b37ee1ad341005a41a714d459f907450' -> (Import Result ID: '17512bf55dec9fdef0a1c8fe8dbb03ca') in 0.089 seconds [static and dynamic dependencies]. Details - ImportResultOutputID=68cdcd8325689c22b7f6a9719df28cff DependenciesID=b5bebe5cd537ba213b5772ab511b9c9e StaticDependenciesID=861b33c2bffc74c484a65282a7527bc8 
Number of updated asset objects reloaded before import = 0
Number of asset objects unloaded after import = 9
========================================================================
Received Import Request.
  Time of request: 2026-08-24T15:03:43.9396394Z
  Time since last request: 0.002993 seconds.
  importAddress: GUID: 14228bec310978e4ab440f8c3ccc377c - Path: Assets/Prefabs/Circuit.prefab - Importer: ScriptedImporter/UnityEditor.QuickSearchModule:UnityEditor.Search:ASIAI0B
Importing 'GUID: 14228bec310978e4ab440f8c3ccc377c - Path: Assets/Prefabs/Circuit.prefab - Importer: ScriptedImporter/UnityEditor.QuickSearchModule:UnityEditor.Search:ASIAI0B' with importer (ScriptedImporter : UnityEditor.QuickSearchModule:UnityEditor.Search:ASIAI0B)
d3d12: upload buffer was too small for the requested resource! Size: 16777216. Requested: 21555408.
Imported 'GUID: 14228bec310978e4ab440f8c3ccc377c' -> (Import Result ID: '5b830fa1f430b226911c3421aa7de43c') in 0.309 seconds [static and dynamic dependencies]. Details - ImportResultOutputID=30be99fd92e93ba84cc5da2db1e9ee2e DependenciesID=9732c3c0529c3c70fbc72bb34adbf545 StaticDependenciesID=f01caa64b8c3e2d0dc462462672401f9 
Number of updated asset objects reloaded before import = 0
Number of asset objects unloaded after import = 271
========================================================================
Received Import Request.
  Time of request: 2026-08-24T15:03:44.2857434Z
  Time since last request: 0.0000719 seconds.
  importAddress: GUID: 23235673a35448a4ea82d7994d6429ab - Path: Assets/Scenes/Garage.unity - Importer: ScriptedImporter/UnityEditor.QuickSearchModule:UnityEditor.Search:ASIAI0B
Importing 'GUID: 23235673a35448a4ea82d7994d6429ab - Path: Assets/Scenes/Garage.unity - Importer: ScriptedImporter/UnityEditor.QuickSearchModule:UnityEditor.Search:ASIAI0B' with importer (ScriptedImporter : UnityEditor.QuickSearchModule:UnityEditor.Search:ASIAI0B)
Imported 'GUID: 23235673a35448a4ea82d7994d6429ab' -> (Import Result ID: '1f1fd54d25dd270966c2e88eca1c0961') in 0.044 seconds [static and dynamic dependencies]. Details - ImportResultOutputID=8d6e8d717b1290e25f1ecdb69c0d2663 DependenciesID=bddfd7214aaa8b71123aeb6fd33581a2 StaticDependenciesID=83818939a445f38a79c52e8ed78869ce 
Number of updated asset objects reloaded before import = 0
Number of asset objects unloaded after import = 1
========================================================================
Received Import Request.
  Time of request: 2026-08-24T15:03:44.3622754Z
  Time since last request: 0.0017388 seconds.
  importAddress: GUID: 0c3571b722bec2142a4411dfead8610a - Path: Assets/Prefabs/CheckpointSingle.prefab - Importer: ScriptedImporter/UnityEditor.QuickSearchModule:UnityEditor.Search:ASIAI0B
Importing 'GUID: 0c3571b722bec2142a4411dfead8610a - Path: Assets/Prefabs/CheckpointSingle.prefab - Importer: ScriptedImporter/UnityEditor.QuickSearchModule:UnityEditor.Search:ASIAI0B' with importer (ScriptedImporter : UnityEditor.QuickSearchModule:UnityEditor.Search:ASIAI0B)
Imported 'GUID: 0c3571b722bec2142a4411dfead8610a' -> (Import Result ID: 'efbec64c8d6ddc37e30151cd49a5f7af') in 0.097 seconds [static and dynamic dependencies]. Details - ImportResultOutputID=f02b0f6d3bd7fbc019096eea2ffe90a9 DependenciesID=496ae79b851203292e1ff095031034f5 StaticDependenciesID=2a5d0ecd24d5c50dcdc1e02588dce1fa 
Number of updated asset objects reloaded before import = 0
Number of asset objects unloaded after import = 9
========================================================================
Received Import Request.
  Time of request: 2026-08-24T15:03:44.4899506Z
  Time since last request: 0.001286 seconds.
  importAddress: GUID: 0c086225e19aa42488d1980c9b564e76 - Path: Assets/Models/Curbs.fbx - Importer: ScriptedImporter/UnityEditor.QuickSearchModule:UnityEditor.Search:ASIAI0B
Importing 'GUID: 0c086225e19aa42488d1980c9b564e76 - Path: Assets/Models/Curbs.fbx - Importer: ScriptedImporter/UnityEditor.QuickSearchModule:UnityEditor.Search:ASIAI0B' with importer (ScriptedImporter : UnityEditor.QuickSearchModule:UnityEditor.Search:ASIAI0B)
Imported 'GUID: 0c086225e19aa42488d1980c9b564e76' -> (Import Result ID: '5781a04cfa3ff98e628aace2f697e02e') in 0.102 seconds [static and dynamic dependencies]. Details - ImportResultOutputID=9880e98cba3da9f820177834d105c841 DependenciesID=15f924539f8ed2343bcd7bb733ebb7d9 StaticDependenciesID=83be47094a9ebe1c3b93f0721188cfc6 
Number of updated asset objects reloaded before import = 0
Number of asset objects unloaded after import = 10
========================================================================
Received Import Request.
  Time of request: 2026-08-24T15:03:44.6191832Z
  Time since last request: 0.0014074 seconds.
  importAddress: GUID: 51e8e8568b2fc494b8473c7fe4a7c420 - Path: Assets/UI/Top View.png - Importer: ScriptedImporter/UnityEditor.QuickSearchModule:UnityEditor.Search:ASIAI0B
Importing 'GUID: 51e8e8568b2fc494b8473c7fe4a7c420 - Path: Assets/UI/Top View.png - Importer: ScriptedImporter/UnityEditor.QuickSearchModule:UnityEditor.Search:ASIAI0B' with importer (ScriptedImporter : UnityEditor.QuickSearchModule:UnityEditor.Search:ASIAI0B)
Imported 'GUID: 51e8e8568b2fc494b8473c7fe4a7c420' -> (Import Result ID: '2310be2e6bb9f249f131714efb93d0d2') in 0.151 seconds [static and dynamic dependencies]. Details - ImportResultOutputID=042db064eb129340ee5aef14ad6a1b2d DependenciesID=2c00fbc137fcf08bf482a9d395b39b08 StaticDependenciesID=db24cc12563d29fb65f973260ab89da3 
Number of updated asset objects reloaded before import = 0
Number of asset objects unloaded after import = 3
========================================================================
Received Import Request.
  Time of request: 2026-08-24T15:03:44.7947483Z
  Time since last request: 0.0016554 seconds.
  importAddress: GUID: ab09877e2e707104187f6f83e2f62510 - Path: Assets/Settings/DefaultVolumeProfile.asset - Importer: ScriptedImporter/UnityEditor.QuickSearchModule:UnityEditor.Search:ASIAI0B
Importing 'GUID: ab09877e2e707104187f6f83e2f62510 - Path: Assets/Settings/DefaultVolumeProfile.asset - Importer: ScriptedImporter/UnityEditor.QuickSearchModule:UnityEditor.Search:ASIAI0B' with importer (ScriptedImporter : UnityEditor.QuickSearchModule:UnityEditor.Search:ASIAI0B)
Imported 'GUID: ab09877e2e707104187f6f83e2f62510' -> (Import Result ID: '7f206ea02c0e6252689e56f392130068') in 0.022 seconds [static and dynamic dependencies]. Details - ImportResultOutputID=ca73496a761c0ef93013692d0cd834f6 DependenciesID=244ddd677cd5b720269ae38661a1e322 StaticDependenciesID=a9ff3245ab238ee0b2ccd96f27cdfc36 
Number of updated asset objects reloaded before import = 0
Number of asset objects unloaded after import = 1
========================================================================
Received Import Request.
  Time of request: 2026-08-24T15:03:44.8445672Z
  Time since last request: 0.0012906 seconds.
  importAddress: GUID: ebace7b86ea417641bf4f0f5ee562f5a - Path: Assets/Materials/Car_MATS/Player Palette.mat - Importer: ScriptedImporter/UnityEditor.QuickSearchModule:UnityEditor.Search:ASIAI0B
Importing 'GUID: ebace7b86ea417641bf4f0f5ee562f5a - Path: Assets/Materials/Car_MATS/Player Palette.mat - Importer: ScriptedImporter/UnityEditor.QuickSearchModule:UnityEditor.Search:ASIAI0B' with importer (ScriptedImporter : UnityEditor.QuickSearchModule:UnityEditor.Search:ASIAI0B)
Imported 'GUID: ebace7b86ea417641bf4f0f5ee562f5a' -> (Import Result ID: '2493d441cfd879ddc02a23fc540b80a1') in 0.035 seconds [static and dynamic dependencies]. Details - ImportResultOutputID=30bd1e64b956a893d93d1f38cbd67153 DependenciesID=5f4c1bddcb78678f8cd31f3feeaa241d StaticDependenciesID=93a946e51007aa342f1314bb1dea87d6 
Number of updated asset objects reloaded before import = 0
Number of asset objects unloaded after import = 3
========================================================================
Received Import Request.
  Time of request: 2026-08-24T15:03:44.9045028Z
  Time since last request: 0.0021078 seconds.
  importAddress: GUID: d3ab95db8e0300e488ca69a9db2de9b8 - Path: Assets/Bahrain International Circuit/Light.mat - Importer: ScriptedImporter/UnityEditor.QuickSearchModule:UnityEditor.Search:ASIAI0B
Importing 'GUID: d3ab95db8e0300e488ca69a9db2de9b8 - Path: Assets/Bahrain International Circuit/Light.mat - Importer: ScriptedImporter/UnityEditor.QuickSearchModule:UnityEditor.Search:ASIAI0B' with importer (ScriptedImporter : UnityEditor.QuickSearchModule:UnityEditor.Search:ASIAI0B)
Imported 'GUID: d3ab95db8e0300e488ca69a9db2de9b8' -> (Import Result ID: 'd02ac5ba9daa86c1949333d354751d83') in 0.025 seconds [static and dynamic dependencies]. Details - ImportResultOutputID=2497fb40f2f8bdfc52d2c61aa3dae426 DependenciesID=a054873d224373346d4755587250a26f StaticDependenciesID=f7d83fe647e066f8ca9af4930dfa6b5d 
Number of updated asset objects reloaded before import = 0
Number of asset objects unloaded after import = 3
========================================================================
Received Import Request.
  Time of request: 2026-08-24T15:03:44.9589129Z
  Time since last request: 0.0007227 seconds.
  importAddress: GUID: 2b432e5549da48f41b829a9151c046c1 - Path: Assets/Scenes/Options.unity - Importer: ScriptedImporter/UnityEditor.QuickSearchModule:UnityEditor.Search:ASIAI0B
Importing 'GUID: 2b432e5549da48f41b829a9151c046c1 - Path: Assets/Scenes/Options.unity - Importer: ScriptedImporter/UnityEditor.QuickSearchModule:UnityEditor.Search:ASIAI0B' with importer (ScriptedImporter : UnityEditor.QuickSearchModule:UnityEditor.Search:ASIAI0B)
Imported 'GUID: 2b432e5549da48f41b829a9151c046c1' -> (Import Result ID: 'b38c52cd0a9801ed422e4077a5920f7b') in 0.048 seconds [static and dynamic dependencies]. Details - ImportResultOutputID=13c96e01fbaf8fcfef99ff1dda36302f DependenciesID=b616d5b1a90b588550c5e4a1a2a8bff4 StaticDependenciesID=02d849a8ba81c2409bbe0fd60fe2dc86 
Number of updated asset objects reloaded before import = 0
Number of asset objects unloaded after import = 1
========================================================================
Received Import Request.
  Time of request: 2026-08-24T15:03:45.0362615Z
  Time since last request: 0.0011862 seconds.
  importAddress: GUID: 2875c50b819ee8345b74e6e1ae99d544 - Path: Assets/WallFriction.physicMaterial - Importer: ScriptedImporter/UnityEditor.QuickSearchModule:UnityEditor.Search:ASIAI0B
Importing 'GUID: 2875c50b819ee8345b74e6e1ae99d544 - Path: Assets/WallFriction.physicMaterial - Importer: ScriptedImporter/UnityEditor.QuickSearchModule:UnityEditor.Search:ASIAI0B' with importer (ScriptedImporter : UnityEditor.QuickSearchModule:UnityEditor.Search:ASIAI0B)
Imported 'GUID: 2875c50b819ee8345b74e6e1ae99d544' -> (Import Result ID: '8b93ea714253f72bd707488c70f988d8') in 0.033 seconds [static and dynamic dependencies]. Details - ImportResultOutputID=bd0b0ee6c1d1272dff82e5366cef184d DependenciesID=1c5c561550fdb43976dd1f37346d1e08 StaticDependenciesID=176e767967d967d74aa48f997523d431 
Number of updated asset objects reloaded before import = 0
Number of asset objects unloaded after import = 1
========================================================================
Received Import Request.
  Time of request: 2026-08-24T15:03:45.0985605Z
  Time since last request: 0.0009497 seconds.
  importAddress: GUID: c34a0d70627116343818c20aa86782d2 - Path: Assets/Plugins & Utilities/DA-Shared/LICENSE - Importer: ScriptedImporter/UnityEditor.QuickSearchModule:UnityEditor.Search:ASIAI0B
Importing 'GUID: c34a0d70627116343818c20aa86782d2 - Path: Assets/Plugins & Utilities/DA-Shared/LICENSE - Importer: ScriptedImporter/UnityEditor.QuickSearchModule:UnityEditor.Search:ASIAI0B' with importer (ScriptedImporter : UnityEditor.QuickSearchModule:UnityEditor.Search:ASIAI0B)
Imported 'GUID: c34a0d70627116343818c20aa86782d2' -> (Import Result ID: '94d8b3cde4d328622c18de11d0b26504') in 0.011 seconds [static and dynamic dependencies]. Details - ImportResultOutputID=27d47959dcbacbc5e6c8b0df04e2c383 DependenciesID=7c98c336cf4585f047ceeee6e7ff2bcc StaticDependenciesID=b37563fc3f3d5401e7c1a843b5ce469d 
Number of updated asset objects reloaded before import = 0
Number of asset objects unloaded after import = 1
========================================================================
Received Import Request.
  Time of request: 2026-08-24T15:03:45.1440147Z
  Time since last request: 0.0021477 seconds.
  importAddress: GUID: 65bc7dbf4170f435aa868c779acfb082 - Path: Assets/Settings/Mobile_Renderer.asset - Importer: ScriptedImporter/UnityEditor.QuickSearchModule:UnityEditor.Search:ASIAI0B
Importing 'GUID: 65bc7dbf4170f435aa868c779acfb082 - Path: Assets/Settings/Mobile_Renderer.asset - Importer: ScriptedImporter/UnityEditor.QuickSearchModule:UnityEditor.Search:ASIAI0B' with importer (ScriptedImporter : UnityEditor.QuickSearchModule:UnityEditor.Search:ASIAI0B)
Imported 'GUID: 65bc7dbf4170f435aa868c779acfb082' -> (Import Result ID: '5e5ce5ef84a26b2105e0736558617392') in 0.084 seconds [static and dynamic dependencies]. Details - ImportResultOutputID=1ce78e0f285337b54ea1a23d65d35e60 DependenciesID=daa43ae95e83b629e71467a7e55aff26 StaticDependenciesID=6980313948b14d84f2797cc84d7bdf5e 
Number of updated asset objects reloaded before import = 0
Number of asset objects unloaded after import = 2
========================================================================
Received Import Request.
  Time of request: 2026-08-24T15:03:45.2654967Z
  Time since last request: 0.0012054 seconds.
  importAddress: GUID: 67fec9e13e837a341bbe6c1653631431 - Path: Assets/Bahrain International Circuit/Track - Off.mat - Importer: ScriptedImporter/UnityEditor.QuickSearchModule:UnityEditor.Search:ASIAI0B
Importing 'GUID: 67fec9e13e837a341bbe6c1653631431 - Path: Assets/Bahrain International Circuit/Track - Off.mat - Importer: ScriptedImporter/UnityEditor.QuickSearchModule:UnityEditor.Search:ASIAI0B' with importer (ScriptedImporter : UnityEditor.QuickSearchModule:UnityEditor.Search:ASIAI0B)
Imported 'GUID: 67fec9e13e837a341bbe6c1653631431' -> (Import Result ID: 'f032526d936654fc67ded3424de8bb95') in 0.040 seconds [static and dynamic dependencies]. Details - ImportResultOutputID=d07f6a822c4803fde1e782b9368aca9b DependenciesID=811f868dcf74ffba4869ef2667e51d15 StaticDependenciesID=a80a1b86e1b5e9098bbb4f7fca711184 
Number of updated asset objects reloaded before import = 0
Number of asset objects unloaded after import = 9
========================================================================
Received Import Request.
  Time of request: 2026-08-24T15:03:45.3335146Z
  Time since last request: 0.0008602 seconds.
  importAddress: GUID: 6255cd8c891fca34b959aca139b30373 - Path: Assets/Bahrain International Circuit/Grass.mat - Importer: ScriptedImporter/UnityEditor.QuickSearchModule:UnityEditor.Search:ASIAI0B
Importing 'GUID: 6255cd8c891fca34b959aca139b30373 - Path: Assets/Bahrain International Circuit/Grass.mat - Importer: ScriptedImporter/UnityEditor.QuickSearchModule:UnityEditor.Search:ASIAI0B' with importer (ScriptedImporter : UnityEditor.QuickSearchModule:UnityEditor.Search:ASIAI0B)
Imported 'GUID: 6255cd8c891fca34b959aca139b30373' -> (Import Result ID: '6bb47837441d865072c883f71aa9e543') in 0.026 seconds [static and dynamic dependencies]. Details - ImportResultOutputID=030958288f3e8d524f99f3be05880762 DependenciesID=658f1b5e3ff111878f2c475ac510862b StaticDependenciesID=2157e421420bd0b6ad2641f93cdae4ff 
Number of updated asset objects reloaded before import = 0
Number of asset objects unloaded after import = 9
========================================================================
Received Import Request.
  Time of request: 2026-08-24T15:03:45.3825298Z
  Time since last request: 0.0010931 seconds.
  importAddress: GUID: 004c44b17dc50144192b818b26bd22a6 - Path: Assets/Materials/GhostTrail.mat - Importer: ScriptedImporter/UnityEditor.QuickSearchModule:UnityEditor.Search:ASIAI0B
Importing 'GUID: 004c44b17dc50144192b818b26bd22a6 - Path: Assets/Materials/GhostTrail.mat - Importer: ScriptedImporter/UnityEditor.QuickSearchModule:UnityEditor.Search:ASIAI0B' with importer (ScriptedImporter : UnityEditor.QuickSearchModule:UnityEditor.Search:ASIAI0B)
Imported 'GUID: 004c44b17dc50144192b818b26bd22a6' -> (Import Result ID: '511e7ce3b972f6be1bddc86597ec1483') in 0.016 seconds [static and dynamic dependencies]. Details - ImportResultOutputID=3573009aaf66d46669e39844a4d5486c DependenciesID=681bb3af6e856ea6b5fb472b778d3542 StaticDependenciesID=d7624ea5bf86d3b193f724dc1ec04437 
Number of updated asset objects reloaded before import = 0
Number of asset objects unloaded after import = 1
========================================================================
Received Import Request.
  Time of request: 2026-08-24T15:03:45.422912Z
  Time since last request: 0.0011701 seconds.
  importAddress: GUID: 4bfe664e107b8c4408f7d803a8461bf8 - Path: Assets/Bahrain International Circuit/Metal.mat - Importer: ScriptedImporter/UnityEditor.QuickSearchModule:UnityEditor.Search:ASIAI0B
Importing 'GUID: 4bfe664e107b8c4408f7d803a8461bf8 - Path: Assets/Bahrain International Circuit/Metal.mat - Importer: ScriptedImporter/UnityEditor.QuickSearchModule:UnityEditor.Search:ASIAI0B' with importer (ScriptedImporter : UnityEditor.QuickSearchModule:UnityEditor.Search:ASIAI0B)
Imported 'GUID: 4bfe664e107b8c4408f7d803a8461bf8' -> (Import Result ID: '8cfa1fe9381b9a91e3de69f7b8a88fd1') in 0.021 seconds [static and dynamic dependencies]. Details - ImportResultOutputID=4b14c0c8acc41a31655edb0070fc290c DependenciesID=d3bf13469bcebd65a4d9e191d6f4a8dc StaticDependenciesID=1fb61004406acf69231c75f9e7660157 
Number of updated asset objects reloaded before import = 0
Number of asset objects unloaded after import = 7
========================================================================
Received Import Request.
  Time of request: 2026-08-24T15:03:45.472045Z
  Time since last request: 0.0006019 seconds.
  importAddress: GUID: 10fc4df2da32a41aaa32d77bc913491c - Path: Assets/Settings/VolumeProfile.asset - Importer: ScriptedImporter/UnityEditor.QuickSearchModule:UnityEditor.Search:ASIAI0B
Importing 'GUID: 10fc4df2da32a41aaa32d77bc913491c - Path: Assets/Settings/VolumeProfile.asset - Importer: ScriptedImporter/UnityEditor.QuickSearchModule:UnityEditor.Search:ASIAI0B' with importer (ScriptedImporter : UnityEditor.QuickSearchModule:UnityEditor.Search:ASIAI0B)
Imported 'GUID: 10fc4df2da32a41aaa32d77bc913491c' -> (Import Result ID: 'c460caa3a1cf49c50f1c7e84a0a89a7c') in 0.022 seconds [static and dynamic dependencies]. Details - ImportResultOutputID=e1d440d0220c40cbf2601d0bf35935fe DependenciesID=8a2aa03c0875072f0bbd7f543b2fdfcf StaticDependenciesID=9f5966e7b26164171374a0def9abb3c8 
Number of updated asset objects reloaded before import = 0
Number of asset objects unloaded after import = 1
========================================================================
Received Import Request.
  Time of request: 2026-08-24T15:03:45.5218008Z
  Time since last request: 0.001627 seconds.
  importAddress: GUID: cd368012ba25286469d1ea9b8a66bb06 - Path: Assets/Scenes/BahrainCircuit.unity - Importer: ScriptedImporter/UnityEditor.QuickSearchModule:UnityEditor.Search:ASIAI0B
Importing 'GUID: cd368012ba25286469d1ea9b8a66bb06 - Path: Assets/Scenes/BahrainCircuit.unity - Importer: ScriptedImporter/UnityEditor.QuickSearchModule:UnityEditor.Search:ASIAI0B' with importer (ScriptedImporter : UnityEditor.QuickSearchModule:UnityEditor.Search:ASIAI0B)
Imported 'GUID: cd368012ba25286469d1ea9b8a66bb06' -> (Import Result ID: '196e989a6cf5b913d13c10e2877655b9') in 0.088 seconds [static and dynamic dependencies]. Details - ImportResultOutputID=e16039423094f4f45a29422f3854eae1 DependenciesID=5fefd0d48ba8c29eaba9902403d6edcb StaticDependenciesID=fed3c0866dfadf5e947ea4c12d100c0b 
Number of updated asset objects reloaded before import = 0
Number of asset objects unloaded after import = 1
========================================================================
Received Import Request.
  Time of request: 2026-08-24T15:03:45.6505515Z
  Time since last request: 0.0026578 seconds.
  importAddress: GUID: 1f4cef1845584824099af1f27df288cb - Path: Assets/Materials/Checkpoint.mat - Importer: ScriptedImporter/UnityEditor.QuickSearchModule:UnityEditor.Search:ASIAI0B
Importing 'GUID: 1f4cef1845584824099af1f27df288cb - Path: Assets/Materials/Checkpoint.mat - Importer: ScriptedImporter/UnityEditor.QuickSearchModule:UnityEditor.Search:ASIAI0B' with importer (ScriptedImporter : UnityEditor.QuickSearchModule:UnityEditor.Search:ASIAI0B)
Imported 'GUID: 1f4cef1845584824099af1f27df288cb' -> (Import Result ID: 'e73202cfdebcc39940dd5c3785aef5dc') in 0.021 seconds [static and dynamic dependencies]. Details - ImportResultOutputID=4543d66808d0b90f3aef2c09578a6c13 DependenciesID=7f65cc0477792810d0eb194ce548686a StaticDependenciesID=101f59181c86d5b927664aadb5f7488a 
Number of updated asset objects reloaded before import = 0
Number of asset objects unloaded after import = 2
========================================================================
Received Import Request.
  Time of request: 2026-08-24T15:03:45.698083Z
  Time since last request: 0.0012051 seconds.
  importAddress: GUID: 992618db356d27844ac7e20bf1490fae - Path: Assets/Models/Circuit.fbx - Importer: ScriptedImporter/UnityEditor.QuickSearchModule:UnityEditor.Search:ASIAI0B
Importing 'GUID: 992618db356d27844ac7e20bf1490fae - Path: Assets/Models/Circuit.fbx - Importer: ScriptedImporter/UnityEditor.QuickSearchModule:UnityEditor.Search:ASIAI0B' with importer (ScriptedImporter : UnityEditor.QuickSearchModule:UnityEditor.Search:ASIAI0B)
Imported 'GUID: 992618db356d27844ac7e20bf1490fae' -> (Import Result ID: '039132ac47bb42f38d14560ebc5bde06') in 0.422 seconds [static and dynamic dependencies]. Details - ImportResultOutputID=8cc8366b394eae297f08b252064d9ee6 DependenciesID=5cb8e4b2503fd9e1dea81c1eee7f7ea8 StaticDependenciesID=bf1b429095ea35f465e2b31d07edd746 
Number of updated asset objects reloaded before import = 0
Number of asset objects unloaded after import = 124
========================================================================
Received Import Request.
  Time of request: 2026-08-24T15:03:46.1565395Z
  Time since last request: 0.0001389 seconds.
  importAddress: GUID: 2376bb171f6b0c241afb0f91b9bf6207 - Path: Assets/Scenes/CircuitSelection.unity - Importer: ScriptedImporter/UnityEditor.QuickSearchModule:UnityEditor.Search:ASIAI0B
Importing 'GUID: 2376bb171f6b0c241afb0f91b9bf6207 - Path: Assets/Scenes/CircuitSelection.unity - Importer: ScriptedImporter/UnityEditor.QuickSearchModule:UnityEditor.Search:ASIAI0B' with importer (ScriptedImporter : UnityEditor.QuickSearchModule:UnityEditor.Search:ASIAI0B)
Imported 'GUID: 2376bb171f6b0c241afb0f91b9bf6207' -> (Import Result ID: '0e3d735ddd22f3dd911215cca699f8f7') in 0.059 seconds [static and dynamic dependencies]. Details - ImportResultOutputID=da62003365314a80238b13483d347da0 DependenciesID=810ae91c5375d4f9991c43907b464dd6 StaticDependenciesID=678ad6fb3f3fd68457148e5c686e0917 
Number of updated asset objects reloaded before import = 0
Number of asset objects unloaded after import = 1
========================================================================
Received Import Request.
  Time of request: 2026-08-24T15:03:46.2467279Z
  Time since last request: 0.0027993 seconds.
  importAddress: GUID: c434ea536dece8d4aa85980d424452cc - Path: Assets/Materials/Car_MATS/Ghost Material.mat - Importer: ScriptedImporter/UnityEditor.QuickSearchModule:UnityEditor.Search:ASIAI0B
Importing 'GUID: c434ea536dece8d4aa85980d424452cc - Path: Assets/Materials/Car_MATS/Ghost Material.mat - Importer: ScriptedImporter/UnityEditor.QuickSearchModule:UnityEditor.Search:ASIAI0B' with importer (ScriptedImporter : UnityEditor.QuickSearchModule:UnityEditor.Search:ASIAI0B)
Imported 'GUID: c434ea536dece8d4aa85980d424452cc' -> (Import Result ID: '1d1b5ca2c38ba6e3cdcb0df34efc73d0') in 0.027 seconds [static and dynamic dependencies]. Details - ImportResultOutputID=9cfefa19d581512d439b40ef88a65846 DependenciesID=773e541f8ee66657acf1268243cfd64f StaticDependenciesID=57b628091023cfc16bed352c7ce73c5c 
Number of updated asset objects reloaded before import = 0
Number of asset objects unloaded after import = 2
========================================================================
Received Import Request.
  Time of request: 2026-08-24T15:03:46.3032665Z
  Time since last request: 0.0015402 seconds.
  importAddress: GUID: a57765903919c78428779c568bc841e8 - Path: Assets/Materials/GhostWheels.mat - Importer: ScriptedImporter/UnityEditor.QuickSearchModule:UnityEditor.Search:ASIAI0B
Importing 'GUID: a57765903919c78428779c568bc841e8 - Path: Assets/Materials/GhostWheels.mat - Importer: ScriptedImporter/UnityEditor.QuickSearchModule:UnityEditor.Search:ASIAI0B' with importer (ScriptedImporter : UnityEditor.QuickSearchModule:UnityEditor.Search:ASIAI0B)
Imported 'GUID: a57765903919c78428779c568bc841e8' -> (Import Result ID: 'f4c2d7fd7d6dd8594727b8d262018433') in 0.017 seconds [static and dynamic dependencies]. Details - ImportResultOutputID=db0945b1c547ddaecc8567acbc0caf27 DependenciesID=a63624a3f209352be1862dd6a34b061a StaticDependenciesID=5b617ccbe466e914ced9f8fd5f4c215e 
Number of updated asset objects reloaded before import = 0
Number of asset objects unloaded after import = 1
========================================================================
Received Import Request.
  Time of request: 2026-08-24T15:03:46.358228Z
  Time since last request: 0.0065626 seconds.
  importAddress: GUID: dfa93e9224f4fa44a917fc0adb716d6f - Path: Assets/Models/Fence and Shafts.fbx - Importer: ScriptedImporter/UnityEditor.QuickSearchModule:UnityEditor.Search:ASIAI0B
Importing 'GUID: dfa93e9224f4fa44a917fc0adb716d6f - Path: Assets/Models/Fence and Shafts.fbx - Importer: ScriptedImporter/UnityEditor.QuickSearchModule:UnityEditor.Search:ASIAI0B' with importer (ScriptedImporter : UnityEditor.QuickSearchModule:UnityEditor.Search:ASIAI0B)
Imported 'GUID: dfa93e9224f4fa44a917fc0adb716d6f' -> (Import Result ID: '3c343c1030ef3dbbba647971181f8db3') in 0.182 seconds [static and dynamic dependencies]. Details - ImportResultOutputID=73fc1a98657a6424e5fed31eed9be38d DependenciesID=8f3da35fcbb5f5e8be99c71707d69463 StaticDependenciesID=87355d185dcd0b840d6aad4184e988c2 
Number of updated asset objects reloaded before import = 0
Number of asset objects unloaded after import = 17
========================================================================
Received Import Request.
  Time of request: 2026-08-24T15:03:46.5787877Z
  Time since last request: 0.0010607 seconds.
  importAddress: GUID: 645f2aa6ad0dce948a1a8ab5c74d736e - Path: Assets/Models/Lights.fbx - Importer: ScriptedImporter/UnityEditor.QuickSearchModule:UnityEditor.Search:ASIAI0B
Importing 'GUID: 645f2aa6ad0dce948a1a8ab5c74d736e - Path: Assets/Models/Lights.fbx - Importer: ScriptedImporter/UnityEditor.QuickSearchModule:UnityEditor.Search:ASIAI0B' with importer (ScriptedImporter : UnityEditor.QuickSearchModule:UnityEditor.Search:ASIAI0B)
Imported 'GUID: 645f2aa6ad0dce948a1a8ab5c74d736e' -> (Import Result ID: '3d067c8605af71e7360e02f928808f3c') in 0.092 seconds [static and dynamic dependencies]. Details - ImportResultOutputID=ea7286e340797899208b122806ee5939 DependenciesID=1fac14bcbfad3885c9425efc498fa725 StaticDependenciesID=c1da84435a1c768086d76a745257137f 
Number of updated asset objects reloaded before import = 0
Number of asset objects unloaded after import = 19
========================================================================
Received Import Request.
  Time of request: 2026-08-24T15:03:46.6979373Z
  Time since last request: 0.0003046 seconds.
  importAddress: GUID: 165e0df0c52a3834d9eaae546e2cba70 - Path: Assets/Materials/Sun.mat - Importer: ScriptedImporter/UnityEditor.QuickSearchModule:UnityEditor.Search:ASIAI0B
Importing 'GUID: 165e0df0c52a3834d9eaae546e2cba70 - Path: Assets/Materials/Sun.mat - Importer: ScriptedImporter/UnityEditor.QuickSearchModule:UnityEditor.Search:ASIAI0B' with importer (ScriptedImporter : UnityEditor.QuickSearchModule:UnityEditor.Search:ASIAI0B)
Imported 'GUID: 165e0df0c52a3834d9eaae546e2cba70' -> (Import Result ID: '521724000e953acdd2c50fd963fd6ff9') in 0.024 seconds [static and dynamic dependencies]. Details - ImportResultOutputID=3be7b023039c95b2c1b53df9dc289f34 DependenciesID=71d571475427c286f2e843c7769d02c4 StaticDependenciesID=5f14367bea24e6e3c81bc51628fd11b0 
Number of updated asset objects reloaded before import = 0
Number of asset objects unloaded after import = 2
========================================================================
Received Import Request.
  Time of request: 2026-08-24T15:03:46.7667708Z
  Time since last request: 0.0033096 seconds.
  importAddress: GUID: fc2aedafaf753d44c87da4f26fd06336 - Path: Assets/Materials/GhostBody.mat - Importer: ScriptedImporter/UnityEditor.QuickSearchModule:UnityEditor.Search:ASIAI0B
Importing 'GUID: fc2aedafaf753d44c87da4f26fd06336 - Path: Assets/Materials/GhostBody.mat - Importer: ScriptedImporter/UnityEditor.QuickSearchModule:UnityEditor.Search:ASIAI0B' with importer (ScriptedImporter : UnityEditor.QuickSearchModule:UnityEditor.Search:ASIAI0B)
Imported 'GUID: fc2aedafaf753d44c87da4f26fd06336' -> (Import Result ID: '62b9e25171d87ef79e10d04dfe9ff3ff') in 0.019 seconds [static and dynamic dependencies]. Details - ImportResultOutputID=d0a8d7c3984f379c4f29dd738f5bb27d DependenciesID=4a4ea3dec5d4f5fa32c40ee9354c029c StaticDependenciesID=d2c48ca79fd88c9de453bbb45cbef2f3 
Number of updated asset objects reloaded before import = 0
Number of asset objects unloaded after import = 1
========================================================================
Received Import Request.
  Time of request: 2026-08-24T15:03:46.820888Z
  Time since last request: 0.002271 seconds.
  importAddress: GUID: a9a8ff866252443418a217bb747e8c36 - Path: Assets/Bahrain International Circuit/Noise.mat - Importer: ScriptedImporter/UnityEditor.QuickSearchModule:UnityEditor.Search:ASIAI0B
Importing 'GUID: a9a8ff866252443418a217bb747e8c36 - Path: Assets/Bahrain International Circuit/Noise.mat - Importer: ScriptedImporter/UnityEditor.QuickSearchModule:UnityEditor.Search:ASIAI0B' with importer (ScriptedImporter : UnityEditor.QuickSearchModule:UnityEditor.Search:ASIAI0B)
Imported 'GUID: a9a8ff866252443418a217bb747e8c36' -> (Import Result ID: 'c463f4b1d89930e3421f1738e9cb061d') in 0.073 seconds [static and dynamic dependencies]. Details - ImportResultOutputID=ca466a47e35c219cc1d41878f4069f01 DependenciesID=173a39e5676ed289361261a71b7ea2bf StaticDependenciesID=ad881e02dcbb47d07c8d11ceddcbbaf5 
Number of updated asset objects reloaded before import = 0
Number of asset objects unloaded after import = 9
========================================================================
Received Import Request.
  Time of request: 2026-08-24T15:03:46.9224995Z
  Time since last request: 0.000754 seconds.
  importAddress: GUID: cfadb44761a55f340a05afefa8e3a3a8 - Path: Assets/Prefabs/CheckpointAI.prefab - Importer: ScriptedImporter/UnityEditor.QuickSearchModule:UnityEditor.Search:ASIAI0B
Importing 'GUID: cfadb44761a55f340a05afefa8e3a3a8 - Path: Assets/Prefabs/CheckpointAI.prefab - Importer: ScriptedImporter/UnityEditor.QuickSearchModule:UnityEditor.Search:ASIAI0B' with importer (ScriptedImporter : UnityEditor.QuickSearchModule:UnityEditor.Search:ASIAI0B)
Imported 'GUID: cfadb44761a55f340a05afefa8e3a3a8' -> (Import Result ID: '644d347128f695009bdf08f3131a9bf0') in 0.054 seconds [static and dynamic dependencies]. Details - ImportResultOutputID=da27669efd980f578f22330685c1a13e DependenciesID=57fc01a03fe839c2f911c94e0b3b222e StaticDependenciesID=571156808e8a71b3e971cdcdf18a4ffe 
Number of updated asset objects reloaded before import = 0
Number of asset objects unloaded after import = 9
========================================================================
Received Import Request.
  Time of request: 2026-08-24T15:03:47.0054562Z
  Time since last request: 0.0022577 seconds.
  importAddress: GUID: 78e3359ed707b724d823501733597bb8 - Path: Assets/Models/Car.fbx - Importer: ScriptedImporter/UnityEditor.QuickSearchModule:UnityEditor.Search:ASIAI0B
Importing 'GUID: 78e3359ed707b724d823501733597bb8 - Path: Assets/Models/Car.fbx - Importer: ScriptedImporter/UnityEditor.QuickSearchModule:UnityEditor.Search:ASIAI0B' with importer (ScriptedImporter : UnityEditor.QuickSearchModule:UnityEditor.Search:ASIAI0B)
Imported 'GUID: 78e3359ed707b724d823501733597bb8' -> (Import Result ID: '0affad2d903ce293eaa496fdceadbb55') in 0.176 seconds [static and dynamic dependencies]. Details - ImportResultOutputID=07d9f9dde939d9634118544d6180f2d2 DependenciesID=5a6200b252399bb526c3ab57cbc46973 StaticDependenciesID=167fea9efb9af493b081beaa2a1885cb 
Number of updated asset objects reloaded before import = 0
Number of asset objects unloaded after import = 36
========================================================================
Received Import Request.
  Time of request: 2026-08-24T15:03:47.2403617Z
  Time since last request: 0.0000521 seconds.
  importAddress: GUID: 27a11e085265968439ec2840149d36da - Path: Assets/Bahrain International Circuit/Colors.mat - Importer: ScriptedImporter/UnityEditor.QuickSearchModule:UnityEditor.Search:ASIAI0B
Importing 'GUID: 27a11e085265968439ec2840149d36da - Path: Assets/Bahrain International Circuit/Colors.mat - Importer: ScriptedImporter/UnityEditor.QuickSearchModule:UnityEditor.Search:ASIAI0B' with importer (ScriptedImporter : UnityEditor.QuickSearchModule:UnityEditor.Search:ASIAI0B)
Imported 'GUID: 27a11e085265968439ec2840149d36da' -> (Import Result ID: 'de364ac790dd618355248d6082fbcbc7') in 0.029 seconds [static and dynamic dependencies]. Details - ImportResultOutputID=56362970daa6ab52e753c40c8418f12c DependenciesID=457659433cd96b88568442906ad50084 StaticDependenciesID=1cd539a074bf6c4985f4c2ba89b85e3a 
Number of updated asset objects reloaded before import = 0
Number of asset objects unloaded after import = 9
========================================================================
Received Import Request.
  Time of request: 2026-08-24T15:03:47.3000387Z
  Time since last request: 0.0070973 seconds.
  importAddress: GUID: 0957a5587f6a273438c5de16a8232d60 - Path: Assets/Models/FNIL - Wheels.mat - Importer: ScriptedImporter/UnityEditor.QuickSearchModule:UnityEditor.Search:ASIAI0B
Importing 'GUID: 0957a5587f6a273438c5de16a8232d60 - Path: Assets/Models/FNIL - Wheels.mat - Importer: ScriptedImporter/UnityEditor.QuickSearchModule:UnityEditor.Search:ASIAI0B' with importer (ScriptedImporter : UnityEditor.QuickSearchModule:UnityEditor.Search:ASIAI0B)
Imported 'GUID: 0957a5587f6a273438c5de16a8232d60' -> (Import Result ID: 'a88b475da69981d4d77dea492dcbc1fc') in 0.022 seconds [static and dynamic dependencies]. Details - ImportResultOutputID=6f3e77a90cc6133e36d5cc41bea93d75 DependenciesID=f0c8dc46751e5dde542c6df5a334945a StaticDependenciesID=14e39dba86a81f06186d1b6fe79df3d3 
Number of updated asset objects reloaded before import = 0
Number of asset objects unloaded after import = 2
========================================================================
Received Import Request.
  Time of request: 2026-08-24T15:03:47.3413291Z
  Time since last request: 0.0005189 seconds.
  importAddress: GUID: dfb5d8318f8f1cb47afc8bf42c77bb9f - Path: Assets/CarFriction.physicMaterial - Importer: ScriptedImporter/UnityEditor.QuickSearchModule:UnityEditor.Search:ASIAI0B
Importing 'GUID: dfb5d8318f8f1cb47afc8bf42c77bb9f - Path: Assets/CarFriction.physicMaterial - Importer: ScriptedImporter/UnityEditor.QuickSearchModule:UnityEditor.Search:ASIAI0B' with importer (ScriptedImporter : UnityEditor.QuickSearchModule:UnityEditor.Search:ASIAI0B)
Imported 'GUID: dfb5d8318f8f1cb47afc8bf42c77bb9f' -> (Import Result ID: 'f600197150ffcfcb4c6cc01a3495471d') in 0.008 seconds [static and dynamic dependencies]. Details - ImportResultOutputID=840f90d83380a83c7c1dba62765aa397 DependenciesID=a4319846a0be0b2cf85d3de7eb748212 StaticDependenciesID=0a96aa474545843a5bea26b148302b3a 
Number of updated asset objects reloaded before import = 0
Number of asset objects unloaded after import = 1
========================================================================
Received Import Request.
  Time of request: 2026-08-24T15:03:47.3685367Z
  Time since last request: 0.0011394 seconds.
  importAddress: GUID: 886d6adc507d36a499f4aef99997a215 - Path: Assets/Scenes/BahrainCircuit.lighting - Importer: ScriptedImporter/UnityEditor.QuickSearchModule:UnityEditor.Search:ASIAI0B
Importing 'GUID: 886d6adc507d36a499f4aef99997a215 - Path: Assets/Scenes/BahrainCircuit.lighting - Importer: ScriptedImporter/UnityEditor.QuickSearchModule:UnityEditor.Search:ASIAI0B' with importer (ScriptedImporter : UnityEditor.QuickSearchModule:UnityEditor.Search:ASIAI0B)
Imported 'GUID: 886d6adc507d36a499f4aef99997a215' -> (Import Result ID: 'cba8b987789dd6af50d24fcc4a9ed959') in 0.025 seconds [static and dynamic dependencies]. Details - ImportResultOutputID=dbe02d929531cf8bce12b92c408b6f66 DependenciesID=35f4072b03cd1c00a63abe0bdf5ba06a StaticDependenciesID=dde3a821598bb2fa3e1e887a2d9c9635 
Number of updated asset objects reloaded before import = 0
Number of asset objects unloaded after import = 1
========================================================================
Received Import Request.
  Time of request: 2026-08-24T15:03:47.4170099Z
  Time since last request: 0.0057455 seconds.
  importAddress: GUID: 7fa0f941770f32f4d8a9ff2a11d06727 - Path: Assets/Prefabs/F1-Car (Ghost).prefab - Importer: ScriptedImporter/UnityEditor.QuickSearchModule:UnityEditor.Search:ASIAI0B
Importing 'GUID: 7fa0f941770f32f4d8a9ff2a11d06727 - Path: Assets/Prefabs/F1-Car (Ghost).prefab - Importer: ScriptedImporter/UnityEditor.QuickSearchModule:UnityEditor.Search:ASIAI0B' with importer (ScriptedImporter : UnityEditor.QuickSearchModule:UnityEditor.Search:ASIAI0B)
Imported 'GUID: 7fa0f941770f32f4d8a9ff2a11d06727' -> (Import Result ID: 'd2944a2c081c606a4826d63d21014fc9') in 0.025 seconds [static and dynamic dependencies]. Details - ImportResultOutputID=710d1fb47926e6dde45be9977376abfb DependenciesID=61ccc945cad012fe4cde1c5a2d12a2ed StaticDependenciesID=95f6bbdcc2c2beba97753a040a7522ae 
Number of updated asset objects reloaded before import = 0
Number of asset objects unloaded after import = 38
========================================================================
Received Import Request.
  Time of request: 2026-08-24T15:03:47.4654073Z
  Time since last request: 0.0011767 seconds.
  importAddress: GUID: bc65857d3276ef7489cb3c8d1a7aa20a - Path: Assets/Scripts/GameManager.cs - Importer: ScriptedImporter/UnityEditor.QuickSearchModule:UnityEditor.Search:ASIAI0B
Importing 'GUID: bc65857d3276ef7489cb3c8d1a7aa20a - Path: Assets/Scripts/GameManager.cs - Importer: ScriptedImporter/UnityEditor.QuickSearchModule:UnityEditor.Search:ASIAI0B' with importer (ScriptedImporter : UnityEditor.QuickSearchModule:UnityEditor.Search:ASIAI0B)
Imported 'GUID: bc65857d3276ef7489cb3c8d1a7aa20a' -> (Import Result ID: '1d44d79b22aca440dd0dc07bebcbf431') in 0.009 seconds [static and dynamic dependencies]. Details - ImportResultOutputID=8aa470877e1b01f35842ab40b1a294eb DependenciesID=1213251cbef0668bfb17bb6de616c260 StaticDependenciesID=2b9eb4d44354b42ab7a0182c7bb59672 
Number of updated asset objects reloaded before import = 0
Number of asset objects unloaded after import = 0
========================================================================
Received Import Request.
  Time of request: 2026-08-24T15:03:47.4964386Z
  Time since last request: 0.001231 seconds.
  importAddress: GUID: f9e29f317522f3b41a97c55f6638afb2 - Path: Assets/Bahrain International Circuit/Track.mat - Importer: ScriptedImporter/UnityEditor.QuickSearchModule:UnityEditor.Search:ASIAI0B
Importing 'GUID: f9e29f317522f3b41a97c55f6638afb2 - Path: Assets/Bahrain International Circuit/Track.mat - Importer: ScriptedImporter/UnityEditor.QuickSearchModule:UnityEditor.Search:ASIAI0B' with importer (ScriptedImporter : UnityEditor.QuickSearchModule:UnityEditor.Search:ASIAI0B)
Imported 'GUID: f9e29f317522f3b41a97c55f6638afb2' -> (Import Result ID: '743279a2fbbc747cbcd03615129ec387') in 0.025 seconds [static and dynamic dependencies]. Details - ImportResultOutputID=145831c287283fbf06bde80a581863a8 DependenciesID=e197d78945e2103c15c7e7cb98371297 StaticDependenciesID=c44688a73592b2495665b7d33167e0c5 
Number of updated asset objects reloaded before import = 0
Number of asset objects unloaded after import = 9
========================================================================
Received Import Request.
  Time of request: 2026-08-24T15:03:47.5413858Z
  Time since last request: 0.0009267 seconds.
  importAddress: GUID: 5e6cbd92db86f4b18aec3ed561671858 - Path: Assets/Settings/Mobile_RPAsset.asset - Importer: ScriptedImporter/UnityEditor.QuickSearchModule:UnityEditor.Search:ASIAI0B
Importing 'GUID: 5e6cbd92db86f4b18aec3ed561671858 - Path: Assets/Settings/Mobile_RPAsset.asset - Importer: ScriptedImporter/UnityEditor.QuickSearchModule:UnityEditor.Search:ASIAI0B' with importer (ScriptedImporter : UnityEditor.QuickSearchModule:UnityEditor.Search:ASIAI0B)
Imported 'GUID: 5e6cbd92db86f4b18aec3ed561671858' -> (Import Result ID: 'ab9342b3475ed4837cd77fadac29b9e8') in 0.075 seconds [static and dynamic dependencies]. Details - ImportResultOutputID=db46de212d00aea9ab3ec0ba84fe72e6 DependenciesID=dcb9c1c31d4d6220783ce8c297a0e1f7 StaticDependenciesID=7455e56ed92d0240d0f4c7bee0d14253 
Number of updated asset objects reloaded before import = 0
Number of asset objects unloaded after import = 2
========================================================================
Received Import Request.
  Time of request: 2026-08-24T15:03:47.633232Z
  Time since last request: 0.0005248 seconds.
  importAddress: GUID: 5eb4463a824879242b71e42e28395cd8 - Path: Assets/Input/InputActions.inputactions - Importer: ScriptedImporter/UnityEditor.QuickSearchModule:UnityEditor.Search:ASIAI0B
Importing 'GUID: 5eb4463a824879242b71e42e28395cd8 - Path: Assets/Input/InputActions.inputactions - Importer: ScriptedImporter/UnityEditor.QuickSearchModule:UnityEditor.Search:ASIAI0B' with importer (ScriptedImporter : UnityEditor.QuickSearchModule:UnityEditor.Search:ASIAI0B)
Imported 'GUID: 5eb4463a824879242b71e42e28395cd8' -> (Import Result ID: 'ebf0e7f69c29aa8f325e15dddf38fa1c') in 0.314 seconds [static and dynamic dependencies]. Details - ImportResultOutputID=e8069e741cc4584f0ada2b3f5f0c1533 DependenciesID=38217b462fc8b1b93abb43f9cf3d6769 StaticDependenciesID=0332dca6469f9cba77039e188d70405c 
Number of updated asset objects reloaded before import = 0
Number of asset objects unloaded after import = 16
========================================================================
Received Import Request.
  Time of request: 2026-08-24T15:03:47.9632057Z
  Time since last request: 0.0013789 seconds.
  importAddress: GUID: f50e8b01ed057ed43b1b81d1a3bae9a6 - Path: Assets/Input/InputActions.cs - Importer: ScriptedImporter/UnityEditor.QuickSearchModule:UnityEditor.Search:ASIAI0B
Importing 'GUID: f50e8b01ed057ed43b1b81d1a3bae9a6 - Path: Assets/Input/InputActions.cs - Importer: ScriptedImporter/UnityEditor.QuickSearchModule:UnityEditor.Search:ASIAI0B' with importer (ScriptedImporter : UnityEditor.QuickSearchModule:UnityEditor.Search:ASIAI0B)
Imported 'GUID: f50e8b01ed057ed43b1b81d1a3bae9a6' -> (Import Result ID: '6fe4777d21b23adfceda27b0c87f952e') in 0.009 seconds [static and dynamic dependencies]. Details - ImportResultOutputID=c304d0ca611c81abfdd6f653066e5481 DependenciesID=20ef49ba47c539df73c06023d9707244 StaticDependenciesID=cebae84ef681a0d3c77beda9b072923d 
Number of updated asset objects reloaded before import = 0
Number of asset objects unloaded after import = 0
========================================================================
Received Import Request.
  Time of request: 2026-08-24T15:03:47.9937393Z
  Time since last request: 0.0019286 seconds.
  importAddress: GUID: 2e828d0ec44c812458988ca2e80d5b6c - Path: Assets/Bahrain International Circuit/Grid.mat - Importer: ScriptedImporter/UnityEditor.QuickSearchModule:UnityEditor.Search:ASIAI0B
Importing 'GUID: 2e828d0ec44c812458988ca2e80d5b6c - Path: Assets/Bahrain International Circuit/Grid.mat - Importer: ScriptedImporter/UnityEditor.QuickSearchModule:UnityEditor.Search:ASIAI0B' with importer (ScriptedImporter : UnityEditor.QuickSearchModule:UnityEditor.Search:ASIAI0B)
Imported 'GUID: 2e828d0ec44c812458988ca2e80d5b6c' -> (Import Result ID: 'ec3b7162331abebee8268edbd958b8bd') in 0.020 seconds [static and dynamic dependencies]. Details - ImportResultOutputID=da6d4187f2b8b7c3ba4aa842d750e962 DependenciesID=745093fc5b12e10ea8a7be1a0d20437b StaticDependenciesID=2a420fad5d2a9c8ab16b21888ddcc5ce 
Number of updated asset objects reloaded before import = 0
Number of asset objects unloaded after import = 8
========================================================================
Received Import Request.
  Time of request: 2026-08-24T15:03:48.0325001Z
  Time since last request: 0.0006011 seconds.
  importAddress: GUID: f288ae1f4751b564a96ac7587541f7a2 - Path: Assets/Settings/PC_Renderer.asset - Importer: ScriptedImporter/UnityEditor.QuickSearchModule:UnityEditor.Search:ASIAI0B
Importing 'GUID: f288ae1f4751b564a96ac7587541f7a2 - Path: Assets/Settings/PC_Renderer.asset - Importer: ScriptedImporter/UnityEditor.QuickSearchModule:UnityEditor.Search:ASIAI0B' with importer (ScriptedImporter : UnityEditor.QuickSearchModule:UnityEditor.Search:ASIAI0B)
Imported 'GUID: f288ae1f4751b564a96ac7587541f7a2' -> (Import Result ID: '6d62953a48aa1c6cf2839833f78efb19') in 0.012 seconds [static and dynamic dependencies]. Details - ImportResultOutputID=d6ad61fd4ad8e2f03516a6913c386ad9 DependenciesID=9b128ae0bdd1f8c19107ee93b3d053d4 StaticDependenciesID=5fa109c534d431893aa2bc2515f028a5 
Number of updated asset objects reloaded before import = 0
Number of asset objects unloaded after import = 1
========================================================================
Received Import Request.
  Time of request: 2026-08-24T15:03:48.0639118Z
  Time since last request: 0.0011578 seconds.
  importAddress: GUID: 7bb0d449786a7b54cafcbf0726cbaa50 - Path: Assets/Materials/Car_MATS/Wheels.mat - Importer: ScriptedImporter/UnityEditor.QuickSearchModule:UnityEditor.Search:ASIAI0B
Importing 'GUID: 7bb0d449786a7b54cafcbf0726cbaa50 - Path: Assets/Materials/Car_MATS/Wheels.mat - Importer: ScriptedImporter/UnityEditor.QuickSearchModule:UnityEditor.Search:ASIAI0B' with importer (ScriptedImporter : UnityEditor.QuickSearchModule:UnityEditor.Search:ASIAI0B)
Imported 'GUID: 7bb0d449786a7b54cafcbf0726cbaa50' -> (Import Result ID: '8f6df0a126a478caa90453667c55ef6e') in 0.011 seconds [static and dynamic dependencies]. Details - ImportResultOutputID=b103c5d1e8c5569183f168bbad173003 DependenciesID=3b45bcf4645640f4819dbf91747b7561 StaticDependenciesID=fbe7a6c91745e97a95ca9e61d757a983 
Number of updated asset objects reloaded before import = 0
Number of asset objects unloaded after import = 2
========================================================================
Received Import Request.
  Time of request: 2026-08-24T15:03:48.0973814Z
  Time since last request: 0.0006327 seconds.
  importAddress: GUID: f9c40c04b5982f242bd36690e99660b1 - Path: Assets/Bahrain International Circuit/Big Ads.mat - Importer: ScriptedImporter/UnityEditor.QuickSearchModule:UnityEditor.Search:ASIAI0B
Importing 'GUID: f9c40c04b5982f242bd36690e99660b1 - Path: Assets/Bahrain International Circuit/Big Ads.mat - Importer: ScriptedImporter/UnityEditor.QuickSearchModule:UnityEditor.Search:ASIAI0B' with importer (ScriptedImporter : UnityEditor.QuickSearchModule:UnityEditor.Search:ASIAI0B)
Imported 'GUID: f9c40c04b5982f242bd36690e99660b1' -> (Import Result ID: 'b1979520f32bda08713e7e475042c5cf') in 0.017 seconds [static and dynamic dependencies]. Details - ImportResultOutputID=3351a3f7096c326ecfa655b7c0ad5a19 DependenciesID=26ac0a9ec8cfa64273fb773b89df40e2 StaticDependenciesID=fa2c0f04383d79c01811cc82bc23d351 
Number of updated asset objects reloaded before import = 0
Number of asset objects unloaded after import = 3
========================================================================
Received Import Request.
  Time of request: 2026-08-24T15:03:48.1339755Z
  Time since last request: 0.0009403 seconds.
  importAddress: GUID: 12d5e32fabd7f5843974d289f6dfe415 - Path: Assets/Bahrain International Circuit/Track - Line.mat - Importer: ScriptedImporter/UnityEditor.QuickSearchModule:UnityEditor.Search:ASIAI0B
Importing 'GUID: 12d5e32fabd7f5843974d289f6dfe415 - Path: Assets/Bahrain International Circuit/Track - Line.mat - Importer: ScriptedImporter/UnityEditor.QuickSearchModule:UnityEditor.Search:ASIAI0B' with importer (ScriptedImporter : UnityEditor.QuickSearchModule:UnityEditor.Search:ASIAI0B)
Imported 'GUID: 12d5e32fabd7f5843974d289f6dfe415' -> (Import Result ID: '65f412412061e2954365408dbc6fe483') in 0.028 seconds [static and dynamic dependencies]. Details - ImportResultOutputID=b4806b749d02e55c6edaf0a68f8901f4 DependenciesID=1cfbc672df6978381ecbacb5155e4f13 StaticDependenciesID=76f0945f6842c1a172fc80d748b01680 
Number of updated asset objects reloaded before import = 0
Number of asset objects unloaded after import = 9
========================================================================
Received Import Request.
  Time of request: 2026-08-24T15:03:48.1990428Z
  Time since last request: 0.0006461 seconds.
  importAddress: GUID: 0715ad3189c3bbc4cb40073580497c06 - Path: Assets/Bahrain International Circuit/Fence.fbx - Importer: ScriptedImporter/UnityEditor.QuickSearchModule:UnityEditor.Search:ASIAI0B
Importing 'GUID: 0715ad3189c3bbc4cb40073580497c06 - Path: Assets/Bahrain International Circuit/Fence.fbx - Importer: ScriptedImporter/UnityEditor.QuickSearchModule:UnityEditor.Search:ASIAI0B' with importer (ScriptedImporter : UnityEditor.QuickSearchModule:UnityEditor.Search:ASIAI0B)
Imported 'GUID: 0715ad3189c3bbc4cb40073580497c06' -> (Import Result ID: '361473decf2ec739d83d517bd8b167b7') in 0.112 seconds [static and dynamic dependencies]. Details - ImportResultOutputID=c9e587e08a0bea263bfaa594bdef9f1e DependenciesID=adef3302f9eb35d80c38714124614b65 StaticDependenciesID=bf96e350a3f6539f8066194bc568711a 
Number of updated asset objects reloaded before import = 0
Number of asset objects unloaded after import = 9
========================================================================
Received Import Request.
  Time of request: 2026-08-24T15:03:48.3374113Z
  Time since last request: 0.0000559 seconds.
  importAddress: GUID: 18dc0cd2c080841dea60987a38ce93fa - Path: Assets/Settings/UniversalRenderPipelineGlobalSettings.asset - Importer: ScriptedImporter/UnityEditor.QuickSearchModule:UnityEditor.Search:ASIAI0B
Importing 'GUID: 18dc0cd2c080841dea60987a38ce93fa - Path: Assets/Settings/UniversalRenderPipelineGlobalSettings.asset - Importer: ScriptedImporter/UnityEditor.QuickSearchModule:UnityEditor.Search:ASIAI0B' with importer (ScriptedImporter : UnityEditor.QuickSearchModule:UnityEditor.Search:ASIAI0B)
Imported 'GUID: 18dc0cd2c080841dea60987a38ce93fa' -> (Import Result ID: '9e1c16d6b175eb9c1d3044bd66605e89') in 0.160 seconds [static and dynamic dependencies]. Details - ImportResultOutputID=7ed2c70940e9aa8e76442f411aab678d DependenciesID=e663d91006dbb895644d0b57220293be StaticDependenciesID=d97a8c281e90b61460d227feb49ffa64 
Number of updated asset objects reloaded before import = 0
Number of asset objects unloaded after import = 1
========================================================================
Received Import Request.
  Time of request: 2026-08-24T15:03:48.5178275Z
  Time since last request: 0.0013566 seconds.
  importAddress: GUID: b07288d2c35b61943b6388e91b7324ab - Path: Assets/Shaders/Ghost.shader - Importer: ScriptedImporter/UnityEditor.QuickSearchModule:UnityEditor.Search:ASIAI0B
Importing 'GUID: b07288d2c35b61943b6388e91b7324ab - Path: Assets/Shaders/Ghost.shader - Importer: ScriptedImporter/UnityEditor.QuickSearchModule:UnityEditor.Search:ASIAI0B' with importer (ScriptedImporter : UnityEditor.QuickSearchModule:UnityEditor.Search:ASIAI0B)
Imported 'GUID: b07288d2c35b61943b6388e91b7324ab' -> (Import Result ID: '75d0ce69000c551bfa54018fe4df6c15') in 0.023 seconds [static and dynamic dependencies]. Details - ImportResultOutputID=b075e3b07e6d162365819c0e8a8cd6ea DependenciesID=fe60effc61eb10e4662d184a2c1a2d37 StaticDependenciesID=c3ea71321a0d9c5721416058d26f6a53 
Number of updated asset objects reloaded before import = 0
Number of asset objects unloaded after import = 1
========================================================================
Received Import Request.
  Time of request: 2026-08-24T15:03:48.5615847Z
  Time since last request: 0.0016877 seconds.
  importAddress: GUID: b5b0b9d2fc4e19445af49578a866bc8c - Path: Assets/Materials/AICheckpoint.mat - Importer: ScriptedImporter/UnityEditor.QuickSearchModule:UnityEditor.Search:ASIAI0B
Importing 'GUID: b5b0b9d2fc4e19445af49578a866bc8c - Path: Assets/Materials/AICheckpoint.mat - Importer: ScriptedImporter/UnityEditor.QuickSearchModule:UnityEditor.Search:ASIAI0B' with importer (ScriptedImporter : UnityEditor.QuickSearchModule:UnityEditor.Search:ASIAI0B)
Imported 'GUID: b5b0b9d2fc4e19445af49578a866bc8c' -> (Import Result ID: '6ad9fe8f05d855162a4d1f0a838134b3') in 0.014 seconds [static and dynamic dependencies]. Details - ImportResultOutputID=b7c7e61f96e9278ce6b9f4a95b1b82ad DependenciesID=20ff5ddc1b34712881e2411f5cad40ff StaticDependenciesID=5a66b9f001047ff40dedb7d6f612d887 
Number of updated asset objects reloaded before import = 0
Number of asset objects unloaded after import = 2
========================================================================
Received Import Request.
  Time of request: 2026-08-24T15:03:48.5944048Z
  Time since last request: 0.0006347 seconds.
  importAddress: GUID: 4b83569d67af61e458304325a23e5dfd - Path: Assets/Settings/PC_RPAsset.asset - Importer: ScriptedImporter/UnityEditor.QuickSearchModule:UnityEditor.Search:ASIAI0B
Importing 'GUID: 4b83569d67af61e458304325a23e5dfd - Path: Assets/Settings/PC_RPAsset.asset - Importer: ScriptedImporter/UnityEditor.QuickSearchModule:UnityEditor.Search:ASIAI0B' with importer (ScriptedImporter : UnityEditor.QuickSearchModule:UnityEditor.Search:ASIAI0B)
Imported 'GUID: 4b83569d67af61e458304325a23e5dfd' -> (Import Result ID: 'a6218c6b4052ead7a41bb81b2dc00f3c') in 0.021 seconds [static and dynamic dependencies]. Details - ImportResultOutputID=49b2f1b6d6ef67975d540c92984b9adf DependenciesID=5db9725f82b078f873a5c1396e9ad2cc StaticDependenciesID=45db17e9856f34c633f6d492cec0eae5 
Number of updated asset objects reloaded before import = 0
Number of asset objects unloaded after import = 1
========================================================================
Received Import Request.
  Time of request: 2026-08-24T15:03:48.6354231Z
  Time since last request: 0.0006866 seconds.
  importAddress: GUID: 98f113e2f3a66474ba3be5d0855d774d - Path: Assets/Bahrain International Circuit/Textures/Grid.png - Importer: ScriptedImporter/UnityEditor.QuickSearchModule:UnityEditor.Search:ASIAI0B
Importing 'GUID: 98f113e2f3a66474ba3be5d0855d774d - Path: Assets/Bahrain International Circuit/Textures/Grid.png - Importer: ScriptedImporter/UnityEditor.QuickSearchModule:UnityEditor.Search:ASIAI0B' with importer (ScriptedImporter : UnityEditor.QuickSearchModule:UnityEditor.Search:ASIAI0B)
Imported 'GUID: 98f113e2f3a66474ba3be5d0855d774d' -> (Import Result ID: '4947574ef34a9ce93845621c6224cb96') in 0.020 seconds [static and dynamic dependencies]. Details - ImportResultOutputID=e972c6af8c4c03c3e9e101ac99df747a DependenciesID=3043568c73699a158219a9f9db6f3866 StaticDependenciesID=1dcc6df4c930daa161fcd92dd0c0e294 
Number of updated asset objects reloaded before import = 0
Number of asset objects unloaded after import = 1
========================================================================
Received Import Request.
  Time of request: 2026-08-24T15:03:48.6754901Z
  Time since last request: 0.001824 seconds.
  importAddress: GUID: 0685527e13fdff04382a58c4e1c36c40 - Path: Assets/Scenes/MainMenu.unity - Importer: ScriptedImporter/UnityEditor.QuickSearchModule:UnityEditor.Search:ASIAI0B
Importing 'GUID: 0685527e13fdff04382a58c4e1c36c40 - Path: Assets/Scenes/MainMenu.unity - Importer: ScriptedImporter/UnityEditor.QuickSearchModule:UnityEditor.Search:ASIAI0B' with importer (ScriptedImporter : UnityEditor.QuickSearchModule:UnityEditor.Search:ASIAI0B)
Imported 'GUID: 0685527e13fdff04382a58c4e1c36c40' -> (Import Result ID: '502c4344e80012537996445e6bbe4e8c') in 0.027 seconds [static and dynamic dependencies]. Details - ImportResultOutputID=75db99db5c398b47e57f88b8a0c2951b DependenciesID=f35ef9badf150b1067abcad23b5c5c59 StaticDependenciesID=71ee59c1bc52d7d569d43100077c4365 
Number of updated asset objects reloaded before import = 0
Number of asset objects unloaded after import = 1
========================================================================
Received Import Request.
  Time of request: 2026-08-24T15:03:48.7264473Z
  Time since last request: 0.0007211 seconds.
  importAddress: GUID: b98dfd9448031e84e8b176048f640e06 - Path: Assets/Materials/Car_MATS/Plastic.mat - Importer: ScriptedImporter/UnityEditor.QuickSearchModule:UnityEditor.Search:ASIAI0B
Importing 'GUID: b98dfd9448031e84e8b176048f640e06 - Path: Assets/Materials/Car_MATS/Plastic.mat - Importer: ScriptedImporter/UnityEditor.QuickSearchModule:UnityEditor.Search:ASIAI0B' with importer (ScriptedImporter : UnityEditor.QuickSearchModule:UnityEditor.Search:ASIAI0B)
Imported 'GUID: b98dfd9448031e84e8b176048f640e06' -> (Import Result ID: '1b62d14fc243b39a2f1f5284d08e9be4') in 0.014 seconds [static and dynamic dependencies]. Details - ImportResultOutputID=08368deff6559295faa5c454fe4ba2ea DependenciesID=174488ff56ab9ad2eda8d54c0bf357f5 StaticDependenciesID=67e70b86191247558c5d5e367dbf4fd7 
Number of updated asset objects reloaded before import = 0
Number of asset objects unloaded after import = 2
========================================================================
Received Import Request.
  Time of request: 2026-08-24T15:03:48.7651281Z
  Time since last request: 0.0011434 seconds.
  importAddress: GUID: 9388bb74cf04d184ebfa09472d4a062c - Path: Assets/Prefabs/F1-Car (AI).prefab - Importer: ScriptedImporter/UnityEditor.QuickSearchModule:UnityEditor.Search:ASIAI0B
Importing 'GUID: 9388bb74cf04d184ebfa09472d4a062c - Path: Assets/Prefabs/F1-Car (AI).prefab - Importer: ScriptedImporter/UnityEditor.QuickSearchModule:UnityEditor.Search:ASIAI0B' with importer (ScriptedImporter : UnityEditor.QuickSearchModule:UnityEditor.Search:ASIAI0B)
Imported 'GUID: 9388bb74cf04d184ebfa09472d4a062c' -> (Import Result ID: '48d1c557908048d770ebd67cd2c0ee4e') in 0.055 seconds [static and dynamic dependencies]. Details - ImportResultOutputID=3868248a66525de6bee894f249942dd7 DependenciesID=faff0b10df6c1dcba514defeed964e70 StaticDependenciesID=23f81c94eae7f77c2b6e0bd127d55b80 
Number of updated asset objects reloaded before import = 0
Number of asset objects unloaded after import = 73
========================================================================
Received Import Request.
  Time of request: 2026-08-24T15:03:48.8457006Z
  Time since last request: 0.0003867 seconds.
  importAddress: GUID: a444873b1eb910540bff0062172cbdfb - Path: Assets/Materials/GhostMetal.mat - Importer: ScriptedImporter/UnityEditor.QuickSearchModule:UnityEditor.Search:ASIAI0B
Importing 'GUID: a444873b1eb910540bff0062172cbdfb - Path: Assets/Materials/GhostMetal.mat - Importer: ScriptedImporter/UnityEditor.QuickSearchModule:UnityEditor.Search:ASIAI0B' with importer (ScriptedImporter : UnityEditor.QuickSearchModule:UnityEditor.Search:ASIAI0B)
Imported 'GUID: a444873b1eb910540bff0062172cbdfb' -> (Import Result ID: 'e471c6d2f14f1d9e2bc9d71c06afd62b') in 0.011 seconds [static and dynamic dependencies]. Details - ImportResultOutputID=fcce4b42a1bae943f784d94a090ba603 DependenciesID=30c21bd7d48f4e4dd690553e8df8dc26 StaticDependenciesID=8d5a83fbb575d096eed50724f1c671df 
Number of updated asset objects reloaded before import = 0
Number of asset objects unloaded after import = 1
========================================================================
Received Import Request.
  Time of request: 2026-08-24T15:03:48.8817966Z
  Time since last request: 0.0014736 seconds.
  importAddress: GUID: fd5ab97cdf7a47945ac2b2c77778e965 - Path: Assets/Prefabs/Walls.prefab - Importer: ScriptedImporter/UnityEditor.QuickSearchModule:UnityEditor.Search:ASIAI0B
Importing 'GUID: fd5ab97cdf7a47945ac2b2c77778e965 - Path: Assets/Prefabs/Walls.prefab - Importer: ScriptedImporter/UnityEditor.QuickSearchModule:UnityEditor.Search:ASIAI0B' with importer (ScriptedImporter : UnityEditor.QuickSearchModule:UnityEditor.Search:ASIAI0B)
Imported 'GUID: fd5ab97cdf7a47945ac2b2c77778e965' -> (Import Result ID: 'ed0a324429d13aee222244245809ca47') in 0.017 seconds [static and dynamic dependencies]. Details - ImportResultOutputID=0638909713f7328380ae14a006c12dc0 DependenciesID=05bb6232f0a13f2eb83ca9f6947384ca StaticDependenciesID=e652938098c207c2f7f7c50171a62954 
Number of updated asset objects reloaded before import = 0
Number of asset objects unloaded after import = 14
========================================================================
Received Import Request.
  Time of request: 2026-08-24T15:03:48.923753Z
  Time since last request: 0.0042397 seconds.
  importAddress: GUID: 19041b4b9cfa765439259c7f3a46b01d - Path: Assets/Models/Car Model 6.fbx - Importer: ScriptedImporter/UnityEditor.QuickSearchModule:UnityEditor.Search:ASIAI0B
Importing 'GUID: 19041b4b9cfa765439259c7f3a46b01d - Path: Assets/Models/Car Model 6.fbx - Importer: ScriptedImporter/UnityEditor.QuickSearchModule:UnityEditor.Search:ASIAI0B' with importer (ScriptedImporter : UnityEditor.QuickSearchModule:UnityEditor.Search:ASIAI0B)
Imported 'GUID: 19041b4b9cfa765439259c7f3a46b01d' -> (Import Result ID: '4031c3a6d54d2e0b30481640b4eda04a') in 0.052 seconds [static and dynamic dependencies]. Details - ImportResultOutputID=899433d16dcb140af40d86cd1a91243f DependenciesID=1b22455967cd9d6ab42671b5a6b3fab9 StaticDependenciesID=3be1c99864b173d5e013ad1225f7570a 
Number of updated asset objects reloaded before import = 0
Number of asset objects unloaded after import = 38
========================================================================
Received Import Request.
  Time of request: 2026-08-24T15:03:48.9978759Z
  Time since last request: 0.0003626 seconds.
  importAddress: GUID: 40a9c7029d550ce4bba4c67d144edd91 - Path: Assets/Bahrain International Circuit/Bahrain Circuit.fbx - Importer: ScriptedImporter/UnityEditor.QuickSearchModule:UnityEditor.Search:ASIAI0B
Importing 'GUID: 40a9c7029d550ce4bba4c67d144edd91 - Path: Assets/Bahrain International Circuit/Bahrain Circuit.fbx - Importer: ScriptedImporter/UnityEditor.QuickSearchModule:UnityEditor.Search:ASIAI0B' with importer (ScriptedImporter : UnityEditor.QuickSearchModule:UnityEditor.Search:ASIAI0B)
Imported 'GUID: 40a9c7029d550ce4bba4c67d144edd91' -> (Import Result ID: 'b0b32e6cc03f5a5e241a1d6f0dea2e83') in 0.337 seconds [static and dynamic dependencies]. Details - ImportResultOutputID=cd60739f3355195db903f2fd04b0f366 DependenciesID=4ad6ea8461f0e67b38a9a97b11f21963 StaticDependenciesID=65f6ec3709f36813474daddaf441035e 
Number of updated asset objects reloaded before import = 0
Number of asset objects unloaded after import = 131
========================================================================
Received Import Request.
  Time of request: 2026-08-24T15:03:49.3654076Z
  Time since last request: 0.0000522 seconds.
  importAddress: GUID: 8f1ecedb0b4fbf741bf0c46f627aba51 - Path: Assets/Models/FNIL - Body.mat - Importer: ScriptedImporter/UnityEditor.QuickSearchModule:UnityEditor.Search:ASIAI0B
Importing 'GUID: 8f1ecedb0b4fbf741bf0c46f627aba51 - Path: Assets/Models/FNIL - Body.mat - Importer: ScriptedImporter/UnityEditor.QuickSearchModule:UnityEditor.Search:ASIAI0B' with importer (ScriptedImporter : UnityEditor.QuickSearchModule:UnityEditor.Search:ASIAI0B)
Imported 'GUID: 8f1ecedb0b4fbf741bf0c46f627aba51' -> (Import Result ID: 'e485cfbfd53a9eff69b73410fe2f3ef5') in 0.015 seconds [static and dynamic dependencies]. Details - ImportResultOutputID=1dc41c354b2aa8884101db8e00dc4c76 DependenciesID=11a7921cea0452e71c3a88d178a1f610 StaticDependenciesID=8e914ccba7b80a8434bdcf1629946028 
Number of updated asset objects reloaded before import = 0
Number of asset objects unloaded after import = 2
========================================================================
Received Import Request.
  Time of request: 2026-08-24T15:03:49.4041818Z
  Time since last request: 0.0006265 seconds.
  importAddress: GUID: 47373c1295639c14499185cf95053f80 - Path: Assets/Models/FNIL - Metal.mat - Importer: ScriptedImporter/UnityEditor.QuickSearchModule:UnityEditor.Search:ASIAI0B
Importing 'GUID: 47373c1295639c14499185cf95053f80 - Path: Assets/Models/FNIL - Metal.mat - Importer: ScriptedImporter/UnityEditor.QuickSearchModule:UnityEditor.Search:ASIAI0B' with importer (ScriptedImporter : UnityEditor.QuickSearchModule:UnityEditor.Search:ASIAI0B)
Imported 'GUID: 47373c1295639c14499185cf95053f80' -> (Import Result ID: 'b5ab6be0f0c55c2f31e62bd02ab4b67b') in 0.013 seconds [static and dynamic dependencies]. Details - ImportResultOutputID=5ab022194668ac634395833a39844ba4 DependenciesID=41bdd2b54d868ba879f5f41de9a0f682 StaticDependenciesID=6ca43f178783679663eb3f35d7e47fcf 
Number of updated asset objects reloaded before import = 0
Number of asset objects unloaded after import = 2
========================================================================
Received Import Request.
  Time of request: 2026-08-24T15:03:49.437296Z
  Time since last request: 0.000603 seconds.
  importAddress: GUID: f5774d7e1f100194fb966a0b1e80e555 - Path: Assets/Models/Missing Ground.fbx - Importer: ScriptedImporter/UnityEditor.QuickSearchModule:UnityEditor.Search:ASIAI0B
Importing 'GUID: f5774d7e1f100194fb966a0b1e80e555 - Path: Assets/Models/Missing Ground.fbx - Importer: ScriptedImporter/UnityEditor.QuickSearchModule:UnityEditor.Search:ASIAI0B' with importer (ScriptedImporter : UnityEditor.QuickSearchModule:UnityEditor.Search:ASIAI0B)
Imported 'GUID: f5774d7e1f100194fb966a0b1e80e555' -> (Import Result ID: 'c31abffc02c31de8207ac8ff72f27450') in 0.024 seconds [static and dynamic dependencies]. Details - ImportResultOutputID=a6a106299bfe5a4fb4c7343b3d07c956 DependenciesID=e5800f5db6bb7cf1a6dabed51bf313d7 StaticDependenciesID=30fc36bd793ce6997dc5dfb1324463e2 
Number of updated asset objects reloaded before import = 0
Number of asset objects unloaded after import = 9
========================================================================
Received Import Request.
  Time of request: 2026-08-24T15:03:49.482958Z
  Time since last request: 0.0010828 seconds.
  importAddress: GUID: 8ac94b171fd1a04448ca4b7c43879403 - Path: Assets/Prefabs/F1-Car (Player).prefab - Importer: ScriptedImporter/UnityEditor.QuickSearchModule:UnityEditor.Search:ASIAI0B
Importing 'GUID: 8ac94b171fd1a04448ca4b7c43879403 - Path: Assets/Prefabs/F1-Car (Player).prefab - Importer: ScriptedImporter/UnityEditor.QuickSearchModule:UnityEditor.Search:ASIAI0B' with importer (ScriptedImporter : UnityEditor.QuickSearchModule:UnityEditor.Search:ASIAI0B)
Imported 'GUID: 8ac94b171fd1a04448ca4b7c43879403' -> (Import Result ID: '22f2f0bd38104b17a60f4d6b6b610b03') in 0.065 seconds [static and dynamic dependencies]. Details - ImportResultOutputID=31a0fb3fa55f9e3f7d8985315491f8bb DependenciesID=514dc74703535a0c2b1a112f362fd788 StaticDependenciesID=fcb4f0fef983b35f9bafd762d55412a4 
Number of updated asset objects reloaded before import = 0
Number of asset objects unloaded after import = 78
========================================================================
Received Import Request.
  Time of request: 2026-08-24T15:03:49.5831789Z
  Time since last request: 0.0135226 seconds.
  importAddress: GUID: 193b5638286ba804fac77f658754dd22 - Path: Assets/Plugins & Utilities/StreamingAssets/Dialogue_CN.bank - Importer: ScriptedImporter/UnityEditor.QuickSearchModule:UnityEditor.Search:ASIAI0B
Importing 'GUID: 193b5638286ba804fac77f658754dd22 - Path: Assets/Plugins & Utilities/StreamingAssets/Dialogue_CN.bank - Importer: ScriptedImporter/UnityEditor.QuickSearchModule:UnityEditor.Search:ASIAI0B' with importer (ScriptedImporter : UnityEditor.QuickSearchModule:UnityEditor.Search:ASIAI0B)
Imported 'GUID: 193b5638286ba804fac77f658754dd22' -> (Import Result ID: '5ffb5cfbb68f10a95f3c53133cdec53b') in 0.009 seconds [static and dynamic dependencies]. Details - ImportResultOutputID=9cea0be4eebea606458fbd5d9b2a80e9 DependenciesID=2add3543089eab965e4c6742ae7cef80 StaticDependenciesID=1fefc859b0f5ef0a2085885318d14273 
Number of updated asset objects reloaded before import = 0
Number of asset objects unloaded after import = 1
========================================================================
Received Import Request.
  Time of request: 2026-08-24T15:03:49.6189506Z
  Time since last request: 0.0009123 seconds.
  importAddress: GUID: ff28c2a6d9c9e1f449c66ce0f08c1f0d - Path: Assets/Bahrain International Circuit/Textures/Ads/Small Ads.png - Importer: ScriptedImporter/UnityEditor.QuickSearchModule:UnityEditor.Search:ASIAI0B
Importing 'GUID: ff28c2a6d9c9e1f449c66ce0f08c1f0d - Path: Assets/Bahrain International Circuit/Textures/Ads/Small Ads.png - Importer: ScriptedImporter/UnityEditor.QuickSearchModule:UnityEditor.Search:ASIAI0B' with importer (ScriptedImporter : UnityEditor.QuickSearchModule:UnityEditor.Search:ASIAI0B)
Imported 'GUID: ff28c2a6d9c9e1f449c66ce0f08c1f0d' -> (Import Result ID: '89e5e02c28772e7df0c72f9f09c0cef5') in 0.018 seconds [static and dynamic dependencies]. Details - ImportResultOutputID=4d5365eafbbc8840eaea3e115f2b168c DependenciesID=f65616cc5af2850ea944429b4ef852d1 StaticDependenciesID=3f98ccdfa7761d4fe87006c0a128ee04 
Number of updated asset objects reloaded before import = 0
Number of asset objects unloaded after import = 1
========================================================================
Received Import Request.
  Time of request: 2026-08-24T15:03:49.6574809Z
  Time since last request: 0.0008546 seconds.
  importAddress: GUID: 7f0edd77df74af5428300f86062e0e53 - Path: Assets/Plugins & Utilities/StreamingAssets/VO.bank - Importer: ScriptedImporter/UnityEditor.QuickSearchModule:UnityEditor.Search:ASIAI0B
Importing 'GUID: 7f0edd77df74af5428300f86062e0e53 - Path: Assets/Plugins & Utilities/StreamingAssets/VO.bank - Importer: ScriptedImporter/UnityEditor.QuickSearchModule:UnityEditor.Search:ASIAI0B' with importer (ScriptedImporter : UnityEditor.QuickSearchModule:UnityEditor.Search:ASIAI0B)
Imported 'GUID: 7f0edd77df74af5428300f86062e0e53' -> (Import Result ID: 'dc231e7ff9c94a421dc4cb5bd635368d') in 0.007 seconds [static and dynamic dependencies]. Details - ImportResultOutputID=ffbdd04da9d0122b2bac7afb8c7dbe30 DependenciesID=a20725a03c7af65e2ff0b8a575289e5f StaticDependenciesID=6d2ffa943472b9675b126088843c19c1 
Number of updated asset objects reloaded before import = 0
Number of asset objects unloaded after import = 1
========================================================================
Received Import Request.
  Time of request: 2026-08-24T15:03:49.6844596Z
  Time since last request: 0.0007434 seconds.
  importAddress: GUID: 12139d23b4274cc41996418f3547d896 - Path: Assets/Scripts/Time Trial Ghost/BestLapTimeGhost.asset - Importer: ScriptedImporter/UnityEditor.QuickSearchModule:UnityEditor.Search:ASIAI0B
Importing 'GUID: 12139d23b4274cc41996418f3547d896 - Path: Assets/Scripts/Time Trial Ghost/BestLapTimeGhost.asset - Importer: ScriptedImporter/UnityEditor.QuickSearchModule:UnityEditor.Search:ASIAI0B' with importer (ScriptedImporter : UnityEditor.QuickSearchModule:UnityEditor.Search:ASIAI0B)
Imported 'GUID: 12139d23b4274cc41996418f3547d896' -> (Import Result ID: 'b6c633a046ef79dba835a1ebbb27b26d') in 0.021 seconds [static and dynamic dependencies]. Details - ImportResultOutputID=dbf902ec10d8c584bcba0f73baf2e301 DependenciesID=3714487e4589bdd97569169ac90535df StaticDependenciesID=cf67382afbe80d39e92dfd9ebe43e9e9 
Number of updated asset objects reloaded before import = 0
Number of asset objects unloaded after import = 1
========================================================================
Received Import Request.
  Time of request: 2026-08-24T15:03:49.7316874Z
  Time since last request: 0.0000439 seconds.
  importAddress: GUID: 3fbefe1e8dceefc458d2eed864b923bb - Path: Assets/Scripts/Time Trial Ghost/Recording.cs - Importer: ScriptedImporter/UnityEditor.QuickSearchModule:UnityEditor.Search:ASIAI0B
Importing 'GUID: 3fbefe1e8dceefc458d2eed864b923bb - Path: Assets/Scripts/Time Trial Ghost/Recording.cs - Importer: ScriptedImporter/UnityEditor.QuickSearchModule:UnityEditor.Search:ASIAI0B' with importer (ScriptedImporter : UnityEditor.QuickSearchModule:UnityEditor.Search:ASIAI0B)
Imported 'GUID: 3fbefe1e8dceefc458d2eed864b923bb' -> (Import Result ID: '7025674f27cf8306a18d6a1e1c1d7564') in 0.009 seconds [static and dynamic dependencies]. Details - ImportResultOutputID=bc23b2a967819374e9565522e589522d DependenciesID=917f70e3df9cfe05b9cba503808ee7ac StaticDependenciesID=fab1bf46e00e3129f568f8f652aaf64d 
Number of updated asset objects reloaded before import = 0
Number of asset objects unloaded after import = 0
========================================================================
Received Import Request.
  Time of request: 2026-08-24T15:03:49.7624433Z
  Time since last request: 0.000913 seconds.
  importAddress: GUID: 910b7960b0165264ba85f6a9b792297e - Path: Assets/Scripts/InputManagers/CarInputManager.cs - Importer: ScriptedImporter/UnityEditor.QuickSearchModule:UnityEditor.Search:ASIAI0B
Importing 'GUID: 910b7960b0165264ba85f6a9b792297e - Path: Assets/Scripts/InputManagers/CarInputManager.cs - Importer: ScriptedImporter/UnityEditor.QuickSearchModule:UnityEditor.Search:ASIAI0B' with importer (ScriptedImporter : UnityEditor.QuickSearchModule:UnityEditor.Search:ASIAI0B)
Imported 'GUID: 910b7960b0165264ba85f6a9b792297e' -> (Import Result ID: 'e350775c7b9df2a90569dafac21c2db6') in 0.009 seconds [static and dynamic dependencies]. Details - ImportResultOutputID=b6c56e443ad982ddda2e83f406598fa2 DependenciesID=0bb260c3e6ab86f2f8fdd5c8d5151419 StaticDependenciesID=dac5d3ca9662ed2781b4d97bb44ae192 
Number of updated asset objects reloaded before import = 0
Number of asset objects unloaded after import = 0
========================================================================
Received Import Request.
  Time of request: 2026-08-24T15:03:49.7990329Z
  Time since last request: 0.0010181 seconds.
  importAddress: GUID: 6d4be2f78ba6d604694aa299984a4e18 - Path: Assets/Scripts/Car/EngineAudioManager.cs - Importer: ScriptedImporter/UnityEditor.QuickSearchModule:UnityEditor.Search:ASIAI0B
Importing 'GUID: 6d4be2f78ba6d604694aa299984a4e18 - Path: Assets/Scripts/Car/EngineAudioManager.cs - Importer: ScriptedImporter/UnityEditor.QuickSearchModule:UnityEditor.Search:ASIAI0B' with importer (ScriptedImporter : UnityEditor.QuickSearchModule:UnityEditor.Search:ASIAI0B)
Imported 'GUID: 6d4be2f78ba6d604694aa299984a4e18' -> (Import Result ID: '089f512680c32532f9eb287f16be2641') in 0.008 seconds [static and dynamic dependencies]. Details - ImportResultOutputID=102f33ab2361a03c33c42b3c03ec2db3 DependenciesID=08e0c6a4a8109ad2593ab057644bd698 StaticDependenciesID=31411ca3d6092aa1fb3af3958acdd7f2 
Number of updated asset objects reloaded before import = 0
Number of asset objects unloaded after import = 0
========================================================================
Received Import Request.
  Time of request: 2026-08-24T15:03:49.8275693Z
  Time since last request: 0.0010132 seconds.
  importAddress: GUID: 00883f7e9ece9e2439ee40f440bb2441 - Path: Assets/Plugins & Utilities/StreamingAssets/SFX.bank - Importer: ScriptedImporter/UnityEditor.QuickSearchModule:UnityEditor.Search:ASIAI0B
Importing 'GUID: 00883f7e9ece9e2439ee40f440bb2441 - Path: Assets/Plugins & Utilities/StreamingAssets/SFX.bank - Importer: ScriptedImporter/UnityEditor.QuickSearchModule:UnityEditor.Search:ASIAI0B' with importer (ScriptedImporter : UnityEditor.QuickSearchModule:UnityEditor.Search:ASIAI0B)
Imported 'GUID: 00883f7e9ece9e2439ee40f440bb2441' -> (Import Result ID: '5285bbd98d87ac06546b82b0cf1e4a19') in 0.009 seconds [static and dynamic dependencies]. Details - ImportResultOutputID=fac1913ac59f43c54bcafb86c6713f3c DependenciesID=c8adf0819641aa722eab5c3136c3c9be StaticDependenciesID=9c22b1cb5a4dee268afb6ddf47284962 
Number of updated asset objects reloaded before import = 0
Number of asset objects unloaded after import = 1
========================================================================
Received Import Request.
  Time of request: 2026-08-24T15:03:49.8584656Z
  Time since last request: 0.0014598 seconds.
  importAddress: GUID: c77c28cc0e44097449a79159f8d6d5e7 - Path: Assets/Plugins & Utilities/StreamingAssets/Dialogue_JP.bank - Importer: ScriptedImporter/UnityEditor.QuickSearchModule:UnityEditor.Search:ASIAI0B
Importing 'GUID: c77c28cc0e44097449a79159f8d6d5e7 - Path: Assets/Plugins & Utilities/StreamingAssets/Dialogue_JP.bank - Importer: ScriptedImporter/UnityEditor.QuickSearchModule:UnityEditor.Search:ASIAI0B' with importer (ScriptedImporter : UnityEditor.QuickSearchModule:UnityEditor.Search:ASIAI0B)
Imported 'GUID: c77c28cc0e44097449a79159f8d6d5e7' -> (Import Result ID: '3bd86045bda2dd6805bf5631ee3e1a3e') in 0.010 seconds [static and dynamic dependencies]. Details - ImportResultOutputID=88bde1ea313c51ba9420967308f62c61 DependenciesID=62c51646ad72d9538c2c1579b4514bb0 StaticDependenciesID=d4fcd08b72fe329ade906a2ddea9f142 
Number of updated asset objects reloaded before import = 0
Number of asset objects unloaded after import = 1
========================================================================
Received Import Request.
  Time of request: 2026-08-24T15:03:49.8902235Z
  Time since last request: 0.0006976 seconds.
  importAddress: GUID: 7c8c473e4f1dcc649b902a71acbc4e07 - Path: Assets/Bahrain International Circuit/Textures/Solid Colors/Solid - 3.png - Importer: ScriptedImporter/UnityEditor.QuickSearchModule:UnityEditor.Search:ASIAI0B
Importing 'GUID: 7c8c473e4f1dcc649b902a71acbc4e07 - Path: Assets/Bahrain International Circuit/Textures/Solid Colors/Solid - 3.png - Importer: ScriptedImporter/UnityEditor.QuickSearchModule:UnityEditor.Search:ASIAI0B' with importer (ScriptedImporter : UnityEditor.QuickSearchModule:UnityEditor.Search:ASIAI0B)
Imported 'GUID: 7c8c473e4f1dcc649b902a71acbc4e07' -> (Import Result ID: '2d799994ec0434ba74a04d4a7a8d79c2') in 0.019 seconds [static and dynamic dependencies]. Details - ImportResultOutputID=1f4750ed41a3aff6df70f416975aea35 DependenciesID=055ae3d8e5a7e8d7105e88978a8ba1ba StaticDependenciesID=4388b63c31eccee69d412688b100455d 
Number of updated asset objects reloaded before import = 0
Number of asset objects unloaded after import = 1
========================================================================
Received Import Request.
  Time of request: 2026-08-24T15:03:49.9390375Z
  Time since last request: 0.0012406 seconds.
  importAddress: GUID: 983558b57a284d84bbc541f947bc5139 - Path: Assets/Skybox/User/User.pdf - Importer: ScriptedImporter/UnityEditor.QuickSearchModule:UnityEditor.Search:ASIAI0B
Importing 'GUID: 983558b57a284d84bbc541f947bc5139 - Path: Assets/Skybox/User/User.pdf - Importer: ScriptedImporter/UnityEditor.QuickSearchModule:UnityEditor.Search:ASIAI0B' with importer (ScriptedImporter : UnityEditor.QuickSearchModule:UnityEditor.Search:ASIAI0B)
Imported 'GUID: 983558b57a284d84bbc541f947bc5139' -> (Import Result ID: 'a1593b8aeb980381ab09cda1169d3b29') in 0.008 seconds [static and dynamic dependencies]. Details - ImportResultOutputID=766622462727294e6b0370f6b42ee62d DependenciesID=c651cd9d9abb17174347390a9da9e23b StaticDependenciesID=a6e1fc05aac584ba19574edb0ceab9c5 
Number of updated asset objects reloaded before import = 0
Number of asset objects unloaded after import = 1
========================================================================
Received Import Request.
  Time of request: 2026-08-24T15:03:49.9692105Z
  Time since last request: 0.0012396 seconds.
  importAddress: GUID: f4206c7f0cf637b4193c2daad9d99b85 - Path: Assets/Plugins & Utilities/DA-Shared/Assembly/ColorBlenderExtensions.cs - Importer: ScriptedImporter/UnityEditor.QuickSearchModule:UnityEditor.Search:ASIAI0B
Importing 'GUID: f4206c7f0cf637b4193c2daad9d99b85 - Path: Assets/Plugins & Utilities/DA-Shared/Assembly/ColorBlenderExtensions.cs - Importer: ScriptedImporter/UnityEditor.QuickSearchModule:UnityEditor.Search:ASIAI0B' with importer (ScriptedImporter : UnityEditor.QuickSearchModule:UnityEditor.Search:ASIAI0B)
Imported 'GUID: f4206c7f0cf637b4193c2daad9d99b85' -> (Import Result ID: '85c90f186fed8b6588bf7629f4eae7e8') in 0.014 seconds [static and dynamic dependencies]. Details - ImportResultOutputID=286d043ceae4b54bddc5b832e42ad9f7 DependenciesID=af94208e881f9356073f6698a4ef7e4e StaticDependenciesID=526292830fdbd881aa5d66c8935033df 
Number of updated asset objects reloaded before import = 0
Number of asset objects unloaded after import = 0
========================================================================
Received Import Request.
  Time of request: 2026-08-24T15:03:50.0086655Z
  Time since last request: 0.0009152 seconds.
  importAddress: GUID: b875b9cbb0ed0dd4c9891744e948e875 - Path: Assets/Scripts/InputManagers/GarageInputManager.cs - Importer: ScriptedImporter/UnityEditor.QuickSearchModule:UnityEditor.Search:ASIAI0B
Importing 'GUID: b875b9cbb0ed0dd4c9891744e948e875 - Path: Assets/Scripts/InputManagers/GarageInputManager.cs - Importer: ScriptedImporter/UnityEditor.QuickSearchModule:UnityEditor.Search:ASIAI0B' with importer (ScriptedImporter : UnityEditor.QuickSearchModule:UnityEditor.Search:ASIAI0B)
Imported 'GUID: b875b9cbb0ed0dd4c9891744e948e875' -> (Import Result ID: '29fda2941ae5b1aa0eb6ea6631457bf6') in 0.010 seconds [static and dynamic dependencies]. Details - ImportResultOutputID=12140a8c4905ae85fa5daf3dfb1e6c24 DependenciesID=81bd48ec2875ac661047d4368eb2bc03 StaticDependenciesID=7f7333f466dab322fdff4bb4a78a8dd5 
Number of updated asset objects reloaded before import = 0
Number of asset objects unloaded after import = 0
========================================================================
Received Import Request.
  Time of request: 2026-08-24T15:03:50.0413276Z
  Time since last request: 0.0007893 seconds.
  importAddress: GUID: 280a17ec7cc34f642b1f4565f6c2a00b - Path: Assets/Scripts/UI/InGameUI.cs - Importer: ScriptedImporter/UnityEditor.QuickSearchModule:UnityEditor.Search:ASIAI0B
Importing 'GUID: 280a17ec7cc34f642b1f4565f6c2a00b - Path: Assets/Scripts/UI/InGameUI.cs - Importer: ScriptedImporter/UnityEditor.QuickSearchModule:UnityEditor.Search:ASIAI0B' with importer (ScriptedImporter : UnityEditor.QuickSearchModule:UnityEditor.Search:ASIAI0B)
Imported 'GUID: 280a17ec7cc34f642b1f4565f6c2a00b' -> (Import Result ID: 'f7e7624dadd283c40242ac8290d347d3') in 0.010 seconds [static and dynamic dependencies]. Details - ImportResultOutputID=df65534701c39cb181667ea846b8eafd DependenciesID=769791ea3fbc3d9292355dd769bbd441 StaticDependenciesID=16e66e108834e1f39861c2a2f1ba57ce 
Number of updated asset objects reloaded before import = 0
Number of asset objects unloaded after import = 0
========================================================================
Received Import Request.
  Time of request: 2026-08-24T15:03:50.0828964Z
  Time since last request: 0.0008725 seconds.
  importAddress: GUID: 101884b3f24fd5f42a16e4197fdf7988 - Path: Assets/Bahrain International Circuit/Textures/Noise/Noise - 3.png - Importer: ScriptedImporter/UnityEditor.QuickSearchModule:UnityEditor.Search:ASIAI0B
Importing 'GUID: 101884b3f24fd5f42a16e4197fdf7988 - Path: Assets/Bahrain International Circuit/Textures/Noise/Noise - 3.png - Importer: ScriptedImporter/UnityEditor.QuickSearchModule:UnityEditor.Search:ASIAI0B' with importer (ScriptedImporter : UnityEditor.QuickSearchModule:UnityEditor.Search:ASIAI0B)
Imported 'GUID: 101884b3f24fd5f42a16e4197fdf7988' -> (Import Result ID: 'ed4c4adbff982273d3a920ccecf3fb32') in 0.021 seconds [static and dynamic dependencies]. Details - ImportResultOutputID=2dca0a77edd484e664a0a0de91de5391 DependenciesID=c134dcf7f8398188d883834434e1fff6 StaticDependenciesID=06b3b3583d5067bd72bf904cad3d94ec 
Number of updated asset objects reloaded before import = 0
Number of asset objects unloaded after import = 1
========================================================================
Received Import Request.
  Time of request: 2026-08-24T15:03:50.1283779Z
  Time since last request: 0.0008462 seconds.
  importAddress: GUID: 54d7ff609dfdee74687d776ad3b9b70a - Path: Assets/Plugins & Utilities/StreamingAssets/Vehicles.bank - Importer: ScriptedImporter/UnityEditor.QuickSearchModule:UnityEditor.Search:ASIAI0B
Importing 'GUID: 54d7ff609dfdee74687d776ad3b9b70a - Path: Assets/Plugins & Utilities/StreamingAssets/Vehicles.bank - Importer: ScriptedImporter/UnityEditor.QuickSearchModule:UnityEditor.Search:ASIAI0B' with importer (ScriptedImporter : UnityEditor.QuickSearchModule:UnityEditor.Search:ASIAI0B)
Imported 'GUID: 54d7ff609dfdee74687d776ad3b9b70a' -> (Import Result ID: '777f92806839d1b1e34f7a085e76cbb4') in 0.010 seconds [static and dynamic dependencies]. Details - ImportResultOutputID=0b09efdf2e0c179a8ab801f4a8aae539 DependenciesID=60ea4d44ff22623df5b7fb65cfb357cd StaticDependenciesID=9babe02a450fd64188e51515baa80476 
Number of updated asset objects reloaded before import = 0
Number of asset objects unloaded after import = 1
========================================================================
Received Import Request.
  Time of request: 2026-08-24T15:03:50.1694703Z
  Time since last request: 0.0030478 seconds.
  importAddress: GUID: 8a9c5aff6d721884886ac03c4403803e - Path: Assets/Scripts/Time Trial Ghost/GhostRunner.cs - Importer: ScriptedImporter/UnityEditor.QuickSearchModule:UnityEditor.Search:ASIAI0B
Importing 'GUID: 8a9c5aff6d721884886ac03c4403803e - Path: Assets/Scripts/Time Trial Ghost/GhostRunner.cs - Importer: ScriptedImporter/UnityEditor.QuickSearchModule:UnityEditor.Search:ASIAI0B' with importer (ScriptedImporter : UnityEditor.QuickSearchModule:UnityEditor.Search:ASIAI0B)
Imported 'GUID: 8a9c5aff6d721884886ac03c4403803e' -> (Import Result ID: '47a1603bf963b4472023ffb1886cb32b') in 0.009 seconds [static and dynamic dependencies]. Details - ImportResultOutputID=d69090eba36f17b84a485b0acde0e2f0 DependenciesID=934d5853d31b7cdffdf73e02a5b51262 StaticDependenciesID=c5f1e26c92c36738ef3925e2cc54c020 
Number of updated asset objects reloaded before import = 0
Number of asset objects unloaded after import = 0
========================================================================
Received Import Request.
  Time of request: 2026-08-24T15:03:50.2025088Z
  Time since last request: 0.0008018 seconds.
  importAddress: GUID: a527068e5bd43d3449e4e7c1c9b39d25 - Path: Assets/Bahrain International Circuit/Textures/Metal/Metal - Base.png - Importer: ScriptedImporter/UnityEditor.QuickSearchModule:UnityEditor.Search:ASIAI0B
Importing 'GUID: a527068e5bd43d3449e4e7c1c9b39d25 - Path: Assets/Bahrain International Circuit/Textures/Metal/Metal - Base.png - Importer: ScriptedImporter/UnityEditor.QuickSearchModule:UnityEditor.Search:ASIAI0B' with importer (ScriptedImporter : UnityEditor.QuickSearchModule:UnityEditor.Search:ASIAI0B)
Imported 'GUID: a527068e5bd43d3449e4e7c1c9b39d25' -> (Import Result ID: '0e54414a120b5e67a0dae9861654bd8b') in 0.022 seconds [static and dynamic dependencies]. Details - ImportResultOutputID=3b23085d6c7a51c310e268da49ef2464 DependenciesID=167d2b4bec2d8ef8e92fa244beb48a1f StaticDependenciesID=09f29e5597bb04fee62e9a62e53aee7e 
Number of updated asset objects reloaded before import = 0
Number of asset objects unloaded after import = 1
========================================================================
Received Import Request.
  Time of request: 2026-08-24T15:03:50.2475164Z
  Time since last request: 0.0008491 seconds.
  importAddress: GUID: 7b4f7736764cf2043977467909ca46fb - Path: Assets/Bahrain International Circuit/Textures/Metal/Metal - Roughness.png - Importer: ScriptedImporter/UnityEditor.QuickSearchModule:UnityEditor.Search:ASIAI0B
Importing 'GUID: 7b4f7736764cf2043977467909ca46fb - Path: Assets/Bahrain International Circuit/Textures/Metal/Metal - Roughness.png - Importer: ScriptedImporter/UnityEditor.QuickSearchModule:UnityEditor.Search:ASIAI0B' with importer (ScriptedImporter : UnityEditor.QuickSearchModule:UnityEditor.Search:ASIAI0B)
Imported 'GUID: 7b4f7736764cf2043977467909ca46fb' -> (Import Result ID: '74663e5ec1bbce5210299a8f591bde3f') in 0.055 seconds [static and dynamic dependencies]. Details - ImportResultOutputID=a01ae6de237fe2e16877a1fdd9fa827b DependenciesID=019132bad0ecd8514813db3b45c80554 StaticDependenciesID=a4ec10d988bf0791d7eea6d9e40c7b31 
Number of updated asset objects reloaded before import = 0
Number of asset objects unloaded after import = 1
========================================================================
Received Import Request.
  Time of request: 2026-08-24T15:03:50.3266488Z
  Time since last request: 0.0007132 seconds.
  importAddress: GUID: ce3b6b7e132064141801ddf26058f74a - Path: Assets/Scripts/Circuit/SectorTrigger.cs - Importer: ScriptedImporter/UnityEditor.QuickSearchModule:UnityEditor.Search:ASIAI0B
Importing 'GUID: ce3b6b7e132064141801ddf26058f74a - Path: Assets/Scripts/Circuit/SectorTrigger.cs - Importer: ScriptedImporter/UnityEditor.QuickSearchModule:UnityEditor.Search:ASIAI0B' with importer (ScriptedImporter : UnityEditor.QuickSearchModule:UnityEditor.Search:ASIAI0B)
Imported 'GUID: ce3b6b7e132064141801ddf26058f74a' -> (Import Result ID: 'c40382937f97a89a2a5d50baa1f0b77a') in 0.008 seconds [static and dynamic dependencies]. Details - ImportResultOutputID=7edcf633abd4b17d3dbc0980e8e7358d DependenciesID=2cda159506fbde678004ac9525e10fc6 StaticDependenciesID=9a51cc2773508159c4fd242cb39c8faf 
Number of updated asset objects reloaded before import = 0
Number of asset objects unloaded after import = 0
========================================================================
Received Import Request.
  Time of request: 2026-08-24T15:03:50.3601576Z
  Time since last request: 0.0008354 seconds.
  importAddress: GUID: 3a5cdfc988803e944a5794ba02748acd - Path: Assets/Scripts/Car/WheelConfigurator.cs - Importer: ScriptedImporter/UnityEditor.QuickSearchModule:UnityEditor.Search:ASIAI0B
Importing 'GUID: 3a5cdfc988803e944a5794ba02748acd - Path: Assets/Scripts/Car/WheelConfigurator.cs - Importer: ScriptedImporter/UnityEditor.QuickSearchModule:UnityEditor.Search:ASIAI0B' with importer (ScriptedImporter : UnityEditor.QuickSearchModule:UnityEditor.Search:ASIAI0B)
Imported 'GUID: 3a5cdfc988803e944a5794ba02748acd' -> (Import Result ID: '336d2814cb91c4336cf889e3a9b3b089') in 0.007 seconds [static and dynamic dependencies]. Details - ImportResultOutputID=f0759f981d2d75933cdb40e4d34f1293 DependenciesID=af346f34b99b1cd449e088a2da8184d5 StaticDependenciesID=fc7cb3027cf7d97edf71c5aabda8b5ff 
Number of updated asset objects reloaded before import = 0
Number of asset objects unloaded after import = 0
========================================================================
Received Import Request.
  Time of request: 2026-08-24T15:03:50.3908459Z
  Time since last request: 0.0024845 seconds.
  importAddress: GUID: 6882823a28b4eae45aaf10f58db4407f - Path: Assets/Plugins & Utilities/FMOD/LICENSE.txt - Importer: ScriptedImporter/UnityEditor.QuickSearchModule:UnityEditor.Search:ASIAI0B
Importing 'GUID: 6882823a28b4eae45aaf10f58db4407f - Path: Assets/Plugins & Utilities/FMOD/LICENSE.txt - Importer: ScriptedImporter/UnityEditor.QuickSearchModule:UnityEditor.Search:ASIAI0B' with importer (ScriptedImporter : UnityEditor.QuickSearchModule:UnityEditor.Search:ASIAI0B)
Imported 'GUID: 6882823a28b4eae45aaf10f58db4407f' -> (Import Result ID: '1d3fe12bd405c956046b2a5b1401e5d0') in 0.018 seconds [static and dynamic dependencies]. Details - ImportResultOutputID=03f667a86449a039a0d16d3a2c973da5 DependenciesID=ffd2cc9318a4c3906107b8034d454a84 StaticDependenciesID=56e7922cac2c03e2a3201b9d3c7b0681 
Number of updated asset objects reloaded before import = 0
Number of asset objects unloaded after import = 1
========================================================================
Received Import Request.
  Time of request: 2026-08-24T15:03:50.4287984Z
  Time since last request: 0.0007341 seconds.
  importAddress: GUID: f924c8fb1dd4b944dba2776e01970c93 - Path: Assets/Scripts/UI/PauseMenuUI.cs - Importer: ScriptedImporter/UnityEditor.QuickSearchModule:UnityEditor.Search:ASIAI0B
Importing 'GUID: f924c8fb1dd4b944dba2776e01970c93 - Path: Assets/Scripts/UI/PauseMenuUI.cs - Importer: ScriptedImporter/UnityEditor.QuickSearchModule:UnityEditor.Search:ASIAI0B' with importer (ScriptedImporter : UnityEditor.QuickSearchModule:UnityEditor.Search:ASIAI0B)
Imported 'GUID: f924c8fb1dd4b944dba2776e01970c93' -> (Import Result ID: 'f7b128ffc1011bae89ced179b5320b66') in 0.009 seconds [static and dynamic dependencies]. Details - ImportResultOutputID=d9effa7a29be07da9e97c3cb9d0a9440 DependenciesID=fffb04ecaf24650fbb7529945c0016ea StaticDependenciesID=9801e3320df682cb165e8501ba31d764 
Number of updated asset objects reloaded before import = 0
Number of asset objects unloaded after import = 0
========================================================================
Received Import Request.
  Time of request: 2026-08-24T15:03:50.4596962Z
  Time since last request: 0.0007621 seconds.
  importAddress: GUID: 8c83decfa1753844aac71b48a517d163 - Path: Assets/UI/Gauge Cluster UI/Needle.png - Importer: ScriptedImporter/UnityEditor.QuickSearchModule:UnityEditor.Search:ASIAI0B
Importing 'GUID: 8c83decfa1753844aac71b48a517d163 - Path: Assets/UI/Gauge Cluster UI/Needle.png - Importer: ScriptedImporter/UnityEditor.QuickSearchModule:UnityEditor.Search:ASIAI0B' with importer (ScriptedImporter : UnityEditor.QuickSearchModule:UnityEditor.Search:ASIAI0B)
Imported 'GUID: 8c83decfa1753844aac71b48a517d163' -> (Import Result ID: 'e4153e4772a0fb53be962e92601f05eb') in 0.036 seconds [static and dynamic dependencies]. Details - ImportResultOutputID=45843b2753eecd2112cafeb478c83205 DependenciesID=19a21738b6d6ee8ffdb72dcc7c9651e4 StaticDependenciesID=85cafe9555bb3bac8978c89f16417ce4 
Number of updated asset objects reloaded before import = 0
Number of asset objects unloaded after import = 3
========================================================================
Received Import Request.
  Time of request: 2026-08-24T15:03:50.5174143Z
  Time since last request: 0.0017232 seconds.
  importAddress: GUID: e91bba96ffa088d4f8a45b98ea382444 - Path: Assets/Plugins & Utilities/StreamingAssets/Master.strings.bank - Importer: ScriptedImporter/UnityEditor.QuickSearchModule:UnityEditor.Search:ASIAI0B
Importing 'GUID: e91bba96ffa088d4f8a45b98ea382444 - Path: Assets/Plugins & Utilities/StreamingAssets/Master.strings.bank - Importer: ScriptedImporter/UnityEditor.QuickSearchModule:UnityEditor.Search:ASIAI0B' with importer (ScriptedImporter : UnityEditor.QuickSearchModule:UnityEditor.Search:ASIAI0B)
Imported 'GUID: e91bba96ffa088d4f8a45b98ea382444' -> (Import Result ID: 'b807dfd96a82f6560fbde5c19a0daf61') in 0.009 seconds [static and dynamic dependencies]. Details - ImportResultOutputID=7c2fb8c72d66ae0dc72fa53c9fb8e013 DependenciesID=7874a98de186cb34a93d47668a385482 StaticDependenciesID=72f2dfcbd6b1da6ae7818681ed17b11c 
Number of updated asset objects reloaded before import = 0
Number of asset objects unloaded after import = 1
========================================================================
Received Import Request.
  Time of request: 2026-08-24T15:03:50.5464771Z
  Time since last request: 0.000553 seconds.
  importAddress: GUID: 0c752da273b17c547ae705acf0f2adf2 - Path: Assets/Plugins & Utilities/FMOD/FMODUnity.asmdef - Importer: ScriptedImporter/UnityEditor.QuickSearchModule:UnityEditor.Search:ASIAI0B
Importing 'GUID: 0c752da273b17c547ae705acf0f2adf2 - Path: Assets/Plugins & Utilities/FMOD/FMODUnity.asmdef - Importer: ScriptedImporter/UnityEditor.QuickSearchModule:UnityEditor.Search:ASIAI0B' with importer (ScriptedImporter : UnityEditor.QuickSearchModule:UnityEditor.Search:ASIAI0B)
Imported 'GUID: 0c752da273b17c547ae705acf0f2adf2' -> (Import Result ID: '069fb2ea5faacb05bf9b0294048722ab') in 0.023 seconds [static and dynamic dependencies]. Details - ImportResultOutputID=664b05a09be83dd8529afa27f542079f DependenciesID=7d2555455e32692f88db567e01c20b7f StaticDependenciesID=e4f4382be367c14bc6046bc474f815b9 
Number of updated asset objects reloaded before import = 0
Number of asset objects unloaded after import = 1
========================================================================
Received Import Request.
  Time of request: 2026-08-24T15:03:50.5891352Z
  Time since last request: 0.0007836 seconds.
  importAddress: GUID: 37d36678a0f7990439fe5747931626b9 - Path: Assets/Bahrain International Circuit/Textures/Noise/Noise - Normal.png - Importer: ScriptedImporter/UnityEditor.QuickSearchModule:UnityEditor.Search:ASIAI0B
Importing 'GUID: 37d36678a0f7990439fe5747931626b9 - Path: Assets/Bahrain International Circuit/Textures/Noise/Noise - Normal.png - Importer: ScriptedImporter/UnityEditor.QuickSearchModule:UnityEditor.Search:ASIAI0B' with importer (ScriptedImporter : UnityEditor.QuickSearchModule:UnityEditor.Search:ASIAI0B)
Imported 'GUID: 37d36678a0f7990439fe5747931626b9' -> (Import Result ID: '0a2c930b7927306adbcca48459c36c1d') in 0.018 seconds [static and dynamic dependencies]. Details - ImportResultOutputID=89e33f86b228b87c544073df24e759b2 DependenciesID=9ba15c9b97131e841752812ca36048e8 StaticDependenciesID=bb59612c789b4aab4a662367a9ab2e04 
Number of updated asset objects reloaded before import = 0
Number of asset objects unloaded after import = 1
========================================================================
Received Import Request.
  Time of request: 2026-08-24T15:03:50.6290957Z
  Time since last request: 0.0031365 seconds.
  importAddress: GUID: 4ca8586dfd64e61438b6810929eb47a9 - Path: Assets/Scripts/UI/CircuitSelectionUI.cs - Importer: ScriptedImporter/UnityEditor.QuickSearchModule:UnityEditor.Search:ASIAI0B
Importing 'GUID: 4ca8586dfd64e61438b6810929eb47a9 - Path: Assets/Scripts/UI/CircuitSelectionUI.cs - Importer: ScriptedImporter/UnityEditor.QuickSearchModule:UnityEditor.Search:ASIAI0B' with importer (ScriptedImporter : UnityEditor.QuickSearchModule:UnityEditor.Search:ASIAI0B)
Imported 'GUID: 4ca8586dfd64e61438b6810929eb47a9' -> (Import Result ID: '8313ab8a324e1eeee5cc0f5e318493ed') in 0.011 seconds [static and dynamic dependencies]. Details - ImportResultOutputID=7e34739f932dc218ead89b32b1d31c2e DependenciesID=533f438fe1056a52cbfedc45994af95f StaticDependenciesID=460fc3c29ab42b370058beb6938843f7 
Number of updated asset objects reloaded before import = 0
Number of asset objects unloaded after import = 0
========================================================================
Received Import Request.
  Time of request: 2026-08-24T15:03:50.6611115Z
  Time since last request: 0.0035294 seconds.
  importAddress: GUID: cf20c1bb9b21ba5409f85e339e6ecb92 - Path: Assets/Bahrain International Circuit/Textures/Solid Colors/Solid - 4.png - Importer: ScriptedImporter/UnityEditor.QuickSearchModule:UnityEditor.Search:ASIAI0B
Importing 'GUID: cf20c1bb9b21ba5409f85e339e6ecb92 - Path: Assets/Bahrain International Circuit/Textures/Solid Colors/Solid - 4.png - Importer: ScriptedImporter/UnityEditor.QuickSearchModule:UnityEditor.Search:ASIAI0B' with importer (ScriptedImporter : UnityEditor.QuickSearchModule:UnityEditor.Search:ASIAI0B)
Imported 'GUID: cf20c1bb9b21ba5409f85e339e6ecb92' -> (Import Result ID: 'a8255803ef33646f1336cafab4458246') in 0.019 seconds [static and dynamic dependencies]. Details - ImportResultOutputID=62d0eb4bb4d33f1d5c0f02e3e34bada4 DependenciesID=0d3f23e2558720b04f3afb6ecee86cff StaticDependenciesID=2ce2f714dac3127225739cb5e9a7f088 
Number of updated asset objects reloaded before import = 0
Number of asset objects unloaded after import = 1
========================================================================
Received Import Request.
  Time of request: 2026-08-24T15:03:50.7066576Z
  Time since last request: 0.0047536 seconds.
  importAddress: GUID: 89e62e84a5f3cea44b1cc60fc7adef5d - Path: Assets/Bahrain International Circuit/Textures/Noise/Noise - 1.png - Importer: ScriptedImporter/UnityEditor.QuickSearchModule:UnityEditor.Search:ASIAI0B
Importing 'GUID: 89e62e84a5f3cea44b1cc60fc7adef5d - Path: Assets/Bahrain International Circuit/Textures/Noise/Noise - 1.png - Importer: ScriptedImporter/UnityEditor.QuickSearchModule:UnityEditor.Search:ASIAI0B' with importer (ScriptedImporter : UnityEditor.QuickSearchModule:UnityEditor.Search:ASIAI0B)
Imported 'GUID: 89e62e84a5f3cea44b1cc60fc7adef5d' -> (Import Result ID: 'ad35b6197c3f5964328deb1c6b866839') in 0.022 seconds [static and dynamic dependencies]. Details - ImportResultOutputID=919a9c75969640aca8ac27c6a4704bf4 DependenciesID=e7d925e812e2e3357e550fd0893db8d4 StaticDependenciesID=95cf7ce87e617e1f9525799d7d6c619e 
Number of updated asset objects reloaded before import = 0
Number of asset objects unloaded after import = 1
========================================================================
Received Import Request.
  Time of request: 2026-08-24T15:03:50.7511108Z
  Time since last request: 0.0006268 seconds.
  importAddress: GUID: 7d430e6f09a957a4d9393916b6bdbb10 - Path: Assets/Bahrain International Circuit/Textures/Noise/Noise - 2.png - Importer: ScriptedImporter/UnityEditor.QuickSearchModule:UnityEditor.Search:ASIAI0B
Importing 'GUID: 7d430e6f09a957a4d9393916b6bdbb10 - Path: Assets/Bahrain International Circuit/Textures/Noise/Noise - 2.png - Importer: ScriptedImporter/UnityEditor.QuickSearchModule:UnityEditor.Search:ASIAI0B' with importer (ScriptedImporter : UnityEditor.QuickSearchModule:UnityEditor.Search:ASIAI0B)
Imported 'GUID: 7d430e6f09a957a4d9393916b6bdbb10' -> (Import Result ID: 'f3993bf6900cbdbbd171a000cc2545bf') in 0.045 seconds [static and dynamic dependencies]. Details - ImportResultOutputID=094c153df5474fb6212d6bb25f78269c DependenciesID=3daf0f67e6dfd9252c2e386c558aab88 StaticDependenciesID=2022105c49dacbcb7d8f15097f7b1043 
Number of updated asset objects reloaded before import = 0
Number of asset objects unloaded after import = 1
========================================================================
Received Import Request.
  Time of request: 2026-08-24T15:03:50.816904Z
  Time since last request: 0.0007594 seconds.
  importAddress: GUID: 996c32ce26b27cb4c8be2199144b7d26 - Path: Assets/Bahrain International Circuit/Textures/Solid Colors/Solid - 1.png - Importer: ScriptedImporter/UnityEditor.QuickSearchModule:UnityEditor.Search:ASIAI0B
Importing 'GUID: 996c32ce26b27cb4c8be2199144b7d26 - Path: Assets/Bahrain International Circuit/Textures/Solid Colors/Solid - 1.png - Importer: ScriptedImporter/UnityEditor.QuickSearchModule:UnityEditor.Search:ASIAI0B' with importer (ScriptedImporter : UnityEditor.QuickSearchModule:UnityEditor.Search:ASIAI0B)
Imported 'GUID: 996c32ce26b27cb4c8be2199144b7d26' -> (Import Result ID: '0c321c5651119532c0f6813c8f54ed49') in 0.017 seconds [static and dynamic dependencies]. Details - ImportResultOutputID=4051d45c47b83f1b093c75e1fca16748 DependenciesID=92f21e11642fd3dac84f9b5164e33846 StaticDependenciesID=7495197423ec40b306094bfcfea7f7ed 
Number of updated asset objects reloaded before import = 0
Number of asset objects unloaded after import = 1
========================================================================
Received Import Request.
  Time of request: 2026-08-24T15:03:50.8566487Z
  Time since last request: 0.0014385 seconds.
  importAddress: GUID: 87e57da1319b6ca47b17e26912440e92 - Path: Assets/Scripts/Circuit/CheckpointSingle.cs - Importer: ScriptedImporter/UnityEditor.QuickSearchModule:UnityEditor.Search:ASIAI0B
Importing 'GUID: 87e57da1319b6ca47b17e26912440e92 - Path: Assets/Scripts/Circuit/CheckpointSingle.cs - Importer: ScriptedImporter/UnityEditor.QuickSearchModule:UnityEditor.Search:ASIAI0B' with importer (ScriptedImporter : UnityEditor.QuickSearchModule:UnityEditor.Search:ASIAI0B)
Imported 'GUID: 87e57da1319b6ca47b17e26912440e92' -> (Import Result ID: 'b67d7ceee89070d0bd16ded594c75ffd') in 0.008 seconds [static and dynamic dependencies]. Details - ImportResultOutputID=ceaf3652a976bca6238657f8b332e479 DependenciesID=3fe05304d86a2f13a900cd65a3303134 StaticDependenciesID=facc7810b84f6162cd20a138db2d9268 
Number of updated asset objects reloaded before import = 0
Number of asset objects unloaded after import = 0
========================================================================
Received Import Request.
  Time of request: 2026-08-24T15:03:50.8833849Z
  Time since last request: 0.0008852 seconds.
  importAddress: GUID: ce9a025e0da85a34d81edd36192004a6 - Path: Assets/Scripts/UI/OptionsUI.cs - Importer: ScriptedImporter/UnityEditor.QuickSearchModule:UnityEditor.Search:ASIAI0B
Importing 'GUID: ce9a025e0da85a34d81edd36192004a6 - Path: Assets/Scripts/UI/OptionsUI.cs - Importer: ScriptedImporter/UnityEditor.QuickSearchModule:UnityEditor.Search:ASIAI0B' with importer (ScriptedImporter : UnityEditor.QuickSearchModule:UnityEditor.Search:ASIAI0B)
Imported 'GUID: ce9a025e0da85a34d81edd36192004a6' -> (Import Result ID: '9ffc168a6fc1ca861a8ba83a357a9dee') in 0.010 seconds [static and dynamic dependencies]. Details - ImportResultOutputID=331a63170e23001905b408ff79c42f73 DependenciesID=f528aa4de6c38872c2d793a00a190393 StaticDependenciesID=de9e3f26bfba55718cbea1a0f64c9d37 
Number of updated asset objects reloaded before import = 0
Number of asset objects unloaded after import = 0
========================================================================
Received Import Request.
  Time of request: 2026-08-24T15:03:50.9143112Z
  Time since last request: 0.0004467 seconds.
  importAddress: GUID: 1361de8ce3da8194e829977ce321f56a - Path: Assets/Scripts/InputManagers/UINavigationInputManager.cs - Importer: ScriptedImporter/UnityEditor.QuickSearchModule:UnityEditor.Search:ASIAI0B
Importing 'GUID: 1361de8ce3da8194e829977ce321f56a - Path: Assets/Scripts/InputManagers/UINavigationInputManager.cs - Importer: ScriptedImporter/UnityEditor.QuickSearchModule:UnityEditor.Search:ASIAI0B' with importer (ScriptedImporter : UnityEditor.QuickSearchModule:UnityEditor.Search:ASIAI0B)
Imported 'GUID: 1361de8ce3da8194e829977ce321f56a' -> (Import Result ID: '841f7973157d7109f43ec10bec504fa4') in 0.010 seconds [static and dynamic dependencies]. Details - ImportResultOutputID=d330c7191792242e89d6cb2d58875271 DependenciesID=d81f4562738f699d51881c3546e1f66e StaticDependenciesID=5391e9df803e73a673ec73855554ba79 
Number of updated asset objects reloaded before import = 0
Number of asset objects unloaded after import = 0
========================================================================
Received Import Request.
  Time of request: 2026-08-24T15:03:50.9462745Z
  Time since last request: 0.0016033 seconds.
  importAddress: GUID: 48d175c76a5220a4dba8dd4ab93ffd1f - Path: Assets/Scripts/Car/CarLocomotionManager.cs - Importer: ScriptedImporter/UnityEditor.QuickSearchModule:UnityEditor.Search:ASIAI0B
Importing 'GUID: 48d175c76a5220a4dba8dd4ab93ffd1f - Path: Assets/Scripts/Car/CarLocomotionManager.cs - Importer: ScriptedImporter/UnityEditor.QuickSearchModule:UnityEditor.Search:ASIAI0B' with importer (ScriptedImporter : UnityEditor.QuickSearchModule:UnityEditor.Search:ASIAI0B)
Imported 'GUID: 48d175c76a5220a4dba8dd4ab93ffd1f' -> (Import Result ID: '4d0a7a6fbb3bd45d122a30bae6ca198e') in 0.007 seconds [static and dynamic dependencies]. Details - ImportResultOutputID=2101aeb7311ffb9242526d9445d37b6e DependenciesID=f3adb0ebef531da6ffd58aa2afa70d53 StaticDependenciesID=5df538cb67b556896ca1d78866aa182a 
Number of updated asset objects reloaded before import = 0
Number of asset objects unloaded after import = 0
========================================================================
Received Import Request.
  Time of request: 2026-08-24T15:03:50.9788812Z
  Time since last request: 0.0030177 seconds.
  importAddress: GUID: eaf365fd89bcf5643be14270270fe9e8 - Path: Assets/UI/Gauge Cluster UI/Dial.png - Importer: ScriptedImporter/UnityEditor.QuickSearchModule:UnityEditor.Search:ASIAI0B
Importing 'GUID: eaf365fd89bcf5643be14270270fe9e8 - Path: Assets/UI/Gauge Cluster UI/Dial.png - Importer: ScriptedImporter/UnityEditor.QuickSearchModule:UnityEditor.Search:ASIAI0B' with importer (ScriptedImporter : UnityEditor.QuickSearchModule:UnityEditor.Search:ASIAI0B)
Imported 'GUID: eaf365fd89bcf5643be14270270fe9e8' -> (Import Result ID: '0210241b0ecd277b950ea986d492ce08') in 0.027 seconds [static and dynamic dependencies]. Details - ImportResultOutputID=f300f2757ff2509d9084be9356591f8f DependenciesID=78b52b3451ade58d1d51fa523164cd18 StaticDependenciesID=828687e236fa2940015f3c04476b6433 
Number of updated asset objects reloaded before import = 0
Number of asset objects unloaded after import = 3
========================================================================
Received Import Request.
  Time of request: 2026-08-24T15:03:51.0292445Z
  Time since last request: 0.0005981 seconds.
  importAddress: GUID: 0aca0e2d06b26544681357ef98393b10 - Path: Assets/Skybox/Utils/Utils.pdf - Importer: ScriptedImporter/UnityEditor.QuickSearchModule:UnityEditor.Search:ASIAI0B
Importing 'GUID: 0aca0e2d06b26544681357ef98393b10 - Path: Assets/Skybox/Utils/Utils.pdf - Importer: ScriptedImporter/UnityEditor.QuickSearchModule:UnityEditor.Search:ASIAI0B' with importer (ScriptedImporter : UnityEditor.QuickSearchModule:UnityEditor.Search:ASIAI0B)
Imported 'GUID: 0aca0e2d06b26544681357ef98393b10' -> (Import Result ID: 'f22a3925789fe9c2ce7b88139f5a87b6') in 0.009 seconds [static and dynamic dependencies]. Details - ImportResultOutputID=f286fbaac879ecc27d569353c6fb4fdc DependenciesID=4cfd0e373ebd5648cea554a44174c95d StaticDependenciesID=99a9037618883f3fa07ec083194f4be5 
Number of updated asset objects reloaded before import = 0
Number of asset objects unloaded after import = 1
========================================================================
Received Import Request.
  Time of request: 2026-08-24T15:03:51.0617001Z
  Time since last request: 0.0007002 seconds.
  importAddress: GUID: 26eefae657d311e4ba4b60b1728c9a27 - Path: Assets/Scripts/Circuit/RaceManager.cs - Importer: ScriptedImporter/UnityEditor.QuickSearchModule:UnityEditor.Search:ASIAI0B
Importing 'GUID: 26eefae657d311e4ba4b60b1728c9a27 - Path: Assets/Scripts/Circuit/RaceManager.cs - Importer: ScriptedImporter/UnityEditor.QuickSearchModule:UnityEditor.Search:ASIAI0B' with importer (ScriptedImporter : UnityEditor.QuickSearchModule:UnityEditor.Search:ASIAI0B)
Imported 'GUID: 26eefae657d311e4ba4b60b1728c9a27' -> (Import Result ID: '7d8a295e6e11a75af680caeb1dc1b0bf') in 0.011 seconds [static and dynamic dependencies]. Details - ImportResultOutputID=b37a3ef1048039ca1f229c732e35bb65 DependenciesID=d17f83b83762816aac6d3c18064823c4 StaticDependenciesID=d963da35a48acc29edbe36c5fa595c54 
Number of updated asset objects reloaded before import = 0
Number of asset objects unloaded after import = 0
========================================================================
Received Import Request.
  Time of request: 2026-08-24T15:03:51.0987889Z
  Time since last request: 0.0053599 seconds.
  importAddress: GUID: 25d5787f8635e8044a7182c982122cc4 - Path: Assets/Plugins & Utilities/StreamingAssets/Dialogue_EN.bank - Importer: ScriptedImporter/UnityEditor.QuickSearchModule:UnityEditor.Search:ASIAI0B
Importing 'GUID: 25d5787f8635e8044a7182c982122cc4 - Path: Assets/Plugins & Utilities/StreamingAssets/Dialogue_EN.bank - Importer: ScriptedImporter/UnityEditor.QuickSearchModule:UnityEditor.Search:ASIAI0B' with importer (ScriptedImporter : UnityEditor.QuickSearchModule:UnityEditor.Search:ASIAI0B)
Imported 'GUID: 25d5787f8635e8044a7182c982122cc4' -> (Import Result ID: 'ec9a3cca8969a5676993cc3d432f1a23') in 0.070 seconds [static and dynamic dependencies]. Details - ImportResultOutputID=7ab8aea3971a98664b97b7cb60c0f5fe DependenciesID=fea176922413fbb502431a1734c399c3 StaticDependenciesID=b8e10c0886d14128efb97b4170160265 
Number of updated asset objects reloaded before import = 0
Number of asset objects unloaded after import = 1
========================================================================
Received Import Request.
  Time of request: 2026-08-24T15:03:51.1900691Z
  Time since last request: 0.0006538 seconds.
  importAddress: GUID: dcd418498d7899b45b5042ecc36560d4 - Path: Assets/Scripts/InputManagers/OptionsInputManager.cs - Importer: ScriptedImporter/UnityEditor.QuickSearchModule:UnityEditor.Search:ASIAI0B
Importing 'GUID: dcd418498d7899b45b5042ecc36560d4 - Path: Assets/Scripts/InputManagers/OptionsInputManager.cs - Importer: ScriptedImporter/UnityEditor.QuickSearchModule:UnityEditor.Search:ASIAI0B' with importer (ScriptedImporter : UnityEditor.QuickSearchModule:UnityEditor.Search:ASIAI0B)
Imported 'GUID: dcd418498d7899b45b5042ecc36560d4' -> (Import Result ID: 'b4dbe4f71cec4f603eea8ac2fc50a998') in 0.012 seconds [static and dynamic dependencies]. Details - ImportResultOutputID=66e2c51636048121d15a3a413a97d435 DependenciesID=afb3ae8cabfb95514c9d9e797506a73c StaticDependenciesID=7eadfa82d11c004449dbab6dcff2ea4f 
Number of updated asset objects reloaded before import = 0
Number of asset objects unloaded after import = 0
========================================================================
Received Import Request.
  Time of request: 2026-08-24T15:03:51.2232128Z
  Time since last request: 0.0008918 seconds.
  importAddress: GUID: 90b6d14e702ecad4a958560f316988cf - Path: Assets/Textures/Car_TEX/PaletteTexture.png - Importer: ScriptedImporter/UnityEditor.QuickSearchModule:UnityEditor.Search:ASIAI0B
Importing 'GUID: 90b6d14e702ecad4a958560f316988cf - Path: Assets/Textures/Car_TEX/PaletteTexture.png - Importer: ScriptedImporter/UnityEditor.QuickSearchModule:UnityEditor.Search:ASIAI0B' with importer (ScriptedImporter : UnityEditor.QuickSearchModule:UnityEditor.Search:ASIAI0B)
Imported 'GUID: 90b6d14e702ecad4a958560f316988cf' -> (Import Result ID: '359acf460cd966fb8ad8b442bc9cefff') in 0.024 seconds [static and dynamic dependencies]. Details - ImportResultOutputID=4e87e7877b77df339ae1c61d5d4d4d86 DependenciesID=ca9edd92c3b7e73b226c876b115edfe8 StaticDependenciesID=6b159f3b17129455e424fc0f7ed38f0f 
Number of updated asset objects reloaded before import = 0
Number of asset objects unloaded after import = 1
========================================================================
Received Import Request.
  Time of request: 2026-08-24T15:03:51.2970221Z
  Time since last request: 0.0005777 seconds.
  importAddress: GUID: 564b9564c2fa9264e9ad67e60b5746a6 - Path: Assets/Plugins & Utilities/StreamingAssets/Master.bank - Importer: ScriptedImporter/UnityEditor.QuickSearchModule:UnityEditor.Search:ASIAI0B
Importing 'GUID: 564b9564c2fa9264e9ad67e60b5746a6 - Path: Assets/Plugins & Utilities/StreamingAssets/Master.bank - Importer: ScriptedImporter/UnityEditor.QuickSearchModule:UnityEditor.Search:ASIAI0B' with importer (ScriptedImporter : UnityEditor.QuickSearchModule:UnityEditor.Search:ASIAI0B)
Imported 'GUID: 564b9564c2fa9264e9ad67e60b5746a6' -> (Import Result ID: '06049bf95d3ed88827cbafc3428f9e7b') in 0.022 seconds [static and dynamic dependencies]. Details - ImportResultOutputID=ee65582f0dff3045f6cd2db43b807887 DependenciesID=083c3963570354f2d24ff60c1520e8bb StaticDependenciesID=5f55c7de40fc61f394aa3ab0739173cc 
Number of updated asset objects reloaded before import = 0
Number of asset objects unloaded after import = 1
========================================================================
Received Import Request.
  Time of request: 2026-08-24T15:03:51.3514341Z
  Time since last request: 0.0113363 seconds.
  importAddress: GUID: f8f85dcbb34e02c4b8bfd2579616eca8 - Path: Assets/Scripts/UI/GarageUI.cs - Importer: ScriptedImporter/UnityEditor.QuickSearchModule:UnityEditor.Search:ASIAI0B
Importing 'GUID: f8f85dcbb34e02c4b8bfd2579616eca8 - Path: Assets/Scripts/UI/GarageUI.cs - Importer: ScriptedImporter/UnityEditor.QuickSearchModule:UnityEditor.Search:ASIAI0B' with importer (ScriptedImporter : UnityEditor.QuickSearchModule:UnityEditor.Search:ASIAI0B)
Imported 'GUID: f8f85dcbb34e02c4b8bfd2579616eca8' -> (Import Result ID: 'b4cb97afb4f009018a15462652f05b1e') in 0.013 seconds [static and dynamic dependencies]. Details - ImportResultOutputID=7a8751e0fe29c4045a6eabc641903455 DependenciesID=502136f2e9cf0271ddf632740be510be StaticDependenciesID=27f246eba8376769450741d304ca935a 
Number of updated asset objects reloaded before import = 0
Number of asset objects unloaded after import = 0
========================================================================
Received Import Request.
  Time of request: 2026-08-24T15:03:51.3857673Z
  Time since last request: 0.0006584 seconds.
  importAddress: GUID: 651ac94298dcc1041a47bf86d8bb9cd8 - Path: Assets/Scripts/UI/CheckpointUI.cs - Importer: ScriptedImporter/UnityEditor.QuickSearchModule:UnityEditor.Search:ASIAI0B
Importing 'GUID: 651ac94298dcc1041a47bf86d8bb9cd8 - Path: Assets/Scripts/UI/CheckpointUI.cs - Importer: ScriptedImporter/UnityEditor.QuickSearchModule:UnityEditor.Search:ASIAI0B' with importer (ScriptedImporter : UnityEditor.QuickSearchModule:UnityEditor.Search:ASIAI0B)
Imported 'GUID: 651ac94298dcc1041a47bf86d8bb9cd8' -> (Import Result ID: 'aeda8cf5165c84ecd76aa33366ecb9be') in 0.009 seconds [static and dynamic dependencies]. Details - ImportResultOutputID=4042d8cc28789f44f73fc273e9803f28 DependenciesID=4a8c14b111f0a8af1987d3b1ca95b916 StaticDependenciesID=06399e5f3618bc212b6efdf1bf127bef 
Number of updated asset objects reloaded before import = 0
Number of asset objects unloaded after import = 0
========================================================================
Received Import Request.
  Time of request: 2026-08-24T15:03:51.4191876Z
  Time since last request: 0.0028991 seconds.
  importAddress: GUID: efaa599ca63609d42be8deaa965a1750 - Path: Assets/Bahrain International Circuit/Textures/Noise/Noise - Roughness.png - Importer: ScriptedImporter/UnityEditor.QuickSearchModule:UnityEditor.Search:ASIAI0B
Importing 'GUID: efaa599ca63609d42be8deaa965a1750 - Path: Assets/Bahrain International Circuit/Textures/Noise/Noise - Roughness.png - Importer: ScriptedImporter/UnityEditor.QuickSearchModule:UnityEditor.Search:ASIAI0B' with importer (ScriptedImporter : UnityEditor.QuickSearchModule:UnityEditor.Search:ASIAI0B)
Imported 'GUID: efaa599ca63609d42be8deaa965a1750' -> (Import Result ID: '8a19977b10329694355013b3d523fd69') in 0.019 seconds [static and dynamic dependencies]. Details - ImportResultOutputID=d0fbf26dd24652ef32360db27f7f5a25 DependenciesID=809d7380cbea2beacdf2361d6c9c92f1 StaticDependenciesID=282e5d61ab0b4bdb0a7bcab77a416b72 
Number of updated asset objects reloaded before import = 0
Number of asset objects unloaded after import = 1
========================================================================
Received Import Request.
  Time of request: 2026-08-24T15:03:51.460623Z
  Time since last request: 0.0007181 seconds.
  importAddress: GUID: 89f28a94a51fd944aa7421c84e40c305 - Path: Assets/Scenes/BahrainCircuit/ReflectionProbe-0.exr - Importer: ScriptedImporter/UnityEditor.QuickSearchModule:UnityEditor.Search:ASIAI0B
Importing 'GUID: 89f28a94a51fd944aa7421c84e40c305 - Path: Assets/Scenes/BahrainCircuit/ReflectionProbe-0.exr - Importer: ScriptedImporter/UnityEditor.QuickSearchModule:UnityEditor.Search:ASIAI0B' with importer (ScriptedImporter : UnityEditor.QuickSearchModule:UnityEditor.Search:ASIAI0B)
Imported 'GUID: 89f28a94a51fd944aa7421c84e40c305' -> (Import Result ID: '55c803150525ca0fc8cf42e24a892fb2') in 0.047 seconds [static and dynamic dependencies]. Details - ImportResultOutputID=50fb4420efee2ddd6db929bd882ed576 DependenciesID=71235a3521f25bd19a0106725ce4eaf1 StaticDependenciesID=4f83660a31b53efa6db70e0edb634a08 
Number of updated asset objects reloaded before import = 0
Number of asset objects unloaded after import = 1
========================================================================
Received Import Request.
  Time of request: 2026-08-24T15:03:51.5332894Z
  Time since last request: 0.0014553 seconds.
  importAddress: GUID: bfa7c02550e13a14a8b6da31e546968a - Path: Assets/Scenes/BahrainCircuit/ReflectionProbe-1.exr - Importer: ScriptedImporter/UnityEditor.QuickSearchModule:UnityEditor.Search:ASIAI0B
Importing 'GUID: bfa7c02550e13a14a8b6da31e546968a - Path: Assets/Scenes/BahrainCircuit/ReflectionProbe-1.exr - Importer: ScriptedImporter/UnityEditor.QuickSearchModule:UnityEditor.Search:ASIAI0B' with importer (ScriptedImporter : UnityEditor.QuickSearchModule:UnityEditor.Search:ASIAI0B)
Imported 'GUID: bfa7c02550e13a14a8b6da31e546968a' -> (Import Result ID: 'de14a5c7b8c57f5678926d93cd8e4048') in 0.022 seconds [static and dynamic dependencies]. Details - ImportResultOutputID=b550f257c8e7158bf9cc4bc166107709 DependenciesID=34de186e6dd4b7a00fedb10d290fcde2 StaticDependenciesID=68cd887d9dd12f29238f2c43888f6c7b 
Number of updated asset objects reloaded before import = 0
Number of asset objects unloaded after import = 1
========================================================================
Received Import Request.
  Time of request: 2026-08-24T15:03:51.5777242Z
  Time since last request: 0.000745 seconds.
  importAddress: GUID: 133e3769d10ecf74cb3af5fc59dce68c - Path: Assets/Scripts/Time Trial Ghost/ReplaySystem.cs - Importer: ScriptedImporter/UnityEditor.QuickSearchModule:UnityEditor.Search:ASIAI0B
Importing 'GUID: 133e3769d10ecf74cb3af5fc59dce68c - Path: Assets/Scripts/Time Trial Ghost/ReplaySystem.cs - Importer: ScriptedImporter/UnityEditor.QuickSearchModule:UnityEditor.Search:ASIAI0B' with importer (ScriptedImporter : UnityEditor.QuickSearchModule:UnityEditor.Search:ASIAI0B)
Imported 'GUID: 133e3769d10ecf74cb3af5fc59dce68c' -> (Import Result ID: '05cfd517575fa8cc55dd38ea28f5a0c5') in 0.009 seconds [static and dynamic dependencies]. Details - ImportResultOutputID=aecc7664eeaf9f5f57010e772ec06294 DependenciesID=17229308f10064651fe2b14512a2a577 StaticDependenciesID=351b260c029eb3b319df4953c21689d3 
Number of updated asset objects reloaded before import = 0
Number of asset objects unloaded after import = 0
========================================================================
Received Import Request.
  Time of request: 2026-08-24T15:03:51.6068127Z
  Time since last request: 0.0006312 seconds.
  importAddress: GUID: 081074d1d9d6ab448b88688c3730e8a1 - Path: Assets/Plugins & Utilities/FMOD/README.txt - Importer: ScriptedImporter/UnityEditor.QuickSearchModule:UnityEditor.Search:ASIAI0B
Importing 'GUID: 081074d1d9d6ab448b88688c3730e8a1 - Path: Assets/Plugins & Utilities/FMOD/README.txt - Importer: ScriptedImporter/UnityEditor.QuickSearchModule:UnityEditor.Search:ASIAI0B' with importer (ScriptedImporter : UnityEditor.QuickSearchModule:UnityEditor.Search:ASIAI0B)
Imported 'GUID: 081074d1d9d6ab448b88688c3730e8a1' -> (Import Result ID: 'b2c6edb49e90a45b57a3ce32b3c274ad') in 0.009 seconds [static and dynamic dependencies]. Details - ImportResultOutputID=a09601558fbe88001885aad40e6c9910 DependenciesID=7e4f666af27f50d07362eb90e4b7b097 StaticDependenciesID=389c56a40139e81200fa735ace406abd 
Number of updated asset objects reloaded before import = 0
Number of asset objects unloaded after import = 1
========================================================================
Received Import Request.
  Time of request: 2026-08-24T15:03:51.6374551Z
  Time since last request: 0.0012232 seconds.
  importAddress: GUID: fb097631d4b066d4db2095adfc8c8d66 - Path: Assets/Scripts/Car/VehicleStabiliser.cs - Importer: ScriptedImporter/UnityEditor.QuickSearchModule:UnityEditor.Search:ASIAI0B
Importing 'GUID: fb097631d4b066d4db2095adfc8c8d66 - Path: Assets/Scripts/Car/VehicleStabiliser.cs - Importer: ScriptedImporter/UnityEditor.QuickSearchModule:UnityEditor.Search:ASIAI0B' with importer (ScriptedImporter : UnityEditor.QuickSearchModule:UnityEditor.Search:ASIAI0B)
Imported 'GUID: fb097631d4b066d4db2095adfc8c8d66' -> (Import Result ID: 'c27e044fd5cfca3ace745aa684f4f41e') in 0.008 seconds [static and dynamic dependencies]. Details - ImportResultOutputID=e0d8520014517ad507bdd90ff4d2f53f DependenciesID=efef219f3fa16ce33f06b31eeba7f18b StaticDependenciesID=457117af16ad01d5fc511aadf83e8f4f 
Number of updated asset objects reloaded before import = 0
Number of asset objects unloaded after import = 0
========================================================================
Received Import Request.
  Time of request: 2026-08-24T15:03:51.6682588Z
  Time since last request: 0.0010623 seconds.
  importAddress: GUID: a42e8ee4b263b0942891bcd19ebd4dc8 - Path: Assets/Bahrain International Circuit/Textures/Ads/Big Ads.png - Importer: ScriptedImporter/UnityEditor.QuickSearchModule:UnityEditor.Search:ASIAI0B
Importing 'GUID: a42e8ee4b263b0942891bcd19ebd4dc8 - Path: Assets/Bahrain International Circuit/Textures/Ads/Big Ads.png - Importer: ScriptedImporter/UnityEditor.QuickSearchModule:UnityEditor.Search:ASIAI0B' with importer (ScriptedImporter : UnityEditor.QuickSearchModule:UnityEditor.Search:ASIAI0B)
Imported 'GUID: a42e8ee4b263b0942891bcd19ebd4dc8' -> (Import Result ID: 'a0a20e4b17a12421c2fcd5a2560dcfb1') in 0.017 seconds [static and dynamic dependencies]. Details - ImportResultOutputID=c9fb2d2ebea74317cc0e74cd87760c67 DependenciesID=e63d4c589e34d49676fb8454db3293d7 StaticDependenciesID=5ff6130deeb6110d4f02df94cf3316b6 
Number of updated asset objects reloaded before import = 0
Number of asset objects unloaded after import = 1
========================================================================
Received Import Request.
  Time of request: 2026-08-24T15:03:51.7050739Z
  Time since last request: 0.0012522 seconds.
  importAddress: GUID: 47d4e9f8ff21d3543a49fd043e8d0d6c - Path: Assets/Scripts/InputManagers/CircuitSelectionInputManager.cs - Importer: ScriptedImporter/UnityEditor.QuickSearchModule:UnityEditor.Search:ASIAI0B
Importing 'GUID: 47d4e9f8ff21d3543a49fd043e8d0d6c - Path: Assets/Scripts/InputManagers/CircuitSelectionInputManager.cs - Importer: ScriptedImporter/UnityEditor.QuickSearchModule:UnityEditor.Search:ASIAI0B' with importer (ScriptedImporter : UnityEditor.QuickSearchModule:UnityEditor.Search:ASIAI0B)
Imported 'GUID: 47d4e9f8ff21d3543a49fd043e8d0d6c' -> (Import Result ID: '1890117a0223e360c885e2372a976fc5') in 0.008 seconds [static and dynamic dependencies]. Details - ImportResultOutputID=d221b01c40e9139f72fa3302228c35ad DependenciesID=4e23acaf68a7f35dffb9b6692ec1d0d8 StaticDependenciesID=093eb3addfffb5ca53dcd026595865df 
Number of updated asset objects reloaded before import = 0
Number of asset objects unloaded after import = 0
========================================================================
Received Import Request.
  Time of request: 2026-08-24T15:03:51.7323486Z
  Time since last request: 0.0013591 seconds.
  importAddress: GUID: 53447ef1553b42c44a550d0da26914b8 - Path: Assets/Plugins & Utilities/StreamingAssets/Music.bank - Importer: ScriptedImporter/UnityEditor.QuickSearchModule:UnityEditor.Search:ASIAI0B
Importing 'GUID: 53447ef1553b42c44a550d0da26914b8 - Path: Assets/Plugins & Utilities/StreamingAssets/Music.bank - Importer: ScriptedImporter/UnityEditor.QuickSearchModule:UnityEditor.Search:ASIAI0B' with importer (ScriptedImporter : UnityEditor.QuickSearchModule:UnityEditor.Search:ASIAI0B)
Imported 'GUID: 53447ef1553b42c44a550d0da26914b8' -> (Import Result ID: 'c8898fe471e8f59ca660a36fcf018d62') in 0.008 seconds [static and dynamic dependencies]. Details - ImportResultOutputID=ddbcf655f5043351910acaf2fa3b7baa DependenciesID=714309e1dcff87e9c8eb1fdfbb844230 StaticDependenciesID=da60e9b1d0c631437e7c383ec1bf6eba 
Number of updated asset objects reloaded before import = 0
Number of asset objects unloaded after import = 1
========================================================================
Received Import Request.
  Time of request: 2026-08-24T15:03:51.7596872Z
  Time since last request: 0.0010969 seconds.
  importAddress: GUID: 5eaf019b7dd9fa24a815e1074729ecb3 - Path: Assets/Bahrain International Circuit/Textures/Metal/Metal - Base (1).png - Importer: ScriptedImporter/UnityEditor.QuickSearchModule:UnityEditor.Search:ASIAI0B
Importing 'GUID: 5eaf019b7dd9fa24a815e1074729ecb3 - Path: Assets/Bahrain International Circuit/Textures/Metal/Metal - Base (1).png - Importer: ScriptedImporter/UnityEditor.QuickSearchModule:UnityEditor.Search:ASIAI0B' with importer (ScriptedImporter : UnityEditor.QuickSearchModule:UnityEditor.Search:ASIAI0B)
Imported 'GUID: 5eaf019b7dd9fa24a815e1074729ecb3' -> (Import Result ID: '0cb2e46285c641bb4240abef18492bce') in 0.020 seconds [static and dynamic dependencies]. Details - ImportResultOutputID=2c743b35ac02eb195e2bf0ead36d0ad9 DependenciesID=b9e3ba02b44f241b0613ddcd38b39988 StaticDependenciesID=af4489c03eec6d7f99e33c5f2ec56462 
Number of updated asset objects reloaded before import = 0
Number of asset objects unloaded after import = 1
========================================================================
Received Import Request.
  Time of request: 2026-08-24T15:03:51.8006502Z
  Time since last request: 0.0011117 seconds.
  importAddress: GUID: d549dfa3c8ef44148bd29c3fb5ef8b76 - Path: Assets/Scenes/BahrainCircuit/LightingData.asset - Importer: ScriptedImporter/UnityEditor.QuickSearchModule:UnityEditor.Search:ASIAI0B
Importing 'GUID: d549dfa3c8ef44148bd29c3fb5ef8b76 - Path: Assets/Scenes/BahrainCircuit/LightingData.asset - Importer: ScriptedImporter/UnityEditor.QuickSearchModule:UnityEditor.Search:ASIAI0B' with importer (ScriptedImporter : UnityEditor.QuickSearchModule:UnityEditor.Search:ASIAI0B)
Imported 'GUID: d549dfa3c8ef44148bd29c3fb5ef8b76' -> (Import Result ID: '8abc2af11cfeebff60144fe8b6a73e4c') in 0.010 seconds [static and dynamic dependencies]. Details - ImportResultOutputID=eb86e0e0d7f14fe7bfc21f812a379252 DependenciesID=00779ae8f2d52f4408c26e99c067397d StaticDependenciesID=68ee48730de90491aea8dbcb08e5838e 
Number of updated asset objects reloaded before import = 0
Number of asset objects unloaded after import = 2
========================================================================
Received Import Request.
  Time of request: 2026-08-24T15:03:51.8315158Z
  Time since last request: 0.0009982 seconds.
  importAddress: GUID: 717d4fdc54b80294891ee6d429dbb38e - Path: Assets/Scripts/Car/CameraController.cs - Importer: ScriptedImporter/UnityEditor.QuickSearchModule:UnityEditor.Search:ASIAI0B
Importing 'GUID: 717d4fdc54b80294891ee6d429dbb38e - Path: Assets/Scripts/Car/CameraController.cs - Importer: ScriptedImporter/UnityEditor.QuickSearchModule:UnityEditor.Search:ASIAI0B' with importer (ScriptedImporter : UnityEditor.QuickSearchModule:UnityEditor.Search:ASIAI0B)
Imported 'GUID: 717d4fdc54b80294891ee6d429dbb38e' -> (Import Result ID: 'd47b7997b3cd062348c17871020c1a17') in 0.009 seconds [static and dynamic dependencies]. Details - ImportResultOutputID=ad08e498431bb4f12f27f7fe17bb9708 DependenciesID=931c439ac666c553ea94e4a56ed69fa3 StaticDependenciesID=951da4165c0e748b8df160e937c94199 
Number of updated asset objects reloaded before import = 0
Number of asset objects unloaded after import = 0
========================================================================
Received Import Request.
  Time of request: 2026-08-24T15:03:51.8689617Z
  Time since last request: 0.0006465 seconds.
  importAddress: GUID: 5cbce0d58b9d6d147bde7b2601194b85 - Path: Assets/Skybox/Skybox Cubemap Extended/Skybox Cubemap Extended.pdf - Importer: ScriptedImporter/UnityEditor.QuickSearchModule:UnityEditor.Search:ASIAI0B
Importing 'GUID: 5cbce0d58b9d6d147bde7b2601194b85 - Path: Assets/Skybox/Skybox Cubemap Extended/Skybox Cubemap Extended.pdf - Importer: ScriptedImporter/UnityEditor.QuickSearchModule:UnityEditor.Search:ASIAI0B' with importer (ScriptedImporter : UnityEditor.QuickSearchModule:UnityEditor.Search:ASIAI0B)
Imported 'GUID: 5cbce0d58b9d6d147bde7b2601194b85' -> (Import Result ID: 'a363f885cd9a1db86c17d6d5ed9d7af9') in 0.007 seconds [static and dynamic dependencies]. Details - ImportResultOutputID=d730683495f40c4f8e546d6ebae0ff09 DependenciesID=9b86e6af82d674d160e12b515de28922 StaticDependenciesID=c19f6ee0af291955eaf12443bb42d288 
Number of updated asset objects reloaded before import = 0
Number of asset objects unloaded after import = 1
========================================================================
Received Import Request.
  Time of request: 2026-08-24T15:03:51.8962462Z
  Time since last request: 0.0006117 seconds.
  importAddress: GUID: c2c77fd244a0c934f8b259dd9eedc285 - Path: Assets/Scripts/UI/MainMenuUI.cs - Importer: ScriptedImporter/UnityEditor.QuickSearchModule:UnityEditor.Search:ASIAI0B
Importing 'GUID: c2c77fd244a0c934f8b259dd9eedc285 - Path: Assets/Scripts/UI/MainMenuUI.cs - Importer: ScriptedImporter/UnityEditor.QuickSearchModule:UnityEditor.Search:ASIAI0B' with importer (ScriptedImporter : UnityEditor.QuickSearchModule:UnityEditor.Search:ASIAI0B)
Imported 'GUID: c2c77fd244a0c934f8b259dd9eedc285' -> (Import Result ID: 'd29ae352fb1e3d3b3a25aca356a70234') in 0.006 seconds [static and dynamic dependencies]. Details - ImportResultOutputID=20a714b13300037876bfddd0028dbdb5 DependenciesID=82efc77a3c458ba86d25776dddcb4514 StaticDependenciesID=2a14bfca7f44f1e6e56e436c971ba233 
Number of updated asset objects reloaded before import = 0
Number of asset objects unloaded after import = 0
========================================================================
Received Import Request.
  Time of request: 2026-08-24T15:03:51.9201734Z
  Time since last request: 0.0006379 seconds.
  importAddress: GUID: fc7eb3c9194584004bdf04921e5cb057 - Path: Assets/Plugins & Utilities/FMOD/platform_ios.mm - Importer: ScriptedImporter/UnityEditor.QuickSearchModule:UnityEditor.Search:ASIAI0B
Importing 'GUID: fc7eb3c9194584004bdf04921e5cb057 - Path: Assets/Plugins & Utilities/FMOD/platform_ios.mm - Importer: ScriptedImporter/UnityEditor.QuickSearchModule:UnityEditor.Search:ASIAI0B' with importer (ScriptedImporter : UnityEditor.QuickSearchModule:UnityEditor.Search:ASIAI0B)
Imported 'GUID: fc7eb3c9194584004bdf04921e5cb057' -> (Import Result ID: 'cc7564f8121bf6af1e266f46989820ab') in 0.011 seconds [static and dynamic dependencies]. Details - ImportResultOutputID=5d021e243fa1b37b1adb98407b85faf3 DependenciesID=db011e9e45422f40bada8b60d53d5377 StaticDependenciesID=5d4f17d9c2c493bf2cac2be76a8761f2 
Number of updated asset objects reloaded before import = 0
Number of asset objects unloaded after import = 0
========================================================================
Received Import Request.
  Time of request: 2026-08-24T15:03:51.9492649Z
  Time since last request: 0.0009863 seconds.
  importAddress: GUID: 0a882174366d2744095b0960845c5638 - Path: Assets/Bahrain International Circuit/Textures/Solid Colors/Solid - 2.png - Importer: ScriptedImporter/UnityEditor.QuickSearchModule:UnityEditor.Search:ASIAI0B
Importing 'GUID: 0a882174366d2744095b0960845c5638 - Path: Assets/Bahrain International Circuit/Textures/Solid Colors/Solid - 2.png - Importer: ScriptedImporter/UnityEditor.QuickSearchModule:UnityEditor.Search:ASIAI0B' with importer (ScriptedImporter : UnityEditor.QuickSearchModule:UnityEditor.Search:ASIAI0B)
Imported 'GUID: 0a882174366d2744095b0960845c5638' -> (Import Result ID: '0624f835bd05af1192c5d8cf4de59010') in 0.016 seconds [static and dynamic dependencies]. Details - ImportResultOutputID=a2ff7f6992ed30e85e1954862df8c5b5 DependenciesID=ff093744e84104ca5aee72eeb9605bba StaticDependenciesID=6078fcc2f1ca78b14e35ad2f5dfc6b1b 
Number of updated asset objects reloaded before import = 0
Number of asset objects unloaded after import = 1
========================================================================
Received Import Request.
  Time of request: 2026-08-24T15:03:51.9833758Z
  Time since last request: 0.0005889 seconds.
  importAddress: GUID: def74900eb4b5c24481421ab9e94db30 - Path: Assets/Bahrain International Circuit/Textures/Metal/Metal - Metallic.png - Importer: ScriptedImporter/UnityEditor.QuickSearchModule:UnityEditor.Search:ASIAI0B
Importing 'GUID: def74900eb4b5c24481421ab9e94db30 - Path: Assets/Bahrain International Circuit/Textures/Metal/Metal - Metallic.png - Importer: ScriptedImporter/UnityEditor.QuickSearchModule:UnityEditor.Search:ASIAI0B' with importer (ScriptedImporter : UnityEditor.QuickSearchModule:UnityEditor.Search:ASIAI0B)
Imported 'GUID: def74900eb4b5c24481421ab9e94db30' -> (Import Result ID: 'f7890b8e11c6d49fc700d4d1cec3b21b') in 0.021 seconds [static and dynamic dependencies]. Details - ImportResultOutputID=fc6e2a9d582d99004c491866b45afe06 DependenciesID=0f6a5f7997d00303ca1d1ed4ec657758 StaticDependenciesID=9c57afcef812658dc3b51fd48d7fa0bf 
Number of updated asset objects reloaded before import = 0
Number of asset objects unloaded after import = 1
========================================================================
Received Import Request.
  Time of request: 2026-08-24T15:03:52.0228916Z
  Time since last request: 0.0005702 seconds.
  importAddress: GUID: 23d1b428ca7f3f842ade9440ef358973 - Path: Assets/Bahrain International Circuit/Textures/Solid Colors/Solid - 5.png - Importer: ScriptedImporter/UnityEditor.QuickSearchModule:UnityEditor.Search:ASIAI0B
Importing 'GUID: 23d1b428ca7f3f842ade9440ef358973 - Path: Assets/Bahrain International Circuit/Textures/Solid Colors/Solid - 5.png - Importer: ScriptedImporter/UnityEditor.QuickSearchModule:UnityEditor.Search:ASIAI0B' with importer (ScriptedImporter : UnityEditor.QuickSearchModule:UnityEditor.Search:ASIAI0B)
Imported 'GUID: 23d1b428ca7f3f842ade9440ef358973' -> (Import Result ID: '5142243522bf566b3fe78451929e5a63') in 0.028 seconds [static and dynamic dependencies]. Details - ImportResultOutputID=cc22b3b5c642bb9845916f4deb15621b DependenciesID=d6d26e4d0048cfc503f6d563a36be408 StaticDependenciesID=61f2a9e4bf55dd5b7a2ced96b5ececc1 
Number of updated asset objects reloaded before import = 0
Number of asset objects unloaded after import = 1
========================================================================
Received Import Request.
  Time of request: 2026-08-24T15:03:52.070426Z
  Time since last request: 0.000655 seconds.
  importAddress: GUID: 2c78ab350b051f44489817bf674296f6 - Path: Assets/Bahrain International Circuit/Textures/Solid Colors/Solid - 6.png - Importer: ScriptedImporter/UnityEditor.QuickSearchModule:UnityEditor.Search:ASIAI0B
Importing 'GUID: 2c78ab350b051f44489817bf674296f6 - Path: Assets/Bahrain International Circuit/Textures/Solid Colors/Solid - 6.png - Importer: ScriptedImporter/UnityEditor.QuickSearchModule:UnityEditor.Search:ASIAI0B' with importer (ScriptedImporter : UnityEditor.QuickSearchModule:UnityEditor.Search:ASIAI0B)
Imported 'GUID: 2c78ab350b051f44489817bf674296f6' -> (Import Result ID: '105ce883e1b9cf4e2157dc8348d49597') in 0.019 seconds [static and dynamic dependencies]. Details - ImportResultOutputID=e8f1e2acb118e88607aab93b71f4398c DependenciesID=348ab398294d041d3220c72acfd854b5 StaticDependenciesID=8b800aae52d03be95d6302afa95dc2b0 
Number of updated asset objects reloaded before import = 0
Number of asset objects unloaded after import = 1
========================================================================
Received Import Request.
  Time of request: 2026-08-24T15:03:52.1238716Z
  Time since last request: 0.0120398 seconds.
  importAddress: GUID: b92803770616fc747bc3c40ffaec0a42 - Path: Assets/Plugins & Utilities/FMOD/images/ContinuousParameterIcon.png - Importer: ScriptedImporter/UnityEditor.QuickSearchModule:UnityEditor.Search:ASIAI0B
Importing 'GUID: b92803770616fc747bc3c40ffaec0a42 - Path: Assets/Plugins & Utilities/FMOD/images/ContinuousParameterIcon.png - Importer: ScriptedImporter/UnityEditor.QuickSearchModule:UnityEditor.Search:ASIAI0B' with importer (ScriptedImporter : UnityEditor.QuickSearchModule:UnityEditor.Search:ASIAI0B)
Imported 'GUID: b92803770616fc747bc3c40ffaec0a42' -> (Import Result ID: 'eae3e241ea9f122e8a82209cca2b458e') in 0.040 seconds [static and dynamic dependencies]. Details - ImportResultOutputID=1776e782db61b348b1fa1c639f9caa83 DependenciesID=cb0c4e7ac44a0f7d58971bc034df0adf StaticDependenciesID=0f4e342aafbfc04978073040a3cc458d 
Number of updated asset objects reloaded before import = 0
Number of asset objects unloaded after import = 1
========================================================================
Received Import Request.
  Time of request: 2026-08-24T15:03:52.1890908Z
  Time since last request: 0.0032613 seconds.
  importAddress: GUID: 9577e50679f75f74faa8dbdc005ec783 - Path: Assets/Plugins & Utilities/DA-Shared/Assembly/SerializePropertyAttribute.cs - Importer: ScriptedImporter/UnityEditor.QuickSearchModule:UnityEditor.Search:ASIAI0B
Importing 'GUID: 9577e50679f75f74faa8dbdc005ec783 - Path: Assets/Plugins & Utilities/DA-Shared/Assembly/SerializePropertyAttribute.cs - Importer: ScriptedImporter/UnityEditor.QuickSearchModule:UnityEditor.Search:ASIAI0B' with importer (ScriptedImporter : UnityEditor.QuickSearchModule:UnityEditor.Search:ASIAI0B)
Imported 'GUID: 9577e50679f75f74faa8dbdc005ec783' -> (Import Result ID: 'a556de19bd7ed02c452ad3669cf01e57') in 0.015 seconds [static and dynamic dependencies]. Details - ImportResultOutputID=ba212975fb105c4d677fb39d6cd29fea DependenciesID=799581f9a840387f6c746a712cd934b7 StaticDependenciesID=c68086255bb53f5ee5bc21fb4aaebe25 
Number of updated asset objects reloaded before import = 0
Number of asset objects unloaded after import = 0
========================================================================
Received Import Request.
  Time of request: 2026-08-24T15:03:52.2493723Z
  Time since last request: 0.0002043 seconds.
  importAddress: GUID: a602f206f9cb31f439c79a2fe23687c5 - Path: Assets/Plugins & Utilities/FMOD/images/EventIcon.png - Importer: ScriptedImporter/UnityEditor.QuickSearchModule:UnityEditor.Search:ASIAI0B
Importing 'GUID: a602f206f9cb31f439c79a2fe23687c5 - Path: Assets/Plugins & Utilities/FMOD/images/EventIcon.png - Importer: ScriptedImporter/UnityEditor.QuickSearchModule:UnityEditor.Search:ASIAI0B' with importer (ScriptedImporter : UnityEditor.QuickSearchModule:UnityEditor.Search:ASIAI0B)
Imported 'GUID: a602f206f9cb31f439c79a2fe23687c5' -> (Import Result ID: '2e72a5709ffb1e4ba4431ad53828f43f') in 0.032 seconds [static and dynamic dependencies]. Details - ImportResultOutputID=9e917c97f519c35df539f8621b7086ad DependenciesID=a012d58fd6828094bfe62eaa70e54d96 StaticDependenciesID=54a9531fdc524fe4ddebea81e8044bf7 
Number of updated asset objects reloaded before import = 0
Number of asset objects unloaded after import = 1
========================================================================
Received Import Request.
  Time of request: 2026-08-24T15:03:52.3040768Z
  Time since last request: 0.001504 seconds.
  importAddress: GUID: fa625f2ddef7c534aaf5c96034057f50 - Path: Assets/Plugins & Utilities/DA-Shared/Assembly/URIHelpersRef.cs - Importer: ScriptedImporter/UnityEditor.QuickSearchModule:UnityEditor.Search:ASIAI0B
Importing 'GUID: fa625f2ddef7c534aaf5c96034057f50 - Path: Assets/Plugins & Utilities/DA-Shared/Assembly/URIHelpersRef.cs - Importer: ScriptedImporter/UnityEditor.QuickSearchModule:UnityEditor.Search:ASIAI0B' with importer (ScriptedImporter : UnityEditor.QuickSearchModule:UnityEditor.Search:ASIAI0B)
Imported 'GUID: fa625f2ddef7c534aaf5c96034057f50' -> (Import Result ID: '77c7967ea41264aec4924917c85e43e5') in 0.008 seconds [static and dynamic dependencies]. Details - ImportResultOutputID=19d0df0eddb9908d50ecee15860662ad DependenciesID=522a2a8e352e3a6cc47306ef5c057fbd StaticDependenciesID=18a66e374e523344bd6dee83f443202f 
Number of updated asset objects reloaded before import = 0
Number of asset objects unloaded after import = 0
========================================================================
Received Import Request.
  Time of request: 2026-08-24T15:03:52.3380018Z
  Time since last request: 0.0013037 seconds.
  importAddress: GUID: 70efeb6d97126f843b30b8ed62d18a4f - Path: Assets/Plugins & Utilities/FMOD/images/FolderIconClosed.png - Importer: ScriptedImporter/UnityEditor.QuickSearchModule:UnityEditor.Search:ASIAI0B
Importing 'GUID: 70efeb6d97126f843b30b8ed62d18a4f - Path: Assets/Plugins & Utilities/FMOD/images/FolderIconClosed.png - Importer: ScriptedImporter/UnityEditor.QuickSearchModule:UnityEditor.Search:ASIAI0B' with importer (ScriptedImporter : UnityEditor.QuickSearchModule:UnityEditor.Search:ASIAI0B)
Imported 'GUID: 70efeb6d97126f843b30b8ed62d18a4f' -> (Import Result ID: '3fcb3362c19e3c6cb8f076e8c030994b') in 0.032 seconds [static and dynamic dependencies]. Details - ImportResultOutputID=d517c4ef97caf7b5ba7664594c66aa83 DependenciesID=ecab9c2d8026a84a93cfde98ae15e90f StaticDependenciesID=77562eeb7c18cc8cd9325cc08da5b038 
Number of updated asset objects reloaded before import = 0
Number of asset objects unloaded after import = 1
========================================================================
Received Import Request.
  Time of request: 2026-08-24T15:03:52.3886517Z
  Time since last request: 0.0011394 seconds.
  importAddress: GUID: 5154cd3b0fd100b47a4c48cc9088fa07 - Path: Assets/Plugins & Utilities/DA-Shared/Assembly/IDAError.cs - Importer: ScriptedImporter/UnityEditor.QuickSearchModule:UnityEditor.Search:ASIAI0B
Importing 'GUID: 5154cd3b0fd100b47a4c48cc9088fa07 - Path: Assets/Plugins & Utilities/DA-Shared/Assembly/IDAError.cs - Importer: ScriptedImporter/UnityEditor.QuickSearchModule:UnityEditor.Search:ASIAI0B' with importer (ScriptedImporter : UnityEditor.QuickSearchModule:UnityEditor.Search:ASIAI0B)
Imported 'GUID: 5154cd3b0fd100b47a4c48cc9088fa07' -> (Import Result ID: '3c339223f0d1e7914016f667f440b6f3') in 0.008 seconds [static and dynamic dependencies]. Details - ImportResultOutputID=80a4d7ed7aba5eec58022b63d4aba240 DependenciesID=0774c94acfe7e58350bb89fa01aba178 StaticDependenciesID=e9db5c9501fa3d685f6ca6741b00892d 
Number of updated asset objects reloaded before import = 0
Number of asset objects unloaded after import = 0
========================================================================
Received Import Request.
  Time of request: 2026-08-24T15:03:52.416Z
  Time since last request: 0.000687 seconds.
  importAddress: GUID: 1e384017edfe3d14398c48665ddbbc58 - Path: Assets/Plugins & Utilities/DA-Shared/Editor/ContextMenuItems.cs - Importer: ScriptedImporter/UnityEditor.QuickSearchModule:UnityEditor.Search:ASIAI0B
Importing 'GUID: 1e384017edfe3d14398c48665ddbbc58 - Path: Assets/Plugins & Utilities/DA-Shared/Editor/ContextMenuItems.cs - Importer: ScriptedImporter/UnityEditor.QuickSearchModule:UnityEditor.Search:ASIAI0B' with importer (ScriptedImporter : UnityEditor.QuickSearchModule:UnityEditor.Search:ASIAI0B)
Imported 'GUID: 1e384017edfe3d14398c48665ddbbc58' -> (Import Result ID: '49acd2b8584c9ad35448a5b8ecca162e') in 0.009 seconds [static and dynamic dependencies]. Details - ImportResultOutputID=f5fe02de52e5342af398b198ec908917 DependenciesID=4f41edeee7f11961c36d4b514d164d56 StaticDependenciesID=fb44129c34e2d5ff89856fac0d1d2f71 
Number of updated asset objects reloaded before import = 0
Number of asset objects unloaded after import = 0
========================================================================
Received Import Request.
  Time of request: 2026-08-24T15:03:52.4444006Z
  Time since last request: 0.0007686 seconds.
  importAddress: GUID: 29258b1336a580946bc144df00b74ac1 - Path: Assets/Plugins & Utilities/FMOD/images/TransportPlayButtonOff.png - Importer: ScriptedImporter/UnityEditor.QuickSearchModule:UnityEditor.Search:ASIAI0B
Importing 'GUID: 29258b1336a580946bc144df00b74ac1 - Path: Assets/Plugins & Utilities/FMOD/images/TransportPlayButtonOff.png - Importer: ScriptedImporter/UnityEditor.QuickSearchModule:UnityEditor.Search:ASIAI0B' with importer (ScriptedImporter : UnityEditor.QuickSearchModule:UnityEditor.Search:ASIAI0B)
Imported 'GUID: 29258b1336a580946bc144df00b74ac1' -> (Import Result ID: 'e397bf9b7e0a7d50a404ef7cf51351db') in 0.034 seconds [static and dynamic dependencies]. Details - ImportResultOutputID=1de7305acff813a4711789e1f72f62a5 DependenciesID=ae3d32d8076da59be82b190d84edc7f8 StaticDependenciesID=71d61629a7648dd9d8169a3e3ad20cfc 
Number of updated asset objects reloaded before import = 0
Number of asset objects unloaded after import = 1
========================================================================
Received Import Request.
  Time of request: 2026-08-24T15:03:52.498883Z
  Time since last request: 0.000782 seconds.
  importAddress: GUID: 27533226416c4f549b9bec9c024100f7 - Path: Assets/Plugins & Utilities/FMOD/images/TickGreen.png - Importer: ScriptedImporter/UnityEditor.QuickSearchModule:UnityEditor.Search:ASIAI0B
Importing 'GUID: 27533226416c4f549b9bec9c024100f7 - Path: Assets/Plugins & Utilities/FMOD/images/TickGreen.png - Importer: ScriptedImporter/UnityEditor.QuickSearchModule:UnityEditor.Search:ASIAI0B' with importer (ScriptedImporter : UnityEditor.QuickSearchModule:UnityEditor.Search:ASIAI0B)
Imported 'GUID: 27533226416c4f549b9bec9c024100f7' -> (Import Result ID: '11262e20dbb5cf08cdd652da229c379d') in 0.027 seconds [static and dynamic dependencies]. Details - ImportResultOutputID=7447f6aa00d147f0f7b9115ecc164e41 DependenciesID=4d921a664f8172092c03cff4f29370e6 StaticDependenciesID=49fd3863c3070a6b7d4750c0671625ae 
Number of updated asset objects reloaded before import = 0
Number of asset objects unloaded after import = 1
========================================================================
Received Import Request.
  Time of request: 2026-08-24T15:03:52.5551151Z
  Time since last request: 0.0014674 seconds.
  importAddress: GUID: 9c13d4e62f5f7b44bb33162cbf29a9f8 - Path: Assets/Plugins & Utilities/FMOD/src/AutomatableSlots.cs - Importer: ScriptedImporter/UnityEditor.QuickSearchModule:UnityEditor.Search:ASIAI0B
Importing 'GUID: 9c13d4e62f5f7b44bb33162cbf29a9f8 - Path: Assets/Plugins & Utilities/FMOD/src/AutomatableSlots.cs - Importer: ScriptedImporter/UnityEditor.QuickSearchModule:UnityEditor.Search:ASIAI0B' with importer (ScriptedImporter : UnityEditor.QuickSearchModule:UnityEditor.Search:ASIAI0B)
Imported 'GUID: 9c13d4e62f5f7b44bb33162cbf29a9f8' -> (Import Result ID: '6d27221f0a795a16fa698d80d16cee7b') in 0.009 seconds [static and dynamic dependencies]. Details - ImportResultOutputID=a1955e69a65dff5bc5b61745fdcbf422 DependenciesID=d53b76315ce60f861d28136c740d7234 StaticDependenciesID=b215aeec0a76118d3ceb7eb39b29aa4c 
Number of updated asset objects reloaded before import = 0
Number of asset objects unloaded after import = 0
========================================================================
Received Import Request.
  Time of request: 2026-08-24T15:03:52.5854617Z
  Time since last request: 0.0012014 seconds.
  importAddress: GUID: a4a37961f301a504ab7f4e37d251e67e - Path: Assets/Plugins & Utilities/DA-Shared/Editor/SpriteRemoverWindow.cs - Importer: ScriptedImporter/UnityEditor.QuickSearchModule:UnityEditor.Search:ASIAI0B
Importing 'GUID: a4a37961f301a504ab7f4e37d251e67e - Path: Assets/Plugins & Utilities/DA-Shared/Editor/SpriteRemoverWindow.cs - Importer: ScriptedImporter/UnityEditor.QuickSearchModule:UnityEditor.Search:ASIAI0B' with importer (ScriptedImporter : UnityEditor.QuickSearchModule:UnityEditor.Search:ASIAI0B)
Imported 'GUID: a4a37961f301a504ab7f4e37d251e67e' -> (Import Result ID: '13bdf414492a8e6ba746027f1006672f') in 0.007 seconds [static and dynamic dependencies]. Details - ImportResultOutputID=222264d4805fe09396e475c8cd433c48 DependenciesID=c94ca03dbe204d72068b6a1b978bb4c9 StaticDependenciesID=24ebd9d4dec791e83527952a57e5c12e 
Number of updated asset objects reloaded before import = 0
Number of asset objects unloaded after import = 0
========================================================================
Received Import Request.
  Time of request: 2026-08-24T15:03:52.614394Z
  Time since last request: 0.0010476 seconds.
  importAddress: GUID: 21e7a3d41a926364a8b9a6704ebe80d8 - Path: Assets/Plugins & Utilities/FMOD/images/LevelMeter.png - Importer: ScriptedImporter/UnityEditor.QuickSearchModule:UnityEditor.Search:ASIAI0B
Importing 'GUID: 21e7a3d41a926364a8b9a6704ebe80d8 - Path: Assets/Plugins & Utilities/FMOD/images/LevelMeter.png - Importer: ScriptedImporter/UnityEditor.QuickSearchModule:UnityEditor.Search:ASIAI0B' with importer (ScriptedImporter : UnityEditor.QuickSearchModule:UnityEditor.Search:ASIAI0B)
Imported 'GUID: 21e7a3d41a926364a8b9a6704ebe80d8' -> (Import Result ID: '6e59896f271dac463d83d0385fbee0a0') in 0.032 seconds [static and dynamic dependencies]. Details - ImportResultOutputID=4b575ffe7fd5b18fe7fb7075086287e6 DependenciesID=8ba175160bb3e2d546abe23dde29fa33 StaticDependenciesID=8fb317f0c21aa7b5e1351b5a7bf678dc 
Number of updated asset objects reloaded before import = 0
Number of asset objects unloaded after import = 1
========================================================================
Received Import Request.
  Time of request: 2026-08-24T15:03:52.6670095Z
  Time since last request: 0.0006102 seconds.
  importAddress: GUID: cf2bba5fb8be7e64ca39979f18eb372a - Path: Assets/Plugins & Utilities/FMOD/images/SnapshotIcon.png - Importer: ScriptedImporter/UnityEditor.QuickSearchModule:UnityEditor.Search:ASIAI0B
Importing 'GUID: cf2bba5fb8be7e64ca39979f18eb372a - Path: Assets/Plugins & Utilities/FMOD/images/SnapshotIcon.png - Importer: ScriptedImporter/UnityEditor.QuickSearchModule:UnityEditor.Search:ASIAI0B' with importer (ScriptedImporter : UnityEditor.QuickSearchModule:UnityEditor.Search:ASIAI0B)
Imported 'GUID: cf2bba5fb8be7e64ca39979f18eb372a' -> (Import Result ID: 'e1eaa72dcf373c79d64efe51733b5a51') in 0.017 seconds [static and dynamic dependencies]. Details - ImportResultOutputID=c80f09a01068d681ecc6514969898517 DependenciesID=740e0b26412a6557b05091470e46cbc2 StaticDependenciesID=96e386ac7c966802f15c859960bf711d 
Number of updated asset objects reloaded before import = 0
Number of asset objects unloaded after import = 1
========================================================================
Received Import Request.
  Time of request: 2026-08-24T15:03:52.702372Z
  Time since last request: 0.0006605 seconds.
  importAddress: GUID: 22577abdbd1988045bb263865138ae15 - Path: Assets/Plugins & Utilities/FMOD/Resources/FMODStudioSettings.asset - Importer: ScriptedImporter/UnityEditor.QuickSearchModule:UnityEditor.Search:ASIAI0B
Importing 'GUID: 22577abdbd1988045bb263865138ae15 - Path: Assets/Plugins & Utilities/FMOD/Resources/FMODStudioSettings.asset - Importer: ScriptedImporter/UnityEditor.QuickSearchModule:UnityEditor.Search:ASIAI0B' with importer (ScriptedImporter : UnityEditor.QuickSearchModule:UnityEditor.Search:ASIAI0B)
Imported 'GUID: 22577abdbd1988045bb263865138ae15' -> (Import Result ID: '71fcef6a989930029696e24e526d9dd7') in 0.009 seconds [static and dynamic dependencies]. Details - ImportResultOutputID=3fa5eeaae8936d4edd20acc0fb716784 DependenciesID=a3609953a4f0415f54fd042f9c0664dd StaticDependenciesID=2df27616be8db300434c8bbe2e5c26b8 
Number of updated asset objects reloaded before import = 0
Number of asset objects unloaded after import = 1
========================================================================
Received Import Request.
  Time of request: 2026-08-24T15:03:52.7307268Z
  Time since last request: 0.0012602 seconds.
  importAddress: GUID: c48acc25efb6e1b48a99548fe4264b03 - Path: Assets/Plugins & Utilities/DA-Shared/Assembly/Levenshtein.cs - Importer: ScriptedImporter/UnityEditor.QuickSearchModule:UnityEditor.Search:ASIAI0B
Importing 'GUID: c48acc25efb6e1b48a99548fe4264b03 - Path: Assets/Plugins & Utilities/DA-Shared/Assembly/Levenshtein.cs - Importer: ScriptedImporter/UnityEditor.QuickSearchModule:UnityEditor.Search:ASIAI0B' with importer (ScriptedImporter : UnityEditor.QuickSearchModule:UnityEditor.Search:ASIAI0B)
Imported 'GUID: c48acc25efb6e1b48a99548fe4264b03' -> (Import Result ID: '2699b08beba82ebf1738ed6aae5a9b6e') in 0.007 seconds [static and dynamic dependencies]. Details - ImportResultOutputID=46e02af0ab1a58e5c62a87aac58b0bd9 DependenciesID=99564f48baef15355bf9c6d5e140293c StaticDependenciesID=15ea8355f18d1f208866e980f90d8f77 
Number of updated asset objects reloaded before import = 0
Number of asset objects unloaded after import = 0
========================================================================
Received Import Request.
  Time of request: 2026-08-24T15:03:52.7560721Z
  Time since last request: 0.0014333 seconds.
  importAddress: GUID: 2d777c9a14189d241aea1afeeeff448c - Path: Assets/Plugins & Utilities/FMOD/images/TransportPlayButtonOn.png - Importer: ScriptedImporter/UnityEditor.QuickSearchModule:UnityEditor.Search:ASIAI0B
Importing 'GUID: 2d777c9a14189d241aea1afeeeff448c - Path: Assets/Plugins & Utilities/FMOD/images/TransportPlayButtonOn.png - Importer: ScriptedImporter/UnityEditor.QuickSearchModule:UnityEditor.Search:ASIAI0B' with importer (ScriptedImporter : UnityEditor.QuickSearchModule:UnityEditor.Search:ASIAI0B)
Imported 'GUID: 2d777c9a14189d241aea1afeeeff448c' -> (Import Result ID: '3ae9321a36b0be0aa8b62d48dac023ee') in 0.030 seconds [static and dynamic dependencies]. Details - ImportResultOutputID=c92ba2d78fbc3ef38169e5cf823735fa DependenciesID=a0a1d58805f7589e2c42c5e4491d4e9c StaticDependenciesID=61161281bb0bb1a5124ec89ac63c7445 
Number of updated asset objects reloaded before import = 0
Number of asset objects unloaded after import = 1
========================================================================
Received Import Request.
  Time of request: 2026-08-24T15:03:52.8032103Z
  Time since last request: 0.0011553 seconds.
  importAddress: GUID: ac4cc17eacd20a940b66d83b9a7c87e0 - Path: Assets/Plugins & Utilities/DA-Shared/Assembly/CssParser.cs - Importer: ScriptedImporter/UnityEditor.QuickSearchModule:UnityEditor.Search:ASIAI0B
Importing 'GUID: ac4cc17eacd20a940b66d83b9a7c87e0 - Path: Assets/Plugins & Utilities/DA-Shared/Assembly/CssParser.cs - Importer: ScriptedImporter/UnityEditor.QuickSearchModule:UnityEditor.Search:ASIAI0B' with importer (ScriptedImporter : UnityEditor.QuickSearchModule:UnityEditor.Search:ASIAI0B)
Imported 'GUID: ac4cc17eacd20a940b66d83b9a7c87e0' -> (Import Result ID: '9d4df5818b906d506ff53400a5e54664') in 0.009 seconds [static and dynamic dependencies]. Details - ImportResultOutputID=9a7d109299b4e6a0c444810c13271836 DependenciesID=ace42bca027f518d2075c8129d1720f7 StaticDependenciesID=7ac40647db86bc835c93c8403f41f433 
Number of updated asset objects reloaded before import = 0
Number of asset objects unloaded after import = 0
========================================================================
Received Import Request.
  Time of request: 2026-08-24T15:03:52.8301359Z
  Time since last request: 0.0012868 seconds.
  importAddress: GUID: 4839a49a0907ef644974b18b47da2fdb - Path: Assets/Plugins & Utilities/DA-Shared/Assembly/SingletoneScriptableObject.cs - Importer: ScriptedImporter/UnityEditor.QuickSearchModule:UnityEditor.Search:ASIAI0B
Importing 'GUID: 4839a49a0907ef644974b18b47da2fdb - Path: Assets/Plugins & Utilities/DA-Shared/Assembly/SingletoneScriptableObject.cs - Importer: ScriptedImporter/UnityEditor.QuickSearchModule:UnityEditor.Search:ASIAI0B' with importer (ScriptedImporter : UnityEditor.QuickSearchModule:UnityEditor.Search:ASIAI0B)
Imported 'GUID: 4839a49a0907ef644974b18b47da2fdb' -> (Import Result ID: '3dcf02ba9dd6ea282319bfabc02a57a4') in 0.007 seconds [static and dynamic dependencies]. Details - ImportResultOutputID=2202de17123010d0bdb83ee8ce222de6 DependenciesID=c284821339662ab5b8598dcf2ed51539 StaticDependenciesID=784587b863cea11f66e5414672ccd49b 
Number of updated asset objects reloaded before import = 0
Number of asset objects unloaded after import = 0
========================================================================
Received Import Request.
  Time of request: 2026-08-24T15:03:52.8558577Z
  Time since last request: 0.0012963 seconds.
  importAddress: GUID: a8ab5f38e7776644297d8b3687c39b49 - Path: Assets/Plugins & Utilities/FMOD/src/BankRefAttribute.cs - Importer: ScriptedImporter/UnityEditor.QuickSearchModule:UnityEditor.Search:ASIAI0B
Importing 'GUID: a8ab5f38e7776644297d8b3687c39b49 - Path: Assets/Plugins & Utilities/FMOD/src/BankRefAttribute.cs - Importer: ScriptedImporter/UnityEditor.QuickSearchModule:UnityEditor.Search:ASIAI0B' with importer (ScriptedImporter : UnityEditor.QuickSearchModule:UnityEditor.Search:ASIAI0B)
Imported 'GUID: a8ab5f38e7776644297d8b3687c39b49' -> (Import Result ID: '6c77e56ef0866ad5bdd8b5c843bd1c06') in 0.008 seconds [static and dynamic dependencies]. Details - ImportResultOutputID=339c98f497cca2924ef236bda6173cfa DependenciesID=2e3bb3d6439cbfb005b12de35e127924 StaticDependenciesID=3d6aea710ccf8370262d3745dfe8a923 
Number of updated asset objects reloaded before import = 0
Number of asset objects unloaded after import = 0
========================================================================
Received Import Request.
  Time of request: 2026-08-24T15:03:52.8834467Z
  Time since last request: 0.000937 seconds.
  importAddress: GUID: 9398411f63f562d4dbfe7a4f5d0e02ed - Path: Assets/Plugins & Utilities/DA-Shared/Assembly/PauseTokenSource.cs - Importer: ScriptedImporter/UnityEditor.QuickSearchModule:UnityEditor.Search:ASIAI0B
Importing 'GUID: 9398411f63f562d4dbfe7a4f5d0e02ed - Path: Assets/Plugins & Utilities/DA-Shared/Assembly/PauseTokenSource.cs - Importer: ScriptedImporter/UnityEditor.QuickSearchModule:UnityEditor.Search:ASIAI0B' with importer (ScriptedImporter : UnityEditor.QuickSearchModule:UnityEditor.Search:ASIAI0B)
Imported 'GUID: 9398411f63f562d4dbfe7a4f5d0e02ed' -> (Import Result ID: '25305fbbfba41276bbe3b157b274f929') in 0.008 seconds [static and dynamic dependencies]. Details - ImportResultOutputID=a25d2d2251bd12d69c532b48895553a8 DependenciesID=9c61cd123c7a60330ba097e01a05e7d6 StaticDependenciesID=5816bf4647d702ef4f790acaed7073a6 
Number of updated asset objects reloaded before import = 0
Number of asset objects unloaded after import = 0
========================================================================
Received Import Request.
  Time of request: 2026-08-24T15:03:52.9118446Z
  Time since last request: 0.0011597 seconds.
  importAddress: GUID: 196080340db65c44883dd3f599556fb9 - Path: Assets/Plugins & Utilities/FMOD/images/Delete.png - Importer: ScriptedImporter/UnityEditor.QuickSearchModule:UnityEditor.Search:ASIAI0B
Importing 'GUID: 196080340db65c44883dd3f599556fb9 - Path: Assets/Plugins & Utilities/FMOD/images/Delete.png - Importer: ScriptedImporter/UnityEditor.QuickSearchModule:UnityEditor.Search:ASIAI0B' with importer (ScriptedImporter : UnityEditor.QuickSearchModule:UnityEditor.Search:ASIAI0B)
Imported 'GUID: 196080340db65c44883dd3f599556fb9' -> (Import Result ID: '9edd1911a9070fa0710244c7fba96f08') in 0.029 seconds [static and dynamic dependencies]. Details - ImportResultOutputID=d994e0dcc39100a3b740bd5850ba3337 DependenciesID=6cb4cab026a08f117c27cd63b95abe57 StaticDependenciesID=fa24b12dc800144d990c3162eb076777 
Number of updated asset objects reloaded before import = 0
Number of asset objects unloaded after import = 1
========================================================================
Received Import Request.
  Time of request: 2026-08-24T15:03:52.9612903Z
  Time since last request: 0.0010644 seconds.
  importAddress: GUID: eab53cb0959d1244aadeacf8b76c755c - Path: Assets/Plugins & Utilities/FMOD/images/TransportStopButtonOn.png - Importer: ScriptedImporter/UnityEditor.QuickSearchModule:UnityEditor.Search:ASIAI0B
Importing 'GUID: eab53cb0959d1244aadeacf8b76c755c - Path: Assets/Plugins & Utilities/FMOD/images/TransportStopButtonOn.png - Importer: ScriptedImporter/UnityEditor.QuickSearchModule:UnityEditor.Search:ASIAI0B' with importer (ScriptedImporter : UnityEditor.QuickSearchModule:UnityEditor.Search:ASIAI0B)
Imported 'GUID: eab53cb0959d1244aadeacf8b76c755c' -> (Import Result ID: '9da18b927b6e64fa47a199e43322f324') in 0.029 seconds [static and dynamic dependencies]. Details - ImportResultOutputID=e82efe74b2ad6ca75623d9a7a589cfcc DependenciesID=3c4abe491238bf92ce0430040d046d0d StaticDependenciesID=9750821b372b73da7e6835f0e1280d44 
Number of updated asset objects reloaded before import = 0
Number of asset objects unloaded after import = 1
========================================================================
Received Import Request.
  Time of request: 2026-08-24T15:03:53.0122818Z
  Time since last request: 0.0006042 seconds.
  importAddress: GUID: 8ce9b717b1bc7564cbe35664f2f178a7 - Path: Assets/Plugins & Utilities/FMOD/images/SelectedAlt.png - Importer: ScriptedImporter/UnityEditor.QuickSearchModule:UnityEditor.Search:ASIAI0B
Importing 'GUID: 8ce9b717b1bc7564cbe35664f2f178a7 - Path: Assets/Plugins & Utilities/FMOD/images/SelectedAlt.png - Importer: ScriptedImporter/UnityEditor.QuickSearchModule:UnityEditor.Search:ASIAI0B' with importer (ScriptedImporter : UnityEditor.QuickSearchModule:UnityEditor.Search:ASIAI0B)
Imported 'GUID: 8ce9b717b1bc7564cbe35664f2f178a7' -> (Import Result ID: 'e3e3cf00b3a4fa657dbbeb9138b9b415') in 0.028 seconds [static and dynamic dependencies]. Details - ImportResultOutputID=eb01adc8a93f297f75694e71dee09b73 DependenciesID=ffdf172d2f1032c2b24d535615b6aa0e StaticDependenciesID=b2b2147edfdee1ac822d38807967d866 
Number of updated asset objects reloaded before import = 0
Number of asset objects unloaded after import = 1
========================================================================
Received Import Request.
  Time of request: 2026-08-24T15:03:53.0597735Z
  Time since last request: 0.0006431 seconds.
  importAddress: GUID: 0793eda432fc5df4ab1291e6baacd771 - Path: Assets/Plugins & Utilities/FMOD/images/Preview.png - Importer: ScriptedImporter/UnityEditor.QuickSearchModule:UnityEditor.Search:ASIAI0B
Importing 'GUID: 0793eda432fc5df4ab1291e6baacd771 - Path: Assets/Plugins & Utilities/FMOD/images/Preview.png - Importer: ScriptedImporter/UnityEditor.QuickSearchModule:UnityEditor.Search:ASIAI0B' with importer (ScriptedImporter : UnityEditor.QuickSearchModule:UnityEditor.Search:ASIAI0B)
Imported 'GUID: 0793eda432fc5df4ab1291e6baacd771' -> (Import Result ID: '598ab5f2f2b957122c181c5f707528ea') in 0.028 seconds [static and dynamic dependencies]. Details - ImportResultOutputID=0406372a5b44125b96aaaeb4ddd3dead DependenciesID=86dbeb804bd90de831e3a9e9249cde94 StaticDependenciesID=2db3c15102d0b4ddfcf53a41cfe382ae 
Number of updated asset objects reloaded before import = 0
Number of asset objects unloaded after import = 1
========================================================================
Received Import Request.
  Time of request: 2026-08-24T15:03:53.1103139Z
  Time since last request: 0.0016028 seconds.
  importAddress: GUID: 36e46b3c334e47e41a0b4ff2f26905ea - Path: Assets/Plugins & Utilities/FMOD/images/FMODLogoBlack.png - Importer: ScriptedImporter/UnityEditor.QuickSearchModule:UnityEditor.Search:ASIAI0B
Importing 'GUID: 36e46b3c334e47e41a0b4ff2f26905ea - Path: Assets/Plugins & Utilities/FMOD/images/FMODLogoBlack.png - Importer: ScriptedImporter/UnityEditor.QuickSearchModule:UnityEditor.Search:ASIAI0B' with importer (ScriptedImporter : UnityEditor.QuickSearchModule:UnityEditor.Search:ASIAI0B)
Imported 'GUID: 36e46b3c334e47e41a0b4ff2f26905ea' -> (Import Result ID: 'f4f636bc30253033717a14347efd7ed4') in 0.033 seconds [static and dynamic dependencies]. Details - ImportResultOutputID=0a9c6dd233f63e36cc1a13c440a93011 DependenciesID=a7f08aba115c9afc1f23d8729c88d6c8 StaticDependenciesID=2e09e115d00e5d2ffa2fc684a49569e3 
Number of updated asset objects reloaded before import = 0
Number of asset objects unloaded after import = 1
========================================================================
Received Import Request.
  Time of request: 2026-08-24T15:03:53.1635481Z
  Time since last request: 0.0011242 seconds.
  importAddress: GUID: 348d2265b48c67342a4db2a7062813fa - Path: Assets/Plugins & Utilities/FMOD/images/CrossYellow.png - Importer: ScriptedImporter/UnityEditor.QuickSearchModule:UnityEditor.Search:ASIAI0B
Importing 'GUID: 348d2265b48c67342a4db2a7062813fa - Path: Assets/Plugins & Utilities/FMOD/images/CrossYellow.png - Importer: ScriptedImporter/UnityEditor.QuickSearchModule:UnityEditor.Search:ASIAI0B' with importer (ScriptedImporter : UnityEditor.QuickSearchModule:UnityEditor.Search:ASIAI0B)
Imported 'GUID: 348d2265b48c67342a4db2a7062813fa' -> (Import Result ID: '4e0e62ec4cf2241a9f4a6390b1a6af1b') in 0.042 seconds [static and dynamic dependencies]. Details - ImportResultOutputID=9434289165b4b56e3961cc89375fdcab DependenciesID=df6d487297be0ae6e19dc286e5232376 StaticDependenciesID=6406883a448a2709ee1fa913c95ca233 
Number of updated asset objects reloaded before import = 0
Number of asset objects unloaded after import = 1
========================================================================
Received Import Request.
  Time of request: 2026-08-24T15:03:53.2258037Z
  Time since last request: 0.0013765 seconds.
  importAddress: GUID: 26e58ddaec469d748a90f80015f3d095 - Path: Assets/Plugins & Utilities/DA-Shared/Assembly/MonoBehaviourBinder.cs - Importer: ScriptedImporter/UnityEditor.QuickSearchModule:UnityEditor.Search:ASIAI0B
Importing 'GUID: 26e58ddaec469d748a90f80015f3d095 - Path: Assets/Plugins & Utilities/DA-Shared/Assembly/MonoBehaviourBinder.cs - Importer: ScriptedImporter/UnityEditor.QuickSearchModule:UnityEditor.Search:ASIAI0B' with importer (ScriptedImporter : UnityEditor.QuickSearchModule:UnityEditor.Search:ASIAI0B)
Imported 'GUID: 26e58ddaec469d748a90f80015f3d095' -> (Import Result ID: '5c43c53a6975be7c9030502ccc8d4e36') in 0.010 seconds [static and dynamic dependencies]. Details - ImportResultOutputID=4b7d0f1ae8d6dc6d796970734d92041d DependenciesID=951706c972a5b070ff3b9af3ae9a216e StaticDependenciesID=8ce3945542b77d6101471251e3758d9b 
Number of updated asset objects reloaded before import = 0
Number of asset objects unloaded after import = 0
========================================================================
Received Import Request.
  Time of request: 2026-08-24T15:03:53.2585495Z
  Time since last request: 0.0007759 seconds.
  importAddress: GUID: 48dc5470d93f669419f294fcd33f7b7c - Path: Assets/Plugins & Utilities/FMOD/images/LevelMeterOff.png - Importer: ScriptedImporter/UnityEditor.QuickSearchModule:UnityEditor.Search:ASIAI0B
Importing 'GUID: 48dc5470d93f669419f294fcd33f7b7c - Path: Assets/Plugins & Utilities/FMOD/images/LevelMeterOff.png - Importer: ScriptedImporter/UnityEditor.QuickSearchModule:UnityEditor.Search:ASIAI0B' with importer (ScriptedImporter : UnityEditor.QuickSearchModule:UnityEditor.Search:ASIAI0B)
Imported 'GUID: 48dc5470d93f669419f294fcd33f7b7c' -> (Import Result ID: 'd20eb195b34502c78a65ca8b906d8990') in 0.028 seconds [static and dynamic dependencies]. Details - ImportResultOutputID=d24235550790a462051084e7e0888a89 DependenciesID=32b7dfdef40ad2a52a5b1a6f334a79c8 StaticDependenciesID=76b0c4cf8a4223a558c24991e238e8d3 
Number of updated asset objects reloaded before import = 0
Number of asset objects unloaded after import = 1
========================================================================
Received Import Request.
  Time of request: 2026-08-24T15:03:53.3080265Z
  Time since last request: 0.0013418 seconds.
  importAddress: GUID: 99471facfde9fb84dbe4a81ad570ebce - Path: Assets/Plugins & Utilities/FMOD/images/SearchIconBlack.png - Importer: ScriptedImporter/UnityEditor.QuickSearchModule:UnityEditor.Search:ASIAI0B
Importing 'GUID: 99471facfde9fb84dbe4a81ad570ebce - Path: Assets/Plugins & Utilities/FMOD/images/SearchIconBlack.png - Importer: ScriptedImporter/UnityEditor.QuickSearchModule:UnityEditor.Search:ASIAI0B' with importer (ScriptedImporter : UnityEditor.QuickSearchModule:UnityEditor.Search:ASIAI0B)
Imported 'GUID: 99471facfde9fb84dbe4a81ad570ebce' -> (Import Result ID: 'e7f478bcf965fe3d0aaf5e5ad169f480') in 0.029 seconds [static and dynamic dependencies]. Details - ImportResultOutputID=0de6bff5adfe911d0e8b0544164e0389 DependenciesID=ac5ec3d0fd0a0efa5d5abb113db77bb9 StaticDependenciesID=00a0642e7b469f35be3ce6494db24e04 
Number of updated asset objects reloaded before import = 0
Number of asset objects unloaded after import = 1
========================================================================
Received Import Request.
  Time of request: 2026-08-24T15:03:53.3576161Z
  Time since last request: 0.0011459 seconds.
  importAddress: GUID: 509563e7079a6ed4cbf3b3240327e702 - Path: Assets/Plugins & Utilities/FMOD/images/DiscreteParameterIcon.png - Importer: ScriptedImporter/UnityEditor.QuickSearchModule:UnityEditor.Search:ASIAI0B
Importing 'GUID: 509563e7079a6ed4cbf3b3240327e702 - Path: Assets/Plugins & Utilities/FMOD/images/DiscreteParameterIcon.png - Importer: ScriptedImporter/UnityEditor.QuickSearchModule:UnityEditor.Search:ASIAI0B' with importer (ScriptedImporter : UnityEditor.QuickSearchModule:UnityEditor.Search:ASIAI0B)
Imported 'GUID: 509563e7079a6ed4cbf3b3240327e702' -> (Import Result ID: '4f245fbbe5856e85e07584787450b73e') in 0.033 seconds [static and dynamic dependencies]. Details - ImportResultOutputID=b0f473aab723c7836ea4b71e9a292ac4 DependenciesID=0721d4b1f63a5f793cff754efeb18242 StaticDependenciesID=72848a924030c035ee82214869cac2f2 
Number of updated asset objects reloaded before import = 0
Number of asset objects unloaded after import = 1
========================================================================
Received Import Request.
  Time of request: 2026-08-24T15:03:53.4122908Z
  Time since last request: 0.0012311 seconds.
  importAddress: GUID: 9f42c55b761c00446a0041d34fdb8dbe - Path: Assets/Plugins & Utilities/DA-Shared/Assembly/DaLogger.cs - Importer: ScriptedImporter/UnityEditor.QuickSearchModule:UnityEditor.Search:ASIAI0B
Importing 'GUID: 9f42c55b761c00446a0041d34fdb8dbe - Path: Assets/Plugins & Utilities/DA-Shared/Assembly/DaLogger.cs - Importer: ScriptedImporter/UnityEditor.QuickSearchModule:UnityEditor.Search:ASIAI0B' with importer (ScriptedImporter : UnityEditor.QuickSearchModule:UnityEditor.Search:ASIAI0B)
Imported 'GUID: 9f42c55b761c00446a0041d34fdb8dbe' -> (Import Result ID: 'a33c16a1973fb3894b1e01aadd00662d') in 0.007 seconds [static and dynamic dependencies]. Details - ImportResultOutputID=1f2ecebcfa72d8fd59f63733317db40d DependenciesID=9c030cf77088e1fa08d02bc3c58c19b3 StaticDependenciesID=57e22f33e9baf2cd00487bee884dddfd 
Number of updated asset objects reloaded before import = 0
Number of asset objects unloaded after import = 0
========================================================================
Received Import Request.
  Time of request: 2026-08-24T15:03:53.4398409Z
  Time since last request: 0.0007615 seconds.
  importAddress: GUID: 01c0101f357b9da4ba78b8f58c290f86 - Path: Assets/Plugins & Utilities/FMOD/images/ArrowIcon.png - Importer: ScriptedImporter/UnityEditor.QuickSearchModule:UnityEditor.Search:ASIAI0B
Importing 'GUID: 01c0101f357b9da4ba78b8f58c290f86 - Path: Assets/Plugins & Utilities/FMOD/images/ArrowIcon.png - Importer: ScriptedImporter/UnityEditor.QuickSearchModule:UnityEditor.Search:ASIAI0B' with importer (ScriptedImporter : UnityEditor.QuickSearchModule:UnityEditor.Search:ASIAI0B)
Imported 'GUID: 01c0101f357b9da4ba78b8f58c290f86' -> (Import Result ID: '41cf3365a7e81a8f0a6bb2716c5e9710') in 0.032 seconds [static and dynamic dependencies]. Details - ImportResultOutputID=9eebceca3e299e1241590b4c0d375d1c DependenciesID=50c97558dab795a55c57ab19187bb468 StaticDependenciesID=7ad4b3af29220558b0fc4eb9aefcdef7 
Number of updated asset objects reloaded before import = 0
Number of asset objects unloaded after import = 1
========================================================================
Received Import Request.
  Time of request: 2026-08-24T15:03:53.492722Z
  Time since last request: 0.0010454 seconds.
  importAddress: GUID: 1b29a1189268c3b47aa2ec4b96a9e7ef - Path: Assets/Plugins & Utilities/FMOD/src/EventRefAttribute.cs - Importer: ScriptedImporter/UnityEditor.QuickSearchModule:UnityEditor.Search:ASIAI0B
Importing 'GUID: 1b29a1189268c3b47aa2ec4b96a9e7ef - Path: Assets/Plugins & Utilities/FMOD/src/EventRefAttribute.cs - Importer: ScriptedImporter/UnityEditor.QuickSearchModule:UnityEditor.Search:ASIAI0B' with importer (ScriptedImporter : UnityEditor.QuickSearchModule:UnityEditor.Search:ASIAI0B)
Imported 'GUID: 1b29a1189268c3b47aa2ec4b96a9e7ef' -> (Import Result ID: '3cf199304431c73b3b02c1fe7b2b220e') in 0.007 seconds [static and dynamic dependencies]. Details - ImportResultOutputID=ed2c736a5fd78ba8a8f50611f21d91bb DependenciesID=d515f25cd5332a218bfc5844649dc9a6 StaticDependenciesID=7ab92429312093d79e06fb33db11aad6 
Number of updated asset objects reloaded before import = 0
Number of asset objects unloaded after import = 0
========================================================================
Received Import Request.
  Time of request: 2026-08-24T15:03:53.5195383Z
  Time since last request: 0.0007623 seconds.
  importAddress: GUID: 9519043db3741934fa01455c47683e8c - Path: Assets/Plugins & Utilities/FMOD/images/PreviewEmitter.png - Importer: ScriptedImporter/UnityEditor.QuickSearchModule:UnityEditor.Search:ASIAI0B
Importing 'GUID: 9519043db3741934fa01455c47683e8c - Path: Assets/Plugins & Utilities/FMOD/images/PreviewEmitter.png - Importer: ScriptedImporter/UnityEditor.QuickSearchModule:UnityEditor.Search:ASIAI0B' with importer (ScriptedImporter : UnityEditor.QuickSearchModule:UnityEditor.Search:ASIAI0B)
Imported 'GUID: 9519043db3741934fa01455c47683e8c' -> (Import Result ID: '586fb792f0200ce27ec02a4841fdeed9') in 0.032 seconds [static and dynamic dependencies]. Details - ImportResultOutputID=03076bdb14f2a433dbd529129298a0d2 DependenciesID=81e6ede786c8c31402e279d379548c0c StaticDependenciesID=31d42922e1569adce7c4040e69730880 
Number of updated asset objects reloaded before import = 0
Number of asset objects unloaded after import = 1
========================================================================
Received Import Request.
  Time of request: 2026-08-24T15:03:53.5702152Z
  Time since last request: 0.0011156 seconds.
  importAddress: GUID: 06a73c612ca81644c9da29771f70be48 - Path: Assets/Plugins & Utilities/DA-Shared/DAJson/DAFormatter.cs - Importer: ScriptedImporter/UnityEditor.QuickSearchModule:UnityEditor.Search:ASIAI0B
Importing 'GUID: 06a73c612ca81644c9da29771f70be48 - Path: Assets/Plugins & Utilities/DA-Shared/DAJson/DAFormatter.cs - Importer: ScriptedImporter/UnityEditor.QuickSearchModule:UnityEditor.Search:ASIAI0B' with importer (ScriptedImporter : UnityEditor.QuickSearchModule:UnityEditor.Search:ASIAI0B)
Imported 'GUID: 06a73c612ca81644c9da29771f70be48' -> (Import Result ID: 'e47a6a82c5146c1304105aa79ffd2f0e') in 0.007 seconds [static and dynamic dependencies]. Details - ImportResultOutputID=54d82a1d3305fda35373d0204839ee75 DependenciesID=7534a365d615bbbafa2f204e8b60652f StaticDependenciesID=3b242b502f3a4df8de7a24fa0bdc6c5a 
Number of updated asset objects reloaded before import = 0
Number of asset objects unloaded after import = 0
========================================================================
Received Import Request.
  Time of request: 2026-08-24T15:03:53.5954084Z
  Time since last request: 0.0006373 seconds.
  importAddress: GUID: b4d696e5c0be6f44bb2f02aa41320656 - Path: Assets/Plugins & Utilities/FMOD/images/LabeledParameterIcon.png - Importer: ScriptedImporter/UnityEditor.QuickSearchModule:UnityEditor.Search:ASIAI0B
Importing 'GUID: b4d696e5c0be6f44bb2f02aa41320656 - Path: Assets/Plugins & Utilities/FMOD/images/LabeledParameterIcon.png - Importer: ScriptedImporter/UnityEditor.QuickSearchModule:UnityEditor.Search:ASIAI0B' with importer (ScriptedImporter : UnityEditor.QuickSearchModule:UnityEditor.Search:ASIAI0B)
Imported 'GUID: b4d696e5c0be6f44bb2f02aa41320656' -> (Import Result ID: 'e3d22d7d0a49d02e0e619142b756e708') in 0.025 seconds [static and dynamic dependencies]. Details - ImportResultOutputID=38b83183491b454fa6d03d011cbe149d DependenciesID=31ca67916ba69bc3029b257ae6d72a9b StaticDependenciesID=73cab5365b404ce00c757f63e2b46c8d 
Number of updated asset objects reloaded before import = 0
Number of asset objects unloaded after import = 1
========================================================================
Received Import Request.
  Time of request: 2026-08-24T15:03:53.6400293Z
  Time since last request: 0.0005946 seconds.
  importAddress: GUID: 6501dde00edfa4d4bac2a7ab78c2e775 - Path: Assets/Plugins & Utilities/DA-Shared/Assembly/ParallelGaussianBlur.cs - Importer: ScriptedImporter/UnityEditor.QuickSearchModule:UnityEditor.Search:ASIAI0B
Importing 'GUID: 6501dde00edfa4d4bac2a7ab78c2e775 - Path: Assets/Plugins & Utilities/DA-Shared/Assembly/ParallelGaussianBlur.cs - Importer: ScriptedImporter/UnityEditor.QuickSearchModule:UnityEditor.Search:ASIAI0B' with importer (ScriptedImporter : UnityEditor.QuickSearchModule:UnityEditor.Search:ASIAI0B)
Imported 'GUID: 6501dde00edfa4d4bac2a7ab78c2e775' -> (Import Result ID: '1a6f6a526fd94db766bbb29a3197f62a') in 0.007 seconds [static and dynamic dependencies]. Details - ImportResultOutputID=0449b951b9e2f256caebe48ca625e3d3 DependenciesID=5b0d8a703e9a9ba0e7a7dac50bbd50cd StaticDependenciesID=59995cd1b254526bc91649ef67bc8581 
Number of updated asset objects reloaded before import = 0
Number of asset objects unloaded after import = 0
========================================================================
Received Import Request.
  Time of request: 2026-08-24T15:03:53.6671193Z
  Time since last request: 0.0010629 seconds.
  importAddress: GUID: d7dc8f33c4ffa2c4788402c5b2df1530 - Path: Assets/Plugins & Utilities/DA-Shared/Assembly/DAConstants.cs - Importer: ScriptedImporter/UnityEditor.QuickSearchModule:UnityEditor.Search:ASIAI0B
Importing 'GUID: d7dc8f33c4ffa2c4788402c5b2df1530 - Path: Assets/Plugins & Utilities/DA-Shared/Assembly/DAConstants.cs - Importer: ScriptedImporter/UnityEditor.QuickSearchModule:UnityEditor.Search:ASIAI0B' with importer (ScriptedImporter : UnityEditor.QuickSearchModule:UnityEditor.Search:ASIAI0B)
Imported 'GUID: d7dc8f33c4ffa2c4788402c5b2df1530' -> (Import Result ID: '000d83d9f4a02a3b3f7a1d025f99ac3d') in 0.007 seconds [static and dynamic dependencies]. Details - ImportResultOutputID=8bc7abcb1658ecb2c4b4266eeaf13b93 DependenciesID=af139ee0d65a00ef665e1474edf8faed StaticDependenciesID=3d3df5d0b3a896d056e9f615e9ff1572 
Number of updated asset objects reloaded before import = 0
Number of asset objects unloaded after import = 0
========================================================================
Received Import Request.
  Time of request: 2026-08-24T15:03:53.6947636Z
  Time since last request: 0.0010848 seconds.
  importAddress: GUID: d2b54e4f7f80b9448a41d3c5985f5672 - Path: Assets/Plugins & Utilities/FMOD/images/FolderIconOpen.png - Importer: ScriptedImporter/UnityEditor.QuickSearchModule:UnityEditor.Search:ASIAI0B
Importing 'GUID: d2b54e4f7f80b9448a41d3c5985f5672 - Path: Assets/Plugins & Utilities/FMOD/images/FolderIconOpen.png - Importer: ScriptedImporter/UnityEditor.QuickSearchModule:UnityEditor.Search:ASIAI0B' with importer (ScriptedImporter : UnityEditor.QuickSearchModule:UnityEditor.Search:ASIAI0B)
Imported 'GUID: d2b54e4f7f80b9448a41d3c5985f5672' -> (Import Result ID: '9e7ba8083ef03da9c98620e2082f9006') in 0.027 seconds [static and dynamic dependencies]. Details - ImportResultOutputID=2c19487b48573986ec9e4db8978dac75 DependenciesID=1bacff0338ad8ca9c4a08698e697b754 StaticDependenciesID=3ea34f2f949bdf72df6fe91f751a3a5c 
Number of updated asset objects reloaded before import = 0
Number of asset objects unloaded after import = 1
========================================================================
Received Import Request.
  Time of request: 2026-08-24T15:03:53.7388853Z
  Time since last request: 0.0006575 seconds.
  importAddress: GUID: 7af0e8d0f8077024f8b33ddc0b6830ec - Path: Assets/Plugins & Utilities/DA-Shared/Assembly/Delegates.cs - Importer: ScriptedImporter/UnityEditor.QuickSearchModule:UnityEditor.Search:ASIAI0B
Importing 'GUID: 7af0e8d0f8077024f8b33ddc0b6830ec - Path: Assets/Plugins & Utilities/DA-Shared/Assembly/Delegates.cs - Importer: ScriptedImporter/UnityEditor.QuickSearchModule:UnityEditor.Search:ASIAI0B' with importer (ScriptedImporter : UnityEditor.QuickSearchModule:UnityEditor.Search:ASIAI0B)
Imported 'GUID: 7af0e8d0f8077024f8b33ddc0b6830ec' -> (Import Result ID: 'cf66986154e5d4149b18629496d57110') in 0.007 seconds [static and dynamic dependencies]. Details - ImportResultOutputID=a7a4e4425aa855d9f44dcdf20be6bb55 DependenciesID=cbf23fe667be1509eae8ae4669c4415c StaticDependenciesID=7bc66689f51b16b26c55a5f5cad847a8 
Number of updated asset objects reloaded before import = 0
Number of asset objects unloaded after import = 0
========================================================================
Received Import Request.
  Time of request: 2026-08-24T15:03:53.7649033Z
  Time since last request: 0.0012565 seconds.
  importAddress: GUID: 6e164dcb85fc8ad4b9ab2f1e883862d2 - Path: Assets/Plugins & Utilities/FMOD/images/CopyIcon.png - Importer: ScriptedImporter/UnityEditor.QuickSearchModule:UnityEditor.Search:ASIAI0B
Importing 'GUID: 6e164dcb85fc8ad4b9ab2f1e883862d2 - Path: Assets/Plugins & Utilities/FMOD/images/CopyIcon.png - Importer: ScriptedImporter/UnityEditor.QuickSearchModule:UnityEditor.Search:ASIAI0B' with importer (ScriptedImporter : UnityEditor.QuickSearchModule:UnityEditor.Search:ASIAI0B)
Imported 'GUID: 6e164dcb85fc8ad4b9ab2f1e883862d2' -> (Import Result ID: 'cd0bba6f5337799243afa71fe234bc90') in 0.028 seconds [static and dynamic dependencies]. Details - ImportResultOutputID=26dc74c3b932b82a5b586f1fc4eae296 DependenciesID=d9cb0597853dfbf47d9b67cfc85b0a4b StaticDependenciesID=958046883f03895067fa41a4a2310377 
Number of updated asset objects reloaded before import = 0
Number of asset objects unloaded after import = 1
========================================================================
Received Import Request.
  Time of request: 2026-08-24T15:03:53.8114918Z
  Time since last request: 0.0007099 seconds.
  importAddress: GUID: 8be56e4cb9dd20843b3708a1e00fc26e - Path: Assets/Plugins & Utilities/DA-Shared/Editor/DAWebConfig.cs - Importer: ScriptedImporter/UnityEditor.QuickSearchModule:UnityEditor.Search:ASIAI0B
Importing 'GUID: 8be56e4cb9dd20843b3708a1e00fc26e - Path: Assets/Plugins & Utilities/DA-Shared/Editor/DAWebConfig.cs - Importer: ScriptedImporter/UnityEditor.QuickSearchModule:UnityEditor.Search:ASIAI0B' with importer (ScriptedImporter : UnityEditor.QuickSearchModule:UnityEditor.Search:ASIAI0B)
Imported 'GUID: 8be56e4cb9dd20843b3708a1e00fc26e' -> (Import Result ID: '626ca2e7cc65f782dbbfcea2b5a7f395') in 0.008 seconds [static and dynamic dependencies]. Details - ImportResultOutputID=cc3138491f605d489d8a1ca4ad80b867 DependenciesID=6f082fe00c084f620c5b044641b380b5 StaticDependenciesID=32a0269dfb07f2843be04c4f8d05cd9c 
Number of updated asset objects reloaded before import = 0
Number of asset objects unloaded after import = 0
========================================================================
Received Import Request.
  Time of request: 2026-08-24T15:03:53.8416292Z
  Time since last request: 0.0006501 seconds.
  importAddress: GUID: a28d1e1a42561ed4f8d44293dab99079 - Path: Assets/Plugins & Utilities/FMOD/src/EventHandler.cs - Importer: ScriptedImporter/UnityEditor.QuickSearchModule:UnityEditor.Search:ASIAI0B
Importing 'GUID: a28d1e1a42561ed4f8d44293dab99079 - Path: Assets/Plugins & Utilities/FMOD/src/EventHandler.cs - Importer: ScriptedImporter/UnityEditor.QuickSearchModule:UnityEditor.Search:ASIAI0B' with importer (ScriptedImporter : UnityEditor.QuickSearchModule:UnityEditor.Search:ASIAI0B)
Imported 'GUID: a28d1e1a42561ed4f8d44293dab99079' -> (Import Result ID: 'a938f594ba8973a0ca7730e53268da58') in 0.009 seconds [static and dynamic dependencies]. Details - ImportResultOutputID=066708ca34a34068fa5e5550c8dbd451 DependenciesID=89588744e19e02cfcea459866c5741a7 StaticDependenciesID=b681cc484a5e03349c8cc882741394f5 
Number of updated asset objects reloaded before import = 0
Number of asset objects unloaded after import = 0
========================================================================
Received Import Request.
  Time of request: 2026-08-24T15:03:53.8693798Z
  Time since last request: 0.0010665 seconds.
  importAddress: GUID: b818ea9ca4e968242b9089946222b9f0 - Path: Assets/Plugins & Utilities/DA-Shared/Assembly/UpdateBool.cs - Importer: ScriptedImporter/UnityEditor.QuickSearchModule:UnityEditor.Search:ASIAI0B
Importing 'GUID: b818ea9ca4e968242b9089946222b9f0 - Path: Assets/Plugins & Utilities/DA-Shared/Assembly/UpdateBool.cs - Importer: ScriptedImporter/UnityEditor.QuickSearchModule:UnityEditor.Search:ASIAI0B' with importer (ScriptedImporter : UnityEditor.QuickSearchModule:UnityEditor.Search:ASIAI0B)
Imported 'GUID: b818ea9ca4e968242b9089946222b9f0' -> (Import Result ID: '619fc46768f7c7f5295b8c8c6b3fde26') in 0.009 seconds [static and dynamic dependencies]. Details - ImportResultOutputID=6c3a3d503f0358802a94674cc32b6516 DependenciesID=bdd3b7e33563bd7200b340d3fe3df015 StaticDependenciesID=378ce0956b65c7d5ddf2ac7fe65ea66c 
Number of updated asset objects reloaded before import = 0
Number of asset objects unloaded after import = 0
========================================================================
Received Import Request.
  Time of request: 2026-08-24T15:03:53.8995097Z
  Time since last request: 0.001235 seconds.
  importAddress: GUID: 40848578d1961334d820821bec6175a4 - Path: Assets/Plugins & Utilities/FMOD/images/Border.png - Importer: ScriptedImporter/UnityEditor.QuickSearchModule:UnityEditor.Search:ASIAI0B
Importing 'GUID: 40848578d1961334d820821bec6175a4 - Path: Assets/Plugins & Utilities/FMOD/images/Border.png - Importer: ScriptedImporter/UnityEditor.QuickSearchModule:UnityEditor.Search:ASIAI0B' with importer (ScriptedImporter : UnityEditor.QuickSearchModule:UnityEditor.Search:ASIAI0B)
Imported 'GUID: 40848578d1961334d820821bec6175a4' -> (Import Result ID: '9260716b875946cfbffb9a3b56c2fbd8') in 0.032 seconds [static and dynamic dependencies]. Details - ImportResultOutputID=b86255fa99eb14113c57f82671c59b3f DependenciesID=669d606d4af4267ede382e7c98cf8f3c StaticDependenciesID=f74a646614de6148647624cc2ee21b0b 
Number of updated asset objects reloaded before import = 0
Number of asset objects unloaded after import = 1
========================================================================
Received Import Request.
  Time of request: 2026-08-24T15:03:53.9512595Z
  Time since last request: 0.001502 seconds.
  importAddress: GUID: 8f4d8f64d70b5e84fb4a84c3056f9033 - Path: Assets/Plugins & Utilities/DA-Shared/Editor/DA_Editor.asmdef - Importer: ScriptedImporter/UnityEditor.QuickSearchModule:UnityEditor.Search:ASIAI0B
Importing 'GUID: 8f4d8f64d70b5e84fb4a84c3056f9033 - Path: Assets/Plugins & Utilities/DA-Shared/Editor/DA_Editor.asmdef - Importer: ScriptedImporter/UnityEditor.QuickSearchModule:UnityEditor.Search:ASIAI0B' with importer (ScriptedImporter : UnityEditor.QuickSearchModule:UnityEditor.Search:ASIAI0B)
Imported 'GUID: 8f4d8f64d70b5e84fb4a84c3056f9033' -> (Import Result ID: 'd084d201745e3331eef37fdfe79c70de') in 0.023 seconds [static and dynamic dependencies]. Details - ImportResultOutputID=16a6d52d6edcce236df871a6c8dc9726 DependenciesID=7c0fbeb615c665f5c603cb72e26d0b69 StaticDependenciesID=568e424c00db367e1d1dbbe85b560165 
Number of updated asset objects reloaded before import = 0
Number of asset objects unloaded after import = 1
========================================================================
Received Import Request.
  Time of request: 2026-08-24T15:03:53.9952856Z
  Time since last request: 0.0008001 seconds.
  importAddress: GUID: cafa069c15865d543a07375373f0a18e - Path: Assets/Plugins & Utilities/FMOD/images/TransportStopButtonOff.png - Importer: ScriptedImporter/UnityEditor.QuickSearchModule:UnityEditor.Search:ASIAI0B
Importing 'GUID: cafa069c15865d543a07375373f0a18e - Path: Assets/Plugins & Utilities/FMOD/images/TransportStopButtonOff.png - Importer: ScriptedImporter/UnityEditor.QuickSearchModule:UnityEditor.Search:ASIAI0B' with importer (ScriptedImporter : UnityEditor.QuickSearchModule:UnityEditor.Search:ASIAI0B)
Imported 'GUID: cafa069c15865d543a07375373f0a18e' -> (Import Result ID: 'e2d43cbb3f7ac1a2f2d971b6b9175d4c') in 0.029 seconds [static and dynamic dependencies]. Details - ImportResultOutputID=551da6010dba711aa8cb480cc470b74b DependenciesID=09132b226b710f0cbb65f36f8d812d3f StaticDependenciesID=785a0c8cf42a697081ebd93683d98cf3 
Number of updated asset objects reloaded before import = 0
Number of asset objects unloaded after import = 1
========================================================================
Received Import Request.
  Time of request: 2026-08-24T15:03:54.0480762Z
  Time since last request: 0.0007137 seconds.
  importAddress: GUID: 0cf37337a7d992d409861fd270a80f8a - Path: Assets/Plugins & Utilities/DA-Shared/Assembly/DA_Shared.asmdef - Importer: ScriptedImporter/UnityEditor.QuickSearchModule:UnityEditor.Search:ASIAI0B
Importing 'GUID: 0cf37337a7d992d409861fd270a80f8a - Path: Assets/Plugins & Utilities/DA-Shared/Assembly/DA_Shared.asmdef - Importer: ScriptedImporter/UnityEditor.QuickSearchModule:UnityEditor.Search:ASIAI0B' with importer (ScriptedImporter : UnityEditor.QuickSearchModule:UnityEditor.Search:ASIAI0B)
Imported 'GUID: 0cf37337a7d992d409861fd270a80f8a' -> (Import Result ID: '6042bb1718d97c3b52769a0797d0ba2d') in 0.020 seconds [static and dynamic dependencies]. Details - ImportResultOutputID=7579d1272aaca3f7eb0a5e32b8788179 DependenciesID=b1e2cdc35b3a299355d43f5531bfa851 StaticDependenciesID=98c86590ed6d527b4fb1aff61186a971 
Number of updated asset objects reloaded before import = 0
Number of asset objects unloaded after import = 1
========================================================================
Received Import Request.
  Time of request: 2026-08-24T15:03:54.0894688Z
  Time since last request: 0.0012871 seconds.
  importAddress: GUID: 3300e81f02e64924eb7cb7782713b126 - Path: Assets/Plugins & Utilities/FMOD/images/AddIcon.png - Importer: ScriptedImporter/UnityEditor.QuickSearchModule:UnityEditor.Search:ASIAI0B
Importing 'GUID: 3300e81f02e64924eb7cb7782713b126 - Path: Assets/Plugins & Utilities/FMOD/images/AddIcon.png - Importer: ScriptedImporter/UnityEditor.QuickSearchModule:UnityEditor.Search:ASIAI0B' with importer (ScriptedImporter : UnityEditor.QuickSearchModule:UnityEditor.Search:ASIAI0B)
Imported 'GUID: 3300e81f02e64924eb7cb7782713b126' -> (Import Result ID: 'b96d926236972ac513479f5ca37e837e') in 0.029 seconds [static and dynamic dependencies]. Details - ImportResultOutputID=697cac15dbaa71a61e10c8c9a4f88001 DependenciesID=02471366ff70cd98416d1e81a33e23c5 StaticDependenciesID=29ca1bf45154cb32c3a619eb0957be02 
Number of updated asset objects reloaded before import = 0
Number of asset objects unloaded after import = 1
========================================================================
Received Import Request.
  Time of request: 2026-08-24T15:03:54.1409169Z
  Time since last request: 0.0012561 seconds.
  importAddress: GUID: 8e7608d91828e5045a221dc74d7dfb5e - Path: Assets/Plugins & Utilities/DA-Shared/Assembly/TProp.cs - Importer: ScriptedImporter/UnityEditor.QuickSearchModule:UnityEditor.Search:ASIAI0B
Importing 'GUID: 8e7608d91828e5045a221dc74d7dfb5e - Path: Assets/Plugins & Utilities/DA-Shared/Assembly/TProp.cs - Importer: ScriptedImporter/UnityEditor.QuickSearchModule:UnityEditor.Search:ASIAI0B' with importer (ScriptedImporter : UnityEditor.QuickSearchModule:UnityEditor.Search:ASIAI0B)
Imported 'GUID: 8e7608d91828e5045a221dc74d7dfb5e' -> (Import Result ID: 'd9ad0d256c5d423c5469a24c9737da42') in 0.008 seconds [static and dynamic dependencies]. Details - ImportResultOutputID=23dd3003bffc134148b47514f687113a DependenciesID=0523fd982bfcb4822157199acd54a67d StaticDependenciesID=16b0613215016d0e51a20a10e942e338 
Number of updated asset objects reloaded before import = 0
Number of asset objects unloaded after import = 0
========================================================================
Received Import Request.
  Time of request: 2026-08-24T15:03:54.1732485Z
  Time since last request: 0.0014757 seconds.
  importAddress: GUID: 8fd8ccb8d7e81d943b28ea7975c7185d - Path: Assets/Plugins & Utilities/FMOD/images/FMODLogoWhite.png - Importer: ScriptedImporter/UnityEditor.QuickSearchModule:UnityEditor.Search:ASIAI0B
Importing 'GUID: 8fd8ccb8d7e81d943b28ea7975c7185d - Path: Assets/Plugins & Utilities/FMOD/images/FMODLogoWhite.png - Importer: ScriptedImporter/UnityEditor.QuickSearchModule:UnityEditor.Search:ASIAI0B' with importer (ScriptedImporter : UnityEditor.QuickSearchModule:UnityEditor.Search:ASIAI0B)
Imported 'GUID: 8fd8ccb8d7e81d943b28ea7975c7185d' -> (Import Result ID: '862dfc3778d062ccb98601029b443a5f') in 0.017 seconds [static and dynamic dependencies]. Details - ImportResultOutputID=c53d399c2e13b0c9b35208dc6f75c8d8 DependenciesID=bd0fa41c4e8731819435b5528fbc5382 StaticDependenciesID=d330037f1257797e95933bbbc6433393 
Number of updated asset objects reloaded before import = 0
Number of asset objects unloaded after import = 1
========================================================================
Received Import Request.
  Time of request: 2026-08-24T15:03:54.2130074Z
  Time since last request: 0.0014221 seconds.
  importAddress: GUID: 507cd805ad331e54cb9e9cab5a9270b5 - Path: Assets/Plugins & Utilities/FMOD/images/Wrench.png - Importer: ScriptedImporter/UnityEditor.QuickSearchModule:UnityEditor.Search:ASIAI0B
Importing 'GUID: 507cd805ad331e54cb9e9cab5a9270b5 - Path: Assets/Plugins & Utilities/FMOD/images/Wrench.png - Importer: ScriptedImporter/UnityEditor.QuickSearchModule:UnityEditor.Search:ASIAI0B' with importer (ScriptedImporter : UnityEditor.QuickSearchModule:UnityEditor.Search:ASIAI0B)
Imported 'GUID: 507cd805ad331e54cb9e9cab5a9270b5' -> (Import Result ID: '2a2c0cef010e96c0c06397466ad0f218') in 0.033 seconds [static and dynamic dependencies]. Details - ImportResultOutputID=ccee2187a1948624d01cd93affed387c DependenciesID=07f98de324a38a78befbbd05079372f0 StaticDependenciesID=8d1c2647212cc649535de676fc7d1161 
Number of updated asset objects reloaded before import = 0
Number of asset objects unloaded after import = 1
========================================================================
Received Import Request.
  Time of request: 2026-08-24T15:03:54.268821Z
  Time since last request: 0.0007343 seconds.
  importAddress: GUID: afc81ce8e8e88024d9a377086dd52ee0 - Path: Assets/Plugins & Utilities/DA-Shared/Assembly/StaticSingleton.cs - Importer: ScriptedImporter/UnityEditor.QuickSearchModule:UnityEditor.Search:ASIAI0B
Importing 'GUID: afc81ce8e8e88024d9a377086dd52ee0 - Path: Assets/Plugins & Utilities/DA-Shared/Assembly/StaticSingleton.cs - Importer: ScriptedImporter/UnityEditor.QuickSearchModule:UnityEditor.Search:ASIAI0B' with importer (ScriptedImporter : UnityEditor.QuickSearchModule:UnityEditor.Search:ASIAI0B)
Imported 'GUID: afc81ce8e8e88024d9a377086dd52ee0' -> (Import Result ID: 'abee37a54d6434adf4281509323a5e7d') in 0.007 seconds [static and dynamic dependencies]. Details - ImportResultOutputID=c4ddccc497e56561f003705490dcde03 DependenciesID=8f73e893bf037e4cfb7da31649925202 StaticDependenciesID=2f973c2386f646d1bd8b59bfb4f062db 
Number of updated asset objects reloaded before import = 0
Number of asset objects unloaded after import = 0
========================================================================
Received Import Request.
  Time of request: 2026-08-24T15:03:54.2997659Z
  Time since last request: 0.0013024 seconds.
  importAddress: GUID: a4edfa5854cdec34b98b1c55f0562bdd - Path: Assets/Plugins & Utilities/FMOD/images/StudioIcon.png - Importer: ScriptedImporter/UnityEditor.QuickSearchModule:UnityEditor.Search:ASIAI0B
Importing 'GUID: a4edfa5854cdec34b98b1c55f0562bdd - Path: Assets/Plugins & Utilities/FMOD/images/StudioIcon.png - Importer: ScriptedImporter/UnityEditor.QuickSearchModule:UnityEditor.Search:ASIAI0B' with importer (ScriptedImporter : UnityEditor.QuickSearchModule:UnityEditor.Search:ASIAI0B)
Imported 'GUID: a4edfa5854cdec34b98b1c55f0562bdd' -> (Import Result ID: '39d104c377810ac3b58e956f10211bf3') in 0.039 seconds [static and dynamic dependencies]. Details - ImportResultOutputID=cc5263ded0628c2fdc01807d87e7afc7 DependenciesID=b42904233822ebc24fda040769304232 StaticDependenciesID=552cf8e0268e369238acd0cdef6e9aab 
Number of updated asset objects reloaded before import = 0
Number of asset objects unloaded after import = 1
========================================================================
Received Import Request.
  Time of request: 2026-08-24T15:03:54.3589761Z
  Time since last request: 0.0019639 seconds.
  importAddress: GUID: b0fb832e401d1514a9611735d8d340b1 - Path: Assets/Plugins & Utilities/FMOD/images/TransportOpen.png - Importer: ScriptedImporter/UnityEditor.QuickSearchModule:UnityEditor.Search:ASIAI0B
Importing 'GUID: b0fb832e401d1514a9611735d8d340b1 - Path: Assets/Plugins & Utilities/FMOD/images/TransportOpen.png - Importer: ScriptedImporter/UnityEditor.QuickSearchModule:UnityEditor.Search:ASIAI0B' with importer (ScriptedImporter : UnityEditor.QuickSearchModule:UnityEditor.Search:ASIAI0B)
Imported 'GUID: b0fb832e401d1514a9611735d8d340b1' -> (Import Result ID: '0f0b75ebd72de0111f5760fcd502fcf5') in 0.042 seconds [static and dynamic dependencies]. Details - ImportResultOutputID=b845018188deffa3052c4a6660e7ba78 DependenciesID=056227439ce0b63ddfea9eba437a53df StaticDependenciesID=e36287d5308118264db7dd8159b66e1c 
Number of updated asset objects reloaded before import = 0
Number of asset objects unloaded after import = 1
========================================================================
Received Import Request.
  Time of request: 2026-08-24T15:03:54.4290306Z
  Time since last request: 0.0009043 seconds.
  importAddress: GUID: c783b763d12874147876e070661b66ab - Path: Assets/Plugins & Utilities/FMOD/images/BrowserIcon.png - Importer: ScriptedImporter/UnityEditor.QuickSearchModule:UnityEditor.Search:ASIAI0B
Importing 'GUID: c783b763d12874147876e070661b66ab - Path: Assets/Plugins & Utilities/FMOD/images/BrowserIcon.png - Importer: ScriptedImporter/UnityEditor.QuickSearchModule:UnityEditor.Search:ASIAI0B' with importer (ScriptedImporter : UnityEditor.QuickSearchModule:UnityEditor.Search:ASIAI0B)
Imported 'GUID: c783b763d12874147876e070661b66ab' -> (Import Result ID: '3786afd10fe3aabdb2bfbae38a792c09') in 0.037 seconds [static and dynamic dependencies]. Details - ImportResultOutputID=6f802f63c26bb785a9eb620a5ed35c2b DependenciesID=d03ce639d7368d7603990d02fe9c7e40 StaticDependenciesID=b663b0aab857372d71e322d6083877c9 
Number of updated asset objects reloaded before import = 0
Number of asset objects unloaded after import = 1
========================================================================
Received Import Request.
  Time of request: 2026-08-24T15:03:54.4901313Z
  Time since last request: 0.0006885 seconds.
  importAddress: GUID: 13a6488720117b440923d3f85416ede7 - Path: Assets/Plugins & Utilities/DA-Shared/DAJson/DAJson.cs - Importer: ScriptedImporter/UnityEditor.QuickSearchModule:UnityEditor.Search:ASIAI0B
Importing 'GUID: 13a6488720117b440923d3f85416ede7 - Path: Assets/Plugins & Utilities/DA-Shared/DAJson/DAJson.cs - Importer: ScriptedImporter/UnityEditor.QuickSearchModule:UnityEditor.Search:ASIAI0B' with importer (ScriptedImporter : UnityEditor.QuickSearchModule:UnityEditor.Search:ASIAI0B)
Imported 'GUID: 13a6488720117b440923d3f85416ede7' -> (Import Result ID: 'ea41854cef62376ab14e5ede6d9f5251') in 0.008 seconds [static and dynamic dependencies]. Details - ImportResultOutputID=cded7ceafeaf4d27e4b70b25db902ae8 DependenciesID=7f9a08200223c821058313f8dc61f172 StaticDependenciesID=8588f464111e7fd602c6cdb933ba6366 
Number of updated asset objects reloaded before import = 0
Number of asset objects unloaded after import = 0
========================================================================
Received Import Request.
  Time of request: 2026-08-24T15:03:54.5220126Z
  Time since last request: 0.0011345 seconds.
  importAddress: GUID: a7e06068a7215854a84bf5ed8280ed15 - Path: Assets/Plugins & Utilities/FMOD/images/BankIcon.png - Importer: ScriptedImporter/UnityEditor.QuickSearchModule:UnityEditor.Search:ASIAI0B
Importing 'GUID: a7e06068a7215854a84bf5ed8280ed15 - Path: Assets/Plugins & Utilities/FMOD/images/BankIcon.png - Importer: ScriptedImporter/UnityEditor.QuickSearchModule:UnityEditor.Search:ASIAI0B' with importer (ScriptedImporter : UnityEditor.QuickSearchModule:UnityEditor.Search:ASIAI0B)
Imported 'GUID: a7e06068a7215854a84bf5ed8280ed15' -> (Import Result ID: '23014a519f453ea944fd035f6847864e') in 0.030 seconds [static and dynamic dependencies]. Details - ImportResultOutputID=58226b38a816c1f771ef70ef35baba75 DependenciesID=17fc939d9621de31aff4ca0c2a2be5b1 StaticDependenciesID=4ea5151f6f0f105b9aa5150d23b87418 
Number of updated asset objects reloaded before import = 0
Number of asset objects unloaded after import = 1
========================================================================
Received Import Request.
  Time of request: 2026-08-24T15:03:54.5728186Z
  Time since last request: 0.0008069 seconds.
  importAddress: GUID: 733b2f32cf07e1f48bd623377bad358a - Path: Assets/Plugins & Utilities/DA-Shared/Editor/UpdateChecker.cs - Importer: ScriptedImporter/UnityEditor.QuickSearchModule:UnityEditor.Search:ASIAI0B
Importing 'GUID: 733b2f32cf07e1f48bd623377bad358a - Path: Assets/Plugins & Utilities/DA-Shared/Editor/UpdateChecker.cs - Importer: ScriptedImporter/UnityEditor.QuickSearchModule:UnityEditor.Search:ASIAI0B' with importer (ScriptedImporter : UnityEditor.QuickSearchModule:UnityEditor.Search:ASIAI0B)
Imported 'GUID: 733b2f32cf07e1f48bd623377bad358a' -> (Import Result ID: 'be9788ae60fd523af6ad2c5d94dad684') in 0.007 seconds [static and dynamic dependencies]. Details - ImportResultOutputID=af48f8344566904168684c4ba095b53d DependenciesID=ca926b8c87a8897dee1e959b552a9a8f StaticDependenciesID=2f1739c0276e1fdc6f253e0e965ab1f6 
Number of updated asset objects reloaded before import = 0
Number of asset objects unloaded after import = 0
========================================================================
Received Import Request.
  Time of request: 2026-08-24T15:03:54.6017415Z
  Time since last request: 0.0010659 seconds.
  importAddress: GUID: 748fbd32475461c4dad150749864b01e - Path: Assets/Plugins & Utilities/DA-Shared/Assembly/NetKnownColors.cs - Importer: ScriptedImporter/UnityEditor.QuickSearchModule:UnityEditor.Search:ASIAI0B
Importing 'GUID: 748fbd32475461c4dad150749864b01e - Path: Assets/Plugins & Utilities/DA-Shared/Assembly/NetKnownColors.cs - Importer: ScriptedImporter/UnityEditor.QuickSearchModule:UnityEditor.Search:ASIAI0B' with importer (ScriptedImporter : UnityEditor.QuickSearchModule:UnityEditor.Search:ASIAI0B)
Imported 'GUID: 748fbd32475461c4dad150749864b01e' -> (Import Result ID: '7d81e4da89bbb855c503dfad0a8d9136') in 0.008 seconds [static and dynamic dependencies]. Details - ImportResultOutputID=95561323b8368ba5df00075d3ae92dc1 DependenciesID=56807b2bcadf12960f36d57bd970dc11 StaticDependenciesID=088b3a52c8769566d1dc3510a4e059df 
Number of updated asset objects reloaded before import = 0
Number of asset objects unloaded after import = 0
========================================================================
Received Import Request.
  Time of request: 2026-08-24T15:03:54.6306565Z
  Time since last request: 0.0006416 seconds.
  importAddress: GUID: 40254133d93a7524193a26270d2c5dff - Path: Assets/Plugins & Utilities/DA-Shared/Assembly/HamburgerItem.cs - Importer: ScriptedImporter/UnityEditor.QuickSearchModule:UnityEditor.Search:ASIAI0B
Importing 'GUID: 40254133d93a7524193a26270d2c5dff - Path: Assets/Plugins & Utilities/DA-Shared/Assembly/HamburgerItem.cs - Importer: ScriptedImporter/UnityEditor.QuickSearchModule:UnityEditor.Search:ASIAI0B' with importer (ScriptedImporter : UnityEditor.QuickSearchModule:UnityEditor.Search:ASIAI0B)
Imported 'GUID: 40254133d93a7524193a26270d2c5dff' -> (Import Result ID: '5a64188189af41b087c42723db696dc6') in 0.008 seconds [static and dynamic dependencies]. Details - ImportResultOutputID=4dc11617ceb724c025e2fa76cfbe88be DependenciesID=0e8d4447da46e994470b5eb34665009c StaticDependenciesID=d1597f8b3ec3461036ec2381f9fe6815 
Number of updated asset objects reloaded before import = 0
Number of asset objects unloaded after import = 0
========================================================================
Received Import Request.
  Time of request: 2026-08-24T15:03:54.6595538Z
  Time since last request: 0.0007792 seconds.
  importAddress: GUID: 45bb25dc75ecfe84da6e12e0fb28cc9c - Path: Assets/Plugins & Utilities/DA-Shared/Assembly/DALocalizator.cs - Importer: ScriptedImporter/UnityEditor.QuickSearchModule:UnityEditor.Search:ASIAI0B
Importing 'GUID: 45bb25dc75ecfe84da6e12e0fb28cc9c - Path: Assets/Plugins & Utilities/DA-Shared/Assembly/DALocalizator.cs - Importer: ScriptedImporter/UnityEditor.QuickSearchModule:UnityEditor.Search:ASIAI0B' with importer (ScriptedImporter : UnityEditor.QuickSearchModule:UnityEditor.Search:ASIAI0B)
Imported 'GUID: 45bb25dc75ecfe84da6e12e0fb28cc9c' -> (Import Result ID: '99a0aca62b37126effc9f0017f5c7bca') in 0.008 seconds [static and dynamic dependencies]. Details - ImportResultOutputID=03e54d5bbd5eb4e302284143c3801730 DependenciesID=5f280dfd1b889f39ef42320067d0f539 StaticDependenciesID=b1d82b66fea22cbef541c06e8af2a114 
Number of updated asset objects reloaded before import = 0
Number of asset objects unloaded after import = 0
========================================================================
Received Import Request.
  Time of request: 2026-08-24T15:03:54.6883258Z
  Time since last request: 0.0010238 seconds.
  importAddress: GUID: 99a2b081d8369dd468eb0836b80676e5 - Path: Assets/Plugins & Utilities/DA-Shared/Assembly/DACycles.cs - Importer: ScriptedImporter/UnityEditor.QuickSearchModule:UnityEditor.Search:ASIAI0B
Importing 'GUID: 99a2b081d8369dd468eb0836b80676e5 - Path: Assets/Plugins & Utilities/DA-Shared/Assembly/DACycles.cs - Importer: ScriptedImporter/UnityEditor.QuickSearchModule:UnityEditor.Search:ASIAI0B' with importer (ScriptedImporter : UnityEditor.QuickSearchModule:UnityEditor.Search:ASIAI0B)
Imported 'GUID: 99a2b081d8369dd468eb0836b80676e5' -> (Import Result ID: '882b00c8b90685facc4baadd151e160d') in 0.008 seconds [static and dynamic dependencies]. Details - ImportResultOutputID=3c541d4433fe0633e2d93af034fc975f DependenciesID=9a4398228b17985761a41a56c76a48a2 StaticDependenciesID=14f789fbac6d456ac5a5de40046ccd3e 
Number of updated asset objects reloaded before import = 0
Number of asset objects unloaded after import = 0
========================================================================
Received Import Request.
  Time of request: 2026-08-24T15:03:54.7165964Z
  Time since last request: 0.0006606 seconds.
  importAddress: GUID: 1138ab068176f29499337d7a73dfecd9 - Path: Assets/Plugins & Utilities/FMOD/images/NotFound.png - Importer: ScriptedImporter/UnityEditor.QuickSearchModule:UnityEditor.Search:ASIAI0B
Importing 'GUID: 1138ab068176f29499337d7a73dfecd9 - Path: Assets/Plugins & Utilities/FMOD/images/NotFound.png - Importer: ScriptedImporter/UnityEditor.QuickSearchModule:UnityEditor.Search:ASIAI0B' with importer (ScriptedImporter : UnityEditor.QuickSearchModule:UnityEditor.Search:ASIAI0B)
Imported 'GUID: 1138ab068176f29499337d7a73dfecd9' -> (Import Result ID: '01c79fbd086715371c93da06ea654923') in 0.033 seconds [static and dynamic dependencies]. Details - ImportResultOutputID=57bb18d7c2ae5595ff5d69d62374785e DependenciesID=579b18c2a56ef76321e90c8b9773b065 StaticDependenciesID=431bc13d2ebc2006877cd3f7e5b7b76e 
Number of updated asset objects reloaded before import = 0
Number of asset objects unloaded after import = 1
========================================================================
Received Import Request.
  Time of request: 2026-08-24T15:03:54.8116922Z
  Time since last request: 0.040288 seconds.
  importAddress: GUID: ca4878f48226bb042a030bd8fb801557 - Path: Assets/UI/Circuit Details UI/Lap Time Details/Sector 1 4x -203056737.png - Importer: ScriptedImporter/UnityEditor.QuickSearchModule:UnityEditor.Search:ASIAI0B
Importing 'GUID: ca4878f48226bb042a030bd8fb801557 - Path: Assets/UI/Circuit Details UI/Lap Time Details/Sector 1 4x -203056737.png - Importer: ScriptedImporter/UnityEditor.QuickSearchModule:UnityEditor.Search:ASIAI0B' with importer (ScriptedImporter : UnityEditor.QuickSearchModule:UnityEditor.Search:ASIAI0B)
Imported 'GUID: ca4878f48226bb042a030bd8fb801557' -> (Import Result ID: '698c08457f856e7860a75b11d88fb174') in 0.037 seconds [static and dynamic dependencies]. Details - ImportResultOutputID=c0ae2c896300865f92d2c279648ebbb9 DependenciesID=c9c6cd497d5ce7c68227e0d3f3567722 StaticDependenciesID=208473c7d98f51fd8a1cf8ac39c32290 
Number of updated asset objects reloaded before import = 0
Number of asset objects unloaded after import = 3
========================================================================
Received Import Request.
  Time of request: 2026-08-24T15:03:54.8739192Z
  Time since last request: 0.0008374 seconds.
  importAddress: GUID: 00e1a9817a5d9844796d7c313b1ab197 - Path: Assets/Plugins & Utilities/FMOD/src/ParamRef.cs - Importer: ScriptedImporter/UnityEditor.QuickSearchModule:UnityEditor.Search:ASIAI0B
Importing 'GUID: 00e1a9817a5d9844796d7c313b1ab197 - Path: Assets/Plugins & Utilities/FMOD/src/ParamRef.cs - Importer: ScriptedImporter/UnityEditor.QuickSearchModule:UnityEditor.Search:ASIAI0B' with importer (ScriptedImporter : UnityEditor.QuickSearchModule:UnityEditor.Search:ASIAI0B)
Imported 'GUID: 00e1a9817a5d9844796d7c313b1ab197' -> (Import Result ID: '53e675df77d8a779ff059182bfca58bd') in 0.008 seconds [static and dynamic dependencies]. Details - ImportResultOutputID=bd22294c76a21328c32964fd81d58c73 DependenciesID=ce0e7289a797194da03d3d7640345722 StaticDependenciesID=ba0e512ee429de307816713807cd666a 
Number of updated asset objects reloaded before import = 0
Number of asset objects unloaded after import = 0
========================================================================
Received Import Request.
  Time of request: 2026-08-24T15:03:54.9037788Z
  Time since last request: 0.0012865 seconds.
  importAddress: GUID: bd0d0c955caff8940ac1667ee36dd4c9 - Path: Assets/Plugins & Utilities/FMOD/src/fmod.cs - Importer: ScriptedImporter/UnityEditor.QuickSearchModule:UnityEditor.Search:ASIAI0B
Importing 'GUID: bd0d0c955caff8940ac1667ee36dd4c9 - Path: Assets/Plugins & Utilities/FMOD/src/fmod.cs - Importer: ScriptedImporter/UnityEditor.QuickSearchModule:UnityEditor.Search:ASIAI0B' with importer (ScriptedImporter : UnityEditor.QuickSearchModule:UnityEditor.Search:ASIAI0B)
Imported 'GUID: bd0d0c955caff8940ac1667ee36dd4c9' -> (Import Result ID: '6ab5258a242f64eacf10f2de25a5c3d7') in 0.009 seconds [static and dynamic dependencies]. Details - ImportResultOutputID=5d14e488a51ca7b85467e7055184d363 DependenciesID=173ca9f97b837afc9666ad660555e9dd StaticDependenciesID=125c5a61be8c4b4d028ff3333bfe8c12 
Number of updated asset objects reloaded before import = 0
Number of asset objects unloaded after import = 0
========================================================================
Received Import Request.
  Time of request: 2026-08-24T15:03:54.9346218Z
  Time since last request: 0.0008309 seconds.
  importAddress: GUID: 85d3dde4fb12a9746852708ba051a80b - Path: Assets/UI/Circuit Details UI/Lap Time Details/Background 1x -1328536694.png - Importer: ScriptedImporter/UnityEditor.QuickSearchModule:UnityEditor.Search:ASIAI0B
Importing 'GUID: 85d3dde4fb12a9746852708ba051a80b - Path: Assets/UI/Circuit Details UI/Lap Time Details/Background 1x -1328536694.png - Importer: ScriptedImporter/UnityEditor.QuickSearchModule:UnityEditor.Search:ASIAI0B' with importer (ScriptedImporter : UnityEditor.QuickSearchModule:UnityEditor.Search:ASIAI0B)
Imported 'GUID: 85d3dde4fb12a9746852708ba051a80b' -> (Import Result ID: '350e9442ee04d60b54bbd6ab51109158') in 0.038 seconds [static and dynamic dependencies]. Details - ImportResultOutputID=f59ab64e498a8fdd108c83710d916dc5 DependenciesID=6617c65bc6be91f0b705871854fc7112 StaticDependenciesID=98012024713b3241c9bbf31912f4a207 
Number of updated asset objects reloaded before import = 0
Number of asset objects unloaded after import = 3
========================================================================
Received Import Request.
  Time of request: 2026-08-24T15:03:54.9944012Z
  Time since last request: 0.0006927 seconds.
  importAddress: GUID: 93a382382f106584e8f8f62412fee177 - Path: Assets/Plugins & Utilities/FMOD/src/PlatformMobileHigh.cs - Importer: ScriptedImporter/UnityEditor.QuickSearchModule:UnityEditor.Search:ASIAI0B
Importing 'GUID: 93a382382f106584e8f8f62412fee177 - Path: Assets/Plugins & Utilities/FMOD/src/PlatformMobileHigh.cs - Importer: ScriptedImporter/UnityEditor.QuickSearchModule:UnityEditor.Search:ASIAI0B' with importer (ScriptedImporter : UnityEditor.QuickSearchModule:UnityEditor.Search:ASIAI0B)
Imported 'GUID: 93a382382f106584e8f8f62412fee177' -> (Import Result ID: 'd36576bc966cb1e70a0e77753689c581') in 0.008 seconds [static and dynamic dependencies]. Details - ImportResultOutputID=4efe63e74e99187df5e8c2d1996f3643 DependenciesID=520699afd97c4ba9db848f3536e70397 StaticDependenciesID=f31407b65957aaad28cf7f54ca1b4561 
Number of updated asset objects reloaded before import = 0
Number of asset objects unloaded after import = 0
========================================================================
Received Import Request.
  Time of request: 2026-08-24T15:03:55.0248164Z
  Time since last request: 0.0006429 seconds.
  importAddress: GUID: 4417faacebce0de4fbde25ec23055cf4 - Path: Assets/Plugins & Utilities/FMOD/src/FMODRuntimeManagerOnGUIHelper.cs - Importer: ScriptedImporter/UnityEditor.QuickSearchModule:UnityEditor.Search:ASIAI0B
Importing 'GUID: 4417faacebce0de4fbde25ec23055cf4 - Path: Assets/Plugins & Utilities/FMOD/src/FMODRuntimeManagerOnGUIHelper.cs - Importer: ScriptedImporter/UnityEditor.QuickSearchModule:UnityEditor.Search:ASIAI0B' with importer (ScriptedImporter : UnityEditor.QuickSearchModule:UnityEditor.Search:ASIAI0B)
Imported 'GUID: 4417faacebce0de4fbde25ec23055cf4' -> (Import Result ID: '95b888dc70657b49d7e1dbbe54c0accb') in 0.009 seconds [static and dynamic dependencies]. Details - ImportResultOutputID=466add433360a06dc04c32f56c4f79d4 DependenciesID=b3112cfb356635f24df2ffb6fbc09ffd StaticDependenciesID=be997fa9713968443a71487392f7223e 
Number of updated asset objects reloaded before import = 0
Number of asset objects unloaded after import = 0
========================================================================
Received Import Request.
  Time of request: 2026-08-24T15:03:55.054885Z
  Time since last request: 0.000927 seconds.
  importAddress: GUID: 9587379c972e4a54da1949613f11e1c6 - Path: Assets/Plugins & Utilities/FMOD/src/PlatformDefault.cs - Importer: ScriptedImporter/UnityEditor.QuickSearchModule:UnityEditor.Search:ASIAI0B
Importing 'GUID: 9587379c972e4a54da1949613f11e1c6 - Path: Assets/Plugins & Utilities/FMOD/src/PlatformDefault.cs - Importer: ScriptedImporter/UnityEditor.QuickSearchModule:UnityEditor.Search:ASIAI0B' with importer (ScriptedImporter : UnityEditor.QuickSearchModule:UnityEditor.Search:ASIAI0B)
Imported 'GUID: 9587379c972e4a54da1949613f11e1c6' -> (Import Result ID: '242e5ac2e99d9ecb50b6fd3bfc54ab84') in 0.008 seconds [static and dynamic dependencies]. Details - ImportResultOutputID=264e97ba495dedd6f9dc524b67303bd0 DependenciesID=0942aea59b2bf4626837bd1b73ccd9de StaticDependenciesID=94aef463ae12684a1e0371bd479bc342 
Number of updated asset objects reloaded before import = 0
Number of asset objects unloaded after import = 0
========================================================================
Received Import Request.
  Time of request: 2026-08-24T15:03:55.0859222Z
  Time since last request: 0.0008827 seconds.
  importAddress: GUID: a8cd8e9c1d3e085449ec8a9d8b68c460 - Path: Assets/UI/Circuit Details UI/Sector 2 4x 1100670441.png/Sector 2 4x 1100670441.png - Importer: ScriptedImporter/UnityEditor.QuickSearchModule:UnityEditor.Search:ASIAI0B
Importing 'GUID: a8cd8e9c1d3e085449ec8a9d8b68c460 - Path: Assets/UI/Circuit Details UI/Sector 2 4x 1100670441.png/Sector 2 4x 1100670441.png - Importer: ScriptedImporter/UnityEditor.QuickSearchModule:UnityEditor.Search:ASIAI0B' with importer (ScriptedImporter : UnityEditor.QuickSearchModule:UnityEditor.Search:ASIAI0B)
Imported 'GUID: a8cd8e9c1d3e085449ec8a9d8b68c460' -> (Import Result ID: '2bd7248224f3feaf7c58da150715b4eb') in 0.032 seconds [static and dynamic dependencies]. Details - ImportResultOutputID=dbc56d01bbb23fb123699442aa0e3ea1 DependenciesID=7af4c2e47d3797b3bb158aa019dd49bb StaticDependenciesID=19ac6a58b6aee5d77504ab6a9310620c 
Number of updated asset objects reloaded before import = 0
Number of asset objects unloaded after import = 3
========================================================================
Received Import Request.
  Time of request: 2026-08-24T15:03:55.1404273Z
  Time since last request: 0.0013845 seconds.
  importAddress: GUID: de1c73ec4707d70499bf14faad578915 - Path: Assets/Skybox/Skybox Cubemap Extended/Demo/Demo BlendSettings.lighting - Importer: ScriptedImporter/UnityEditor.QuickSearchModule:UnityEditor.Search:ASIAI0B
Importing 'GUID: de1c73ec4707d70499bf14faad578915 - Path: Assets/Skybox/Skybox Cubemap Extended/Demo/Demo BlendSettings.lighting - Importer: ScriptedImporter/UnityEditor.QuickSearchModule:UnityEditor.Search:ASIAI0B' with importer (ScriptedImporter : UnityEditor.QuickSearchModule:UnityEditor.Search:ASIAI0B)
LightingSettings: switching bake backend from 2 to 1.
Imported 'GUID: de1c73ec4707d70499bf14faad578915' -> (Import Result ID: 'b418580f4c9eff226faf3cbd67c1601b') in 0.013 seconds [static and dynamic dependencies]. Details - ImportResultOutputID=6b7c8f2b303f2f54b170864817688d01 DependenciesID=4d6c8ce3fac355d77076fa1bfa701200 StaticDependenciesID=373cf5d2a649a5e4f4cfbd07e205b017 
Number of updated asset objects reloaded before import = 0
Number of asset objects unloaded after import = 1
========================================================================
Received Import Request.
  Time of request: 2026-08-24T15:03:55.173546Z
  Time since last request: 0.0007575 seconds.
  importAddress: GUID: 9331384025cbcf647bb8698299e65796 - Path: Assets/UI/Circuit Details UI/Lap Time Details/Lap Times 4x -433916468.png - Importer: ScriptedImporter/UnityEditor.QuickSearchModule:UnityEditor.Search:ASIAI0B
Importing 'GUID: 9331384025cbcf647bb8698299e65796 - Path: Assets/UI/Circuit Details UI/Lap Time Details/Lap Times 4x -433916468.png - Importer: ScriptedImporter/UnityEditor.QuickSearchModule:UnityEditor.Search:ASIAI0B' with importer (ScriptedImporter : UnityEditor.QuickSearchModule:UnityEditor.Search:ASIAI0B)
Imported 'GUID: 9331384025cbcf647bb8698299e65796' -> (Import Result ID: '93bf931b103a01e9b74f183d91713dc9') in 0.036 seconds [static and dynamic dependencies]. Details - ImportResultOutputID=715d892f9aea81718cddd598cd439809 DependenciesID=8d4c5360c227f843336f8d0c6182d84d StaticDependenciesID=201ef1c509634a8f0a69d6354469073a 
Number of updated asset objects reloaded before import = 0
Number of asset objects unloaded after import = 3
========================================================================
Received Import Request.
  Time of request: 2026-08-24T15:03:55.2281681Z
  Time since last request: 0.0006661 seconds.
  importAddress: GUID: 038986711af861a43bd0a516a32565cd - Path: Assets/UI/Circuit Details UI/Sector 3 4x -1990299331.png/Sector 3 4x -1990299331.png - Importer: ScriptedImporter/UnityEditor.QuickSearchModule:UnityEditor.Search:ASIAI0B
Importing 'GUID: 038986711af861a43bd0a516a32565cd - Path: Assets/UI/Circuit Details UI/Sector 3 4x -1990299331.png/Sector 3 4x -1990299331.png - Importer: ScriptedImporter/UnityEditor.QuickSearchModule:UnityEditor.Search:ASIAI0B' with importer (ScriptedImporter : UnityEditor.QuickSearchModule:UnityEditor.Search:ASIAI0B)
Imported 'GUID: 038986711af861a43bd0a516a32565cd' -> (Import Result ID: '7dd61d76020bd2d0d6805b67d17ced72') in 0.031 seconds [static and dynamic dependencies]. Details - ImportResultOutputID=a5d3fb25965bf9325d97289eabfbcc95 DependenciesID=5d3be8de6f28c9fde79560423061064c StaticDependenciesID=b56e29c8f8a2764d9723e36e21335771 
Number of updated asset objects reloaded before import = 0
Number of asset objects unloaded after import = 3
========================================================================
Received Import Request.
  Time of request: 2026-08-24T15:03:55.279153Z
  Time since last request: 0.0007458 seconds.
  importAddress: GUID: 6e0992509b0077e479d2da05c8f52eb0 - Path: Assets/Plugins & Utilities/FMOD/src/fmod_errors.cs - Importer: ScriptedImporter/UnityEditor.QuickSearchModule:UnityEditor.Search:ASIAI0B
Importing 'GUID: 6e0992509b0077e479d2da05c8f52eb0 - Path: Assets/Plugins & Utilities/FMOD/src/fmod_errors.cs - Importer: ScriptedImporter/UnityEditor.QuickSearchModule:UnityEditor.Search:ASIAI0B' with importer (ScriptedImporter : UnityEditor.QuickSearchModule:UnityEditor.Search:ASIAI0B)
Imported 'GUID: 6e0992509b0077e479d2da05c8f52eb0' -> (Import Result ID: '8f6b5051a6bb8e366d6be998ad46c93c') in 0.008 seconds [static and dynamic dependencies]. Details - ImportResultOutputID=23cdefb326db5b1e4021e7ca035c805b DependenciesID=15c6dde51503056a9d6f6161da35b5a4 StaticDependenciesID=803c36e2c6d12a3574bfabb7c9a6546b 
Number of updated asset objects reloaded before import = 0
Number of asset objects unloaded after import = 0
========================================================================
Received Import Request.
  Time of request: 2026-08-24T15:03:55.3069351Z
  Time since last request: 0.0008772 seconds.
  importAddress: GUID: 3997e2241185407d80309a82f9148466 - Path: Assets/UI/TextMesh Pro/Shaders/TMPro_Properties.cginc - Importer: ScriptedImporter/UnityEditor.QuickSearchModule:UnityEditor.Search:ASIAI0B
Importing 'GUID: 3997e2241185407d80309a82f9148466 - Path: Assets/UI/TextMesh Pro/Shaders/TMPro_Properties.cginc - Importer: ScriptedImporter/UnityEditor.QuickSearchModule:UnityEditor.Search:ASIAI0B' with importer (ScriptedImporter : UnityEditor.QuickSearchModule:UnityEditor.Search:ASIAI0B)
Imported 'GUID: 3997e2241185407d80309a82f9148466' -> (Import Result ID: '3508b7e1506da1c1421d0be8c69e9a19') in 0.010 seconds [static and dynamic dependencies]. Details - ImportResultOutputID=d4dcafb1098024d0a8f0063c1675e783 DependenciesID=4c108271d9a5ca3f8c01f9e13b847e79 StaticDependenciesID=afda2fc38f4e6b63855cbcb407d2cd8d 
Number of updated asset objects reloaded before import = 0
Number of asset objects unloaded after import = 1
========================================================================
Received Import Request.
  Time of request: 2026-08-24T15:03:55.3384453Z
  Time since last request: 0.0009402 seconds.
  importAddress: GUID: 9b0e04e2572f9a940a47465f6f3c2f00 - Path: Assets/Plugins & Utilities/FMOD/src/StudioGlobalParameterTrigger.cs - Importer: ScriptedImporter/UnityEditor.QuickSearchModule:UnityEditor.Search:ASIAI0B
Importing 'GUID: 9b0e04e2572f9a940a47465f6f3c2f00 - Path: Assets/Plugins & Utilities/FMOD/src/StudioGlobalParameterTrigger.cs - Importer: ScriptedImporter/UnityEditor.QuickSearchModule:UnityEditor.Search:ASIAI0B' with importer (ScriptedImporter : UnityEditor.QuickSearchModule:UnityEditor.Search:ASIAI0B)
Imported 'GUID: 9b0e04e2572f9a940a47465f6f3c2f00' -> (Import Result ID: 'c2312b70b1e237ae22c12a32e78af834') in 0.012 seconds [static and dynamic dependencies]. Details - ImportResultOutputID=37277f70fc663a2cd0ea169976212af0 DependenciesID=1c4235414def3d2875e010d8f01eb544 StaticDependenciesID=92d7dcb32715fb6b039f13e26917a33e 
Number of updated asset objects reloaded before import = 0
Number of asset objects unloaded after import = 0
========================================================================
Received Import Request.
  Time of request: 2026-08-24T15:03:55.3841623Z
  Time since last request: 0.0010017 seconds.
  importAddress: GUID: c334973cef89a9840b0b0c507e0377ab - Path: Assets/UI/TextMesh Pro/Shaders/TMPro_Mobile.cginc - Importer: ScriptedImporter/UnityEditor.QuickSearchModule:UnityEditor.Search:ASIAI0B
Importing 'GUID: c334973cef89a9840b0b0c507e0377ab - Path: Assets/UI/TextMesh Pro/Shaders/TMPro_Mobile.cginc - Importer: ScriptedImporter/UnityEditor.QuickSearchModule:UnityEditor.Search:ASIAI0B' with importer (ScriptedImporter : UnityEditor.QuickSearchModule:UnityEditor.Search:ASIAI0B)
Imported 'GUID: c334973cef89a9840b0b0c507e0377ab' -> (Import Result ID: 'a8744dd66b7510a5912b29af2a620a21') in 0.008 seconds [static and dynamic dependencies]. Details - ImportResultOutputID=dd8034487fd878a7a0a08d59640ae3e0 DependenciesID=7c29d1628b6727b052ad9dd318575d8c StaticDependenciesID=83f66337e67ed3d70085e8e2f01460b6 
Number of updated asset objects reloaded before import = 0
Number of asset objects unloaded after import = 1
========================================================================
Received Import Request.
  Time of request: 2026-08-24T15:03:55.4127592Z
  Time since last request: 0.0006343 seconds.
  importAddress: GUID: 891a9c478ecae364ca5e704fa9f3d895 - Path: Assets/UI/Circuit Details UI/Lap Time Details/Sector 1 4x -706130505.png - Importer: ScriptedImporter/UnityEditor.QuickSearchModule:UnityEditor.Search:ASIAI0B
Importing 'GUID: 891a9c478ecae364ca5e704fa9f3d895 - Path: Assets/UI/Circuit Details UI/Lap Time Details/Sector 1 4x -706130505.png - Importer: ScriptedImporter/UnityEditor.QuickSearchModule:UnityEditor.Search:ASIAI0B' with importer (ScriptedImporter : UnityEditor.QuickSearchModule:UnityEditor.Search:ASIAI0B)
Imported 'GUID: 891a9c478ecae364ca5e704fa9f3d895' -> (Import Result ID: '7dc121b83bca4df763c935d277c7e643') in 0.038 seconds [static and dynamic dependencies]. Details - ImportResultOutputID=3377126c7628cbee31e7155747acf42c DependenciesID=eabe4471d7a46c225529925c9c6b21c7 StaticDependenciesID=2188a6a91d1db7b587a02c39b096253e 
Number of updated asset objects reloaded before import = 0
Number of asset objects unloaded after import = 3
========================================================================
Received Import Request.
  Time of request: 2026-08-24T15:03:55.4711383Z
  Time since last request: 0.0005981 seconds.
  importAddress: GUID: 7b8f9e8a3694d9047bd2ffb3a8b678b3 - Path: Assets/UI/Circuit Details UI/Lap Time Details/Sector 3 4x -441109859.png - Importer: ScriptedImporter/UnityEditor.QuickSearchModule:UnityEditor.Search:ASIAI0B
Importing 'GUID: 7b8f9e8a3694d9047bd2ffb3a8b678b3 - Path: Assets/UI/Circuit Details UI/Lap Time Details/Sector 3 4x -441109859.png - Importer: ScriptedImporter/UnityEditor.QuickSearchModule:UnityEditor.Search:ASIAI0B' with importer (ScriptedImporter : UnityEditor.QuickSearchModule:UnityEditor.Search:ASIAI0B)
Imported 'GUID: 7b8f9e8a3694d9047bd2ffb3a8b678b3' -> (Import Result ID: '9444f215d122b43072c2c3419e1d9029') in 0.031 seconds [static and dynamic dependencies]. Details - ImportResultOutputID=22536596c33f350d41cd035cf0d48ab5 DependenciesID=d62bbaf6765b05d45da537187f1a880d StaticDependenciesID=405101753942c85e96c6c4a4d2a33d46 
Number of updated asset objects reloaded before import = 0
Number of asset objects unloaded after import = 3
========================================================================
Received Import Request.
  Time of request: 2026-08-24T15:03:55.5216538Z
  Time since last request: 0.0007363 seconds.
  importAddress: GUID: 271f976fceae95444b02052d8a136c19 - Path: Assets/UI/Circuit Details UI/Lap Time Details/Sector 3 4x 1766467297.png - Importer: ScriptedImporter/UnityEditor.QuickSearchModule:UnityEditor.Search:ASIAI0B
Importing 'GUID: 271f976fceae95444b02052d8a136c19 - Path: Assets/UI/Circuit Details UI/Lap Time Details/Sector 3 4x 1766467297.png - Importer: ScriptedImporter/UnityEditor.QuickSearchModule:UnityEditor.Search:ASIAI0B' with importer (ScriptedImporter : UnityEditor.QuickSearchModule:UnityEditor.Search:ASIAI0B)
Imported 'GUID: 271f976fceae95444b02052d8a136c19' -> (Import Result ID: 'a758598e7a3519aa80e06aa8e4727604') in 0.032 seconds [static and dynamic dependencies]. Details - ImportResultOutputID=6c07ef08255907a56965c8758c3b8a85 DependenciesID=ecffdbebaffa5e93d957691dd246edf4 StaticDependenciesID=bdbd79bc88e4e6510cd9c15cece4cffb 
Number of updated asset objects reloaded before import = 0
Number of asset objects unloaded after import = 3
========================================================================
Received Import Request.
  Time of request: 2026-08-24T15:03:55.5716838Z
  Time since last request: 0.0011168 seconds.
  importAddress: GUID: ae7eb0b6a2bff364b9c1fae52173e74c - Path: Assets/Plugins & Utilities/FMOD/src/fmod_studio.cs - Importer: ScriptedImporter/UnityEditor.QuickSearchModule:UnityEditor.Search:ASIAI0B
Importing 'GUID: ae7eb0b6a2bff364b9c1fae52173e74c - Path: Assets/Plugins & Utilities/FMOD/src/fmod_studio.cs - Importer: ScriptedImporter/UnityEditor.QuickSearchModule:UnityEditor.Search:ASIAI0B' with importer (ScriptedImporter : UnityEditor.QuickSearchModule:UnityEditor.Search:ASIAI0B)
Imported 'GUID: ae7eb0b6a2bff364b9c1fae52173e74c' -> (Import Result ID: '141a5c432de0cdf583d91175b76cf0c3') in 0.008 seconds [static and dynamic dependencies]. Details - ImportResultOutputID=a72316f3de4f4dc122f13945eea2efe0 DependenciesID=b0b70afe254129d1cebcbbccd000f8b2 StaticDependenciesID=006ca4ad42f7dbffa547093aa543a5ef 
Number of updated asset objects reloaded before import = 0
Number of asset objects unloaded after import = 0
========================================================================
Received Import Request.
  Time of request: 2026-08-24T15:03:55.5993327Z
  Time since last request: 0.0011279 seconds.
  importAddress: GUID: ff8c72aba096b1043a5d6033d4ce8dba - Path: Assets/Skybox/Skybox Cubemap Extended/Demo/Demo NightSettings.lighting - Importer: ScriptedImporter/UnityEditor.QuickSearchModule:UnityEditor.Search:ASIAI0B
Importing 'GUID: ff8c72aba096b1043a5d6033d4ce8dba - Path: Assets/Skybox/Skybox Cubemap Extended/Demo/Demo NightSettings.lighting - Importer: ScriptedImporter/UnityEditor.QuickSearchModule:UnityEditor.Search:ASIAI0B' with importer (ScriptedImporter : UnityEditor.QuickSearchModule:UnityEditor.Search:ASIAI0B)
Imported 'GUID: ff8c72aba096b1043a5d6033d4ce8dba' -> (Import Result ID: '4091e1428e23437f43229df3b3de6d8d') in 0.012 seconds [static and dynamic dependencies]. Details - ImportResultOutputID=36467e1d59a4f73fecc82c391334ebfb DependenciesID=ab5ee01253b110609788b44cc011c84b StaticDependenciesID=faba00831b79bdf0a7a8f7c3f5560efb 
Number of updated asset objects reloaded before import = 0
Number of asset objects unloaded after import = 1
========================================================================
Received Import Request.
  Time of request: 2026-08-24T15:03:55.6351667Z
  Time since last request: 0.0007751 seconds.
  importAddress: GUID: 86c6556701af9e04380698b89f691b6e - Path: Assets/Plugins & Utilities/FMOD/src/StudioListener.cs - Importer: ScriptedImporter/UnityEditor.QuickSearchModule:UnityEditor.Search:ASIAI0B
Importing 'GUID: 86c6556701af9e04380698b89f691b6e - Path: Assets/Plugins & Utilities/FMOD/src/StudioListener.cs - Importer: ScriptedImporter/UnityEditor.QuickSearchModule:UnityEditor.Search:ASIAI0B' with importer (ScriptedImporter : UnityEditor.QuickSearchModule:UnityEditor.Search:ASIAI0B)
Imported 'GUID: 86c6556701af9e04380698b89f691b6e' -> (Import Result ID: '7fa735c3968b0ae8a2d0ab979597b235') in 0.008 seconds [static and dynamic dependencies]. Details - ImportResultOutputID=f9ada9f1e6c6d3de9a6467ae30777462 DependenciesID=b61e053d59c4e494819c64e38e29f092 StaticDependenciesID=46196167d8ee41ae4a9861c1c4301e45 
Number of updated asset objects reloaded before import = 0
Number of asset objects unloaded after import = 0
========================================================================
Received Import Request.
  Time of request: 2026-08-24T15:03:55.662523Z
  Time since last request: 0.0012425 seconds.
  importAddress: GUID: 335f0a4b26fb46942858ea029e030d2a - Path: Assets/Plugins & Utilities/FMOD/src/PlatformPlayInEditor.cs - Importer: ScriptedImporter/UnityEditor.QuickSearchModule:UnityEditor.Search:ASIAI0B
Importing 'GUID: 335f0a4b26fb46942858ea029e030d2a - Path: Assets/Plugins & Utilities/FMOD/src/PlatformPlayInEditor.cs - Importer: ScriptedImporter/UnityEditor.QuickSearchModule:UnityEditor.Search:ASIAI0B' with importer (ScriptedImporter : UnityEditor.QuickSearchModule:UnityEditor.Search:ASIAI0B)
Imported 'GUID: 335f0a4b26fb46942858ea029e030d2a' -> (Import Result ID: 'ccf5ac7118f3f249697b828adb5e6d9f') in 0.007 seconds [static and dynamic dependencies]. Details - ImportResultOutputID=a16479406041c8951310dde2b141474c DependenciesID=4f3a0ec696eef2eeaa7aaa9168291f43 StaticDependenciesID=b2c00fd3f849563238aa6a7147fcd17f 
Number of updated asset objects reloaded before import = 0
Number of asset objects unloaded after import = 0
========================================================================
Received Import Request.
  Time of request: 2026-08-24T15:03:55.6890402Z
  Time since last request: 0.0009041 seconds.
  importAddress: GUID: 9a6610d2e704f1648819acc8d7460285 - Path: Assets/Plugins & Utilities/FMOD/src/StudioEventEmitter.cs - Importer: ScriptedImporter/UnityEditor.QuickSearchModule:UnityEditor.Search:ASIAI0B
Importing 'GUID: 9a6610d2e704f1648819acc8d7460285 - Path: Assets/Plugins & Utilities/FMOD/src/StudioEventEmitter.cs - Importer: ScriptedImporter/UnityEditor.QuickSearchModule:UnityEditor.Search:ASIAI0B' with importer (ScriptedImporter : UnityEditor.QuickSearchModule:UnityEditor.Search:ASIAI0B)
Imported 'GUID: 9a6610d2e704f1648819acc8d7460285' -> (Import Result ID: '266c7922dfff92561fed0ef5f4d90481') in 0.006 seconds [static and dynamic dependencies]. Details - ImportResultOutputID=9e9712ffc24ddebe7d251ca26ae864d8 DependenciesID=f9d757a2cc7958b2d90c078d1ca2eb64 StaticDependenciesID=98108b5ad2ece3568ddc3937b6aa73b8 
Number of updated asset objects reloaded before import = 0
Number of asset objects unloaded after import = 0
========================================================================
Received Import Request.
  Time of request: 2026-08-24T15:03:55.7138536Z
  Time since last request: 0.0006871 seconds.
  importAddress: GUID: 95ec7cdb63061e341857a39b9252a3ea - Path: Assets/UI/Circuit Details UI/Lap Time Details/Delta 4x -1541927058.png - Importer: ScriptedImporter/UnityEditor.QuickSearchModule:UnityEditor.Search:ASIAI0B
Importing 'GUID: 95ec7cdb63061e341857a39b9252a3ea - Path: Assets/UI/Circuit Details UI/Lap Time Details/Delta 4x -1541927058.png - Importer: ScriptedImporter/UnityEditor.QuickSearchModule:UnityEditor.Search:ASIAI0B' with importer (ScriptedImporter : UnityEditor.QuickSearchModule:UnityEditor.Search:ASIAI0B)
Imported 'GUID: 95ec7cdb63061e341857a39b9252a3ea' -> (Import Result ID: '041ee54dec90134bf1c0547814ae1492') in 0.030 seconds [static and dynamic dependencies]. Details - ImportResultOutputID=f9ad18c035c0e76a4cd6db90eb3d10f2 DependenciesID=c656f07148af9edc43b724ec51164eeb StaticDependenciesID=a5b300f5ce5a13343e4509333b9ddc22 
Number of updated asset objects reloaded before import = 0
Number of asset objects unloaded after import = 3
========================================================================
Received Import Request.
  Time of request: 2026-08-24T15:03:55.7625149Z
  Time since last request: 0.0006294 seconds.
  importAddress: GUID: b7b10c26cf550794183b926ffae615a7 - Path: Assets/Plugins & Utilities/FMOD/src/fmod_dsp.cs - Importer: ScriptedImporter/UnityEditor.QuickSearchModule:UnityEditor.Search:ASIAI0B
Importing 'GUID: b7b10c26cf550794183b926ffae615a7 - Path: Assets/Plugins & Utilities/FMOD/src/fmod_dsp.cs - Importer: ScriptedImporter/UnityEditor.QuickSearchModule:UnityEditor.Search:ASIAI0B' with importer (ScriptedImporter : UnityEditor.QuickSearchModule:UnityEditor.Search:ASIAI0B)
Imported 'GUID: b7b10c26cf550794183b926ffae615a7' -> (Import Result ID: '4f32942b0ffbc8e9cff25bffda1d3721') in 0.008 seconds [static and dynamic dependencies]. Details - ImportResultOutputID=cb814125e485698dad7803116676f63e DependenciesID=21bc8ffa8777c62c85cceabc0f1e99ba StaticDependenciesID=01bb5ba561955407c8b5464e18429cb3 
Number of updated asset objects reloaded before import = 0
Number of asset objects unloaded after import = 0
========================================================================
Received Import Request.
  Time of request: 2026-08-24T15:03:55.7916888Z
  Time since last request: 0.0005674 seconds.
  importAddress: GUID: d778dea0897c9924cb7a887fb2738a42 - Path: Assets/UI/Circuit Details UI/Name 4x -2025528598.png/Name 4x -2025528598.png - Importer: ScriptedImporter/UnityEditor.QuickSearchModule:UnityEditor.Search:ASIAI0B
Importing 'GUID: d778dea0897c9924cb7a887fb2738a42 - Path: Assets/UI/Circuit Details UI/Name 4x -2025528598.png/Name 4x -2025528598.png - Importer: ScriptedImporter/UnityEditor.QuickSearchModule:UnityEditor.Search:ASIAI0B' with importer (ScriptedImporter : UnityEditor.QuickSearchModule:UnityEditor.Search:ASIAI0B)
Imported 'GUID: d778dea0897c9924cb7a887fb2738a42' -> (Import Result ID: '5bc1d4692d34e821196c8484db25925f') in 0.035 seconds [static and dynamic dependencies]. Details - ImportResultOutputID=ca99047ba188f43c49f08cee00bc1f73 DependenciesID=4510848678b0d1354833b4d420e2d653 StaticDependenciesID=3d84c7b235f4a3b4e117063f6db27579 
Number of updated asset objects reloaded before import = 0
Number of asset objects unloaded after import = 3
========================================================================
Received Import Request.
  Time of request: 2026-08-24T15:03:55.8460821Z
  Time since last request: 0.0005485 seconds.
  importAddress: GUID: 987a467495df9d942b56b1b51381d095 - Path: Assets/Plugins & Utilities/FMOD/src/FMODEventPlayable.cs - Importer: ScriptedImporter/UnityEditor.QuickSearchModule:UnityEditor.Search:ASIAI0B
Importing 'GUID: 987a467495df9d942b56b1b51381d095 - Path: Assets/Plugins & Utilities/FMOD/src/FMODEventPlayable.cs - Importer: ScriptedImporter/UnityEditor.QuickSearchModule:UnityEditor.Search:ASIAI0B' with importer (ScriptedImporter : UnityEditor.QuickSearchModule:UnityEditor.Search:ASIAI0B)
Imported 'GUID: 987a467495df9d942b56b1b51381d095' -> (Import Result ID: '0efe3bf931900cde54f317703a3830f3') in 0.008 seconds [static and dynamic dependencies]. Details - ImportResultOutputID=a6dda61988bee7dfe5659cc3c1cf4897 DependenciesID=d9fab180a42b7412e184faf8ccecccb5 StaticDependenciesID=830ab476af04ac3ad3bc1c91c992d720 
Number of updated asset objects reloaded before import = 0
Number of asset objects unloaded after import = 0
========================================================================
Received Import Request.
  Time of request: 2026-08-24T15:03:55.8729478Z
  Time since last request: 0.0006495 seconds.
  importAddress: GUID: a5df9867bdacd604dbe1d73079151448 - Path: Assets/Skybox/Skybox Cubemap Extended/Demo/Demo Night.unity - Importer: ScriptedImporter/UnityEditor.QuickSearchModule:UnityEditor.Search:ASIAI0B
Importing 'GUID: a5df9867bdacd604dbe1d73079151448 - Path: Assets/Skybox/Skybox Cubemap Extended/Demo/Demo Night.unity - Importer: ScriptedImporter/UnityEditor.QuickSearchModule:UnityEditor.Search:ASIAI0B' with importer (ScriptedImporter : UnityEditor.QuickSearchModule:UnityEditor.Search:ASIAI0B)
Imported 'GUID: a5df9867bdacd604dbe1d73079151448' -> (Import Result ID: 'd775b29d403a553b2a527d46069364be') in 0.025 seconds [static and dynamic dependencies]. Details - ImportResultOutputID=5c24ca8619d9230bc619bca205cb01c1 DependenciesID=0b7be1832aa41eab8ed71e8ec8b1d7e4 StaticDependenciesID=bc6d25abd93b095c4a5a9b0c40f6988c 
Number of updated asset objects reloaded before import = 0
Number of asset objects unloaded after import = 1
========================================================================
Received Import Request.
  Time of request: 2026-08-24T15:03:55.9170242Z
  Time since last request: 0.0013382 seconds.
  importAddress: GUID: 399684ca2c61ec0438fa1f4c5af7f2d5 - Path: Assets/UI/Circuit Details UI/Lap Time Details/Delta 4x -1706798817.png - Importer: ScriptedImporter/UnityEditor.QuickSearchModule:UnityEditor.Search:ASIAI0B
Importing 'GUID: 399684ca2c61ec0438fa1f4c5af7f2d5 - Path: Assets/UI/Circuit Details UI/Lap Time Details/Delta 4x -1706798817.png - Importer: ScriptedImporter/UnityEditor.QuickSearchModule:UnityEditor.Search:ASIAI0B' with importer (ScriptedImporter : UnityEditor.QuickSearchModule:UnityEditor.Search:ASIAI0B)
Imported 'GUID: 399684ca2c61ec0438fa1f4c5af7f2d5' -> (Import Result ID: '485efea2054cd484a7823f856cef6c71') in 0.031 seconds [static and dynamic dependencies]. Details - ImportResultOutputID=ac66d629cd33450915124cec649652c8 DependenciesID=c00541b0489ad147df646106296dfc11 StaticDependenciesID=a6dacec692741a74b7f43d687e54cf27 
Number of updated asset objects reloaded before import = 0
Number of asset objects unloaded after import = 3
========================================================================
Received Import Request.
  Time of request: 2026-08-24T15:03:55.9669863Z
  Time since last request: 0.0005205 seconds.
  importAddress: GUID: d520445ea22e5ef45b38b61dc0925166 - Path: Assets/UI/Circuit Details UI/Lap Time Details/Delta 4x -1230679783.png - Importer: ScriptedImporter/UnityEditor.QuickSearchModule:UnityEditor.Search:ASIAI0B
Importing 'GUID: d520445ea22e5ef45b38b61dc0925166 - Path: Assets/UI/Circuit Details UI/Lap Time Details/Delta 4x -1230679783.png - Importer: ScriptedImporter/UnityEditor.QuickSearchModule:UnityEditor.Search:ASIAI0B' with importer (ScriptedImporter : UnityEditor.QuickSearchModule:UnityEditor.Search:ASIAI0B)
Imported 'GUID: d520445ea22e5ef45b38b61dc0925166' -> (Import Result ID: '94cbf660a45f3843770dfcee1ef42359') in 0.037 seconds [static and dynamic dependencies]. Details - ImportResultOutputID=243575c2608d32cd496490c533ca5d1c DependenciesID=89a5e192b616ec588588d3e93bb27098 StaticDependenciesID=3e777a2d98ed454840216d2c5915ca66 
Number of updated asset objects reloaded before import = 0
Number of asset objects unloaded after import = 3
========================================================================
Received Import Request.
  Time of request: 2026-08-24T15:03:56.0234198Z
  Time since last request: 0.0006402 seconds.
  importAddress: GUID: 744a208c85da6d04c861d81b992e4ead - Path: Assets/Plugins & Utilities/FMOD/src/StudioParameterTrigger.cs - Importer: ScriptedImporter/UnityEditor.QuickSearchModule:UnityEditor.Search:ASIAI0B
Importing 'GUID: 744a208c85da6d04c861d81b992e4ead - Path: Assets/Plugins & Utilities/FMOD/src/StudioParameterTrigger.cs - Importer: ScriptedImporter/UnityEditor.QuickSearchModule:UnityEditor.Search:ASIAI0B' with importer (ScriptedImporter : UnityEditor.QuickSearchModule:UnityEditor.Search:ASIAI0B)
Imported 'GUID: 744a208c85da6d04c861d81b992e4ead' -> (Import Result ID: 'd4de0a1000cc838f222f3e80f81b93c1') in 0.008 seconds [static and dynamic dependencies]. Details - ImportResultOutputID=f0f3bfbcc00cf52339821f3d847666b5 DependenciesID=efc7ef2a2e4e9b92784e66ae158b2be7 StaticDependenciesID=0cd71941ba694aae55eec3f0faf41e43 
Number of updated asset objects reloaded before import = 0
Number of asset objects unloaded after import = 0
========================================================================
Received Import Request.
  Time of request: 2026-08-24T15:03:56.0513024Z
  Time since last request: 0.0006612 seconds.
  importAddress: GUID: fade42e8bc714b018fac513c043d323b - Path: Assets/UI/TextMesh Pro/Resources/LineBreaking Following Characters.txt - Importer: ScriptedImporter/UnityEditor.QuickSearchModule:UnityEditor.Search:ASIAI0B
Importing 'GUID: fade42e8bc714b018fac513c043d323b - Path: Assets/UI/TextMesh Pro/Resources/LineBreaking Following Characters.txt - Importer: ScriptedImporter/UnityEditor.QuickSearchModule:UnityEditor.Search:ASIAI0B' with importer (ScriptedImporter : UnityEditor.QuickSearchModule:UnityEditor.Search:ASIAI0B)
Imported 'GUID: fade42e8bc714b018fac513c043d323b' -> (Import Result ID: 'f8f52fdf32367f4b530981cd81aa37c5') in 0.011 seconds [static and dynamic dependencies]. Details - ImportResultOutputID=cbe31dc3e3c78f96b81bdec6032f52bc DependenciesID=3d2e2aba672c9c531c87439c83198806 StaticDependenciesID=98cd879926d801be6880d703eac4c592 
Number of updated asset objects reloaded before import = 0
Number of asset objects unloaded after import = 1
========================================================================
Received Import Request.
  Time of request: 2026-08-24T15:03:56.0867566Z
  Time since last request: 0.0012046 seconds.
  importAddress: GUID: 416abe12e6ddde94e9b5711fa54ce21a - Path: Assets/UI/Circuit Details UI/Lap Time Details/Player Name 4x -1618943831.png - Importer: ScriptedImporter/UnityEditor.QuickSearchModule:UnityEditor.Search:ASIAI0B
Importing 'GUID: 416abe12e6ddde94e9b5711fa54ce21a - Path: Assets/UI/Circuit Details UI/Lap Time Details/Player Name 4x -1618943831.png - Importer: ScriptedImporter/UnityEditor.QuickSearchModule:UnityEditor.Search:ASIAI0B' with importer (ScriptedImporter : UnityEditor.QuickSearchModule:UnityEditor.Search:ASIAI0B)
Imported 'GUID: 416abe12e6ddde94e9b5711fa54ce21a' -> (Import Result ID: 'a50ab383e8f1cbfbe77d67b04e7e899c') in 0.035 seconds [static and dynamic dependencies]. Details - ImportResultOutputID=f72e79a954c2c3b2600713fde5e57d3e DependenciesID=b83d7c38de056571317f2318fa9316a1 StaticDependenciesID=31eebae8c1d139120835ee890f25eb36 
Number of updated asset objects reloaded before import = 0
Number of asset objects unloaded after import = 3
========================================================================
Received Import Request.
  Time of request: 2026-08-24T15:03:56.1420866Z
  Time since last request: 0.0006753 seconds.
  importAddress: GUID: e3265ab4bf004d28a9537516768c1c75 - Path: Assets/UI/TextMesh Pro/Fonts/LiberationSans.ttf - Importer: ScriptedImporter/UnityEditor.QuickSearchModule:UnityEditor.Search:ASIAI0B
Importing 'GUID: e3265ab4bf004d28a9537516768c1c75 - Path: Assets/UI/TextMesh Pro/Fonts/LiberationSans.ttf - Importer: ScriptedImporter/UnityEditor.QuickSearchModule:UnityEditor.Search:ASIAI0B' with importer (ScriptedImporter : UnityEditor.QuickSearchModule:UnityEditor.Search:ASIAI0B)
Imported 'GUID: e3265ab4bf004d28a9537516768c1c75' -> (Import Result ID: 'afc42e1f4bcd447b59052c077008f16b') in 0.022 seconds [static and dynamic dependencies]. Details - ImportResultOutputID=8b5902dc2799c95e5d625471249b81c3 DependenciesID=369ccea1210cce251e65638dfcc21cc5 StaticDependenciesID=9ef2ce6b78a8dfb819f6955a5d1671ed 
Number of updated asset objects reloaded before import = 0
Number of asset objects unloaded after import = 3
========================================================================
Received Import Request.
  Time of request: 2026-08-24T15:03:56.184828Z
  Time since last request: 0.0006519 seconds.
  importAddress: GUID: caffe6461f943e648bb1cc71f7a9cd74 - Path: Assets/UI/Circuit Details UI/Lap Time Details/Sector 2 4x 504608885.png - Importer: ScriptedImporter/UnityEditor.QuickSearchModule:UnityEditor.Search:ASIAI0B
Importing 'GUID: caffe6461f943e648bb1cc71f7a9cd74 - Path: Assets/UI/Circuit Details UI/Lap Time Details/Sector 2 4x 504608885.png - Importer: ScriptedImporter/UnityEditor.QuickSearchModule:UnityEditor.Search:ASIAI0B' with importer (ScriptedImporter : UnityEditor.QuickSearchModule:UnityEditor.Search:ASIAI0B)
Imported 'GUID: caffe6461f943e648bb1cc71f7a9cd74' -> (Import Result ID: 'c97fb78b90107605934bca09ffbeace2') in 0.035 seconds [static and dynamic dependencies]. Details - ImportResultOutputID=064f3ba467f5bcd66902e13dc0414c31 DependenciesID=1f12cf732d2a916e77bcf4161dcd4500 StaticDependenciesID=9f9653a9cf57588eeac2088cb1e62b6d 
Number of updated asset objects reloaded before import = 0
Number of asset objects unloaded after import = 3
========================================================================
Received Import Request.
  Time of request: 2026-08-24T15:03:56.241698Z
  Time since last request: 0.0010055 seconds.
  importAddress: GUID: b9468c5f457ace64f8d4df6d642b107f - Path: Assets/Plugins & Utilities/FMOD/src/StudioBankLoader.cs - Importer: ScriptedImporter/UnityEditor.QuickSearchModule:UnityEditor.Search:ASIAI0B
Importing 'GUID: b9468c5f457ace64f8d4df6d642b107f - Path: Assets/Plugins & Utilities/FMOD/src/StudioBankLoader.cs - Importer: ScriptedImporter/UnityEditor.QuickSearchModule:UnityEditor.Search:ASIAI0B' with importer (ScriptedImporter : UnityEditor.QuickSearchModule:UnityEditor.Search:ASIAI0B)
Imported 'GUID: b9468c5f457ace64f8d4df6d642b107f' -> (Import Result ID: 'ba56b694e19b6741f0f5ced20cc9447a') in 0.008 seconds [static and dynamic dependencies]. Details - ImportResultOutputID=ed2601c6a8ca0cb611705bf5f7dfba6b DependenciesID=d7749ce1c5acca81b6eb7f8527cc9612 StaticDependenciesID=8053e563e470099ab6a2f6c239ab1fcb 
Number of updated asset objects reloaded before import = 0
Number of asset objects unloaded after import = 0
========================================================================
Received Import Request.
  Time of request: 2026-08-24T15:03:56.2704818Z
  Time since last request: 0.0011211 seconds.
  importAddress: GUID: 79cc4a1e066c6544dbfe1be2d422e9bc - Path: Assets/UI/Circuit Details UI/Lap Time Details/Sector 2 4x 653503985.png - Importer: ScriptedImporter/UnityEditor.QuickSearchModule:UnityEditor.Search:ASIAI0B
Importing 'GUID: 79cc4a1e066c6544dbfe1be2d422e9bc - Path: Assets/UI/Circuit Details UI/Lap Time Details/Sector 2 4x 653503985.png - Importer: ScriptedImporter/UnityEditor.QuickSearchModule:UnityEditor.Search:ASIAI0B' with importer (ScriptedImporter : UnityEditor.QuickSearchModule:UnityEditor.Search:ASIAI0B)
Imported 'GUID: 79cc4a1e066c6544dbfe1be2d422e9bc' -> (Import Result ID: 'f85b548a3038cfc1c4636d94ce6a0155') in 0.033 seconds [static and dynamic dependencies]. Details - ImportResultOutputID=f9ec47747b6a0a0edbef81087ca919fd DependenciesID=37bd236ad308341d73f03586ad8a0ebf StaticDependenciesID=a740938124e3b37a000d7945bf9985cd 
Number of updated asset objects reloaded before import = 0
Number of asset objects unloaded after import = 3
========================================================================
Received Import Request.
  Time of request: 2026-08-24T15:03:56.3247749Z
  Time since last request: 0.0006411 seconds.
  importAddress: GUID: 6d049eb0281db9c4abd635ba1c79cb7b - Path: Assets/Plugins & Utilities/FMOD/src/PlatformGroup.cs - Importer: ScriptedImporter/UnityEditor.QuickSearchModule:UnityEditor.Search:ASIAI0B
Importing 'GUID: 6d049eb0281db9c4abd635ba1c79cb7b - Path: Assets/Plugins & Utilities/FMOD/src/PlatformGroup.cs - Importer: ScriptedImporter/UnityEditor.QuickSearchModule:UnityEditor.Search:ASIAI0B' with importer (ScriptedImporter : UnityEditor.QuickSearchModule:UnityEditor.Search:ASIAI0B)
Imported 'GUID: 6d049eb0281db9c4abd635ba1c79cb7b' -> (Import Result ID: 'a11a6ca5cb103a34356f70a0a59b3fe0') in 0.008 seconds [static and dynamic dependencies]. Details - ImportResultOutputID=894dd168c6d299c1e10ec7441e30ba6f DependenciesID=866db3291eb15b2553f0ce57dfb6f7cb StaticDependenciesID=fd2644ecef82ac6d4d85ec1b6acc2dda 
Number of updated asset objects reloaded before import = 0
Number of asset objects unloaded after import = 0
========================================================================
Received Import Request.
  Time of request: 2026-08-24T15:03:56.3597577Z
  Time since last request: 0.0007329 seconds.
  importAddress: GUID: 96de908384869cd409c75efa351d5edf - Path: Assets/UI/TextMesh Pro/Shaders/SDFFunctions.hlsl - Importer: ScriptedImporter/UnityEditor.QuickSearchModule:UnityEditor.Search:ASIAI0B
Importing 'GUID: 96de908384869cd409c75efa351d5edf - Path: Assets/UI/TextMesh Pro/Shaders/SDFFunctions.hlsl - Importer: ScriptedImporter/UnityEditor.QuickSearchModule:UnityEditor.Search:ASIAI0B' with importer (ScriptedImporter : UnityEditor.QuickSearchModule:UnityEditor.Search:ASIAI0B)
Imported 'GUID: 96de908384869cd409c75efa351d5edf' -> (Import Result ID: 'ebfbd21a688842b3754f53b2aeecf5ba') in 0.010 seconds [static and dynamic dependencies]. Details - ImportResultOutputID=f73af8e5d9e73f16e80cb36f0acf556a DependenciesID=8d7f579dd266c80630ee3b2ad2c52b5c StaticDependenciesID=65094fedd93483a387ff065e851cb6f6 
Number of updated asset objects reloaded before import = 0
Number of asset objects unloaded after import = 1
========================================================================
Received Import Request.
  Time of request: 2026-08-24T15:03:56.3894286Z
  Time since last request: 0.0007841 seconds.
  importAddress: GUID: d9eb4a37ddc32eb43866ab8f8a546b11 - Path: Assets/UI/Circuit Details UI/Sector 1 4x -364316325.png/Sector 1 4x -364316325.png - Importer: ScriptedImporter/UnityEditor.QuickSearchModule:UnityEditor.Search:ASIAI0B
Importing 'GUID: d9eb4a37ddc32eb43866ab8f8a546b11 - Path: Assets/UI/Circuit Details UI/Sector 1 4x -364316325.png/Sector 1 4x -364316325.png - Importer: ScriptedImporter/UnityEditor.QuickSearchModule:UnityEditor.Search:ASIAI0B' with importer (ScriptedImporter : UnityEditor.QuickSearchModule:UnityEditor.Search:ASIAI0B)
Imported 'GUID: d9eb4a37ddc32eb43866ab8f8a546b11' -> (Import Result ID: '27dee35c18529c602f79ace81b110d03') in 0.033 seconds [static and dynamic dependencies]. Details - ImportResultOutputID=8b6d495ec7923ab664a147c7c05a119f DependenciesID=90c78f80116eb124bb22ccd2c88ae09e StaticDependenciesID=99283869e84b8a09685dd75b89ce3929 
Number of updated asset objects reloaded before import = 0
Number of asset objects unloaded after import = 3
========================================================================
Received Import Request.
  Time of request: 2026-08-24T15:03:56.4490062Z
  Time since last request: 0.001537 seconds.
  importAddress: GUID: 67adac43bcf286444be612074ab04f75 - Path: Assets/Skybox/Skybox Cubemap Extended/Demo/Demo Day.unity - Importer: ScriptedImporter/UnityEditor.QuickSearchModule:UnityEditor.Search:ASIAI0B
Importing 'GUID: 67adac43bcf286444be612074ab04f75 - Path: Assets/Skybox/Skybox Cubemap Extended/Demo/Demo Day.unity - Importer: ScriptedImporter/UnityEditor.QuickSearchModule:UnityEditor.Search:ASIAI0B' with importer (ScriptedImporter : UnityEditor.QuickSearchModule:UnityEditor.Search:ASIAI0B)
Imported 'GUID: 67adac43bcf286444be612074ab04f75' -> (Import Result ID: '3453daedf60daedee451222139cad407') in 0.031 seconds [static and dynamic dependencies]. Details - ImportResultOutputID=e72f42b22f399dcaeea18e2befc02ccb DependenciesID=dfd0a9bca85dfd8dc58fdbe32012cfb0 StaticDependenciesID=25760c22e29e0067c3ed2ba3bc259062 
Number of updated asset objects reloaded before import = 0
Number of asset objects unloaded after import = 1
========================================================================
Received Import Request.
  Time of request: 2026-08-24T15:03:56.5020634Z
  Time since last request: 0.0008001 seconds.
  importAddress: GUID: 7ae6224668d1647429723f89e10d593f - Path: Assets/Plugins & Utilities/FMOD/src/ParamRefAttribute.cs - Importer: ScriptedImporter/UnityEditor.QuickSearchModule:UnityEditor.Search:ASIAI0B
Importing 'GUID: 7ae6224668d1647429723f89e10d593f - Path: Assets/Plugins & Utilities/FMOD/src/ParamRefAttribute.cs - Importer: ScriptedImporter/UnityEditor.QuickSearchModule:UnityEditor.Search:ASIAI0B' with importer (ScriptedImporter : UnityEditor.QuickSearchModule:UnityEditor.Search:ASIAI0B)
Imported 'GUID: 7ae6224668d1647429723f89e10d593f' -> (Import Result ID: '6998f6e692759bfc8135203a38c13e4b') in 0.007 seconds [static and dynamic dependencies]. Details - ImportResultOutputID=8d871fa335990b87d027f24d61f5893e DependenciesID=8cf60b370c6491e1a0975c56815a3104 StaticDependenciesID=b6a67d6c8de3ab8bda870a9e6cb4e2d4 
Number of updated asset objects reloaded before import = 0
Number of asset objects unloaded after import = 0
========================================================================
Received Import Request.
  Time of request: 2026-08-24T15:03:56.5308788Z
  Time since last request: 0.0006673 seconds.
  importAddress: GUID: 10f1dd4cfd6afb54da274d7d818bd8f6 - Path: Assets/Skybox/Utils/Editor/Boxophobic.Utils.Editor.asmdef - Importer: ScriptedImporter/UnityEditor.QuickSearchModule:UnityEditor.Search:ASIAI0B
Importing 'GUID: 10f1dd4cfd6afb54da274d7d818bd8f6 - Path: Assets/Skybox/Utils/Editor/Boxophobic.Utils.Editor.asmdef - Importer: ScriptedImporter/UnityEditor.QuickSearchModule:UnityEditor.Search:ASIAI0B' with importer (ScriptedImporter : UnityEditor.QuickSearchModule:UnityEditor.Search:ASIAI0B)
Imported 'GUID: 10f1dd4cfd6afb54da274d7d818bd8f6' -> (Import Result ID: 'e6d337b1aa709cd8e5786091c780cb39') in 0.021 seconds [static and dynamic dependencies]. Details - ImportResultOutputID=8b1b8a736c78861b00a8576a0d3d37eb DependenciesID=02ac57afd764959a5f914f4aeeb4e235 StaticDependenciesID=ddc6e9f15fb891a524f82471db3a8b0d 
Number of updated asset objects reloaded before import = 0
Number of asset objects unloaded after import = 1
========================================================================
Received Import Request.
  Time of request: 2026-08-24T15:03:56.5746478Z
  Time since last request: 0.0007045 seconds.
  importAddress: GUID: 5e5fb8ce07f0ce84b9d1852869527ea5 - Path: Assets/Plugins & Utilities/FMOD/src/RuntimeManager.cs - Importer: ScriptedImporter/UnityEditor.QuickSearchModule:UnityEditor.Search:ASIAI0B
Importing 'GUID: 5e5fb8ce07f0ce84b9d1852869527ea5 - Path: Assets/Plugins & Utilities/FMOD/src/RuntimeManager.cs - Importer: ScriptedImporter/UnityEditor.QuickSearchModule:UnityEditor.Search:ASIAI0B' with importer (ScriptedImporter : UnityEditor.QuickSearchModule:UnityEditor.Search:ASIAI0B)
Imported 'GUID: 5e5fb8ce07f0ce84b9d1852869527ea5' -> (Import Result ID: 'ad4412fbbb1f697457dbc35325c21098') in 0.008 seconds [static and dynamic dependencies]. Details - ImportResultOutputID=fc32f6a5c085eda02a7307330d3addf7 DependenciesID=bf101cd09d777bb0cb775b949c5a09d7 StaticDependenciesID=2f488aa1bbc292f4594ed8066efdb712 
Number of updated asset objects reloaded before import = 0
Number of asset objects unloaded after import = 0
========================================================================
Received Import Request.
  Time of request: 2026-08-24T15:03:56.6041269Z
  Time since last request: 0.0008505 seconds.
  importAddress: GUID: 407bc68d299748449bbf7f48ee690f8d - Path: Assets/UI/TextMesh Pro/Shaders/TMPro.cginc - Importer: ScriptedImporter/UnityEditor.QuickSearchModule:UnityEditor.Search:ASIAI0B
Importing 'GUID: 407bc68d299748449bbf7f48ee690f8d - Path: Assets/UI/TextMesh Pro/Shaders/TMPro.cginc - Importer: ScriptedImporter/UnityEditor.QuickSearchModule:UnityEditor.Search:ASIAI0B' with importer (ScriptedImporter : UnityEditor.QuickSearchModule:UnityEditor.Search:ASIAI0B)
Imported 'GUID: 407bc68d299748449bbf7f48ee690f8d' -> (Import Result ID: '032d07bf09007a4d37e219d7bf139356') in 0.009 seconds [static and dynamic dependencies]. Details - ImportResultOutputID=d478081dc09a9f8693953033fc124156 DependenciesID=1c4a8bcdf2755f1c416abbade8ef01b3 StaticDependenciesID=148d5efd61bda9a4caa1c73db1ebcb6b 
Number of updated asset objects reloaded before import = 0
Number of asset objects unloaded after import = 1
========================================================================
Received Import Request.
  Time of request: 2026-08-24T15:03:56.6337702Z
  Time since last request: 0.0011713 seconds.
  importAddress: GUID: 3abeb1429547a134480f4f2f1efc7e21 - Path: Assets/Plugins & Utilities/FMOD/src/PlatformMobileLow.cs - Importer: ScriptedImporter/UnityEditor.QuickSearchModule:UnityEditor.Search:ASIAI0B
Importing 'GUID: 3abeb1429547a134480f4f2f1efc7e21 - Path: Assets/Plugins & Utilities/FMOD/src/PlatformMobileLow.cs - Importer: ScriptedImporter/UnityEditor.QuickSearchModule:UnityEditor.Search:ASIAI0B' with importer (ScriptedImporter : UnityEditor.QuickSearchModule:UnityEditor.Search:ASIAI0B)
Imported 'GUID: 3abeb1429547a134480f4f2f1efc7e21' -> (Import Result ID: 'c415e8b5a0dfc5392e8c869c0c5a7ea4') in 0.008 seconds [static and dynamic dependencies]. Details - ImportResultOutputID=b4b608698afa2ade12bd7a1a874fc341 DependenciesID=1c9fcbcd8cff2064901ff8a0a8d0d195 StaticDependenciesID=28ff9f79cdd51c4c1d6da3bf029f505c 
Number of updated asset objects reloaded before import = 0
Number of asset objects unloaded after import = 0
========================================================================
Received Import Request.
  Time of request: 2026-08-24T15:03:56.6630471Z
  Time since last request: 0.0007466 seconds.
  importAddress: GUID: a15c57a0379e088458f4b54715babf2b - Path: Assets/Skybox/Utils/Editor/Version.asset - Importer: ScriptedImporter/UnityEditor.QuickSearchModule:UnityEditor.Search:ASIAI0B
Importing 'GUID: a15c57a0379e088458f4b54715babf2b - Path: Assets/Skybox/Utils/Editor/Version.asset - Importer: ScriptedImporter/UnityEditor.QuickSearchModule:UnityEditor.Search:ASIAI0B' with importer (ScriptedImporter : UnityEditor.QuickSearchModule:UnityEditor.Search:ASIAI0B)
Imported 'GUID: a15c57a0379e088458f4b54715babf2b' -> (Import Result ID: '0f16229e7d44ebb31b40de0ea1abc19a') in 0.012 seconds [static and dynamic dependencies]. Details - ImportResultOutputID=195596173f996baaeae7f209c6bc71d4 DependenciesID=1925d428af5ec860f1469c27ae29266d StaticDependenciesID=e2549eaf3c35806496a3234d05331556 
Number of updated asset objects reloaded before import = 0
Number of asset objects unloaded after import = 1
========================================================================
Received Import Request.
  Time of request: 2026-08-24T15:03:56.6949412Z
  Time since last request: 0.0006999 seconds.
  importAddress: GUID: eef8d824ea7b63742966aaa0e94ac383 - Path: Assets/Plugins & Utilities/FMOD/src/Settings.cs - Importer: ScriptedImporter/UnityEditor.QuickSearchModule:UnityEditor.Search:ASIAI0B
Importing 'GUID: eef8d824ea7b63742966aaa0e94ac383 - Path: Assets/Plugins & Utilities/FMOD/src/Settings.cs - Importer: ScriptedImporter/UnityEditor.QuickSearchModule:UnityEditor.Search:ASIAI0B' with importer (ScriptedImporter : UnityEditor.QuickSearchModule:UnityEditor.Search:ASIAI0B)
Imported 'GUID: eef8d824ea7b63742966aaa0e94ac383' -> (Import Result ID: '5981b9a9ae6d600c32ada52626b1a32c') in 0.008 seconds [static and dynamic dependencies]. Details - ImportResultOutputID=467152868ba04e0c3f7addbf92fcdfb6 DependenciesID=2e1a177e51f7dffe8f4b82ea12dff111 StaticDependenciesID=1b8aabf11f9097725fe6b98d28f320dd 
Number of updated asset objects reloaded before import = 0
Number of asset objects unloaded after import = 0
========================================================================
Received Import Request.
  Time of request: 2026-08-24T15:03:56.7268693Z
  Time since last request: 0.000709 seconds.
  importAddress: GUID: 133253f56854570409c222a87786b263 - Path: Assets/Plugins & Utilities/FMOD/src/FMODEventTrack.cs - Importer: ScriptedImporter/UnityEditor.QuickSearchModule:UnityEditor.Search:ASIAI0B
Importing 'GUID: 133253f56854570409c222a87786b263 - Path: Assets/Plugins & Utilities/FMOD/src/FMODEventTrack.cs - Importer: ScriptedImporter/UnityEditor.QuickSearchModule:UnityEditor.Search:ASIAI0B' with importer (ScriptedImporter : UnityEditor.QuickSearchModule:UnityEditor.Search:ASIAI0B)
Imported 'GUID: 133253f56854570409c222a87786b263' -> (Import Result ID: '4ebf4c18162604e8ab5e0217835833ec') in 0.011 seconds [static and dynamic dependencies]. Details - ImportResultOutputID=e38d50976e0be995a47bee38143a57ab DependenciesID=07b134192a0733fabf67adec32b58a9b StaticDependenciesID=46e4b2667268f55b6a7784f7fffd76f1 
Number of updated asset objects reloaded before import = 0
Number of asset objects unloaded after import = 1
========================================================================
Received Import Request.
  Time of request: 2026-08-24T15:03:56.761358Z
  Time since last request: 0.0006668 seconds.
  importAddress: GUID: 9b40f8b9f07a56e43b40175a88e3cef8 - Path: Assets/UI/Circuit Details UI/Lap Time Details/Name 4x -770016886.png - Importer: ScriptedImporter/UnityEditor.QuickSearchModule:UnityEditor.Search:ASIAI0B
Importing 'GUID: 9b40f8b9f07a56e43b40175a88e3cef8 - Path: Assets/UI/Circuit Details UI/Lap Time Details/Name 4x -770016886.png - Importer: ScriptedImporter/UnityEditor.QuickSearchModule:UnityEditor.Search:ASIAI0B' with importer (ScriptedImporter : UnityEditor.QuickSearchModule:UnityEditor.Search:ASIAI0B)
Imported 'GUID: 9b40f8b9f07a56e43b40175a88e3cef8' -> (Import Result ID: 'da5ef0bb17ffb2539641b55dd6de7011') in 0.044 seconds [static and dynamic dependencies]. Details - ImportResultOutputID=83347f7eee67f77f6b8f857a78dea77f DependenciesID=496a4fcc80ffa02bac6dcbf53b8cd554 StaticDependenciesID=6a636d59f26934424bbdf2c94a06971d 
Number of updated asset objects reloaded before import = 0
Number of asset objects unloaded after import = 3
========================================================================
Received Import Request.
  Time of request: 2026-08-24T15:03:56.825167Z
  Time since last request: 0.0006615 seconds.
  importAddress: GUID: 6e349601408e423499e7b9f75216091d - Path: Assets/Plugins & Utilities/FMOD/src/RuntimeUtils.cs - Importer: ScriptedImporter/UnityEditor.QuickSearchModule:UnityEditor.Search:ASIAI0B
Importing 'GUID: 6e349601408e423499e7b9f75216091d - Path: Assets/Plugins & Utilities/FMOD/src/RuntimeUtils.cs - Importer: ScriptedImporter/UnityEditor.QuickSearchModule:UnityEditor.Search:ASIAI0B' with importer (ScriptedImporter : UnityEditor.QuickSearchModule:UnityEditor.Search:ASIAI0B)
Imported 'GUID: 6e349601408e423499e7b9f75216091d' -> (Import Result ID: 'e6ffad3c4d691d4c9773bdb1674f319c') in 0.011 seconds [static and dynamic dependencies]. Details - ImportResultOutputID=3e2f3fa35de4081be4f7b2e39f032693 DependenciesID=84692768a763bb230aff1383d3d04f83 StaticDependenciesID=ce42dfcee94cb7f99f490989c32ec235 
Number of updated asset objects reloaded before import = 0
Number of asset objects unloaded after import = 0
========================================================================
Received Import Request.
  Time of request: 2026-08-24T15:03:56.8581201Z
  Time since last request: 0.000037 seconds.
  importAddress: GUID: 6e59c59b81ab47f9b6ec5781fa725d2c - Path: Assets/UI/TextMesh Pro/Fonts/LiberationSans - OFL.txt - Importer: ScriptedImporter/UnityEditor.QuickSearchModule:UnityEditor.Search:ASIAI0B
Importing 'GUID: 6e59c59b81ab47f9b6ec5781fa725d2c - Path: Assets/UI/TextMesh Pro/Fonts/LiberationSans - OFL.txt - Importer: ScriptedImporter/UnityEditor.QuickSearchModule:UnityEditor.Search:ASIAI0B' with importer (ScriptedImporter : UnityEditor.QuickSearchModule:UnityEditor.Search:ASIAI0B)
Imported 'GUID: 6e59c59b81ab47f9b6ec5781fa725d2c' -> (Import Result ID: '1c70084a0fbbc89bda5d5fa2043e3a3d') in 0.011 seconds [static and dynamic dependencies]. Details - ImportResultOutputID=9eee18285ceb1400f4b1ae9eb54c6985 DependenciesID=65923edd73bfa6a04474268803dcf7bb StaticDependenciesID=2b8296175b331301f369d64d0c1d5891 
Number of updated asset objects reloaded before import = 0
Number of asset objects unloaded after import = 1
========================================================================
Received Import Request.
  Time of request: 2026-08-24T15:03:56.8917642Z
  Time since last request: 0.000696 seconds.
  importAddress: GUID: a66e5f1bb7e0e90469c3bcd8ae5c4b2d - Path: Assets/Skybox/Skybox Cubemap Extended/Demo/Demo Blend.unity - Importer: ScriptedImporter/UnityEditor.QuickSearchModule:UnityEditor.Search:ASIAI0B
Importing 'GUID: a66e5f1bb7e0e90469c3bcd8ae5c4b2d - Path: Assets/Skybox/Skybox Cubemap Extended/Demo/Demo Blend.unity - Importer: ScriptedImporter/UnityEditor.QuickSearchModule:UnityEditor.Search:ASIAI0B' with importer (ScriptedImporter : UnityEditor.QuickSearchModule:UnityEditor.Search:ASIAI0B)
Imported 'GUID: a66e5f1bb7e0e90469c3bcd8ae5c4b2d' -> (Import Result ID: '506d380a62c2fb8105d9cffbbb81c3b9') in 0.030 seconds [static and dynamic dependencies]. Details - ImportResultOutputID=fed70ed8e999d405619b867f6d80556d DependenciesID=03583db6a43895d334d30eb84529946a StaticDependenciesID=0714653a1d9d2d72eb5111b5dcfaad76 
Number of updated asset objects reloaded before import = 0
Number of asset objects unloaded after import = 1
========================================================================
Received Import Request.
  Time of request: 2026-08-24T15:03:56.9456632Z
  Time since last request: 0.0007642 seconds.
  importAddress: GUID: 077d91266040ff046923432ea6e0b36f - Path: Assets/UI/Fonts/Ttf/Bungee Spice-Normal.ttf - Importer: ScriptedImporter/UnityEditor.QuickSearchModule:UnityEditor.Search:ASIAI0B
Importing 'GUID: 077d91266040ff046923432ea6e0b36f - Path: Assets/UI/Fonts/Ttf/Bungee Spice-Normal.ttf - Importer: ScriptedImporter/UnityEditor.QuickSearchModule:UnityEditor.Search:ASIAI0B' with importer (ScriptedImporter : UnityEditor.QuickSearchModule:UnityEditor.Search:ASIAI0B)
Imported 'GUID: 077d91266040ff046923432ea6e0b36f' -> (Import Result ID: '395eea24c25be10845b47da4589bc88c') in 0.018 seconds [static and dynamic dependencies]. Details - ImportResultOutputID=968134b1afa5ec9c269dea7a81b2a779 DependenciesID=b79ca1d9b8a3fa52076ac925372c99b9 StaticDependenciesID=591e842b8fa805e4d40347a65edbb684 
Number of updated asset objects reloaded before import = 0
Number of asset objects unloaded after import = 3
========================================================================
Received Import Request.
  Time of request: 2026-08-24T15:03:56.9902499Z
  Time since last request: 0.0008552 seconds.
  importAddress: GUID: 194c40b5b584dbb42836fd3b33c7c335 - Path: Assets/UI/Circuit Details UI/Delta 4x 810656227.png/Delta 4x 810656227.png - Importer: ScriptedImporter/UnityEditor.QuickSearchModule:UnityEditor.Search:ASIAI0B
Importing 'GUID: 194c40b5b584dbb42836fd3b33c7c335 - Path: Assets/UI/Circuit Details UI/Delta 4x 810656227.png/Delta 4x 810656227.png - Importer: ScriptedImporter/UnityEditor.QuickSearchModule:UnityEditor.Search:ASIAI0B' with importer (ScriptedImporter : UnityEditor.QuickSearchModule:UnityEditor.Search:ASIAI0B)
Imported 'GUID: 194c40b5b584dbb42836fd3b33c7c335' -> (Import Result ID: 'c37864dcc0bb379c710d855e2cb9c506') in 0.036 seconds [static and dynamic dependencies]. Details - ImportResultOutputID=8946093960a72e164d1f7d9f1956a262 DependenciesID=f10cb2c7b33cb20f1a77bebbdb09bf3e StaticDependenciesID=ea84328120029becd07f1b5ddf4e0245 
Number of updated asset objects reloaded before import = 0
Number of asset objects unloaded after import = 3
========================================================================
Received Import Request.
  Time of request: 2026-08-24T15:03:57.0469314Z
  Time since last request: 0.0006226 seconds.
  importAddress: GUID: 6d225f58c4f968f43bb63a20f78da144 - Path: Assets/UI/Circuit Details UI/Lap Time Details/Lap Times 4x -1809239286.png - Importer: ScriptedImporter/UnityEditor.QuickSearchModule:UnityEditor.Search:ASIAI0B
Importing 'GUID: 6d225f58c4f968f43bb63a20f78da144 - Path: Assets/UI/Circuit Details UI/Lap Time Details/Lap Times 4x -1809239286.png - Importer: ScriptedImporter/UnityEditor.QuickSearchModule:UnityEditor.Search:ASIAI0B' with importer (ScriptedImporter : UnityEditor.QuickSearchModule:UnityEditor.Search:ASIAI0B)
Imported 'GUID: 6d225f58c4f968f43bb63a20f78da144' -> (Import Result ID: 'e498829ab69b28a629a2b7501ed30d99') in 0.038 seconds [static and dynamic dependencies]. Details - ImportResultOutputID=5268685401170eb80dca09b5ae454a33 DependenciesID=4ececa75b4e7b073139ef16882596152 StaticDependenciesID=1d4bb8bc77dcff4638a6a809fd40c6f8 
Number of updated asset objects reloaded before import = 0
Number of asset objects unloaded after import = 3
========================================================================
Received Import Request.
  Time of request: 2026-08-24T15:03:57.1060677Z
  Time since last request: 0.0005976 seconds.
  importAddress: GUID: c8dff4db1595d274bbcb249fec460a44 - Path: Assets/UI/Fonts/Sdf/Bungee Spice-Normal.asset - Importer: ScriptedImporter/UnityEditor.QuickSearchModule:UnityEditor.Search:ASIAI0B
Importing 'GUID: c8dff4db1595d274bbcb249fec460a44 - Path: Assets/UI/Fonts/Sdf/Bungee Spice-Normal.asset - Importer: ScriptedImporter/UnityEditor.QuickSearchModule:UnityEditor.Search:ASIAI0B' with importer (ScriptedImporter : UnityEditor.QuickSearchModule:UnityEditor.Search:ASIAI0B)
Imported 'GUID: c8dff4db1595d274bbcb249fec460a44' -> (Import Result ID: 'b342038d493be2b81e2210b0f2953674') in 0.087 seconds [static and dynamic dependencies]. Details - ImportResultOutputID=c95f1803f8a744c83ea8f4e06673d4c5 DependenciesID=58e163faa0ee66ef84103fed14132784 StaticDependenciesID=3818d2688baea8329cf39205ca705524 
Number of updated asset objects reloaded before import = 0
Number of asset objects unloaded after import = 5
========================================================================
Received Import Request.
  Time of request: 2026-08-24T15:03:57.2140609Z
  Time since last request: 0.0009214 seconds.
  importAddress: GUID: 1b1e4da3fb15e7a45a8f104b7d0fd6d9 - Path: Assets/Plugins & Utilities/FMOD/src/EventReference.cs - Importer: ScriptedImporter/UnityEditor.QuickSearchModule:UnityEditor.Search:ASIAI0B
Importing 'GUID: 1b1e4da3fb15e7a45a8f104b7d0fd6d9 - Path: Assets/Plugins & Utilities/FMOD/src/EventReference.cs - Importer: ScriptedImporter/UnityEditor.QuickSearchModule:UnityEditor.Search:ASIAI0B' with importer (ScriptedImporter : UnityEditor.QuickSearchModule:UnityEditor.Search:ASIAI0B)
Imported 'GUID: 1b1e4da3fb15e7a45a8f104b7d0fd6d9' -> (Import Result ID: 'a7b080c236ba0f0aa9434460fd900b7c') in 0.008 seconds [static and dynamic dependencies]. Details - ImportResultOutputID=04ab4c902c5f9192205475297e6cf9ca DependenciesID=2f4cc3d928a032e9fde04c29dce19b19 StaticDependenciesID=75e089411fecc046bdf4c410f25c8503 
Number of updated asset objects reloaded before import = 0
Number of asset objects unloaded after import = 0
========================================================================
Received Import Request.
  Time of request: 2026-08-24T15:03:57.2431511Z
  Time since last request: 0.0006368 seconds.
  importAddress: GUID: e7df340ba8041134888b271ea2124fcd - Path: Assets/Plugins & Utilities/FMOD/src/Platform.cs - Importer: ScriptedImporter/UnityEditor.QuickSearchModule:UnityEditor.Search:ASIAI0B
Importing 'GUID: e7df340ba8041134888b271ea2124fcd - Path: Assets/Plugins & Utilities/FMOD/src/Platform.cs - Importer: ScriptedImporter/UnityEditor.QuickSearchModule:UnityEditor.Search:ASIAI0B' with importer (ScriptedImporter : UnityEditor.QuickSearchModule:UnityEditor.Search:ASIAI0B)
Imported 'GUID: e7df340ba8041134888b271ea2124fcd' -> (Import Result ID: 'edd0e596e99bc09ce58016022fb3f6c2') in 0.008 seconds [static and dynamic dependencies]. Details - ImportResultOutputID=4e7ed61d47fbef0c535d23cab26378c8 DependenciesID=7821f940a8814fb98ab28c24c4a33779 StaticDependenciesID=7b5286c59958314f2a10da581bbe3743 
Number of updated asset objects reloaded before import = 0
Number of asset objects unloaded after import = 0
========================================================================
Received Import Request.
  Time of request: 2026-08-24T15:03:57.2741178Z
  Time since last request: 0.0010854 seconds.
  importAddress: GUID: f33331ac4ba3de3428ca8cb018c85bce - Path: Assets/UI/Circuit Details UI/Lap Time Details/Delta 4x 1598598585.png - Importer: ScriptedImporter/UnityEditor.QuickSearchModule:UnityEditor.Search:ASIAI0B
Importing 'GUID: f33331ac4ba3de3428ca8cb018c85bce - Path: Assets/UI/Circuit Details UI/Lap Time Details/Delta 4x 1598598585.png - Importer: ScriptedImporter/UnityEditor.QuickSearchModule:UnityEditor.Search:ASIAI0B' with importer (ScriptedImporter : UnityEditor.QuickSearchModule:UnityEditor.Search:ASIAI0B)
Imported 'GUID: f33331ac4ba3de3428ca8cb018c85bce' -> (Import Result ID: '903b31154447b6dcdb5b442281f7b04c') in 0.037 seconds [static and dynamic dependencies]. Details - ImportResultOutputID=ff502b2258f1a669ba2e2ffdfbaa4865 DependenciesID=e0908ea0d094f9db5ed44c7040b84d77 StaticDependenciesID=919125a74f93f584077f68274608382d 
Number of updated asset objects reloaded before import = 0
Number of asset objects unloaded after import = 3
========================================================================
Received Import Request.
  Time of request: 2026-08-24T15:03:57.5041929Z
  Time since last request: 0.1682397 seconds.
  importAddress: GUID: f9fa9ebfa2606f840a23f0bb0ac882af - Path: Assets/UI/UI Asset/Free/Button_Medium_A.png - Importer: ScriptedImporter/UnityEditor.QuickSearchModule:UnityEditor.Search:ASIAI0B
Importing 'GUID: f9fa9ebfa2606f840a23f0bb0ac882af - Path: Assets/UI/UI Asset/Free/Button_Medium_A.png - Importer: ScriptedImporter/UnityEditor.QuickSearchModule:UnityEditor.Search:ASIAI0B' with importer (ScriptedImporter : UnityEditor.QuickSearchModule:UnityEditor.Search:ASIAI0B)
Imported 'GUID: f9fa9ebfa2606f840a23f0bb0ac882af' -> (Import Result ID: 'e84c8fcf70d6f58b395538cf7a364de0') in 0.024 seconds [static and dynamic dependencies]. Details - ImportResultOutputID=9915c94f33dba4071b60e852b0434f44 DependenciesID=4ea9f7c56496386f710eb8eb03689117 StaticDependenciesID=77e3a660187cbfe4711ed76b07d40014 
Number of updated asset objects reloaded before import = 0
Number of asset objects unloaded after import = 3
========================================================================
Received Import Request.
  Time of request: 2026-08-24T15:03:57.5402551Z
  Time since last request: 0.0002599 seconds.
  importAddress: GUID: adfae103208dcfb479b198bfb03f095e - Path: Assets/UI/UI Asset/Free/Down BTN.png - Importer: ScriptedImporter/UnityEditor.QuickSearchModule:UnityEditor.Search:ASIAI0B
Importing 'GUID: adfae103208dcfb479b198bfb03f095e - Path: Assets/UI/UI Asset/Free/Down BTN.png - Importer: ScriptedImporter/UnityEditor.QuickSearchModule:UnityEditor.Search:ASIAI0B' with importer (ScriptedImporter : UnityEditor.QuickSearchModule:UnityEditor.Search:ASIAI0B)
Imported 'GUID: adfae103208dcfb479b198bfb03f095e' -> (Import Result ID: 'd242b8e43bb1b903dcefbca05cf58ce4') in 0.025 seconds [static and dynamic dependencies]. Details - ImportResultOutputID=bdbcaf66dbe51004e26fbf8ab838c7a0 DependenciesID=503f940ceb8500e4b380c141221b748d StaticDependenciesID=c7b971f3784caae70ddfee7ea5d4591a 
Number of updated asset objects reloaded before import = 0
Number of asset objects unloaded after import = 3
========================================================================
Received Import Request.
  Time of request: 2026-08-24T15:03:57.5778961Z
  Time since last request: 0.0004858 seconds.
  importAddress: GUID: dcdc43f7a0ad67b4ab3e3db38233dfae - Path: Assets/UI/UI Asset/Free/32.png - Importer: ScriptedImporter/UnityEditor.QuickSearchModule:UnityEditor.Search:ASIAI0B
Importing 'GUID: dcdc43f7a0ad67b4ab3e3db38233dfae - Path: Assets/UI/UI Asset/Free/32.png - Importer: ScriptedImporter/UnityEditor.QuickSearchModule:UnityEditor.Search:ASIAI0B' with importer (ScriptedImporter : UnityEditor.QuickSearchModule:UnityEditor.Search:ASIAI0B)
Imported 'GUID: dcdc43f7a0ad67b4ab3e3db38233dfae' -> (Import Result ID: '6b162990ddb855ea201f32728084f888') in 0.024 seconds [static and dynamic dependencies]. Details - ImportResultOutputID=8ad7814c0205f3f06048cf12b7c45dd0 DependenciesID=a1e3c35d70e1c9c5c264fb48210e0b1c StaticDependenciesID=692a658c722e85971171c9c61cc27c7a 
Number of updated asset objects reloaded before import = 0
Number of asset objects unloaded after import = 3
========================================================================
Received Import Request.
  Time of request: 2026-08-24T15:03:57.6151282Z
  Time since last request: 0.0008892 seconds.
  importAddress: GUID: 0800cc9d4da0323489f4d25c65194aa5 - Path: Assets/UI/UI Asset/Free/B.png - Importer: ScriptedImporter/UnityEditor.QuickSearchModule:UnityEditor.Search:ASIAI0B
Importing 'GUID: 0800cc9d4da0323489f4d25c65194aa5 - Path: Assets/UI/UI Asset/Free/B.png - Importer: ScriptedImporter/UnityEditor.QuickSearchModule:UnityEditor.Search:ASIAI0B' with importer (ScriptedImporter : UnityEditor.QuickSearchModule:UnityEditor.Search:ASIAI0B)
Imported 'GUID: 0800cc9d4da0323489f4d25c65194aa5' -> (Import Result ID: '6c14a460d9dbd505e98c5b0984d2f9fe') in 0.026 seconds [static and dynamic dependencies]. Details - ImportResultOutputID=851021fe393115c6414b81302444b2d7 DependenciesID=7412f4c1698385822687537c78d1b92c StaticDependenciesID=1ca1f5838da310cd52ee738cafa1810c 
Number of updated asset objects reloaded before import = 0
Number of asset objects unloaded after import = 3
========================================================================
Received Import Request.
  Time of request: 2026-08-24T15:03:57.6550775Z
  Time since last request: 0.0004392 seconds.
  importAddress: GUID: 572955b2fc805584aaa343215e806606 - Path: Assets/UI/UI Asset/Free/CIRCLE4PXSMA.png - Importer: ScriptedImporter/UnityEditor.QuickSearchModule:UnityEditor.Search:ASIAI0B
Importing 'GUID: 572955b2fc805584aaa343215e806606 - Path: Assets/UI/UI Asset/Free/CIRCLE4PXSMA.png - Importer: ScriptedImporter/UnityEditor.QuickSearchModule:UnityEditor.Search:ASIAI0B' with importer (ScriptedImporter : UnityEditor.QuickSearchModule:UnityEditor.Search:ASIAI0B)
Imported 'GUID: 572955b2fc805584aaa343215e806606' -> (Import Result ID: '3b4cd72b0bd323331c3e4dd79db78555') in 0.030 seconds [static and dynamic dependencies]. Details - ImportResultOutputID=e6947f55a8b0000e96a492b567d7978e DependenciesID=daed0bd97c7ddd4b605a99efd2a8a063 StaticDependenciesID=b4bff7aa0023c6869217578e9cee0636 
Number of updated asset objects reloaded before import = 0
Number of asset objects unloaded after import = 3
========================================================================
Received Import Request.
  Time of request: 2026-08-24T15:03:57.7000921Z
  Time since last request: 0.0004456 seconds.
  importAddress: GUID: 0178fcb869bafef4690d177d31d17db8 - Path: Assets/UI/TextMesh Pro/Shaders/TMP_SDF-Mobile-2-Pass.shader - Importer: ScriptedImporter/UnityEditor.QuickSearchModule:UnityEditor.Search:ASIAI0B
Importing 'GUID: 0178fcb869bafef4690d177d31d17db8 - Path: Assets/UI/TextMesh Pro/Shaders/TMP_SDF-Mobile-2-Pass.shader - Importer: ScriptedImporter/UnityEditor.QuickSearchModule:UnityEditor.Search:ASIAI0B' with importer (ScriptedImporter : UnityEditor.QuickSearchModule:UnityEditor.Search:ASIAI0B)
Imported 'GUID: 0178fcb869bafef4690d177d31d17db8' -> (Import Result ID: '685a193672e9d7c935d53aa69dbf32bf') in 0.009 seconds [static and dynamic dependencies]. Details - ImportResultOutputID=4c339fcdc7af0937378c3d0ba164f8cc DependenciesID=88b7d31e31c0e644aa90b736ca9a23b2 StaticDependenciesID=06ba15d0c4e5ff8d4bf0b844934599ca 
Number of updated asset objects reloaded before import = 0
Number of asset objects unloaded after import = 1
========================================================================
Received Import Request.
  Time of request: 2026-08-24T15:03:57.7240647Z
  Time since last request: 0.0012181 seconds.
  importAddress: GUID: cf81c85f95fe47e1a27f6ae460cf182c - Path: Assets/UI/TextMesh Pro/Shaders/TMP_Sprite.shader - Importer: ScriptedImporter/UnityEditor.QuickSearchModule:UnityEditor.Search:ASIAI0B
Importing 'GUID: cf81c85f95fe47e1a27f6ae460cf182c - Path: Assets/UI/TextMesh Pro/Shaders/TMP_Sprite.shader - Importer: ScriptedImporter/UnityEditor.QuickSearchModule:UnityEditor.Search:ASIAI0B' with importer (ScriptedImporter : UnityEditor.QuickSearchModule:UnityEditor.Search:ASIAI0B)
Imported 'GUID: cf81c85f95fe47e1a27f6ae460cf182c' -> (Import Result ID: '7b6f3bee548f4d1fc533ea34b02020fa') in 0.006 seconds [static and dynamic dependencies]. Details - ImportResultOutputID=e9c7d2a441796d0961e0424ad4c45b2d DependenciesID=9e2e9b67384bd110372fda929674e34f StaticDependenciesID=7e3cee7add473b6ef843554847c0d64e 
Number of updated asset objects reloaded before import = 0
Number of asset objects unloaded after import = 1
========================================================================
Received Import Request.
  Time of request: 2026-08-24T15:03:57.7437955Z
  Time since last request: 0.0016021 seconds.
  importAddress: GUID: 1e3b057af24249748ff873be7fafee47 - Path: Assets/UI/TextMesh Pro/Shaders/TMP_Bitmap-Mobile.shader - Importer: ScriptedImporter/UnityEditor.QuickSearchModule:UnityEditor.Search:ASIAI0B
Importing 'GUID: 1e3b057af24249748ff873be7fafee47 - Path: Assets/UI/TextMesh Pro/Shaders/TMP_Bitmap-Mobile.shader - Importer: ScriptedImporter/UnityEditor.QuickSearchModule:UnityEditor.Search:ASIAI0B' with importer (ScriptedImporter : UnityEditor.QuickSearchModule:UnityEditor.Search:ASIAI0B)
Imported 'GUID: 1e3b057af24249748ff873be7fafee47' -> (Import Result ID: '9b4c2dc7dc68ca5bc99ffa4f5cf2b7d4') in 0.006 seconds [static and dynamic dependencies]. Details - ImportResultOutputID=8a297193ac75f5b617d978d2804a5246 DependenciesID=46c1be46550a7e51521de2affb74ed81 StaticDependenciesID=080333e0926ec7d3a0abaa44db52c772 
Number of updated asset objects reloaded before import = 0
Number of asset objects unloaded after import = 1
========================================================================
Received Import Request.
  Time of request: 2026-08-24T15:03:57.7627224Z
  Time since last request: 0.0008307 seconds.
  importAddress: GUID: 0f9aff9d1d5411d419a50a1f33efcf25 - Path: Assets/UI/UI Asset/Free/A.png - Importer: ScriptedImporter/UnityEditor.QuickSearchModule:UnityEditor.Search:ASIAI0B
Importing 'GUID: 0f9aff9d1d5411d419a50a1f33efcf25 - Path: Assets/UI/UI Asset/Free/A.png - Importer: ScriptedImporter/UnityEditor.QuickSearchModule:UnityEditor.Search:ASIAI0B' with importer (ScriptedImporter : UnityEditor.QuickSearchModule:UnityEditor.Search:ASIAI0B)
Imported 'GUID: 0f9aff9d1d5411d419a50a1f33efcf25' -> (Import Result ID: '55d6fada08dcac0e9acca9bc8b218635') in 0.012 seconds [static and dynamic dependencies]. Details - ImportResultOutputID=c88744c5c2e1b3f7d5cc5e699c521295 DependenciesID=10bf96f3d5efaa4b6dceb4422efc5e5f StaticDependenciesID=07a3588aa50409906afd875990aa2bff 
Number of updated asset objects reloaded before import = 0
Number of asset objects unloaded after import = 3
========================================================================
Received Import Request.
  Time of request: 2026-08-24T15:03:57.7872982Z
  Time since last request: 0.0004204 seconds.
  importAddress: GUID: c5c79f69909c16942b803f137f3ca0eb - Path: Assets/UI/UI Asset/Free/BTN_Line_4PX_Large.png - Importer: ScriptedImporter/UnityEditor.QuickSearchModule:UnityEditor.Search:ASIAI0B
Importing 'GUID: c5c79f69909c16942b803f137f3ca0eb - Path: Assets/UI/UI Asset/Free/BTN_Line_4PX_Large.png - Importer: ScriptedImporter/UnityEditor.QuickSearchModule:UnityEditor.Search:ASIAI0B' with importer (ScriptedImporter : UnityEditor.QuickSearchModule:UnityEditor.Search:ASIAI0B)
Imported 'GUID: c5c79f69909c16942b803f137f3ca0eb' -> (Import Result ID: 'f3ae3b08eb26e95f1bfd3001c5fb4177') in 0.027 seconds [static and dynamic dependencies]. Details - ImportResultOutputID=2414108d9f49bfa3d98baa2e48077780 DependenciesID=4952e15490d5c3ed41485f5ac1fb1d14 StaticDependenciesID=275a58599be33ca416441873f558aee6 
Number of updated asset objects reloaded before import = 0
Number of asset objects unloaded after import = 3
========================================================================
Received Import Request.
  Time of request: 2026-08-24T15:03:57.8276959Z
  Time since last request: 0.0008953 seconds.
  importAddress: GUID: 9c3fb1e6eb7fc9745b3bba559360321f - Path: Assets/UI/UI Asset/Free/ButtonMediumRound.png - Importer: ScriptedImporter/UnityEditor.QuickSearchModule:UnityEditor.Search:ASIAI0B
Importing 'GUID: 9c3fb1e6eb7fc9745b3bba559360321f - Path: Assets/UI/UI Asset/Free/ButtonMediumRound.png - Importer: ScriptedImporter/UnityEditor.QuickSearchModule:UnityEditor.Search:ASIAI0B' with importer (ScriptedImporter : UnityEditor.QuickSearchModule:UnityEditor.Search:ASIAI0B)
Imported 'GUID: 9c3fb1e6eb7fc9745b3bba559360321f' -> (Import Result ID: 'f6bd0c49692ba203e5676502a3b765ea') in 0.026 seconds [static and dynamic dependencies]. Details - ImportResultOutputID=86b8d887fc3d3c1d8a78307026051610 DependenciesID=68fb019cd04e04a570b13cb40f3c8491 StaticDependenciesID=d523ab717ce6b80ae3387628ab5f8ae7 
Number of updated asset objects reloaded before import = 0
Number of asset objects unloaded after import = 3
========================================================================
Received Import Request.
  Time of request: 2026-08-24T15:03:57.8676649Z
  Time since last request: 0.0007928 seconds.
  importAddress: GUID: 8199e973785f2184594e575e5967e818 - Path: Assets/UI/UI Asset/Free/E.png - Importer: ScriptedImporter/UnityEditor.QuickSearchModule:UnityEditor.Search:ASIAI0B
Importing 'GUID: 8199e973785f2184594e575e5967e818 - Path: Assets/UI/UI Asset/Free/E.png - Importer: ScriptedImporter/UnityEditor.QuickSearchModule:UnityEditor.Search:ASIAI0B' with importer (ScriptedImporter : UnityEditor.QuickSearchModule:UnityEditor.Search:ASIAI0B)
Imported 'GUID: 8199e973785f2184594e575e5967e818' -> (Import Result ID: 'ee54fffd88874031d51ce2e5cad32d48') in 0.031 seconds [static and dynamic dependencies]. Details - ImportResultOutputID=07a59ee38bfc143758172e7be08a2942 DependenciesID=124448772fd8461028f13ed8b2aa633b StaticDependenciesID=7eaa63a96966716a9532ac8f321e759d 
Number of updated asset objects reloaded before import = 0
Number of asset objects unloaded after import = 3
========================================================================
Received Import Request.
  Time of request: 2026-08-24T15:03:57.9120925Z
  Time since last request: 0.0006237 seconds.
  importAddress: GUID: 5ed7b78422faa044695989e1108c5d63 - Path: Assets/UI/UI Asset/Free/Button_Small_A.png - Importer: ScriptedImporter/UnityEditor.QuickSearchModule:UnityEditor.Search:ASIAI0B
Importing 'GUID: 5ed7b78422faa044695989e1108c5d63 - Path: Assets/UI/UI Asset/Free/Button_Small_A.png - Importer: ScriptedImporter/UnityEditor.QuickSearchModule:UnityEditor.Search:ASIAI0B' with importer (ScriptedImporter : UnityEditor.QuickSearchModule:UnityEditor.Search:ASIAI0B)
Imported 'GUID: 5ed7b78422faa044695989e1108c5d63' -> (Import Result ID: '30361547c923ed38f4345b41248e516c') in 0.024 seconds [static and dynamic dependencies]. Details - ImportResultOutputID=00ba9d8f42269bcfb704b767d84c5362 DependenciesID=8af6386e3357597025c54b646899e5a7 StaticDependenciesID=7052be96beb7a850e372078a8e3496cb 
Number of updated asset objects reloaded before import = 0
Number of asset objects unloaded after import = 3
========================================================================
Received Import Request.
  Time of request: 2026-08-24T15:03:57.94873Z
  Time since last request: 0.00076 seconds.
  importAddress: GUID: 0fe7093e9bd11cb43b64578a75562ba3 - Path: Assets/UI/UI Asset/Free/F.png - Importer: ScriptedImporter/UnityEditor.QuickSearchModule:UnityEditor.Search:ASIAI0B
Importing 'GUID: 0fe7093e9bd11cb43b64578a75562ba3 - Path: Assets/UI/UI Asset/Free/F.png - Importer: ScriptedImporter/UnityEditor.QuickSearchModule:UnityEditor.Search:ASIAI0B' with importer (ScriptedImporter : UnityEditor.QuickSearchModule:UnityEditor.Search:ASIAI0B)
Imported 'GUID: 0fe7093e9bd11cb43b64578a75562ba3' -> (Import Result ID: 'ee93755e700092b8cc3731171c3a921e') in 0.012 seconds [static and dynamic dependencies]. Details - ImportResultOutputID=c3ee7453d658abbf0af7bf462ac2dfca DependenciesID=1e0e94519a42201e56444bef323cae1c StaticDependenciesID=f155b67231fdb7b3c5070ef9a1355a12 
Number of updated asset objects reloaded before import = 0
Number of asset objects unloaded after import = 3
========================================================================
Received Import Request.
  Time of request: 2026-08-24T15:03:57.9743501Z
  Time since last request: 0.0005877 seconds.
  importAddress: GUID: 124c112a6e8f1a54e8b0870e881b56d8 - Path: Assets/UI/TextMesh Pro/Shaders/TMP_SDF-URP Unlit.shadergraph - Importer: ScriptedImporter/UnityEditor.QuickSearchModule:UnityEditor.Search:ASIAI0B
Importing 'GUID: 124c112a6e8f1a54e8b0870e881b56d8 - Path: Assets/UI/TextMesh Pro/Shaders/TMP_SDF-URP Unlit.shadergraph - Importer: ScriptedImporter/UnityEditor.QuickSearchModule:UnityEditor.Search:ASIAI0B' with importer (ScriptedImporter : UnityEditor.QuickSearchModule:UnityEditor.Search:ASIAI0B)
Imported 'GUID: 124c112a6e8f1a54e8b0870e881b56d8' -> (Import Result ID: 'dcb3d93137c795e54a34804005b80341') in 0.026 seconds [static and dynamic dependencies]. Details - ImportResultOutputID=70c1e10df539a4ec35fc4ade7580cdab DependenciesID=c251e8eb07659afcfe1c27cdfce6c65b StaticDependenciesID=fb057a3adfa9c6ad4ef5a1bde435bed3 
Number of updated asset objects reloaded before import = 0
Number of asset objects unloaded after import = 5
========================================================================
Received Import Request.
  Time of request: 2026-08-24T15:03:58.0132126Z
  Time since last request: 0.0005871 seconds.
  importAddress: GUID: bc1ede39bf3643ee8e493720e4259791 - Path: Assets/UI/TextMesh Pro/Shaders/TMP_SDF-Mobile Masking.shader - Importer: ScriptedImporter/UnityEditor.QuickSearchModule:UnityEditor.Search:ASIAI0B
Importing 'GUID: bc1ede39bf3643ee8e493720e4259791 - Path: Assets/UI/TextMesh Pro/Shaders/TMP_SDF-Mobile Masking.shader - Importer: ScriptedImporter/UnityEditor.QuickSearchModule:UnityEditor.Search:ASIAI0B' with importer (ScriptedImporter : UnityEditor.QuickSearchModule:UnityEditor.Search:ASIAI0B)
Imported 'GUID: bc1ede39bf3643ee8e493720e4259791' -> (Import Result ID: '2007749d012d3736a4c31691d31957db') in 0.008 seconds [static and dynamic dependencies]. Details - ImportResultOutputID=de444d3fb9b83e239639cedd66b38609 DependenciesID=e2d5c0643534ac586f85aa079303075f StaticDependenciesID=2a70959c01a7f7c716a258feb251f930 
Number of updated asset objects reloaded before import = 0
Number of asset objects unloaded after import = 1
========================================================================
Received Import Request.
  Time of request: 2026-08-24T15:03:58.0351716Z
  Time since last request: 0.0009115 seconds.
  importAddress: GUID: 85187c2149c549c5b33f0cdb02836b17 - Path: Assets/UI/TextMesh Pro/Shaders/TMP_SDF-Surface-Mobile.shader - Importer: ScriptedImporter/UnityEditor.QuickSearchModule:UnityEditor.Search:ASIAI0B
Importing 'GUID: 85187c2149c549c5b33f0cdb02836b17 - Path: Assets/UI/TextMesh Pro/Shaders/TMP_SDF-Surface-Mobile.shader - Importer: ScriptedImporter/UnityEditor.QuickSearchModule:UnityEditor.Search:ASIAI0B' with importer (ScriptedImporter : UnityEditor.QuickSearchModule:UnityEditor.Search:ASIAI0B)
Imported 'GUID: 85187c2149c549c5b33f0cdb02836b17' -> (Import Result ID: '9079f4b622dae180b460d7feb2ede75e') in 0.007 seconds [static and dynamic dependencies]. Details - ImportResultOutputID=124ba9180026e595236cb604d1d9ca86 DependenciesID=0a63b09168255d3f503fe5508bd049db StaticDependenciesID=06a56206a5aa8873b7cf3f3e484483b1 
Number of updated asset objects reloaded before import = 0
Number of asset objects unloaded after import = 1
========================================================================
Received Import Request.
  Time of request: 2026-08-24T15:03:58.0563208Z
  Time since last request: 0.000472 seconds.
  importAddress: GUID: a3d800b099a06e0478fb790c5e79057a - Path: Assets/UI/TextMesh Pro/Shaders/TMP_SDF-URP Lit.shadergraph - Importer: ScriptedImporter/UnityEditor.QuickSearchModule:UnityEditor.Search:ASIAI0B
Importing 'GUID: a3d800b099a06e0478fb790c5e79057a - Path: Assets/UI/TextMesh Pro/Shaders/TMP_SDF-URP Lit.shadergraph - Importer: ScriptedImporter/UnityEditor.QuickSearchModule:UnityEditor.Search:ASIAI0B' with importer (ScriptedImporter : UnityEditor.QuickSearchModule:UnityEditor.Search:ASIAI0B)
Imported 'GUID: a3d800b099a06e0478fb790c5e79057a' -> (Import Result ID: 'faa60a1bc548dd48a1a0c4bf9cced355') in 0.025 seconds [static and dynamic dependencies]. Details - ImportResultOutputID=1e5f4e851e5b31d6ca3d250df0fd5ed4 DependenciesID=bd353f189290ce07f946cee55b893136 StaticDependenciesID=05df1fea22c15eb07d69519c354ce4e4 
Number of updated asset objects reloaded before import = 0
Number of asset objects unloaded after import = 5
========================================================================
Received Import Request.
  Time of request: 2026-08-24T15:03:58.0967603Z
  Time since last request: 0.0016751 seconds.
  importAddress: GUID: a02a7d8c237544f1962732b55a9aebf1 - Path: Assets/UI/TextMesh Pro/Shaders/TMP_SDF-Mobile Overlay.shader - Importer: ScriptedImporter/UnityEditor.QuickSearchModule:UnityEditor.Search:ASIAI0B
Importing 'GUID: a02a7d8c237544f1962732b55a9aebf1 - Path: Assets/UI/TextMesh Pro/Shaders/TMP_SDF-Mobile Overlay.shader - Importer: ScriptedImporter/UnityEditor.QuickSearchModule:UnityEditor.Search:ASIAI0B' with importer (ScriptedImporter : UnityEditor.QuickSearchModule:UnityEditor.Search:ASIAI0B)
Imported 'GUID: a02a7d8c237544f1962732b55a9aebf1' -> (Import Result ID: 'cfdbb4be6755e73ede49aa656b1ad998') in 0.008 seconds [static and dynamic dependencies]. Details - ImportResultOutputID=8dbab27a5116b0f2a932a8194b709e3a DependenciesID=7251d0d114d5552877ff3c66c61f9e5f StaticDependenciesID=426c182d1aae34c4f785a0f5936ae72c 
Number of updated asset objects reloaded before import = 0
Number of asset objects unloaded after import = 1
========================================================================
Received Import Request.
  Time of request: 2026-08-24T15:03:58.1375906Z
  Time since last request: 0.0049849 seconds.
  importAddress: GUID: f004d321f2825c44d929e3d0f5844b8c - Path: Assets/UI/UI Asset/Free/Bell.png - Importer: ScriptedImporter/UnityEditor.QuickSearchModule:UnityEditor.Search:ASIAI0B
Importing 'GUID: f004d321f2825c44d929e3d0f5844b8c - Path: Assets/UI/UI Asset/Free/Bell.png - Importer: ScriptedImporter/UnityEditor.QuickSearchModule:UnityEditor.Search:ASIAI0B' with importer (ScriptedImporter : UnityEditor.QuickSearchModule:UnityEditor.Search:ASIAI0B)
Imported 'GUID: f004d321f2825c44d929e3d0f5844b8c' -> (Import Result ID: '85abf0d7d7a769d0ed947c230e70fc47') in 0.029 seconds [static and dynamic dependencies]. Details - ImportResultOutputID=83c949674e5e06cb6728f06bae703949 DependenciesID=6f10eca1d81ef871fd469519dcc89a15 StaticDependenciesID=c4d8e81bb7030171a1ad6c32f1d44a91 
Number of updated asset objects reloaded before import = 0
Number of asset objects unloaded after import = 3
========================================================================
Received Import Request.
  Time of request: 2026-08-24T15:03:58.1807423Z
  Time since last request: 0.0004262 seconds.
  importAddress: GUID: 25534d7e0c9de5646aee54d576a28388 - Path: Assets/UI/UI Asset/Free/Add Icon.png - Importer: ScriptedImporter/UnityEditor.QuickSearchModule:UnityEditor.Search:ASIAI0B
Importing 'GUID: 25534d7e0c9de5646aee54d576a28388 - Path: Assets/UI/UI Asset/Free/Add Icon.png - Importer: ScriptedImporter/UnityEditor.QuickSearchModule:UnityEditor.Search:ASIAI0B' with importer (ScriptedImporter : UnityEditor.QuickSearchModule:UnityEditor.Search:ASIAI0B)
Imported 'GUID: 25534d7e0c9de5646aee54d576a28388' -> (Import Result ID: '327e36376b5aeb377aa5df465e05e499') in 0.026 seconds [static and dynamic dependencies]. Details - ImportResultOutputID=3f044c220946cb03d87bb4d1a636e9b0 DependenciesID=18bc579b1e34f9106796bab2bf4ca3e5 StaticDependenciesID=75d3724a0bb581d55e9eff4857fba9c9 
Number of updated asset objects reloaded before import = 0
Number of asset objects unloaded after import = 3
========================================================================
Received Import Request.
  Time of request: 2026-08-24T15:03:58.2208627Z
  Time since last request: 0.0010024 seconds.
  importAddress: GUID: 9e64140fa412af443b31a21fedffc096 - Path: Assets/UI/UI Asset/Free/CIRCLE2PXSMALL.png - Importer: ScriptedImporter/UnityEditor.QuickSearchModule:UnityEditor.Search:ASIAI0B
Importing 'GUID: 9e64140fa412af443b31a21fedffc096 - Path: Assets/UI/UI Asset/Free/CIRCLE2PXSMALL.png - Importer: ScriptedImporter/UnityEditor.QuickSearchModule:UnityEditor.Search:ASIAI0B' with importer (ScriptedImporter : UnityEditor.QuickSearchModule:UnityEditor.Search:ASIAI0B)
Imported 'GUID: 9e64140fa412af443b31a21fedffc096' -> (Import Result ID: '9961e81e8ee245fa69b33e96515d5149') in 0.025 seconds [static and dynamic dependencies]. Details - ImportResultOutputID=03d7419087b7fad01f935ad907854358 DependenciesID=c5985cb6d8cd59a80fad831874b6437a StaticDependenciesID=f9c9b13327e29090e6dce9836bceb1e9 
Number of updated asset objects reloaded before import = 0
Number of asset objects unloaded after import = 3
========================================================================
Received Import Request.
  Time of request: 2026-08-24T15:03:58.259834Z
  Time since last request: 0.0005552 seconds.
  importAddress: GUID: 1d02c027313a6514a849aa45aed65be6 - Path: Assets/UI/UI Asset/Free/CIRCLE4PXLAR.png - Importer: ScriptedImporter/UnityEditor.QuickSearchModule:UnityEditor.Search:ASIAI0B
Importing 'GUID: 1d02c027313a6514a849aa45aed65be6 - Path: Assets/UI/UI Asset/Free/CIRCLE4PXLAR.png - Importer: ScriptedImporter/UnityEditor.QuickSearchModule:UnityEditor.Search:ASIAI0B' with importer (ScriptedImporter : UnityEditor.QuickSearchModule:UnityEditor.Search:ASIAI0B)
Imported 'GUID: 1d02c027313a6514a849aa45aed65be6' -> (Import Result ID: '63303909a871c66043dcb2846e7d8bde') in 0.030 seconds [static and dynamic dependencies]. Details - ImportResultOutputID=5acf7aaade4a22bbcf29259d80e9d6f4 DependenciesID=7efef7273e939a0e0ba779ba00fe5c16 StaticDependenciesID=babbb868b3129a16755135b3d9f68de4 
Number of updated asset objects reloaded before import = 0
Number of asset objects unloaded after import = 3
========================================================================
Received Import Request.
  Time of request: 2026-08-24T15:03:58.3047049Z
  Time since last request: 0.0004503 seconds.
  importAddress: GUID: 4fa7a2c5ad85feb4991c2ddc865d25c7 - Path: Assets/UI/UI Asset/Free/Down Arrow.png - Importer: ScriptedImporter/UnityEditor.QuickSearchModule:UnityEditor.Search:ASIAI0B
Importing 'GUID: 4fa7a2c5ad85feb4991c2ddc865d25c7 - Path: Assets/UI/UI Asset/Free/Down Arrow.png - Importer: ScriptedImporter/UnityEditor.QuickSearchModule:UnityEditor.Search:ASIAI0B' with importer (ScriptedImporter : UnityEditor.QuickSearchModule:UnityEditor.Search:ASIAI0B)
Imported 'GUID: 4fa7a2c5ad85feb4991c2ddc865d25c7' -> (Import Result ID: 'a3b05019ee941fcc716fb703068cbddc') in 0.011 seconds [static and dynamic dependencies]. Details - ImportResultOutputID=af8d0b292f043b04b29614420c33014c DependenciesID=878238996331d98a082985bc918580ab StaticDependenciesID=bedff9f699a4cf4d9864af6eda0ccdc7 
Number of updated asset objects reloaded before import = 0
Number of asset objects unloaded after import = 3
========================================================================
Received Import Request.
  Time of request: 2026-08-24T15:03:58.3306055Z
  Time since last request: 0.0003503 seconds.
  importAddress: GUID: fee7cb0981897184ca8e254670a1d84f - Path: Assets/UI/UI Asset/Free/Button_Large_A.png - Importer: ScriptedImporter/UnityEditor.QuickSearchModule:UnityEditor.Search:ASIAI0B
Importing 'GUID: fee7cb0981897184ca8e254670a1d84f - Path: Assets/UI/UI Asset/Free/Button_Large_A.png - Importer: ScriptedImporter/UnityEditor.QuickSearchModule:UnityEditor.Search:ASIAI0B' with importer (ScriptedImporter : UnityEditor.QuickSearchModule:UnityEditor.Search:ASIAI0B)
Imported 'GUID: fee7cb0981897184ca8e254670a1d84f' -> (Import Result ID: '616d9b7601f14b3981a067c436eb8e97') in 0.014 seconds [static and dynamic dependencies]. Details - ImportResultOutputID=f81a49c8d0ac924f8c739b31a3a04f0a DependenciesID=99fda90189e9324a705cd8ba592229dd StaticDependenciesID=435ce303adb090a36b9b50fe3be21edd 
Number of updated asset objects reloaded before import = 0
Number of asset objects unloaded after import = 3
========================================================================
Received Import Request.
  Time of request: 2026-08-24T15:03:58.35858Z
  Time since last request: 0.0005125 seconds.
  importAddress: GUID: b12df616c3582fd4faba65f7fac51968 - Path: Assets/UI/UI Asset/Free/Facebook.png - Importer: ScriptedImporter/UnityEditor.QuickSearchModule:UnityEditor.Search:ASIAI0B
Importing 'GUID: b12df616c3582fd4faba65f7fac51968 - Path: Assets/UI/UI Asset/Free/Facebook.png - Importer: ScriptedImporter/UnityEditor.QuickSearchModule:UnityEditor.Search:ASIAI0B' with importer (ScriptedImporter : UnityEditor.QuickSearchModule:UnityEditor.Search:ASIAI0B)
Imported 'GUID: b12df616c3582fd4faba65f7fac51968' -> (Import Result ID: '9f361a43cd135ee30ce5410d0f3728b4') in 0.026 seconds [static and dynamic dependencies]. Details - ImportResultOutputID=23be4889cebd2a19e2e4da5d8b0f3257 DependenciesID=1dd5bb714d91dfee62486b54cd3f4717 StaticDependenciesID=22c5cc086853b31bba75e322acee680b 
Number of updated asset objects reloaded before import = 0
Number of asset objects unloaded after import = 3
========================================================================
Received Import Request.
  Time of request: 2026-08-24T15:03:58.3986723Z
  Time since last request: 0.0004138 seconds.
  importAddress: GUID: 701e7ed4dde1bf949b30e33741547ac9 - Path: Assets/UI/UI Asset/Free/64.png - Importer: ScriptedImporter/UnityEditor.QuickSearchModule:UnityEditor.Search:ASIAI0B
Importing 'GUID: 701e7ed4dde1bf949b30e33741547ac9 - Path: Assets/UI/UI Asset/Free/64.png - Importer: ScriptedImporter/UnityEditor.QuickSearchModule:UnityEditor.Search:ASIAI0B' with importer (ScriptedImporter : UnityEditor.QuickSearchModule:UnityEditor.Search:ASIAI0B)
Imported 'GUID: 701e7ed4dde1bf949b30e33741547ac9' -> (Import Result ID: '17ec0beb2b784577973e5629923b9aeb') in 0.030 seconds [static and dynamic dependencies]. Details - ImportResultOutputID=88229167de5aa0b7ce7446c396007daf DependenciesID=ae3c543e0109e8379605c7e2a64d1a83 StaticDependenciesID=e8d0622c838c40a166aefeae274b1bda 
Number of updated asset objects reloaded before import = 0
Number of asset objects unloaded after import = 3
========================================================================
Received Import Request.
  Time of request: 2026-08-24T15:03:58.4424645Z
  Time since last request: 0.0008975 seconds.
  importAddress: GUID: dffef66376be4fa480fb02b19edbe903 - Path: Assets/UI/TextMesh Pro/Sprites/EmojiOne.png - Importer: ScriptedImporter/UnityEditor.QuickSearchModule:UnityEditor.Search:ASIAI0B
Importing 'GUID: dffef66376be4fa480fb02b19edbe903 - Path: Assets/UI/TextMesh Pro/Sprites/EmojiOne.png - Importer: ScriptedImporter/UnityEditor.QuickSearchModule:UnityEditor.Search:ASIAI0B' with importer (ScriptedImporter : UnityEditor.QuickSearchModule:UnityEditor.Search:ASIAI0B)
Imported 'GUID: dffef66376be4fa480fb02b19edbe903' -> (Import Result ID: '595b3ffed5073bc1f8b736daf6be1176') in 0.011 seconds [static and dynamic dependencies]. Details - ImportResultOutputID=19fc26411a0987718a01a97019646c4c DependenciesID=6a403f6672d1c795c337407205d8d300 StaticDependenciesID=3e21ee3d97c3cc8d67ec9ef7ad7b9145 
Number of updated asset objects reloaded before import = 0
Number of asset objects unloaded after import = 1
========================================================================
Received Import Request.
  Time of request: 2026-08-24T15:03:58.4668405Z
  Time since last request: 0.0005772 seconds.
  importAddress: GUID: d930090c0cd643c7b55f19a38538c162 - Path: Assets/UI/TextMesh Pro/Shaders/TMPro_Surface.cginc - Importer: ScriptedImporter/UnityEditor.QuickSearchModule:UnityEditor.Search:ASIAI0B
Importing 'GUID: d930090c0cd643c7b55f19a38538c162 - Path: Assets/UI/TextMesh Pro/Shaders/TMPro_Surface.cginc - Importer: ScriptedImporter/UnityEditor.QuickSearchModule:UnityEditor.Search:ASIAI0B' with importer (ScriptedImporter : UnityEditor.QuickSearchModule:UnityEditor.Search:ASIAI0B)
Imported 'GUID: d930090c0cd643c7b55f19a38538c162' -> (Import Result ID: '3b5a9e83c745f73d4c22066b3bbf3119') in 0.007 seconds [static and dynamic dependencies]. Details - ImportResultOutputID=5a549dc27ff308afa87ce92687017566 DependenciesID=3c55cf4a994035aa51439c1e67043fac StaticDependenciesID=fb2fa45e226f570427709105bc6b2206 
Number of updated asset objects reloaded before import = 0
Number of asset objects unloaded after import = 1
========================================================================
Received Import Request.
  Time of request: 2026-08-24T15:03:58.4881158Z
  Time since last request: 0.0004514 seconds.
  importAddress: GUID: ac9e02ea18781ab459dd5feca42c0db1 - Path: Assets/UI/UI Asset/Free/ButtonLargeRound.png - Importer: ScriptedImporter/UnityEditor.QuickSearchModule:UnityEditor.Search:ASIAI0B
Importing 'GUID: ac9e02ea18781ab459dd5feca42c0db1 - Path: Assets/UI/UI Asset/Free/ButtonLargeRound.png - Importer: ScriptedImporter/UnityEditor.QuickSearchModule:UnityEditor.Search:ASIAI0B' with importer (ScriptedImporter : UnityEditor.QuickSearchModule:UnityEditor.Search:ASIAI0B)
Imported 'GUID: ac9e02ea18781ab459dd5feca42c0db1' -> (Import Result ID: 'e2d1871b24773e22197a6f45c8d9fec8') in 0.030 seconds [static and dynamic dependencies]. Details - ImportResultOutputID=3d8dd209c02fcd968aab43b8182c758a DependenciesID=ca619aa9506caa2c50fbe630c23589dd StaticDependenciesID=a32b4ce1058e8e4013b65fe479716631 
Number of updated asset objects reloaded before import = 0
Number of asset objects unloaded after import = 3
========================================================================
Received Import Request.
  Time of request: 2026-08-24T15:03:58.5313564Z
  Time since last request: 0.0005207 seconds.
  importAddress: GUID: 741fdffd863c9784990792a90548e1f2 - Path: Assets/UI/UI Asset/Free/Facebook 2.png - Importer: ScriptedImporter/UnityEditor.QuickSearchModule:UnityEditor.Search:ASIAI0B
Importing 'GUID: 741fdffd863c9784990792a90548e1f2 - Path: Assets/UI/UI Asset/Free/Facebook 2.png - Importer: ScriptedImporter/UnityEditor.QuickSearchModule:UnityEditor.Search:ASIAI0B' with importer (ScriptedImporter : UnityEditor.QuickSearchModule:UnityEditor.Search:ASIAI0B)
Imported 'GUID: 741fdffd863c9784990792a90548e1f2' -> (Import Result ID: '51ec0969f7e709cd75d47987ecc4d71b') in 0.029 seconds [static and dynamic dependencies]. Details - ImportResultOutputID=2099b6d892b41a3e1193ebcdf5d579b7 DependenciesID=0bcbfe057ce038b630e554445288c037 StaticDependenciesID=872dca7a8b58aab6a5441da7eb071a1b 
Number of updated asset objects reloaded before import = 0
Number of asset objects unloaded after import = 3
========================================================================
Received Import Request.
  Time of request: 2026-08-24T15:03:58.573993Z
  Time since last request: 0.0004284 seconds.
  importAddress: GUID: 128e987d567d4e2c824d754223b3f3b0 - Path: Assets/UI/TextMesh Pro/Shaders/TMP_Bitmap.shader - Importer: ScriptedImporter/UnityEditor.QuickSearchModule:UnityEditor.Search:ASIAI0B
Importing 'GUID: 128e987d567d4e2c824d754223b3f3b0 - Path: Assets/UI/TextMesh Pro/Shaders/TMP_Bitmap.shader - Importer: ScriptedImporter/UnityEditor.QuickSearchModule:UnityEditor.Search:ASIAI0B' with importer (ScriptedImporter : UnityEditor.QuickSearchModule:UnityEditor.Search:ASIAI0B)
Imported 'GUID: 128e987d567d4e2c824d754223b3f3b0' -> (Import Result ID: '21d47c0882c6b8fb199f3717ca9ea2e9') in 0.007 seconds [static and dynamic dependencies]. Details - ImportResultOutputID=3ef1e9edb0c756aa8b33c5c41ae1add7 DependenciesID=999ad8734ab46a6555386e5509c3ae88 StaticDependenciesID=6afa4a8080a398e4cd8aaa47316312fb 
Number of updated asset objects reloaded before import = 0
Number of asset objects unloaded after import = 1
========================================================================
Received Import Request.
  Time of request: 2026-08-24T15:03:58.6282321Z
  Time since last request: 0.0337311 seconds.
  importAddress: GUID: 980a5b90d0f184a4fbaf5a38652b3134 - Path: Assets/Plugins & Utilities/DA-Shared/Assembly/Extensions/RectTransformExtensions.cs - Importer: ScriptedImporter/UnityEditor.QuickSearchModule:UnityEditor.Search:ASIAI0B
Importing 'GUID: 980a5b90d0f184a4fbaf5a38652b3134 - Path: Assets/Plugins & Utilities/DA-Shared/Assembly/Extensions/RectTransformExtensions.cs - Importer: ScriptedImporter/UnityEditor.QuickSearchModule:UnityEditor.Search:ASIAI0B' with importer (ScriptedImporter : UnityEditor.QuickSearchModule:UnityEditor.Search:ASIAI0B)
Imported 'GUID: 980a5b90d0f184a4fbaf5a38652b3134' -> (Import Result ID: 'ee3a3e0de4951634235f247c7b373272') in 0.007 seconds [static and dynamic dependencies]. Details - ImportResultOutputID=1bbed1e108fcd354ce4a8f22ad185f06 DependenciesID=c0e121fdf37f9ec36fac1e44da65c85e StaticDependenciesID=fb751d591b1792bfbadedc148a529768 
Number of updated asset objects reloaded before import = 0
Number of asset objects unloaded after import = 0
========================================================================
Received Import Request.
  Time of request: 2026-08-24T15:03:58.6475497Z
  Time since last request: 0.0005026 seconds.
  importAddress: GUID: 4aa4dc909b586c14198e6883472062be - Path: Assets/UI/UI Asset/Free/Gem.png - Importer: ScriptedImporter/UnityEditor.QuickSearchModule:UnityEditor.Search:ASIAI0B
Importing 'GUID: 4aa4dc909b586c14198e6883472062be - Path: Assets/UI/UI Asset/Free/Gem.png - Importer: ScriptedImporter/UnityEditor.QuickSearchModule:UnityEditor.Search:ASIAI0B' with importer (ScriptedImporter : UnityEditor.QuickSearchModule:UnityEditor.Search:ASIAI0B)
Imported 'GUID: 4aa4dc909b586c14198e6883472062be' -> (Import Result ID: '34cf146c622b22279c30da71ab76bf51') in 0.023 seconds [static and dynamic dependencies]. Details - ImportResultOutputID=580ee478d4a76be9e37769b01597e9ed DependenciesID=566d32bfbf5ad3a1b01846824f2238c1 StaticDependenciesID=36607aafde3a968f39020710704f75e9 
Number of updated asset objects reloaded before import = 0
Number of asset objects unloaded after import = 3
========================================================================
Received Import Request.
  Time of request: 2026-08-24T15:03:58.6831116Z
  Time since last request: 0.0004987 seconds.
  importAddress: GUID: 5aa2532b297bf4047acc3470fdb9d8e1 - Path: Assets/Plugins & Utilities/DA-Shared/Assembly/Extensions/StringExtensions.cs - Importer: ScriptedImporter/UnityEditor.QuickSearchModule:UnityEditor.Search:ASIAI0B
Importing 'GUID: 5aa2532b297bf4047acc3470fdb9d8e1 - Path: Assets/Plugins & Utilities/DA-Shared/Assembly/Extensions/StringExtensions.cs - Importer: ScriptedImporter/UnityEditor.QuickSearchModule:UnityEditor.Search:ASIAI0B' with importer (ScriptedImporter : UnityEditor.QuickSearchModule:UnityEditor.Search:ASIAI0B)
Imported 'GUID: 5aa2532b297bf4047acc3470fdb9d8e1' -> (Import Result ID: '88ce64520ee929d15fc4500e41c39d7d') in 0.005 seconds [static and dynamic dependencies]. Details - ImportResultOutputID=462ef5f2f156f78e6d51505a7547044e DependenciesID=a55bad1d62abca0e11c452155309323a StaticDependenciesID=30c255d2ce04edd5606504c4fd50b065 
Number of updated asset objects reloaded before import = 0
Number of asset objects unloaded after import = 0
========================================================================
Received Import Request.
  Time of request: 2026-08-24T15:03:58.7017508Z
  Time since last request: 0.0006207 seconds.
  importAddress: GUID: d3beb88e61f88ca4393acdefb005fa70 - Path: Assets/Plugins & Utilities/DA-Shared/Assembly/CornerRounder/CornerRounder.shader - Importer: ScriptedImporter/UnityEditor.QuickSearchModule:UnityEditor.Search:ASIAI0B
Importing 'GUID: d3beb88e61f88ca4393acdefb005fa70 - Path: Assets/Plugins & Utilities/DA-Shared/Assembly/CornerRounder/CornerRounder.shader - Importer: ScriptedImporter/UnityEditor.QuickSearchModule:UnityEditor.Search:ASIAI0B' with importer (ScriptedImporter : UnityEditor.QuickSearchModule:UnityEditor.Search:ASIAI0B)
Imported 'GUID: d3beb88e61f88ca4393acdefb005fa70' -> (Import Result ID: 'a33c3648498f10653e668567bdccf6fb') in 0.006 seconds [static and dynamic dependencies]. Details - ImportResultOutputID=579ff889aa7df28eb723ce387aa6b200 DependenciesID=5bb4b34e422e2bac663286a209dcdc28 StaticDependenciesID=a495f137eb631466ae11781876631209 
Number of updated asset objects reloaded before import = 0
Number of asset objects unloaded after import = 1
========================================================================
Received Import Request.
  Time of request: 2026-08-24T15:03:58.7214734Z
  Time since last request: 0.0005827 seconds.
  importAddress: GUID: a449e8c2392630345a61b822d5511db1 - Path: Assets/Plugins & Utilities/DA-Shared/Assembly/DAGradient/DAGradient.cs - Importer: ScriptedImporter/UnityEditor.QuickSearchModule:UnityEditor.Search:ASIAI0B
Importing 'GUID: a449e8c2392630345a61b822d5511db1 - Path: Assets/Plugins & Utilities/DA-Shared/Assembly/DAGradient/DAGradient.cs - Importer: ScriptedImporter/UnityEditor.QuickSearchModule:UnityEditor.Search:ASIAI0B' with importer (ScriptedImporter : UnityEditor.QuickSearchModule:UnityEditor.Search:ASIAI0B)
Imported 'GUID: a449e8c2392630345a61b822d5511db1' -> (Import Result ID: '142925215874678b2ba287eaad6afa94') in 0.005 seconds [static and dynamic dependencies]. Details - ImportResultOutputID=25ddf581fa2cc74be650a208f4f1c88c DependenciesID=11a0b14173e4ec8c5f739866c7dbf870 StaticDependenciesID=ee28951903fca13bc769d0518ed0bd30 
Number of updated asset objects reloaded before import = 0
Number of asset objects unloaded after import = 0
========================================================================
Received Import Request.
  Time of request: 2026-08-24T15:03:58.7393799Z
  Time since last request: 0.00044 seconds.
  importAddress: GUID: 210e6a7b28c57aa4e9408866e861895c - Path: Assets/UI/UI Asset/Free/Left Arrow.png - Importer: ScriptedImporter/UnityEditor.QuickSearchModule:UnityEditor.Search:ASIAI0B
Importing 'GUID: 210e6a7b28c57aa4e9408866e861895c - Path: Assets/UI/UI Asset/Free/Left Arrow.png - Importer: ScriptedImporter/UnityEditor.QuickSearchModule:UnityEditor.Search:ASIAI0B' with importer (ScriptedImporter : UnityEditor.QuickSearchModule:UnityEditor.Search:ASIAI0B)
Imported 'GUID: 210e6a7b28c57aa4e9408866e861895c' -> (Import Result ID: '50f48a64dc5709ccc1558b068e662b66') in 0.029 seconds [static and dynamic dependencies]. Details - ImportResultOutputID=9d2a6aaf329f0211f7375d0bf7eca23a DependenciesID=04831e2ef45a8d0379d54f87f75f3016 StaticDependenciesID=79e5701840ad685c167f0288aac3af6a 
Number of updated asset objects reloaded before import = 0
Number of asset objects unloaded after import = 3
========================================================================
Received Import Request.
  Time of request: 2026-08-24T15:03:58.7819268Z
  Time since last request: 0.0007164 seconds.
  importAddress: GUID: cb488b4e150d26942b4c98b673d4794d - Path: Assets/Plugins & Utilities/DA-Shared/Assembly/Extensions/ListExtensions.cs - Importer: ScriptedImporter/UnityEditor.QuickSearchModule:UnityEditor.Search:ASIAI0B
Importing 'GUID: cb488b4e150d26942b4c98b673d4794d - Path: Assets/Plugins & Utilities/DA-Shared/Assembly/Extensions/ListExtensions.cs - Importer: ScriptedImporter/UnityEditor.QuickSearchModule:UnityEditor.Search:ASIAI0B' with importer (ScriptedImporter : UnityEditor.QuickSearchModule:UnityEditor.Search:ASIAI0B)
Imported 'GUID: cb488b4e150d26942b4c98b673d4794d' -> (Import Result ID: '21ee5da590aa1ea990351cc066e25616') in 0.005 seconds [static and dynamic dependencies]. Details - ImportResultOutputID=fff4262f78673435c04e5f4a30dfd593 DependenciesID=8e297fd959fd173c958320ba10b6886f StaticDependenciesID=b382afde48f24ee3de91aae47b65aeb6 
Number of updated asset objects reloaded before import = 0
Number of asset objects unloaded after import = 0
========================================================================
Received Import Request.
  Time of request: 2026-08-24T15:03:58.8010697Z
  Time since last request: 0.0005142 seconds.
  importAddress: GUID: 34e09d93503646947b9daf86beb4cc63 - Path: Assets/Plugins & Utilities/DA-Shared/Assembly/Coroutine/DACoroutineExtensions.cs - Importer: ScriptedImporter/UnityEditor.QuickSearchModule:UnityEditor.Search:ASIAI0B
Importing 'GUID: 34e09d93503646947b9daf86beb4cc63 - Path: Assets/Plugins & Utilities/DA-Shared/Assembly/Coroutine/DACoroutineExtensions.cs - Importer: ScriptedImporter/UnityEditor.QuickSearchModule:UnityEditor.Search:ASIAI0B' with importer (ScriptedImporter : UnityEditor.QuickSearchModule:UnityEditor.Search:ASIAI0B)
Imported 'GUID: 34e09d93503646947b9daf86beb4cc63' -> (Import Result ID: '4ed7d6e954aa60f12d441ec54ce139a4') in 0.006 seconds [static and dynamic dependencies]. Details - ImportResultOutputID=f531ab7e0feaf14cd4ec0f0a78d376db DependenciesID=06858fb813b9210077ea64581046c7de StaticDependenciesID=918cf0e9caf24b037c4c03878ee330f8 
Number of updated asset objects reloaded before import = 0
Number of asset objects unloaded after import = 0
========================================================================
Received Import Request.
  Time of request: 2026-08-24T15:03:58.8205765Z
  Time since last request: 0.0004009 seconds.
  importAddress: GUID: a040de054ab47504fb783b92a5844e76 - Path: Assets/Plugins & Utilities/DA-Shared/Editor/GUI/GUISplitter.cs - Importer: ScriptedImporter/UnityEditor.QuickSearchModule:UnityEditor.Search:ASIAI0B
Importing 'GUID: a040de054ab47504fb783b92a5844e76 - Path: Assets/Plugins & Utilities/DA-Shared/Editor/GUI/GUISplitter.cs - Importer: ScriptedImporter/UnityEditor.QuickSearchModule:UnityEditor.Search:ASIAI0B' with importer (ScriptedImporter : UnityEditor.QuickSearchModule:UnityEditor.Search:ASIAI0B)
Imported 'GUID: a040de054ab47504fb783b92a5844e76' -> (Import Result ID: '8165d340beee301d5319b31851986674') in 0.005 seconds [static and dynamic dependencies]. Details - ImportResultOutputID=ead9f06b282e8aa53e70f0cab1c61982 DependenciesID=e530092f27b7808422c5c4fa4978b75d StaticDependenciesID=635d3610578de1b5ac63cc8d2eb5e88f 
Number of updated asset objects reloaded before import = 0
Number of asset objects unloaded after import = 0
========================================================================
Received Import Request.
  Time of request: 2026-08-24T15:03:58.8404905Z
  Time since last request: 0.0011269 seconds.
  importAddress: GUID: 6e6e2f8e6cb739b4a909268b9e654ba8 - Path: Assets/Plugins & Utilities/DA-Shared/Assembly/Extensions/MonoBehaviourExtensions.cs - Importer: ScriptedImporter/UnityEditor.QuickSearchModule:UnityEditor.Search:ASIAI0B
Importing 'GUID: 6e6e2f8e6cb739b4a909268b9e654ba8 - Path: Assets/Plugins & Utilities/DA-Shared/Assembly/Extensions/MonoBehaviourExtensions.cs - Importer: ScriptedImporter/UnityEditor.QuickSearchModule:UnityEditor.Search:ASIAI0B' with importer (ScriptedImporter : UnityEditor.QuickSearchModule:UnityEditor.Search:ASIAI0B)
Imported 'GUID: 6e6e2f8e6cb739b4a909268b9e654ba8' -> (Import Result ID: '15882bf605b008e540469afe135d2d20') in 0.005 seconds [static and dynamic dependencies]. Details - ImportResultOutputID=2a419138f0b23f199ef0e5bdffb4c480 DependenciesID=2cbb9a7bb570a7b0c37a03b9ebe518dd StaticDependenciesID=e9a4dbe6f1d535beb3cbb3cecf6dd476 
Number of updated asset objects reloaded before import = 0
Number of asset objects unloaded after import = 0
========================================================================
Received Import Request.
  Time of request: 2026-08-24T15:03:58.8600346Z
  Time since last request: 0.0005553 seconds.
  importAddress: GUID: 7cf2f46063edb3445a4b32cbd687b51c - Path: Assets/UI/UI Asset/Free/Right Arrow.png - Importer: ScriptedImporter/UnityEditor.QuickSearchModule:UnityEditor.Search:ASIAI0B
Importing 'GUID: 7cf2f46063edb3445a4b32cbd687b51c - Path: Assets/UI/UI Asset/Free/Right Arrow.png - Importer: ScriptedImporter/UnityEditor.QuickSearchModule:UnityEditor.Search:ASIAI0B' with importer (ScriptedImporter : UnityEditor.QuickSearchModule:UnityEditor.Search:ASIAI0B)
Imported 'GUID: 7cf2f46063edb3445a4b32cbd687b51c' -> (Import Result ID: '4b031e96d509e83b0b4cff24a833ccdb') in 0.031 seconds [static and dynamic dependencies]. Details - ImportResultOutputID=f27dfa582b81a588ff3c5ab9142ab483 DependenciesID=c5792857a7f194cb9120c636c9c98999 StaticDependenciesID=449bdb91ef4902017548e4be2f2f657d 
Number of updated asset objects reloaded before import = 0
Number of asset objects unloaded after import = 3
========================================================================
Received Import Request.
  Time of request: 2026-08-24T15:03:58.9055592Z
  Time since last request: 0.0008588 seconds.
  importAddress: GUID: 0d56cc06daae2ba458273dabbda628cd - Path: Assets/Plugins & Utilities/DA-Shared/Editor/DAInspector/InfinityScrollRectWindow.cs - Importer: ScriptedImporter/UnityEditor.QuickSearchModule:UnityEditor.Search:ASIAI0B
Importing 'GUID: 0d56cc06daae2ba458273dabbda628cd - Path: Assets/Plugins & Utilities/DA-Shared/Editor/DAInspector/InfinityScrollRectWindow.cs - Importer: ScriptedImporter/UnityEditor.QuickSearchModule:UnityEditor.Search:ASIAI0B' with importer (ScriptedImporter : UnityEditor.QuickSearchModule:UnityEditor.Search:ASIAI0B)
Imported 'GUID: 0d56cc06daae2ba458273dabbda628cd' -> (Import Result ID: 'd3e0315fe5d804c422e92257202914c4') in 0.024 seconds [static and dynamic dependencies]. Details - ImportResultOutputID=2bb71264e6806c1a2a66611fbecdf25d DependenciesID=fc801ccbc55c829ca9f1cb327aaed465 StaticDependenciesID=cd0bffa16cb72aebb3d2120355d83e96 
Number of updated asset objects reloaded before import = 0
Number of asset objects unloaded after import = 0
========================================================================
Received Import Request.
  Time of request: 2026-08-24T15:03:58.9451878Z
  Time since last request: 0.0014185 seconds.
  importAddress: GUID: 81ed7324603ad9a448b26c42008f3ff2 - Path: Assets/Plugins & Utilities/DA-Shared/Editor/DAInspector/DAInspectorEditor.cs - Importer: ScriptedImporter/UnityEditor.QuickSearchModule:UnityEditor.Search:ASIAI0B
Importing 'GUID: 81ed7324603ad9a448b26c42008f3ff2 - Path: Assets/Plugins & Utilities/DA-Shared/Editor/DAInspector/DAInspectorEditor.cs - Importer: ScriptedImporter/UnityEditor.QuickSearchModule:UnityEditor.Search:ASIAI0B' with importer (ScriptedImporter : UnityEditor.QuickSearchModule:UnityEditor.Search:ASIAI0B)
Imported 'GUID: 81ed7324603ad9a448b26c42008f3ff2' -> (Import Result ID: '885b55cc1c25435be943499a85652481') in 0.005 seconds [static and dynamic dependencies]. Details - ImportResultOutputID=9fd10cde8d5679cc54c7baa585192992 DependenciesID=d9324898d1ddcd56656956ca73b06301 StaticDependenciesID=40ca0ba9010d964b9ee8c7543a1c0d78 
Number of updated asset objects reloaded before import = 0
Number of asset objects unloaded after import = 0
========================================================================
Received Import Request.
  Time of request: 2026-08-24T15:03:58.9624784Z
  Time since last request: 0.0004498 seconds.
  importAddress: GUID: 9a2e82b06c2ed1847bd32d353cd674c8 - Path: Assets/Plugins & Utilities/DA-Shared/Assembly/CornerRounder/CornerRounder.cs - Importer: ScriptedImporter/UnityEditor.QuickSearchModule:UnityEditor.Search:ASIAI0B
Importing 'GUID: 9a2e82b06c2ed1847bd32d353cd674c8 - Path: Assets/Plugins & Utilities/DA-Shared/Assembly/CornerRounder/CornerRounder.cs - Importer: ScriptedImporter/UnityEditor.QuickSearchModule:UnityEditor.Search:ASIAI0B' with importer (ScriptedImporter : UnityEditor.QuickSearchModule:UnityEditor.Search:ASIAI0B)
Imported 'GUID: 9a2e82b06c2ed1847bd32d353cd674c8' -> (Import Result ID: 'ddbabc2391e5ba4377f361798ab7cd40') in 0.005 seconds [static and dynamic dependencies]. Details - ImportResultOutputID=a78e912b8e9f84b00cce1ee6fe01b2b4 DependenciesID=169bae4a06c4895226b5379522fe9e1c StaticDependenciesID=64a583c494e4b67851c8a1694cfcefff 
Number of updated asset objects reloaded before import = 0
Number of asset objects unloaded after import = 0
========================================================================
Received Import Request.
  Time of request: 2026-08-24T15:03:58.9811723Z
  Time since last request: 0.0005786 seconds.
  importAddress: GUID: 530e95603b9e0f14496bf4812dd60c78 - Path: Assets/Plugins & Utilities/DA-Shared/Assembly/UI/FCU_Button.cs - Importer: ScriptedImporter/UnityEditor.QuickSearchModule:UnityEditor.Search:ASIAI0B
Importing 'GUID: 530e95603b9e0f14496bf4812dd60c78 - Path: Assets/Plugins & Utilities/DA-Shared/Assembly/UI/FCU_Button.cs - Importer: ScriptedImporter/UnityEditor.QuickSearchModule:UnityEditor.Search:ASIAI0B' with importer (ScriptedImporter : UnityEditor.QuickSearchModule:UnityEditor.Search:ASIAI0B)
Imported 'GUID: 530e95603b9e0f14496bf4812dd60c78' -> (Import Result ID: 'b27a5887bf5ec719dbcc03c46844c2f4') in 0.005 seconds [static and dynamic dependencies]. Details - ImportResultOutputID=c36a035054bbf6b5041b5f8c30a829ae DependenciesID=84b2e5ee69e763edd5de32baa4e1c412 StaticDependenciesID=024c44e93586f59d7f0199e4837ca1a7 
Number of updated asset objects reloaded before import = 0
Number of asset objects unloaded after import = 0
========================================================================
Received Import Request.
  Time of request: 2026-08-24T15:03:59.00004Z
  Time since last request: 0.0005253 seconds.
  importAddress: GUID: 3646afd5fb564c6b914c04b46d4417c8 - Path: Assets/Plugins & Utilities/DA-Shared/Assembly/SVGMeshUnity/SVGMesh.cs - Importer: ScriptedImporter/UnityEditor.QuickSearchModule:UnityEditor.Search:ASIAI0B
Importing 'GUID: 3646afd5fb564c6b914c04b46d4417c8 - Path: Assets/Plugins & Utilities/DA-Shared/Assembly/SVGMeshUnity/SVGMesh.cs - Importer: ScriptedImporter/UnityEditor.QuickSearchModule:UnityEditor.Search:ASIAI0B' with importer (ScriptedImporter : UnityEditor.QuickSearchModule:UnityEditor.Search:ASIAI0B)
Imported 'GUID: 3646afd5fb564c6b914c04b46d4417c8' -> (Import Result ID: '25e04e4f64815cd2bd3352b788a18482') in 0.005 seconds [static and dynamic dependencies]. Details - ImportResultOutputID=01d4debf3b86a6f05f2ebc57bdf745ed DependenciesID=1bdb935d0ec1da8ba0906c5804841d77 StaticDependenciesID=05cc99354b2d04a4d4515fe6d74795e1 
Number of updated asset objects reloaded before import = 0
Number of asset objects unloaded after import = 0
========================================================================
Received Import Request.
  Time of request: 2026-08-24T15:03:59.0203435Z
  Time since last request: 0.0005032 seconds.
  importAddress: GUID: c8b27b6dc4af4c65a0d1531a5c3a9880 - Path: Assets/Plugins & Utilities/DA-Shared/Assembly/CornerRounder/ShaderSetup.cginc - Importer: ScriptedImporter/UnityEditor.QuickSearchModule:UnityEditor.Search:ASIAI0B
Importing 'GUID: c8b27b6dc4af4c65a0d1531a5c3a9880 - Path: Assets/Plugins & Utilities/DA-Shared/Assembly/CornerRounder/ShaderSetup.cginc - Importer: ScriptedImporter/UnityEditor.QuickSearchModule:UnityEditor.Search:ASIAI0B' with importer (ScriptedImporter : UnityEditor.QuickSearchModule:UnityEditor.Search:ASIAI0B)
Imported 'GUID: c8b27b6dc4af4c65a0d1531a5c3a9880' -> (Import Result ID: '6034efd1ed64ddc2d0b07c34d16082d2') in 0.007 seconds [static and dynamic dependencies]. Details - ImportResultOutputID=ca074772a05dd34682ae569a68f6c559 DependenciesID=105edd4dc0d7e2e961f19ec53e2b0429 StaticDependenciesID=e813a1d900c529b6b384ed2de1fd87b1 
Number of updated asset objects reloaded before import = 0
Number of asset objects unloaded after import = 1
========================================================================
Received Import Request.
  Time of request: 2026-08-24T15:03:59.0411571Z
  Time since last request: 0.0004978 seconds.
  importAddress: GUID: a0993af277162934b9f02610f6f941f2 - Path: Assets/UI/UI Asset/Free/Sound.png - Importer: ScriptedImporter/UnityEditor.QuickSearchModule:UnityEditor.Search:ASIAI0B
Importing 'GUID: a0993af277162934b9f02610f6f941f2 - Path: Assets/UI/UI Asset/Free/Sound.png - Importer: ScriptedImporter/UnityEditor.QuickSearchModule:UnityEditor.Search:ASIAI0B' with importer (ScriptedImporter : UnityEditor.QuickSearchModule:UnityEditor.Search:ASIAI0B)
Imported 'GUID: a0993af277162934b9f02610f6f941f2' -> (Import Result ID: '4008613b4049e4279171d765cd997e4c') in 0.029 seconds [static and dynamic dependencies]. Details - ImportResultOutputID=f5a743787d6d5c9702cf3bd9bd407774 DependenciesID=ecb084949792c86f3568442918d72e2a StaticDependenciesID=93e563657f142a8231fe512d3a05d302 
Number of updated asset objects reloaded before import = 0
Number of asset objects unloaded after import = 3
========================================================================
Received Import Request.
  Time of request: 2026-08-24T15:03:59.0858594Z
  Time since last request: 0.0004805 seconds.
  importAddress: GUID: 7927a8fbe7ef84ebc95a11f2b57680f5 - Path: Assets/Plugins & Utilities/DA-Shared/Assembly/SVGMeshUnity/SVGData.cs - Importer: ScriptedImporter/UnityEditor.QuickSearchModule:UnityEditor.Search:ASIAI0B
Importing 'GUID: 7927a8fbe7ef84ebc95a11f2b57680f5 - Path: Assets/Plugins & Utilities/DA-Shared/Assembly/SVGMeshUnity/SVGData.cs - Importer: ScriptedImporter/UnityEditor.QuickSearchModule:UnityEditor.Search:ASIAI0B' with importer (ScriptedImporter : UnityEditor.QuickSearchModule:UnityEditor.Search:ASIAI0B)
Imported 'GUID: 7927a8fbe7ef84ebc95a11f2b57680f5' -> (Import Result ID: '3435cb9d5c01e43a805f1d651350829c') in 0.005 seconds [static and dynamic dependencies]. Details - ImportResultOutputID=28f0171cde262c8865f79e8ba41ff239 DependenciesID=b38bcb40a8898c85262b4ca1242f214e StaticDependenciesID=547f4744711defdacd1a39ccf0bde378 
Number of updated asset objects reloaded before import = 0
Number of asset objects unloaded after import = 0
========================================================================
Received Import Request.
  Time of request: 2026-08-24T15:03:59.1053696Z
  Time since last request: 0.0006829 seconds.
  importAddress: GUID: 751a7b6d15a328547a14075f8adb0bb0 - Path: Assets/UI/UI Asset/Free/Settings.png - Importer: ScriptedImporter/UnityEditor.QuickSearchModule:UnityEditor.Search:ASIAI0B
Importing 'GUID: 751a7b6d15a328547a14075f8adb0bb0 - Path: Assets/UI/UI Asset/Free/Settings.png - Importer: ScriptedImporter/UnityEditor.QuickSearchModule:UnityEditor.Search:ASIAI0B' with importer (ScriptedImporter : UnityEditor.QuickSearchModule:UnityEditor.Search:ASIAI0B)
Imported 'GUID: 751a7b6d15a328547a14075f8adb0bb0' -> (Import Result ID: 'a49b605e6b0a48e1c26760eed996ccd6') in 0.027 seconds [static and dynamic dependencies]. Details - ImportResultOutputID=a72e4211d56eb55df1430331fd22030a DependenciesID=66e43bbca2977c147b823b73e2e0cad8 StaticDependenciesID=791e47227ba13854f95d7065b2094b67 
Number of updated asset objects reloaded before import = 0
Number of asset objects unloaded after import = 3
========================================================================
Received Import Request.
  Time of request: 2026-08-24T15:03:59.1486755Z
  Time since last request: 0.0009169 seconds.
  importAddress: GUID: 6bdb420b2e504b14a90dc566a4741b7c - Path: Assets/Plugins & Utilities/DA-Shared/Assembly/Extensions/AdaptivityExtensions.cs - Importer: ScriptedImporter/UnityEditor.QuickSearchModule:UnityEditor.Search:ASIAI0B
Importing 'GUID: 6bdb420b2e504b14a90dc566a4741b7c - Path: Assets/Plugins & Utilities/DA-Shared/Assembly/Extensions/AdaptivityExtensions.cs - Importer: ScriptedImporter/UnityEditor.QuickSearchModule:UnityEditor.Search:ASIAI0B' with importer (ScriptedImporter : UnityEditor.QuickSearchModule:UnityEditor.Search:ASIAI0B)
Imported 'GUID: 6bdb420b2e504b14a90dc566a4741b7c' -> (Import Result ID: '024d07bb34e7edd32086fdf3aa8cd322') in 0.005 seconds [static and dynamic dependencies]. Details - ImportResultOutputID=cde37fba030abba3e65298e656815d61 DependenciesID=bbbc67434c94cfbe1c93862dcf07ea9a StaticDependenciesID=7c11a066dfdf538729a7c9aa777a8a3b 
Number of updated asset objects reloaded before import = 0
Number of asset objects unloaded after import = 0
========================================================================
Received Import Request.
  Time of request: 2026-08-24T15:03:59.1681907Z
  Time since last request: 0.0005886 seconds.
  importAddress: GUID: 6524e57dc4d98a14f8146352f930e583 - Path: Assets/Plugins & Utilities/DA-Shared/Assembly/Extensions/FileExtensions.cs - Importer: ScriptedImporter/UnityEditor.QuickSearchModule:UnityEditor.Search:ASIAI0B
Importing 'GUID: 6524e57dc4d98a14f8146352f930e583 - Path: Assets/Plugins & Utilities/DA-Shared/Assembly/Extensions/FileExtensions.cs - Importer: ScriptedImporter/UnityEditor.QuickSearchModule:UnityEditor.Search:ASIAI0B' with importer (ScriptedImporter : UnityEditor.QuickSearchModule:UnityEditor.Search:ASIAI0B)
Imported 'GUID: 6524e57dc4d98a14f8146352f930e583' -> (Import Result ID: '899b086b499da01c6da40e3ae138efed') in 0.005 seconds [static and dynamic dependencies]. Details - ImportResultOutputID=9aac8138f1649073c8af4870dad7f16b DependenciesID=a38ab91482c0c907a3ee49dc89288a67 StaticDependenciesID=50f75f2a24f78d898c8bbd6406c99056 
Number of updated asset objects reloaded before import = 0
Number of asset objects unloaded after import = 0
========================================================================
Received Import Request.
  Time of request: 2026-08-24T15:03:59.1891716Z
  Time since last request: 0.0005931 seconds.
  importAddress: GUID: 0b0d706512c4f7349ab740353b310d29 - Path: Assets/Plugins & Utilities/DA-Shared/Assembly/UI/FcuButton.cs - Importer: ScriptedImporter/UnityEditor.QuickSearchModule:UnityEditor.Search:ASIAI0B
Importing 'GUID: 0b0d706512c4f7349ab740353b310d29 - Path: Assets/Plugins & Utilities/DA-Shared/Assembly/UI/FcuButton.cs - Importer: ScriptedImporter/UnityEditor.QuickSearchModule:UnityEditor.Search:ASIAI0B' with importer (ScriptedImporter : UnityEditor.QuickSearchModule:UnityEditor.Search:ASIAI0B)
Imported 'GUID: 0b0d706512c4f7349ab740353b310d29' -> (Import Result ID: '25a8af2304f92d38dda87edcb26b1f05') in 0.005 seconds [static and dynamic dependencies]. Details - ImportResultOutputID=f4874ba11f2371ad060f145fc949ca5f DependenciesID=0700ff60eeea5dae2359306b6b27f4d3 StaticDependenciesID=63700e818c886d92ff1751fc8b159a48 
Number of updated asset objects reloaded before import = 0
Number of asset objects unloaded after import = 0
========================================================================
Received Import Request.
  Time of request: 2026-08-24T15:03:59.2084976Z
  Time since last request: 0.0004755 seconds.
  importAddress: GUID: 8fa4b658b84f1c640ba8afade0fc484d - Path: Assets/Plugins & Utilities/DA-Shared/Assembly/UI/FlexibleGridLayoutGroup.cs - Importer: ScriptedImporter/UnityEditor.QuickSearchModule:UnityEditor.Search:ASIAI0B
Importing 'GUID: 8fa4b658b84f1c640ba8afade0fc484d - Path: Assets/Plugins & Utilities/DA-Shared/Assembly/UI/FlexibleGridLayoutGroup.cs - Importer: ScriptedImporter/UnityEditor.QuickSearchModule:UnityEditor.Search:ASIAI0B' with importer (ScriptedImporter : UnityEditor.QuickSearchModule:UnityEditor.Search:ASIAI0B)
Imported 'GUID: 8fa4b658b84f1c640ba8afade0fc484d' -> (Import Result ID: 'c52534a899cb6fb2f8fc43019cfaf040') in 0.005 seconds [static and dynamic dependencies]. Details - ImportResultOutputID=9e9e9e2132a30c44bfb4dcf343e985fd DependenciesID=4f5f899a62808bf57798f977d2672b4e StaticDependenciesID=4d694d1f1fe40fbdba86b1acfb318f24 
Number of updated asset objects reloaded before import = 0
Number of asset objects unloaded after import = 0
========================================================================
Received Import Request.
  Time of request: 2026-08-24T15:03:59.228148Z
  Time since last request: 0.0011197 seconds.
  importAddress: GUID: e8433df827a81cb48bac4ebc18d1e25e - Path: Assets/UI/UI Asset/Free/Ranks.png - Importer: ScriptedImporter/UnityEditor.QuickSearchModule:UnityEditor.Search:ASIAI0B
Importing 'GUID: e8433df827a81cb48bac4ebc18d1e25e - Path: Assets/UI/UI Asset/Free/Ranks.png - Importer: ScriptedImporter/UnityEditor.QuickSearchModule:UnityEditor.Search:ASIAI0B' with importer (ScriptedImporter : UnityEditor.QuickSearchModule:UnityEditor.Search:ASIAI0B)
Imported 'GUID: e8433df827a81cb48bac4ebc18d1e25e' -> (Import Result ID: '2fa413752bd54c292174c2ac94cb4159') in 0.028 seconds [static and dynamic dependencies]. Details - ImportResultOutputID=a2fd1ae1077140ea30cfe37dfba47b7f DependenciesID=044e4092d9a959c41ab9c711378dab51 StaticDependenciesID=7ad7e7ccf57f67f4c99634e315f1a30f 
Number of updated asset objects reloaded before import = 0
Number of asset objects unloaded after import = 3
========================================================================
Received Import Request.
  Time of request: 2026-08-24T15:03:59.2703717Z
  Time since last request: 0.000487 seconds.
  importAddress: GUID: e3e5bd22335e3af4ab74e088b30f3568 - Path: Assets/Plugins & Utilities/DA-Shared/Assembly/Resources/DAInspector.asset - Importer: ScriptedImporter/UnityEditor.QuickSearchModule:UnityEditor.Search:ASIAI0B
Importing 'GUID: e3e5bd22335e3af4ab74e088b30f3568 - Path: Assets/Plugins & Utilities/DA-Shared/Assembly/Resources/DAInspector.asset - Importer: ScriptedImporter/UnityEditor.QuickSearchModule:UnityEditor.Search:ASIAI0B' with importer (ScriptedImporter : UnityEditor.QuickSearchModule:UnityEditor.Search:ASIAI0B)
Imported 'GUID: e3e5bd22335e3af4ab74e088b30f3568' -> (Import Result ID: '148da5f05397a9f961dd6c6ac8d321f0') in 0.015 seconds [static and dynamic dependencies]. Details - ImportResultOutputID=076acb0ec6cac165e14dcd3c17ef80d4 DependenciesID=4d46c453b8e174eee45ca1f03425f810 StaticDependenciesID=2c17b863ddbda08cd9f7f9be3f085d13 
Number of updated asset objects reloaded before import = 0
Number of asset objects unloaded after import = 1
========================================================================
Received Import Request.
  Time of request: 2026-08-24T15:03:59.3013293Z
  Time since last request: 0.0000385 seconds.
  importAddress: GUID: 01ffff8cabada514093edf39622e0b8c - Path: Assets/Plugins & Utilities/FMOD/Cache/Editor/FMODStudioCache.asset - Importer: ScriptedImporter/UnityEditor.QuickSearchModule:UnityEditor.Search:ASIAI0B
Importing 'GUID: 01ffff8cabada514093edf39622e0b8c - Path: Assets/Plugins & Utilities/FMOD/Cache/Editor/FMODStudioCache.asset - Importer: ScriptedImporter/UnityEditor.QuickSearchModule:UnityEditor.Search:ASIAI0B' with importer (ScriptedImporter : UnityEditor.QuickSearchModule:UnityEditor.Search:ASIAI0B)
Imported 'GUID: 01ffff8cabada514093edf39622e0b8c' -> (Import Result ID: 'e8d8c20f4469db6dfc5e8b8cba43dda2') in 0.007 seconds [static and dynamic dependencies]. Details - ImportResultOutputID=e4487805e9739dddfd4c800d0c8ca93c DependenciesID=bbbde7d7545f248b6ad2536e03180681 StaticDependenciesID=b488879e1ca284864d43a642d1e3a755 
Number of updated asset objects reloaded before import = 0
Number of asset objects unloaded after import = 1
========================================================================
Received Import Request.
  Time of request: 2026-08-24T15:03:59.3234515Z
  Time since last request: 0.0005257 seconds.
  importAddress: GUID: 9dbc314d5e9a24d459a014d90696eb18 - Path: Assets/UI/UI Asset/Free/Right BTN.png - Importer: ScriptedImporter/UnityEditor.QuickSearchModule:UnityEditor.Search:ASIAI0B
Importing 'GUID: 9dbc314d5e9a24d459a014d90696eb18 - Path: Assets/UI/UI Asset/Free/Right BTN.png - Importer: ScriptedImporter/UnityEditor.QuickSearchModule:UnityEditor.Search:ASIAI0B' with importer (ScriptedImporter : UnityEditor.QuickSearchModule:UnityEditor.Search:ASIAI0B)
Imported 'GUID: 9dbc314d5e9a24d459a014d90696eb18' -> (Import Result ID: '263ab21fb9125a82c2eecb3ec02f1ac1') in 0.026 seconds [static and dynamic dependencies]. Details - ImportResultOutputID=531c446c0c814a67868f48def5abdb43 DependenciesID=aa6d28a64d86f92709547d893d53f7f8 StaticDependenciesID=f395c35973cce491307c39185ea4faf7 
Number of updated asset objects reloaded before import = 0
Number of asset objects unloaded after import = 3
========================================================================
Received Import Request.
  Time of request: 2026-08-24T15:03:59.3645407Z
  Time since last request: 0.0004848 seconds.
  importAddress: GUID: dd8c6245ee19b2345ba3c0ce722a32c0 - Path: Assets/UI/UI Asset/Free/Messages.png - Importer: ScriptedImporter/UnityEditor.QuickSearchModule:UnityEditor.Search:ASIAI0B
Importing 'GUID: dd8c6245ee19b2345ba3c0ce722a32c0 - Path: Assets/UI/UI Asset/Free/Messages.png - Importer: ScriptedImporter/UnityEditor.QuickSearchModule:UnityEditor.Search:ASIAI0B' with importer (ScriptedImporter : UnityEditor.QuickSearchModule:UnityEditor.Search:ASIAI0B)
Imported 'GUID: dd8c6245ee19b2345ba3c0ce722a32c0' -> (Import Result ID: '0017292765611f6e0468a5b7219e7781') in 0.023 seconds [static and dynamic dependencies]. Details - ImportResultOutputID=ee7cbf73e58e6b9acdf6e4b1036ca62d DependenciesID=523efc9d51f8b3dce793fd0b49b937fe StaticDependenciesID=9b633783261762e2e94a7e7681705fda 
Number of updated asset objects reloaded before import = 0
Number of asset objects unloaded after import = 3
========================================================================
Received Import Request.
  Time of request: 2026-08-24T15:03:59.4027511Z
  Time since last request: 0.0006371 seconds.
  importAddress: GUID: 1c19f2ebb8f0b0a4bb4f73a230063a0d - Path: Assets/Plugins & Utilities/DA-Shared/Assembly/Extensions/AssetDatabaseExtensions.cs - Importer: ScriptedImporter/UnityEditor.QuickSearchModule:UnityEditor.Search:ASIAI0B
Importing 'GUID: 1c19f2ebb8f0b0a4bb4f73a230063a0d - Path: Assets/Plugins & Utilities/DA-Shared/Assembly/Extensions/AssetDatabaseExtensions.cs - Importer: ScriptedImporter/UnityEditor.QuickSearchModule:UnityEditor.Search:ASIAI0B' with importer (ScriptedImporter : UnityEditor.QuickSearchModule:UnityEditor.Search:ASIAI0B)
Imported 'GUID: 1c19f2ebb8f0b0a4bb4f73a230063a0d' -> (Import Result ID: '287cd44bb458fcee562cca9b710e2bb2') in 0.008 seconds [static and dynamic dependencies]. Details - ImportResultOutputID=3a31408f2f5b9ee6a53377eaf275446b DependenciesID=78f9b9a23c743c4c89b9f0e917939440 StaticDependenciesID=32fb719dc52353260a8e9edfefed3428 
Number of updated asset objects reloaded before import = 0
Number of asset objects unloaded after import = 0
========================================================================
Received Import Request.
  Time of request: 2026-08-24T15:03:59.4245578Z
  Time since last request: 0.0007574 seconds.
  importAddress: GUID: 2921ff2b1e295e7489748e9fc441b820 - Path: Assets/Plugins & Utilities/DA-Shared/Assembly/Extensions/TextureExtensions.cs - Importer: ScriptedImporter/UnityEditor.QuickSearchModule:UnityEditor.Search:ASIAI0B
Importing 'GUID: 2921ff2b1e295e7489748e9fc441b820 - Path: Assets/Plugins & Utilities/DA-Shared/Assembly/Extensions/TextureExtensions.cs - Importer: ScriptedImporter/UnityEditor.QuickSearchModule:UnityEditor.Search:ASIAI0B' with importer (ScriptedImporter : UnityEditor.QuickSearchModule:UnityEditor.Search:ASIAI0B)
Imported 'GUID: 2921ff2b1e295e7489748e9fc441b820' -> (Import Result ID: '086c8d6a8c5656fd4916356f5cff1260') in 0.005 seconds [static and dynamic dependencies]. Details - ImportResultOutputID=6d975992bd887b9e49159c3c100e4346 DependenciesID=aff820f3ce79bff93a1ce48861da1482 StaticDependenciesID=66cd190fa2f045fb2c09ef252c7f3a50 
Number of updated asset objects reloaded before import = 0
Number of asset objects unloaded after import = 0
========================================================================
Received Import Request.
  Time of request: 2026-08-24T15:03:59.4441841Z
  Time since last request: 0.0007258 seconds.
  importAddress: GUID: 74f5470faa246124d8f3d41f700ef32b - Path: Assets/Plugins & Utilities/DA-Shared/Editor/GUI/Enums.cs - Importer: ScriptedImporter/UnityEditor.QuickSearchModule:UnityEditor.Search:ASIAI0B
Importing 'GUID: 74f5470faa246124d8f3d41f700ef32b - Path: Assets/Plugins & Utilities/DA-Shared/Editor/GUI/Enums.cs - Importer: ScriptedImporter/UnityEditor.QuickSearchModule:UnityEditor.Search:ASIAI0B' with importer (ScriptedImporter : UnityEditor.QuickSearchModule:UnityEditor.Search:ASIAI0B)
Imported 'GUID: 74f5470faa246124d8f3d41f700ef32b' -> (Import Result ID: 'd3580c581c8226d63f5435a3c9f68f07') in 0.007 seconds [static and dynamic dependencies]. Details - ImportResultOutputID=d9e7b94c84a25d5c568660b01b6e01e3 DependenciesID=8abf355a44e7352db60c5e4ca92f5572 StaticDependenciesID=b92fcbd3de97a1dd44ae3a88624499a4 
Number of updated asset objects reloaded before import = 0
Number of asset objects unloaded after import = 0
========================================================================
Received Import Request.
  Time of request: 2026-08-24T15:03:59.4657215Z
  Time since last request: 0.0004428 seconds.
  importAddress: GUID: f9e4c141412ca6345963f9ece84aae0a - Path: Assets/UI/UI Asset/Free/Lock.png - Importer: ScriptedImporter/UnityEditor.QuickSearchModule:UnityEditor.Search:ASIAI0B
Importing 'GUID: f9e4c141412ca6345963f9ece84aae0a - Path: Assets/UI/UI Asset/Free/Lock.png - Importer: ScriptedImporter/UnityEditor.QuickSearchModule:UnityEditor.Search:ASIAI0B' with importer (ScriptedImporter : UnityEditor.QuickSearchModule:UnityEditor.Search:ASIAI0B)
Imported 'GUID: f9e4c141412ca6345963f9ece84aae0a' -> (Import Result ID: 'faae27fc193cf9606e56998c9191f63a') in 0.029 seconds [static and dynamic dependencies]. Details - ImportResultOutputID=4aff0a3ba57169c9a60c629cc7089859 DependenciesID=1a8652cc2791767c524bbc4db50ec428 StaticDependenciesID=5bd89a16e6975187d44440a3c20080c1 
Number of updated asset objects reloaded before import = 0
Number of asset objects unloaded after import = 3
========================================================================
Received Import Request.
  Time of request: 2026-08-24T15:03:59.5252503Z
  Time since last request: 0.0170595 seconds.
  importAddress: GUID: aa9a0c70fef01fb43b8eff668bfa0e9c - Path: Assets/Plugins & Utilities/FMOD/src/Editor/SetupWizard.cs - Importer: ScriptedImporter/UnityEditor.QuickSearchModule:UnityEditor.Search:ASIAI0B
Importing 'GUID: aa9a0c70fef01fb43b8eff668bfa0e9c - Path: Assets/Plugins & Utilities/FMOD/src/Editor/SetupWizard.cs - Importer: ScriptedImporter/UnityEditor.QuickSearchModule:UnityEditor.Search:ASIAI0B' with importer (ScriptedImporter : UnityEditor.QuickSearchModule:UnityEditor.Search:ASIAI0B)
Imported 'GUID: aa9a0c70fef01fb43b8eff668bfa0e9c' -> (Import Result ID: '41c43bc14a7b7fc8cc1a3bbf2f391925') in 0.005 seconds [static and dynamic dependencies]. Details - ImportResultOutputID=4d2d8832b049cda9b65cdc510120cf42 DependenciesID=f67d191ba1dfbf958ec841a7d6b73a6b StaticDependenciesID=599b7f422184d0ddf21da97f51435a7d 
Number of updated asset objects reloaded before import = 0
Number of asset objects unloaded after import = 0
========================================================================
Received Import Request.
  Time of request: 2026-08-24T15:03:59.5444472Z
  Time since last request: 0.0004959 seconds.
  importAddress: GUID: aab3caaf43456d6449a3e035348ff798 - Path: Assets/Plugins & Utilities/FMOD/src/Editor/FMODUnityEditor.asmdef - Importer: ScriptedImporter/UnityEditor.QuickSearchModule:UnityEditor.Search:ASIAI0B
Importing 'GUID: aab3caaf43456d6449a3e035348ff798 - Path: Assets/Plugins & Utilities/FMOD/src/Editor/FMODUnityEditor.asmdef - Importer: ScriptedImporter/UnityEditor.QuickSearchModule:UnityEditor.Search:ASIAI0B' with importer (ScriptedImporter : UnityEditor.QuickSearchModule:UnityEditor.Search:ASIAI0B)
Imported 'GUID: aab3caaf43456d6449a3e035348ff798' -> (Import Result ID: 'e90c7915c2c0f2117e1afb6038c9f8d0') in 0.018 seconds [static and dynamic dependencies]. Details - ImportResultOutputID=185d00986d713d6d86e411d6bb74f105 DependenciesID=da43efb2067266efa65a829c109e60c4 StaticDependenciesID=c4bc9023f466f94403500f96d063434d 
Number of updated asset objects reloaded before import = 0
Number of asset objects unloaded after import = 1
========================================================================
Received Import Request.
  Time of request: 2026-08-24T15:03:59.5743215Z
  Time since last request: 0.0005081 seconds.
  importAddress: GUID: 1cf6f4c6e6e0518419839d3f5448dd99 - Path: Assets/Skybox/Skybox Cubemap Extended/Demo/Materials/Skybox Cubemap Extended Blend.mat - Importer: ScriptedImporter/UnityEditor.QuickSearchModule:UnityEditor.Search:ASIAI0B
Importing 'GUID: 1cf6f4c6e6e0518419839d3f5448dd99 - Path: Assets/Skybox/Skybox Cubemap Extended/Demo/Materials/Skybox Cubemap Extended Blend.mat - Importer: ScriptedImporter/UnityEditor.QuickSearchModule:UnityEditor.Search:ASIAI0B' with importer (ScriptedImporter : UnityEditor.QuickSearchModule:UnityEditor.Search:ASIAI0B)
d3d12: upload buffer was too small for the requested resource! Size: 22020096. Requested: 33554432.
Imported 'GUID: 1cf6f4c6e6e0518419839d3f5448dd99' -> (Import Result ID: '50bdb6b6b024d97f6be7c8504315ef74') in 0.489 seconds [static and dynamic dependencies]. Details - ImportResultOutputID=587d3c328b4f75bdd3bc2cac1eb89c00 DependenciesID=a7ba0eb648c251f5f626d86209d8cd54 StaticDependenciesID=a03920e1e580c0d5ab3b1110d296c0f3 
Number of updated asset objects reloaded before import = 0
Number of asset objects unloaded after import = 3
========================================================================
Received Import Request.
  Time of request: 2026-08-24T15:04:00.1057265Z
  Time since last request: 0.000036 seconds.
  importAddress: GUID: cb530898cc05d744da0941d6160f7b92 - Path: Assets/Skybox/Skybox Cubemap Extended/Core/Editor/Version.asset - Importer: ScriptedImporter/UnityEditor.QuickSearchModule:UnityEditor.Search:ASIAI0B
Importing 'GUID: cb530898cc05d744da0941d6160f7b92 - Path: Assets/Skybox/Skybox Cubemap Extended/Core/Editor/Version.asset - Importer: ScriptedImporter/UnityEditor.QuickSearchModule:UnityEditor.Search:ASIAI0B' with importer (ScriptedImporter : UnityEditor.QuickSearchModule:UnityEditor.Search:ASIAI0B)
Imported 'GUID: cb530898cc05d744da0941d6160f7b92' -> (Import Result ID: '9f172f4a7813fec603d99488b739b644') in 0.010 seconds [static and dynamic dependencies]. Details - ImportResultOutputID=fc25c2323c463896f5eda0776bb0978f DependenciesID=29e49f52a2403e7d8bdeedf36d94a5a5 StaticDependenciesID=aeb24ecdbe3b91cac9adaa30e20da749 
Number of updated asset objects reloaded before import = 0
Number of asset objects unloaded after import = 1
========================================================================
Received Import Request.
  Time of request: 2026-08-24T15:04:00.1307068Z
  Time since last request: 0.0005704 seconds.
  importAddress: GUID: f09ba26caab55e048a2e596ff75b3eab - Path: Assets/Plugins & Utilities/FMOD/src/Editor/StudioEventEmitterGizmoDrawer.cs - Importer: ScriptedImporter/UnityEditor.QuickSearchModule:UnityEditor.Search:ASIAI0B
Importing 'GUID: f09ba26caab55e048a2e596ff75b3eab - Path: Assets/Plugins & Utilities/FMOD/src/Editor/StudioEventEmitterGizmoDrawer.cs - Importer: ScriptedImporter/UnityEditor.QuickSearchModule:UnityEditor.Search:ASIAI0B' with importer (ScriptedImporter : UnityEditor.QuickSearchModule:UnityEditor.Search:ASIAI0B)
Imported 'GUID: f09ba26caab55e048a2e596ff75b3eab' -> (Import Result ID: 'e3fc356835060341986ec5bcb74b0631') in 0.006 seconds [static and dynamic dependencies]. Details - ImportResultOutputID=d7e979a63b9bb962744791d525f66d6d DependenciesID=3633e4e4c19b1c9d3721ab76ae838128 StaticDependenciesID=bc87d74a1a9a8eccf2ecb3a6685f6db1 
Number of updated asset objects reloaded before import = 0
Number of asset objects unloaded after import = 0
========================================================================
Received Import Request.
  Time of request: 2026-08-24T15:04:00.1492004Z
  Time since last request: 0.0005267 seconds.
  importAddress: GUID: fecb8ef7f94ca804a8ab72049b86782e - Path: Assets/Plugins & Utilities/FMOD/src/Editor/EditorParamRef.cs - Importer: ScriptedImporter/UnityEditor.QuickSearchModule:UnityEditor.Search:ASIAI0B
Importing 'GUID: fecb8ef7f94ca804a8ab72049b86782e - Path: Assets/Plugins & Utilities/FMOD/src/Editor/EditorParamRef.cs - Importer: ScriptedImporter/UnityEditor.QuickSearchModule:UnityEditor.Search:ASIAI0B' with importer (ScriptedImporter : UnityEditor.QuickSearchModule:UnityEditor.Search:ASIAI0B)
Imported 'GUID: fecb8ef7f94ca804a8ab72049b86782e' -> (Import Result ID: '6f0d25aedcc754f9f50cc57c3fcbe0ff') in 0.004 seconds [static and dynamic dependencies]. Details - ImportResultOutputID=1bedf5cdc6248dd7b28725c39200fced DependenciesID=b75445624122e4fdd571e20f99b2dec3 StaticDependenciesID=55d63a50d97dc941f47d8326ba076982 
Number of updated asset objects reloaded before import = 0
Number of asset objects unloaded after import = 0
========================================================================
Received Import Request.
  Time of request: 2026-08-24T15:04:00.1677284Z
  Time since last request: 0.0006106 seconds.
  importAddress: GUID: 719d923d0fff4604dad00bd968b563b2 - Path: Assets/Skybox/Skybox Cubemap Extended/Demo/Meshes/LowPoly - Fence A.FBX - Importer: ScriptedImporter/UnityEditor.QuickSearchModule:UnityEditor.Search:ASIAI0B
Importing 'GUID: 719d923d0fff4604dad00bd968b563b2 - Path: Assets/Skybox/Skybox Cubemap Extended/Demo/Meshes/LowPoly - Fence A.FBX - Importer: ScriptedImporter/UnityEditor.QuickSearchModule:UnityEditor.Search:ASIAI0B' with importer (ScriptedImporter : UnityEditor.QuickSearchModule:UnityEditor.Search:ASIAI0B)
Imported 'GUID: 719d923d0fff4604dad00bd968b563b2' -> (Import Result ID: 'cb36d4d18e3ad3b3e6b5c89431c93e8e') in 0.019 seconds [static and dynamic dependencies]. Details - ImportResultOutputID=7ffb03ef80e9e88fb78e9d2b2a56d952 DependenciesID=3b21f0ea075c33421e705e0318fc796d StaticDependenciesID=91f2724c3aab9c324cc70d9f07edcffe 
Number of updated asset objects reloaded before import = 0
Number of asset objects unloaded after import = 9
========================================================================
Received Import Request.
  Time of request: 2026-08-24T15:04:00.2012191Z
  Time since last request: 0.0008214 seconds.
  importAddress: GUID: a3d0ed60438564241a4e62b152836893 - Path: Assets/Plugins & Utilities/FMOD/src/Editor/FindAndReplace.cs - Importer: ScriptedImporter/UnityEditor.QuickSearchModule:UnityEditor.Search:ASIAI0B
Importing 'GUID: a3d0ed60438564241a4e62b152836893 - Path: Assets/Plugins & Utilities/FMOD/src/Editor/FindAndReplace.cs - Importer: ScriptedImporter/UnityEditor.QuickSearchModule:UnityEditor.Search:ASIAI0B' with importer (ScriptedImporter : UnityEditor.QuickSearchModule:UnityEditor.Search:ASIAI0B)
Imported 'GUID: a3d0ed60438564241a4e62b152836893' -> (Import Result ID: '4bea30b74cda2b47aed4f42d9a0a8d90') in 0.006 seconds [static and dynamic dependencies]. Details - ImportResultOutputID=2def54a84fa7b04cfa7ddbfb07dd5fb9 DependenciesID=5da9401306be4443b4709dfc9f7160b0 StaticDependenciesID=696fd3432330a457d0fc977822b3c674 
Number of updated asset objects reloaded before import = 0
Number of asset objects unloaded after import = 0
========================================================================
Received Import Request.
  Time of request: 2026-08-24T15:04:00.2220118Z
  Time since last request: 0.0010726 seconds.
  importAddress: GUID: fa325be8441506c4bb1462c8333ccce9 - Path: Assets/Plugins & Utilities/FMOD/src/Editor/FMODEventPlayableEditor.cs - Importer: ScriptedImporter/UnityEditor.QuickSearchModule:UnityEditor.Search:ASIAI0B
Importing 'GUID: fa325be8441506c4bb1462c8333ccce9 - Path: Assets/Plugins & Utilities/FMOD/src/Editor/FMODEventPlayableEditor.cs - Importer: ScriptedImporter/UnityEditor.QuickSearchModule:UnityEditor.Search:ASIAI0B' with importer (ScriptedImporter : UnityEditor.QuickSearchModule:UnityEditor.Search:ASIAI0B)
Imported 'GUID: fa325be8441506c4bb1462c8333ccce9' -> (Import Result ID: 'eecc24aefc0ff486daa528cdd0fdae90') in 0.004 seconds [static and dynamic dependencies]. Details - ImportResultOutputID=bfde4b249bd03f82d402f3fdaaf97afb DependenciesID=d352abb42f9bfae80b15c12f3fbb28a3 StaticDependenciesID=f996e4a87cc243b32125fe38b905b5f7 
Number of updated asset objects reloaded before import = 0
Number of asset objects unloaded after import = 0
========================================================================
Received Import Request.
  Time of request: 2026-08-24T15:04:00.2401566Z
  Time since last request: 0.0004525 seconds.
  importAddress: GUID: 2bd8959f5fbd3644aa33af1a155fc147 - Path: Assets/Skybox/Skybox Cubemap Extended/Demo/Materials/Skybox Cubemap Extended Day.mat - Importer: ScriptedImporter/UnityEditor.QuickSearchModule:UnityEditor.Search:ASIAI0B
Importing 'GUID: 2bd8959f5fbd3644aa33af1a155fc147 - Path: Assets/Skybox/Skybox Cubemap Extended/Demo/Materials/Skybox Cubemap Extended Day.mat - Importer: ScriptedImporter/UnityEditor.QuickSearchModule:UnityEditor.Search:ASIAI0B' with importer (ScriptedImporter : UnityEditor.QuickSearchModule:UnityEditor.Search:ASIAI0B)
Imported 'GUID: 2bd8959f5fbd3644aa33af1a155fc147' -> (Import Result ID: '2eed425b4219f5fec511f6681d95d9bd') in 0.168 seconds [static and dynamic dependencies]. Details - ImportResultOutputID=af1482618df808df89b241d5946f9e8f DependenciesID=0e0601c88d674cd4f327f05dffeffe1a StaticDependenciesID=3f6933c4653628af5caae347399d72cf 
Number of updated asset objects reloaded before import = 0
Number of asset objects unloaded after import = 2
========================================================================
Received Import Request.
  Time of request: 2026-08-24T15:04:00.4385443Z
  Time since last request: 0.0000287 seconds.
  importAddress: GUID: b4974e3ae06d3d245a8353b888faed9d - Path: Assets/Skybox/Skybox Cubemap Extended/Demo/Prefabs/LowPoly - Fence B.prefab - Importer: ScriptedImporter/UnityEditor.QuickSearchModule:UnityEditor.Search:ASIAI0B
Importing 'GUID: b4974e3ae06d3d245a8353b888faed9d - Path: Assets/Skybox/Skybox Cubemap Extended/Demo/Prefabs/LowPoly - Fence B.prefab - Importer: ScriptedImporter/UnityEditor.QuickSearchModule:UnityEditor.Search:ASIAI0B' with importer (ScriptedImporter : UnityEditor.QuickSearchModule:UnityEditor.Search:ASIAI0B)
Imported 'GUID: b4974e3ae06d3d245a8353b888faed9d' -> (Import Result ID: 'fd7fb2e712e613d64d10c2fa0c8a4e0b') in 0.012 seconds [static and dynamic dependencies]. Details - ImportResultOutputID=a0647f0fb2a39736b48591324be3cda6 DependenciesID=ed6efabbed3e3725363c05cf5a96b11d StaticDependenciesID=f94291c89922ca02942a66e377f0edcf 
Number of updated asset objects reloaded before import = 0
Number of asset objects unloaded after import = 8
========================================================================
Received Import Request.
  Time of request: 2026-08-24T15:04:00.4622388Z
  Time since last request: 0.0009353 seconds.
  importAddress: GUID: 353a9c870c318f74fa5fdcd475129bae - Path: Assets/Plugins & Utilities/FMOD/src/Editor/SettingsEditor.cs - Importer: ScriptedImporter/UnityEditor.QuickSearchModule:UnityEditor.Search:ASIAI0B
Importing 'GUID: 353a9c870c318f74fa5fdcd475129bae - Path: Assets/Plugins & Utilities/FMOD/src/Editor/SettingsEditor.cs - Importer: ScriptedImporter/UnityEditor.QuickSearchModule:UnityEditor.Search:ASIAI0B' with importer (ScriptedImporter : UnityEditor.QuickSearchModule:UnityEditor.Search:ASIAI0B)
Imported 'GUID: 353a9c870c318f74fa5fdcd475129bae' -> (Import Result ID: 'bc1fe316e2854283611cb310f3ac39df') in 0.005 seconds [static and dynamic dependencies]. Details - ImportResultOutputID=499ac3cf871cb5413cdbcf3c1e43eda3 DependenciesID=af2cc9db62df948f0cfc4f7b0f04d2a6 StaticDependenciesID=9dab6eb9b3ff6fe2ad7f5f742d74b41e 
Number of updated asset objects reloaded before import = 0
Number of asset objects unloaded after import = 0
========================================================================
Received Import Request.
  Time of request: 2026-08-24T15:04:00.4807189Z
  Time since last request: 0.0008332 seconds.
  importAddress: GUID: 749c07eaa2f91bc4f81ccd7adddcb723 - Path: Assets/Skybox/Skybox Cubemap Extended/Core/Editor/SkyboxExtendedHub.cs - Importer: ScriptedImporter/UnityEditor.QuickSearchModule:UnityEditor.Search:ASIAI0B
Importing 'GUID: 749c07eaa2f91bc4f81ccd7adddcb723 - Path: Assets/Skybox/Skybox Cubemap Extended/Core/Editor/SkyboxExtendedHub.cs - Importer: ScriptedImporter/UnityEditor.QuickSearchModule:UnityEditor.Search:ASIAI0B' with importer (ScriptedImporter : UnityEditor.QuickSearchModule:UnityEditor.Search:ASIAI0B)
Imported 'GUID: 749c07eaa2f91bc4f81ccd7adddcb723' -> (Import Result ID: '48605b719d5fe26588b1a3c465a7b0af') in 0.005 seconds [static and dynamic dependencies]. Details - ImportResultOutputID=3a5a13a3f72efcfa9e0fc923fc4a76bb DependenciesID=eb705162fbd53b95de9858a3dc04a77c StaticDependenciesID=9f63798ffa4d892f735b18943dba0985 
Number of updated asset objects reloaded before import = 0
Number of asset objects unloaded after import = 0
========================================================================
Received Import Request.
  Time of request: 2026-08-24T15:04:00.4991089Z
  Time since last request: 0.0008285 seconds.
  importAddress: GUID: 7c986bd7ffe2fa34a857eb813db03d77 - Path: Assets/Skybox/Skybox Cubemap Extended/Core/Editor/SkyboxExtendedWindows.cs - Importer: ScriptedImporter/UnityEditor.QuickSearchModule:UnityEditor.Search:ASIAI0B
Importing 'GUID: 7c986bd7ffe2fa34a857eb813db03d77 - Path: Assets/Skybox/Skybox Cubemap Extended/Core/Editor/SkyboxExtendedWindows.cs - Importer: ScriptedImporter/UnityEditor.QuickSearchModule:UnityEditor.Search:ASIAI0B' with importer (ScriptedImporter : UnityEditor.QuickSearchModule:UnityEditor.Search:ASIAI0B)
Imported 'GUID: 7c986bd7ffe2fa34a857eb813db03d77' -> (Import Result ID: 'd97c4a02ecd27f8c45cf527a3435f415') in 0.005 seconds [static and dynamic dependencies]. Details - ImportResultOutputID=9455fb979c37d34ef9077d2a3f6e70c2 DependenciesID=34f618e6ba30891e61e7e2b26ea81daf StaticDependenciesID=00f37a47309996cd57332f6235f590e0 
Number of updated asset objects reloaded before import = 0
Number of asset objects unloaded after import = 0
========================================================================
Received Import Request.
  Time of request: 2026-08-24T15:04:00.5173363Z
  Time since last request: 0.0009034 seconds.
  importAddress: GUID: ff059fc016fcf8d4a88162b27e334cba - Path: Assets/Skybox/Skybox Cubemap Extended/Demo/Materials/LowPoly - Wood.mat - Importer: ScriptedImporter/UnityEditor.QuickSearchModule:UnityEditor.Search:ASIAI0B
Importing 'GUID: ff059fc016fcf8d4a88162b27e334cba - Path: Assets/Skybox/Skybox Cubemap Extended/Demo/Materials/LowPoly - Wood.mat - Importer: ScriptedImporter/UnityEditor.QuickSearchModule:UnityEditor.Search:ASIAI0B' with importer (ScriptedImporter : UnityEditor.QuickSearchModule:UnityEditor.Search:ASIAI0B)
Imported 'GUID: ff059fc016fcf8d4a88162b27e334cba' -> (Import Result ID: '195c791c71934662cf65b53a0f3ebd94') in 0.007 seconds [static and dynamic dependencies]. Details - ImportResultOutputID=0bad3055258f9a1a4336516aa57d790a DependenciesID=eb2403e110f9492d0df761ee0689eb1d StaticDependenciesID=56986cfab68429d1c44188279dd67df0 
Number of updated asset objects reloaded before import = 0
Number of asset objects unloaded after import = 2
========================================================================
Received Import Request.
  Time of request: 2026-08-24T15:04:00.5365906Z
  Time since last request: 0.0009774 seconds.
  importAddress: GUID: 39de80c7e7a1a2942820576875608e5d - Path: Assets/Skybox/Skybox Cubemap Extended/Demo/Prefabs/LowPoly - Rock A.prefab - Importer: ScriptedImporter/UnityEditor.QuickSearchModule:UnityEditor.Search:ASIAI0B
Importing 'GUID: 39de80c7e7a1a2942820576875608e5d - Path: Assets/Skybox/Skybox Cubemap Extended/Demo/Prefabs/LowPoly - Rock A.prefab - Importer: ScriptedImporter/UnityEditor.QuickSearchModule:UnityEditor.Search:ASIAI0B' with importer (ScriptedImporter : UnityEditor.QuickSearchModule:UnityEditor.Search:ASIAI0B)
Imported 'GUID: 39de80c7e7a1a2942820576875608e5d' -> (Import Result ID: 'fd82b2ecc95567843add10d2210d3812') in 0.012 seconds [static and dynamic dependencies]. Details - ImportResultOutputID=f39c3cdde757384ca823e7018ff3dbe5 DependenciesID=b4c70c7d45861a8e49179de2669c2e8b StaticDependenciesID=b49cbeb0289077cf08136da44aac6143 
Number of updated asset objects reloaded before import = 0
Number of asset objects unloaded after import = 8
========================================================================
Received Import Request.
  Time of request: 2026-08-24T15:04:00.560857Z
  Time since last request: 0.0002708 seconds.
  importAddress: GUID: f876942dd549ef444a82ab923e75ccb1 - Path: Assets/Plugins & Utilities/FMOD/src/Editor/BoltIntegration.cs - Importer: ScriptedImporter/UnityEditor.QuickSearchModule:UnityEditor.Search:ASIAI0B
Importing 'GUID: f876942dd549ef444a82ab923e75ccb1 - Path: Assets/Plugins & Utilities/FMOD/src/Editor/BoltIntegration.cs - Importer: ScriptedImporter/UnityEditor.QuickSearchModule:UnityEditor.Search:ASIAI0B' with importer (ScriptedImporter : UnityEditor.QuickSearchModule:UnityEditor.Search:ASIAI0B)
Imported 'GUID: f876942dd549ef444a82ab923e75ccb1' -> (Import Result ID: 'c380310eeca670227fb826a63535fc6d') in 0.006 seconds [static and dynamic dependencies]. Details - ImportResultOutputID=9a314c67f1169dab2f8ab3bcfb4d5a30 DependenciesID=e926a81063032ea14baacfe9756ebdbb StaticDependenciesID=2674349b9e7235d41ec8565ca7671702 
Number of updated asset objects reloaded before import = 0
Number of asset objects unloaded after import = 0
========================================================================
Received Import Request.
  Time of request: 2026-08-24T15:04:00.5796129Z
  Time since last request: 0.0004005 seconds.
  importAddress: GUID: 8af3079b5c79b6b4c825cc71e71ef97d - Path: Assets/Skybox/Skybox Cubemap Extended/Demo/Meshes/LowPoly - Grass A.FBX - Importer: ScriptedImporter/UnityEditor.QuickSearchModule:UnityEditor.Search:ASIAI0B
Importing 'GUID: 8af3079b5c79b6b4c825cc71e71ef97d - Path: Assets/Skybox/Skybox Cubemap Extended/Demo/Meshes/LowPoly - Grass A.FBX - Importer: ScriptedImporter/UnityEditor.QuickSearchModule:UnityEditor.Search:ASIAI0B' with importer (ScriptedImporter : UnityEditor.QuickSearchModule:UnityEditor.Search:ASIAI0B)
Imported 'GUID: 8af3079b5c79b6b4c825cc71e71ef97d' -> (Import Result ID: '7928fb0c34b162ca65074489fb459f8f') in 0.015 seconds [static and dynamic dependencies]. Details - ImportResultOutputID=c8261c48b72eeb9672c52b1f21885076 DependenciesID=bd54e38554eb5c7257ffb403aa73b533 StaticDependenciesID=e4847ef9228d4dbd3f937f5e400f0441 
Number of updated asset objects reloaded before import = 0
Number of asset objects unloaded after import = 9
========================================================================
Received Import Request.
  Time of request: 2026-08-24T15:04:00.6065304Z
  Time since last request: 0.0005138 seconds.
  importAddress: GUID: dd3ee0c97aab8a7498c9292f3482f60b - Path: Assets/Skybox/Skybox Cubemap Extended/Demo/Prefabs/LowPoly - Fence A.prefab - Importer: ScriptedImporter/UnityEditor.QuickSearchModule:UnityEditor.Search:ASIAI0B
Importing 'GUID: dd3ee0c97aab8a7498c9292f3482f60b - Path: Assets/Skybox/Skybox Cubemap Extended/Demo/Prefabs/LowPoly - Fence A.prefab - Importer: ScriptedImporter/UnityEditor.QuickSearchModule:UnityEditor.Search:ASIAI0B' with importer (ScriptedImporter : UnityEditor.QuickSearchModule:UnityEditor.Search:ASIAI0B)
Imported 'GUID: dd3ee0c97aab8a7498c9292f3482f60b' -> (Import Result ID: '6a1c6fe042c82daaad5106526fc0ec2b') in 0.010 seconds [static and dynamic dependencies]. Details - ImportResultOutputID=0d49864506b664baea962cfbec8e40b7 DependenciesID=9f345bc0d83ec5891a35654d9d24fa7f StaticDependenciesID=7f5ca8eff7f59b487764a98454ce5540 
Number of updated asset objects reloaded before import = 0
Number of asset objects unloaded after import = 8
========================================================================
Received Import Request.
  Time of request: 2026-08-24T15:04:00.6301418Z
  Time since last request: 0.0005334 seconds.
  importAddress: GUID: 693b7d13a80c93a4e8b791a9cd5e5ab2 - Path: Assets/Skybox/Skybox Cubemap Extended/Core/Functions/Compute Rotation Y.asset - Importer: ScriptedImporter/UnityEditor.QuickSearchModule:UnityEditor.Search:ASIAI0B
Importing 'GUID: 693b7d13a80c93a4e8b791a9cd5e5ab2 - Path: Assets/Skybox/Skybox Cubemap Extended/Core/Functions/Compute Rotation Y.asset - Importer: ScriptedImporter/UnityEditor.QuickSearchModule:UnityEditor.Search:ASIAI0B' with importer (ScriptedImporter : UnityEditor.QuickSearchModule:UnityEditor.Search:ASIAI0B)
Imported 'GUID: 693b7d13a80c93a4e8b791a9cd5e5ab2' -> (Import Result ID: 'bbd0de09ecae01ef0725bc869e054a4d') in 0.006 seconds [static and dynamic dependencies]. Details - ImportResultOutputID=4b345c707765cc47066c7ab7998e2825 DependenciesID=c0a47ef47daabdd7cdf2c751785286dd StaticDependenciesID=f1da845717a4830e286027bace96d815 
Number of updated asset objects reloaded before import = 0
Number of asset objects unloaded after import = 1
========================================================================
Received Import Request.
  Time of request: 2026-08-24T15:04:00.6506358Z
  Time since last request: 0.0006004 seconds.
  importAddress: GUID: 9b6eba5dea9e77a4abd8f45df1ffffb6 - Path: Assets/Skybox/Skybox Cubemap Extended/Demo/Prefabs/LowPoly - Grass A.prefab - Importer: ScriptedImporter/UnityEditor.QuickSearchModule:UnityEditor.Search:ASIAI0B
Importing 'GUID: 9b6eba5dea9e77a4abd8f45df1ffffb6 - Path: Assets/Skybox/Skybox Cubemap Extended/Demo/Prefabs/LowPoly - Grass A.prefab - Importer: ScriptedImporter/UnityEditor.QuickSearchModule:UnityEditor.Search:ASIAI0B' with importer (ScriptedImporter : UnityEditor.QuickSearchModule:UnityEditor.Search:ASIAI0B)
Imported 'GUID: 9b6eba5dea9e77a4abd8f45df1ffffb6' -> (Import Result ID: '5250ce6ec0a57924d9ebc3886e064bca') in 0.009 seconds [static and dynamic dependencies]. Details - ImportResultOutputID=273cd8d051846987d6acd369327cb664 DependenciesID=4eafac419175299be2622b3823b9e217 StaticDependenciesID=d2a72759574b6d0a09392bfb350fc471 
Number of updated asset objects reloaded before import = 0
Number of asset objects unloaded after import = 8
========================================================================
Received Import Request.
  Time of request: 2026-08-24T15:04:00.673564Z
  Time since last request: 0.0002868 seconds.
  importAddress: GUID: 29bc400970c5066438cbde7676418b75 - Path: Assets/Skybox/Skybox Cubemap Extended/Core/Editor/Boxophobic.SkyboxCubemapExtended.Editor.asmdef - Importer: ScriptedImporter/UnityEditor.QuickSearchModule:UnityEditor.Search:ASIAI0B
Importing 'GUID: 29bc400970c5066438cbde7676418b75 - Path: Assets/Skybox/Skybox Cubemap Extended/Core/Editor/Boxophobic.SkyboxCubemapExtended.Editor.asmdef - Importer: ScriptedImporter/UnityEditor.QuickSearchModule:UnityEditor.Search:ASIAI0B' with importer (ScriptedImporter : UnityEditor.QuickSearchModule:UnityEditor.Search:ASIAI0B)
Imported 'GUID: 29bc400970c5066438cbde7676418b75' -> (Import Result ID: '86891f96530d71abb585c0d0351a7b9f') in 0.019 seconds [static and dynamic dependencies]. Details - ImportResultOutputID=21ed5d1ec64ff5f6ccfb4f9d75a82084 DependenciesID=1722bbae990e5d38edfaf230c9c9c82c StaticDependenciesID=8cc88d9638ee1f1df1671736b86d43f4 
Number of updated asset objects reloaded before import = 0
Number of asset objects unloaded after import = 1
========================================================================
Received Import Request.
  Time of request: 2026-08-24T15:04:00.7063996Z
  Time since last request: 0.0006552 seconds.
  importAddress: GUID: 0a901681b5558f247b4c227fb425c010 - Path: Assets/Plugins & Utilities/FMOD/src/Editor/StudioGlobalParameterTriggerEditor.cs - Importer: ScriptedImporter/UnityEditor.QuickSearchModule:UnityEditor.Search:ASIAI0B
Importing 'GUID: 0a901681b5558f247b4c227fb425c010 - Path: Assets/Plugins & Utilities/FMOD/src/Editor/StudioGlobalParameterTriggerEditor.cs - Importer: ScriptedImporter/UnityEditor.QuickSearchModule:UnityEditor.Search:ASIAI0B' with importer (ScriptedImporter : UnityEditor.QuickSearchModule:UnityEditor.Search:ASIAI0B)
Imported 'GUID: 0a901681b5558f247b4c227fb425c010' -> (Import Result ID: '19c05044e3510116b18b890f13181139') in 0.004 seconds [static and dynamic dependencies]. Details - ImportResultOutputID=2faa99a2915252886081d6e4eb8272f8 DependenciesID=6bdb5705560aea2277769fc564123045 StaticDependenciesID=b917b0cc9c295ac0a2acb5e6c9405e1a 
Number of updated asset objects reloaded before import = 0
Number of asset objects unloaded after import = 0
========================================================================
Received Import Request.
  Time of request: 2026-08-24T15:04:00.7235389Z
  Time since last request: 0.0004329 seconds.
  importAddress: GUID: 5332ad2baabb58844975479e906001c8 - Path: Assets/Plugins & Utilities/FMOD/src/Editor/EventBrowser.cs - Importer: ScriptedImporter/UnityEditor.QuickSearchModule:UnityEditor.Search:ASIAI0B
Importing 'GUID: 5332ad2baabb58844975479e906001c8 - Path: Assets/Plugins & Utilities/FMOD/src/Editor/EventBrowser.cs - Importer: ScriptedImporter/UnityEditor.QuickSearchModule:UnityEditor.Search:ASIAI0B' with importer (ScriptedImporter : UnityEditor.QuickSearchModule:UnityEditor.Search:ASIAI0B)
Imported 'GUID: 5332ad2baabb58844975479e906001c8' -> (Import Result ID: '882065e7f903111aae34846f8ed8d930') in 0.004 seconds [static and dynamic dependencies]. Details - ImportResultOutputID=1ba7d92b74cf42f5e90b9d48adbe2667 DependenciesID=c795433479dea0d74f2cdaf4730e2809 StaticDependenciesID=c4f3319213404da170a2005d319f1661 
Number of updated asset objects reloaded before import = 0
Number of asset objects unloaded after import = 0
========================================================================
Received Import Request.
  Time of request: 2026-08-24T15:04:00.7638502Z
  Time since last request: 0.0238494 seconds.
  importAddress: GUID: ae4fb3d8081065c47860724ea515c97c - Path: Assets/Skybox/Utils/Editor/StyledMaterial/StyledIndentDrawer.cs - Importer: ScriptedImporter/UnityEditor.QuickSearchModule:UnityEditor.Search:ASIAI0B
Importing 'GUID: ae4fb3d8081065c47860724ea515c97c - Path: Assets/Skybox/Utils/Editor/StyledMaterial/StyledIndentDrawer.cs - Importer: ScriptedImporter/UnityEditor.QuickSearchModule:UnityEditor.Search:ASIAI0B' with importer (ScriptedImporter : UnityEditor.QuickSearchModule:UnityEditor.Search:ASIAI0B)
Imported 'GUID: ae4fb3d8081065c47860724ea515c97c' -> (Import Result ID: '5ec3ad4009fbabb5f0790b84ac6d4e1c') in 0.006 seconds [static and dynamic dependencies]. Details - ImportResultOutputID=f77c8cbac5c2f8afd39b0d86dde5930a DependenciesID=be9e73ce1d01bbc8680a9937e17b3c57 StaticDependenciesID=cf5449e1a0c83379a907f9afa5c7ebb5 
Number of updated asset objects reloaded before import = 0
Number of asset objects unloaded after import = 0
========================================================================
Received Import Request.
  Time of request: 2026-08-24T15:04:00.7846825Z
  Time since last request: 0.0008483 seconds.
  importAddress: GUID: c65df615eedc39d41bcf5191b9429056 - Path: Assets/Skybox/Utils/Scripts/StyledInspector/StyledEnum.cs - Importer: ScriptedImporter/UnityEditor.QuickSearchModule:UnityEditor.Search:ASIAI0B
Importing 'GUID: c65df615eedc39d41bcf5191b9429056 - Path: Assets/Skybox/Utils/Scripts/StyledInspector/StyledEnum.cs - Importer: ScriptedImporter/UnityEditor.QuickSearchModule:UnityEditor.Search:ASIAI0B' with importer (ScriptedImporter : UnityEditor.QuickSearchModule:UnityEditor.Search:ASIAI0B)
Imported 'GUID: c65df615eedc39d41bcf5191b9429056' -> (Import Result ID: '38508d3b761f6677c11ab22db7da789f') in 0.005 seconds [static and dynamic dependencies]. Details - ImportResultOutputID=701d084f919642ee83e8bde42dab0915 DependenciesID=8a7598c0ae3fd49e1d5f13b94fe204c4 StaticDependenciesID=24819da6d13e1a4d1400a80a8976287e 
Number of updated asset objects reloaded before import = 0
Number of asset objects unloaded after import = 0
========================================================================
Received Import Request.
  Time of request: 2026-08-24T15:04:00.8015523Z
  Time since last request: 0.0005686 seconds.
  importAddress: GUID: 3ceb6b7bf0fb6a8449797ccd85dea11c - Path: Assets/Skybox/Utils/Editor/StyledInspector/StyledMaskDrawer.cs - Importer: ScriptedImporter/UnityEditor.QuickSearchModule:UnityEditor.Search:ASIAI0B
Importing 'GUID: 3ceb6b7bf0fb6a8449797ccd85dea11c - Path: Assets/Skybox/Utils/Editor/StyledInspector/StyledMaskDrawer.cs - Importer: ScriptedImporter/UnityEditor.QuickSearchModule:UnityEditor.Search:ASIAI0B' with importer (ScriptedImporter : UnityEditor.QuickSearchModule:UnityEditor.Search:ASIAI0B)
Imported 'GUID: 3ceb6b7bf0fb6a8449797ccd85dea11c' -> (Import Result ID: 'add34f50baafdc3fbcd7bcaaf801e0a8') in 0.022 seconds [static and dynamic dependencies]. Details - ImportResultOutputID=24ab59dcf975268ff64c62e33d17d7f0 DependenciesID=a673fe2166672d88339b3976931f5078 StaticDependenciesID=6b44905da0033e95646ed5a49ad09372 
Number of updated asset objects reloaded before import = 0
Number of asset objects unloaded after import = 0
========================================================================
Received Import Request.
  Time of request: 2026-08-24T15:04:00.8367793Z
  Time since last request: 0.0006502 seconds.
  importAddress: GUID: 90057ce590a8bd148ab59e018f35d9cb - Path: Assets/Skybox/Utils/Editor/SettingsUtils/LoadSettingsData.cs - Importer: ScriptedImporter/UnityEditor.QuickSearchModule:UnityEditor.Search:ASIAI0B
Importing 'GUID: 90057ce590a8bd148ab59e018f35d9cb - Path: Assets/Skybox/Utils/Editor/SettingsUtils/LoadSettingsData.cs - Importer: ScriptedImporter/UnityEditor.QuickSearchModule:UnityEditor.Search:ASIAI0B' with importer (ScriptedImporter : UnityEditor.QuickSearchModule:UnityEditor.Search:ASIAI0B)
Imported 'GUID: 90057ce590a8bd148ab59e018f35d9cb' -> (Import Result ID: '8317d4b3936922d5aeac85cd9dc6da2a') in 0.006 seconds [static and dynamic dependencies]. Details - ImportResultOutputID=08da333b28e65c0c87628ceacc4e5e0f DependenciesID=a67320d200f51ce28803b23e96042740 StaticDependenciesID=074b59c1100aa37623785e7ee5f841ee 
Number of updated asset objects reloaded before import = 0
Number of asset objects unloaded after import = 0
========================================================================
Received Import Request.
  Time of request: 2026-08-24T15:04:00.855186Z
  Time since last request: 0.0002886 seconds.
  importAddress: GUID: aeec2ac650d2d8f40aa3b9e0cb807db5 - Path: Assets/Skybox/Utils/Editor/StyledInspector/StyledTextDrawer.cs - Importer: ScriptedImporter/UnityEditor.QuickSearchModule:UnityEditor.Search:ASIAI0B
Importing 'GUID: aeec2ac650d2d8f40aa3b9e0cb807db5 - Path: Assets/Skybox/Utils/Editor/StyledInspector/StyledTextDrawer.cs - Importer: ScriptedImporter/UnityEditor.QuickSearchModule:UnityEditor.Search:ASIAI0B' with importer (ScriptedImporter : UnityEditor.QuickSearchModule:UnityEditor.Search:ASIAI0B)
Imported 'GUID: aeec2ac650d2d8f40aa3b9e0cb807db5' -> (Import Result ID: 'bec229b86d61e2c38bd8722011c2672e') in 0.005 seconds [static and dynamic dependencies]. Details - ImportResultOutputID=6fedaa006cf2bab3ddac261f877f9520 DependenciesID=e259eb97bb25d4e313a799a467c7f40b StaticDependenciesID=aeb81c11d1fdef81960418044fc9cf1d 
Number of updated asset objects reloaded before import = 0
Number of asset objects unloaded after import = 0
========================================================================
Received Import Request.
  Time of request: 2026-08-24T15:04:00.8724018Z
  Time since last request: 0.0005198 seconds.
  importAddress: GUID: 1b5715cd99e4a2e4c91d69653d31dad9 - Path: Assets/Skybox/Utils/Editor/StyledMaterial/StyledCategoryDrawer.cs - Importer: ScriptedImporter/UnityEditor.QuickSearchModule:UnityEditor.Search:ASIAI0B
Importing 'GUID: 1b5715cd99e4a2e4c91d69653d31dad9 - Path: Assets/Skybox/Utils/Editor/StyledMaterial/StyledCategoryDrawer.cs - Importer: ScriptedImporter/UnityEditor.QuickSearchModule:UnityEditor.Search:ASIAI0B' with importer (ScriptedImporter : UnityEditor.QuickSearchModule:UnityEditor.Search:ASIAI0B)
Imported 'GUID: 1b5715cd99e4a2e4c91d69653d31dad9' -> (Import Result ID: '1b1f4fb569074344be9a58d2e6d4994f') in 0.005 seconds [static and dynamic dependencies]. Details - ImportResultOutputID=96f080a29a16144dd9abc30d35ea7bd4 DependenciesID=c7f9998c9162df70835d3a8d9427fc0f StaticDependenciesID=ed6efc157cee6ad4020f5f56133ebad9 
Number of updated asset objects reloaded before import = 0
Number of asset objects unloaded after import = 0
========================================================================
Received Import Request.
  Time of request: 2026-08-24T15:04:00.8908041Z
  Time since last request: 0.0005042 seconds.
  importAddress: GUID: 7c3935e6d6b91844d8053d3fa7faff1b - Path: Assets/Skybox/Utils/Editor/StyledInspector/StyledEnumDrawer.cs - Importer: ScriptedImporter/UnityEditor.QuickSearchModule:UnityEditor.Search:ASIAI0B
Importing 'GUID: 7c3935e6d6b91844d8053d3fa7faff1b - Path: Assets/Skybox/Utils/Editor/StyledInspector/StyledEnumDrawer.cs - Importer: ScriptedImporter/UnityEditor.QuickSearchModule:UnityEditor.Search:ASIAI0B' with importer (ScriptedImporter : UnityEditor.QuickSearchModule:UnityEditor.Search:ASIAI0B)
Imported 'GUID: 7c3935e6d6b91844d8053d3fa7faff1b' -> (Import Result ID: '5a305a5f285b6d4f0155cf04d3570cf3') in 0.006 seconds [static and dynamic dependencies]. Details - ImportResultOutputID=e0af1c4c79750f90c017f995008567c2 DependenciesID=7db77c21b03a47c46615434ad441045e StaticDependenciesID=2fa218c4544b2bd0e38f8429eadad228 
Number of updated asset objects reloaded before import = 0
Number of asset objects unloaded after import = 0
========================================================================
Received Import Request.
  Time of request: 2026-08-24T15:04:00.9100952Z
  Time since last request: 0.0004928 seconds.
  importAddress: GUID: dd0ddca94871d9a4586a143a83184806 - Path: Assets/Skybox/Utils/Editor/StyledGUI/DrawWindowBanner.cs - Importer: ScriptedImporter/UnityEditor.QuickSearchModule:UnityEditor.Search:ASIAI0B
Importing 'GUID: dd0ddca94871d9a4586a143a83184806 - Path: Assets/Skybox/Utils/Editor/StyledGUI/DrawWindowBanner.cs - Importer: ScriptedImporter/UnityEditor.QuickSearchModule:UnityEditor.Search:ASIAI0B' with importer (ScriptedImporter : UnityEditor.QuickSearchModule:UnityEditor.Search:ASIAI0B)
Imported 'GUID: dd0ddca94871d9a4586a143a83184806' -> (Import Result ID: 'ca5cd6e87d019287d042a30dc91b8bd8') in 0.005 seconds [static and dynamic dependencies]. Details - ImportResultOutputID=18c567d9e61d43c0658c2cbbcec1fac4 DependenciesID=aaf15393f2cf6f152b29f0bfc323eb33 StaticDependenciesID=a01f4fa3a2988c8760db1be55baf0664 
Number of updated asset objects reloaded before import = 0
Number of asset objects unloaded after import = 0
========================================================================
Received Import Request.
  Time of request: 2026-08-24T15:04:00.9293924Z
  Time since last request: 0.0008615 seconds.
  importAddress: GUID: 7afe5a6ac49829c408df7e64761e822d - Path: Assets/Skybox/Utils/Editor/SettingsUtils/SaveSettingsData.cs - Importer: ScriptedImporter/UnityEditor.QuickSearchModule:UnityEditor.Search:ASIAI0B
Importing 'GUID: 7afe5a6ac49829c408df7e64761e822d - Path: Assets/Skybox/Utils/Editor/SettingsUtils/SaveSettingsData.cs - Importer: ScriptedImporter/UnityEditor.QuickSearchModule:UnityEditor.Search:ASIAI0B' with importer (ScriptedImporter : UnityEditor.QuickSearchModule:UnityEditor.Search:ASIAI0B)
Imported 'GUID: 7afe5a6ac49829c408df7e64761e822d' -> (Import Result ID: 'b974c090300bbf9887e345ed138f37b0') in 0.005 seconds [static and dynamic dependencies]. Details - ImportResultOutputID=d7ffa9ca2a059f849251673101bcc0f9 DependenciesID=7458ce7239128e8b1b7c3bede37ca59b StaticDependenciesID=9fe0846a25720dbbc60062cbbd8bcd80 
Number of updated asset objects reloaded before import = 0
Number of asset objects unloaded after import = 0
========================================================================
Received Import Request.
  Time of request: 2026-08-24T15:04:00.949683Z
  Time since last request: 0.0005867 seconds.
  importAddress: GUID: d01ce91280120de49b931b40f9e16f6b - Path: Assets/Skybox/Utils/Editor/StyledMaterial/StyledMessageDrawer.cs - Importer: ScriptedImporter/UnityEditor.QuickSearchModule:UnityEditor.Search:ASIAI0B
Importing 'GUID: d01ce91280120de49b931b40f9e16f6b - Path: Assets/Skybox/Utils/Editor/StyledMaterial/StyledMessageDrawer.cs - Importer: ScriptedImporter/UnityEditor.QuickSearchModule:UnityEditor.Search:ASIAI0B' with importer (ScriptedImporter : UnityEditor.QuickSearchModule:UnityEditor.Search:ASIAI0B)
Imported 'GUID: d01ce91280120de49b931b40f9e16f6b' -> (Import Result ID: '96741a2d7757ab6853ac674514b53f75') in 0.005 seconds [static and dynamic dependencies]. Details - ImportResultOutputID=084005d166ffc81eb90fc063bdc516b7 DependenciesID=857fa52f73db624364df7af69fea0ee5 StaticDependenciesID=2b1cec338f622c5457dcd8907a45dc5d 
Number of updated asset objects reloaded before import = 0
Number of asset objects unloaded after import = 0
========================================================================
Received Import Request.
  Time of request: 2026-08-24T15:04:00.9690437Z
  Time since last request: 0.0006133 seconds.
  importAddress: GUID: 364f1df7c922ba84fa6fc52fd3900332 - Path: Assets/Skybox/Utils/Editor/StyledMaterial/StyledRemapSliderDrawer.cs - Importer: ScriptedImporter/UnityEditor.QuickSearchModule:UnityEditor.Search:ASIAI0B
Importing 'GUID: 364f1df7c922ba84fa6fc52fd3900332 - Path: Assets/Skybox/Utils/Editor/StyledMaterial/StyledRemapSliderDrawer.cs - Importer: ScriptedImporter/UnityEditor.QuickSearchModule:UnityEditor.Search:ASIAI0B' with importer (ScriptedImporter : UnityEditor.QuickSearchModule:UnityEditor.Search:ASIAI0B)
Imported 'GUID: 364f1df7c922ba84fa6fc52fd3900332' -> (Import Result ID: '0d9fef01726d96cf24b57898552d9b1a') in 0.005 seconds [static and dynamic dependencies]. Details - ImportResultOutputID=ee24bc81e10526b75b2d9c1547737e31 DependenciesID=6fddd12d6c5d5ab9e0339213e5feca31 StaticDependenciesID=f9b0721473d6ae80c9660923557acd5d 
Number of updated asset objects reloaded before import = 0
Number of asset objects unloaded after import = 0
========================================================================
Received Import Request.
  Time of request: 2026-08-24T15:04:00.9875428Z
  Time since last request: 0.0011486 seconds.
  importAddress: GUID: a5dbd5cf6c68f1d4ebd1369f8795ee3a - Path: Assets/Skybox/Utils/Editor/StyledMaterial/StyledEnumDrawer.cs - Importer: ScriptedImporter/UnityEditor.QuickSearchModule:UnityEditor.Search:ASIAI0B
Importing 'GUID: a5dbd5cf6c68f1d4ebd1369f8795ee3a - Path: Assets/Skybox/Utils/Editor/StyledMaterial/StyledEnumDrawer.cs - Importer: ScriptedImporter/UnityEditor.QuickSearchModule:UnityEditor.Search:ASIAI0B' with importer (ScriptedImporter : UnityEditor.QuickSearchModule:UnityEditor.Search:ASIAI0B)
Imported 'GUID: a5dbd5cf6c68f1d4ebd1369f8795ee3a' -> (Import Result ID: '25e3e9697d497081aa046e4df532092f') in 0.005 seconds [static and dynamic dependencies]. Details - ImportResultOutputID=7b8908a45a9450d2939a4786922bc56e DependenciesID=c64adb06536ce212d001f503f15204c8 StaticDependenciesID=5229d12eb533f986881ccdc7ab226535 
Number of updated asset objects reloaded before import = 0
Number of asset objects unloaded after import = 0
========================================================================
Received Import Request.
  Time of request: 2026-08-24T15:04:01.0063126Z
  Time since last request: 0.0004676 seconds.
  importAddress: GUID: 2734a300c1fbfb8499fe8a71e9b109e7 - Path: Assets/Skybox/Utils/Editor/StyledInspector/StyledMessageDrawer.cs - Importer: ScriptedImporter/UnityEditor.QuickSearchModule:UnityEditor.Search:ASIAI0B
Importing 'GUID: 2734a300c1fbfb8499fe8a71e9b109e7 - Path: Assets/Skybox/Utils/Editor/StyledInspector/StyledMessageDrawer.cs - Importer: ScriptedImporter/UnityEditor.QuickSearchModule:UnityEditor.Search:ASIAI0B' with importer (ScriptedImporter : UnityEditor.QuickSearchModule:UnityEditor.Search:ASIAI0B)
Imported 'GUID: 2734a300c1fbfb8499fe8a71e9b109e7' -> (Import Result ID: '182f6ead60d7ec436bc6af5dc77f3787') in 0.005 seconds [static and dynamic dependencies]. Details - ImportResultOutputID=c000a5dfa1967680db30c11634a712c7 DependenciesID=bf822f5120d45b0aa3828cd81f7ecc1c StaticDependenciesID=03aae8d184c3683a029951d3791d3e47 
Number of updated asset objects reloaded before import = 0
Number of asset objects unloaded after import = 0
========================================================================
Received Import Request.
  Time of request: 2026-08-24T15:04:01.0250656Z
  Time since last request: 0.0004747 seconds.
  importAddress: GUID: 561b67406eee81948baf13ee752ae801 - Path: Assets/Skybox/Utils/Editor/StyledMaterial/StyledTextureSingleLineDrawer.cs - Importer: ScriptedImporter/UnityEditor.QuickSearchModule:UnityEditor.Search:ASIAI0B
Importing 'GUID: 561b67406eee81948baf13ee752ae801 - Path: Assets/Skybox/Utils/Editor/StyledMaterial/StyledTextureSingleLineDrawer.cs - Importer: ScriptedImporter/UnityEditor.QuickSearchModule:UnityEditor.Search:ASIAI0B' with importer (ScriptedImporter : UnityEditor.QuickSearchModule:UnityEditor.Search:ASIAI0B)
Imported 'GUID: 561b67406eee81948baf13ee752ae801' -> (Import Result ID: '2d458d59a4196162a992a9c421f1ad29') in 0.004 seconds [static and dynamic dependencies]. Details - ImportResultOutputID=33ffe7fb4341d92e925332d7ef83ba73 DependenciesID=594084608ff780e70366425ab14ee6b2 StaticDependenciesID=df54b049287c5a07506148267c4cb047 
Number of updated asset objects reloaded before import = 0
Number of asset objects unloaded after import = 0
========================================================================
Received Import Request.
  Time of request: 2026-08-24T15:04:01.0427825Z
  Time since last request: 0.00047 seconds.
  importAddress: GUID: e73a58f6e2794ae7b1b7e50b7fb811b0 - Path: Assets/UI/TextMesh Pro/Resources/Fonts & Materials/LiberationSans SDF - Drop Shadow.mat - Importer: ScriptedImporter/UnityEditor.QuickSearchModule:UnityEditor.Search:ASIAI0B
Importing 'GUID: e73a58f6e2794ae7b1b7e50b7fb811b0 - Path: Assets/UI/TextMesh Pro/Resources/Fonts & Materials/LiberationSans SDF - Drop Shadow.mat - Importer: ScriptedImporter/UnityEditor.QuickSearchModule:UnityEditor.Search:ASIAI0B' with importer (ScriptedImporter : UnityEditor.QuickSearchModule:UnityEditor.Search:ASIAI0B)
Imported 'GUID: e73a58f6e2794ae7b1b7e50b7fb811b0' -> (Import Result ID: '2c35e853627a0342f339d7600c9db897') in 0.027 seconds [static and dynamic dependencies]. Details - ImportResultOutputID=a2e0f83f773361ea1c1e4d5ff82edefc DependenciesID=4663c8177e60102f358b01cf65b5f6cc StaticDependenciesID=57e031a2a06e49590a228a98bc081ddb 
Number of updated asset objects reloaded before import = 0
Number of asset objects unloaded after import = 2
========================================================================
Received Import Request.
  Time of request: 2026-08-24T15:04:01.0836345Z
  Time since last request: 0.0004819 seconds.
  importAddress: GUID: 528a63c4c58b58a4ca3927eec830c596 - Path: Assets/Skybox/Utils/Scripts/StyledMono/StyledScriptableObject.cs - Importer: ScriptedImporter/UnityEditor.QuickSearchModule:UnityEditor.Search:ASIAI0B
Importing 'GUID: 528a63c4c58b58a4ca3927eec830c596 - Path: Assets/Skybox/Utils/Scripts/StyledMono/StyledScriptableObject.cs - Importer: ScriptedImporter/UnityEditor.QuickSearchModule:UnityEditor.Search:ASIAI0B' with importer (ScriptedImporter : UnityEditor.QuickSearchModule:UnityEditor.Search:ASIAI0B)
Imported 'GUID: 528a63c4c58b58a4ca3927eec830c596' -> (Import Result ID: '638739275fe5ab185889cae2b98be3f4') in 0.007 seconds [static and dynamic dependencies]. Details - ImportResultOutputID=2546eb1365d7c0acd7f2b2532d57f329 DependenciesID=1c07073fd25e1279f1dd9c31f6ecf00c StaticDependenciesID=d65a077b4f163f85d87f92c9ec912f2a 
Number of updated asset objects reloaded before import = 0
Number of asset objects unloaded after import = 0
========================================================================
Received Import Request.
  Time of request: 2026-08-24T15:04:01.1053249Z
  Time since last request: 0.0004719 seconds.
  importAddress: GUID: ea3f7407f69f900468d4b60de570e49d - Path: Assets/Skybox/Utils/Editor/StyledInspector/StyledIndentDrawer.cs - Importer: ScriptedImporter/UnityEditor.QuickSearchModule:UnityEditor.Search:ASIAI0B
Importing 'GUID: ea3f7407f69f900468d4b60de570e49d - Path: Assets/Skybox/Utils/Editor/StyledInspector/StyledIndentDrawer.cs - Importer: ScriptedImporter/UnityEditor.QuickSearchModule:UnityEditor.Search:ASIAI0B' with importer (ScriptedImporter : UnityEditor.QuickSearchModule:UnityEditor.Search:ASIAI0B)
Imported 'GUID: ea3f7407f69f900468d4b60de570e49d' -> (Import Result ID: '9868ee78670fe1e700bd57f85d539e69') in 0.013 seconds [static and dynamic dependencies]. Details - ImportResultOutputID=d8870d2c07c19908d9119a2ce1928624 DependenciesID=99b2c409d7178df5cbeff43668123909 StaticDependenciesID=d4c663bd4535db1bbaf905c76b872935 
Number of updated asset objects reloaded before import = 0
Number of asset objects unloaded after import = 0
========================================================================
Received Import Request.
  Time of request: 2026-08-24T15:04:01.1344626Z
  Time since last request: 0.0005478 seconds.
  importAddress: GUID: 864d8c89c5d2ef240b0c51f15c5211e2 - Path: Assets/Skybox/Utils/Editor/StyledMaterial/StyledBannerDrawer.cs - Importer: ScriptedImporter/UnityEditor.QuickSearchModule:UnityEditor.Search:ASIAI0B
Importing 'GUID: 864d8c89c5d2ef240b0c51f15c5211e2 - Path: Assets/Skybox/Utils/Editor/StyledMaterial/StyledBannerDrawer.cs - Importer: ScriptedImporter/UnityEditor.QuickSearchModule:UnityEditor.Search:ASIAI0B' with importer (ScriptedImporter : UnityEditor.QuickSearchModule:UnityEditor.Search:ASIAI0B)
Imported 'GUID: 864d8c89c5d2ef240b0c51f15c5211e2' -> (Import Result ID: '5db2de943438087925cf93ae4fa8480a') in 0.011 seconds [static and dynamic dependencies]. Details - ImportResultOutputID=7e46576e2cd1bb579dcaa5a1c9e862dd DependenciesID=c8a93fe4c0a923a91dc4712a82e2bff3 StaticDependenciesID=a522883e6daed12f04e778c5dc36157d 
Number of updated asset objects reloaded before import = 0
Number of asset objects unloaded after import = 0
========================================================================
Received Import Request.
  Time of request: 2026-08-24T15:04:01.1594454Z
  Time since last request: 0.0009756 seconds.
  importAddress: GUID: a5681c6e5862ae545ba9b00a5b813250 - Path: Assets/Skybox/Utils/Editor/StyledInspector/StyledRangeOptionsDrawer.cs - Importer: ScriptedImporter/UnityEditor.QuickSearchModule:UnityEditor.Search:ASIAI0B
Importing 'GUID: a5681c6e5862ae545ba9b00a5b813250 - Path: Assets/Skybox/Utils/Editor/StyledInspector/StyledRangeOptionsDrawer.cs - Importer: ScriptedImporter/UnityEditor.QuickSearchModule:UnityEditor.Search:ASIAI0B' with importer (ScriptedImporter : UnityEditor.QuickSearchModule:UnityEditor.Search:ASIAI0B)
Imported 'GUID: a5681c6e5862ae545ba9b00a5b813250' -> (Import Result ID: '237c3d11d18df284369161610ff75e42') in 0.005 seconds [static and dynamic dependencies]. Details - ImportResultOutputID=a75302b53a913d478cc65447f1191980 DependenciesID=590017d7078740caa5e1e91d0a174215 StaticDependenciesID=d2b7d16bfb861215701a7bb2cb07e120 
Number of updated asset objects reloaded before import = 0
Number of asset objects unloaded after import = 0
========================================================================
Received Import Request.
  Time of request: 2026-08-24T15:04:01.1786023Z
  Time since last request: 0.0006308 seconds.
  importAddress: GUID: 80229de18cd73624b8181a9db49a304f - Path: Assets/Skybox/Utils/Editor/StyledInspector/StyledInteractiveDrawer.cs - Importer: ScriptedImporter/UnityEditor.QuickSearchModule:UnityEditor.Search:ASIAI0B
Importing 'GUID: 80229de18cd73624b8181a9db49a304f - Path: Assets/Skybox/Utils/Editor/StyledInspector/StyledInteractiveDrawer.cs - Importer: ScriptedImporter/UnityEditor.QuickSearchModule:UnityEditor.Search:ASIAI0B' with importer (ScriptedImporter : UnityEditor.QuickSearchModule:UnityEditor.Search:ASIAI0B)
Imported 'GUID: 80229de18cd73624b8181a9db49a304f' -> (Import Result ID: '5e1026f3a97289c98466b7bd421a47f9') in 0.005 seconds [static and dynamic dependencies]. Details - ImportResultOutputID=ee63147100fd9601c4d65df83f324b41 DependenciesID=3a83e717618deaa4d4281960a56170f4 StaticDependenciesID=a4492b110d2e072acba1793b8313ef03 
Number of updated asset objects reloaded before import = 0
Number of asset objects unloaded after import = 0
========================================================================
Received Import Request.
  Time of request: 2026-08-24T15:04:01.1965587Z
  Time since last request: 0.0005102 seconds.
  importAddress: GUID: b1d76466e8080c147b2fa9e3b42e8850 - Path: Assets/Skybox/Utils/Editor/StyledMaterial/StyledEmissiveIntensityDrawer.cs - Importer: ScriptedImporter/UnityEditor.QuickSearchModule:UnityEditor.Search:ASIAI0B
Importing 'GUID: b1d76466e8080c147b2fa9e3b42e8850 - Path: Assets/Skybox/Utils/Editor/StyledMaterial/StyledEmissiveIntensityDrawer.cs - Importer: ScriptedImporter/UnityEditor.QuickSearchModule:UnityEditor.Search:ASIAI0B' with importer (ScriptedImporter : UnityEditor.QuickSearchModule:UnityEditor.Search:ASIAI0B)
Imported 'GUID: b1d76466e8080c147b2fa9e3b42e8850' -> (Import Result ID: '25a81f91cb9ace3df2ac4d7a938c20ba') in 0.006 seconds [static and dynamic dependencies]. Details - ImportResultOutputID=746d2c9e6f24dc91bb517060dd2f6437 DependenciesID=adbb80d6f8fb2579a4fa35f63e3634d4 StaticDependenciesID=64362082eee21a2be72879031ec105a7 
Number of updated asset objects reloaded before import = 0
Number of asset objects unloaded after import = 0
========================================================================
Received Import Request.
  Time of request: 2026-08-24T15:04:01.2154748Z
  Time since last request: 0.0005374 seconds.
  importAddress: GUID: b0622c7c0ff092b46a37f31c718c5eba - Path: Assets/Skybox/Skybox Cubemap Extended/Demo/Prefabs/LowPoly - Rock B.prefab - Importer: ScriptedImporter/UnityEditor.QuickSearchModule:UnityEditor.Search:ASIAI0B
Importing 'GUID: b0622c7c0ff092b46a37f31c718c5eba - Path: Assets/Skybox/Skybox Cubemap Extended/Demo/Prefabs/LowPoly - Rock B.prefab - Importer: ScriptedImporter/UnityEditor.QuickSearchModule:UnityEditor.Search:ASIAI0B' with importer (ScriptedImporter : UnityEditor.QuickSearchModule:UnityEditor.Search:ASIAI0B)
Imported 'GUID: b0622c7c0ff092b46a37f31c718c5eba' -> (Import Result ID: '66db51c0f2933205bf19d5e009b1cf19') in 0.013 seconds [static and dynamic dependencies]. Details - ImportResultOutputID=bd007174d68b69257703c6f1362cda7c DependenciesID=cb395cc82d521b5f0f4fc2e3400c5e7e StaticDependenciesID=346eba33a4068dbf867998040da19638 
Number of updated asset objects reloaded before import = 0
Number of asset objects unloaded after import = 8
========================================================================
Received Import Request.
  Time of request: 2026-08-24T15:04:01.2411516Z
  Time since last request: 0.0004131 seconds.
  importAddress: GUID: 846c011559e38824090c713c729cfec1 - Path: Assets/Skybox/Utils/Scripts/StyledInspector/StyledLayers.cs - Importer: ScriptedImporter/UnityEditor.QuickSearchModule:UnityEditor.Search:ASIAI0B
Importing 'GUID: 846c011559e38824090c713c729cfec1 - Path: Assets/Skybox/Utils/Scripts/StyledInspector/StyledLayers.cs - Importer: ScriptedImporter/UnityEditor.QuickSearchModule:UnityEditor.Search:ASIAI0B' with importer (ScriptedImporter : UnityEditor.QuickSearchModule:UnityEditor.Search:ASIAI0B)
Imported 'GUID: 846c011559e38824090c713c729cfec1' -> (Import Result ID: '86154da6aaf201092fd69422629c72ac') in 0.007 seconds [static and dynamic dependencies]. Details - ImportResultOutputID=b7f00ffcb0e1a301dfad36f729018172 DependenciesID=644ba7124061203e034c48f7f6ebb34b StaticDependenciesID=970f6d197cee8db5a22ecfdb49f80a31 
Number of updated asset objects reloaded before import = 0
Number of asset objects unloaded after import = 0
========================================================================
Received Import Request.
  Time of request: 2026-08-24T15:04:01.2617861Z
  Time since last request: 0.0005112 seconds.
  importAddress: GUID: e11186e2ccd8bf44d9d8699902268c99 - Path: Assets/Skybox/Utils/Scripts/StyledInspector/StyledSpace.cs - Importer: ScriptedImporter/UnityEditor.QuickSearchModule:UnityEditor.Search:ASIAI0B
Importing 'GUID: e11186e2ccd8bf44d9d8699902268c99 - Path: Assets/Skybox/Utils/Scripts/StyledInspector/StyledSpace.cs - Importer: ScriptedImporter/UnityEditor.QuickSearchModule:UnityEditor.Search:ASIAI0B' with importer (ScriptedImporter : UnityEditor.QuickSearchModule:UnityEditor.Search:ASIAI0B)
Imported 'GUID: e11186e2ccd8bf44d9d8699902268c99' -> (Import Result ID: 'af09ca3139f81cbaf5e12ec66b8b7afc') in 0.005 seconds [static and dynamic dependencies]. Details - ImportResultOutputID=4c7a9a81a5221a618509807e039e79f7 DependenciesID=ed68e45fa6248e4d0944d7dfeef8a91a StaticDependenciesID=f90273a2c7ed94489001f850533f60c0 
Number of updated asset objects reloaded before import = 0
Number of asset objects unloaded after import = 0
========================================================================
Received Import Request.
  Time of request: 2026-08-24T15:04:01.2805386Z
  Time since last request: 0.0006666 seconds.
  importAddress: GUID: fb59d41716ab6114cb7cf03a5695083b - Path: Assets/Skybox/Utils/Editor/StyledInspector/StyledCategoryDrawer.cs - Importer: ScriptedImporter/UnityEditor.QuickSearchModule:UnityEditor.Search:ASIAI0B
Importing 'GUID: fb59d41716ab6114cb7cf03a5695083b - Path: Assets/Skybox/Utils/Editor/StyledInspector/StyledCategoryDrawer.cs - Importer: ScriptedImporter/UnityEditor.QuickSearchModule:UnityEditor.Search:ASIAI0B' with importer (ScriptedImporter : UnityEditor.QuickSearchModule:UnityEditor.Search:ASIAI0B)
Imported 'GUID: fb59d41716ab6114cb7cf03a5695083b' -> (Import Result ID: '83d2a6a4cbac0955ccaf9ff1f71018c3') in 0.005 seconds [static and dynamic dependencies]. Details - ImportResultOutputID=8fbdc1a0cb47e21d77a9d8a3003d332e DependenciesID=2add9e016906d03a88e7e39d4732f786 StaticDependenciesID=a40202bb8fe989243e75b8055404e752 
Number of updated asset objects reloaded before import = 0
Number of asset objects unloaded after import = 0
========================================================================
Received Import Request.
  Time of request: 2026-08-24T15:04:01.298763Z
  Time since last request: 0.0007181 seconds.
  importAddress: GUID: ab83955dedb2aed428447d90cf62c81b - Path: Assets/Skybox/Utils/Editor/StyledMaterial/StyledTextureDrawer.cs - Importer: ScriptedImporter/UnityEditor.QuickSearchModule:UnityEditor.Search:ASIAI0B
Importing 'GUID: ab83955dedb2aed428447d90cf62c81b - Path: Assets/Skybox/Utils/Editor/StyledMaterial/StyledTextureDrawer.cs - Importer: ScriptedImporter/UnityEditor.QuickSearchModule:UnityEditor.Search:ASIAI0B' with importer (ScriptedImporter : UnityEditor.QuickSearchModule:UnityEditor.Search:ASIAI0B)
Imported 'GUID: ab83955dedb2aed428447d90cf62c81b' -> (Import Result ID: '667e5a640c8fb97f106dc3bdc609a667') in 0.005 seconds [static and dynamic dependencies]. Details - ImportResultOutputID=995db03f93f5736a94375d1d8e050d77 DependenciesID=0a5951c415c31c62d022285ba57397c6 StaticDependenciesID=6ffe6fe3182655c9e9f88073721df5e3 
Number of updated asset objects reloaded before import = 0
Number of asset objects unloaded after import = 0
========================================================================
Received Import Request.
  Time of request: 2026-08-24T15:04:01.3177002Z
  Time since last request: 0.0006201 seconds.
  importAddress: GUID: df9ee7b5ab129dd4991f424a8d93430b - Path: Assets/Skybox/Utils/Scripts/StyledInspector/StyledText.cs - Importer: ScriptedImporter/UnityEditor.QuickSearchModule:UnityEditor.Search:ASIAI0B
Importing 'GUID: df9ee7b5ab129dd4991f424a8d93430b - Path: Assets/Skybox/Utils/Scripts/StyledInspector/StyledText.cs - Importer: ScriptedImporter/UnityEditor.QuickSearchModule:UnityEditor.Search:ASIAI0B' with importer (ScriptedImporter : UnityEditor.QuickSearchModule:UnityEditor.Search:ASIAI0B)
Imported 'GUID: df9ee7b5ab129dd4991f424a8d93430b' -> (Import Result ID: '96692b50351006b52381d04719234ebf') in 0.004 seconds [static and dynamic dependencies]. Details - ImportResultOutputID=9e9f962e55e705dd5e8bced5a60d9e54 DependenciesID=57cdc8cc7afeddbabfeaf668454a7675 StaticDependenciesID=d7240de75405be824fae1918ea9f09f6 
Number of updated asset objects reloaded before import = 0
Number of asset objects unloaded after import = 0
========================================================================
Received Import Request.
  Time of request: 2026-08-24T15:04:01.3350906Z
  Time since last request: 0.0005104 seconds.
  importAddress: GUID: d5699c954b5c9184199293b4ede31d57 - Path: Assets/Skybox/Utils/Editor/StyledMaterial/StyledToggleDrawer.cs - Importer: ScriptedImporter/UnityEditor.QuickSearchModule:UnityEditor.Search:ASIAI0B
Importing 'GUID: d5699c954b5c9184199293b4ede31d57 - Path: Assets/Skybox/Utils/Editor/StyledMaterial/StyledToggleDrawer.cs - Importer: ScriptedImporter/UnityEditor.QuickSearchModule:UnityEditor.Search:ASIAI0B' with importer (ScriptedImporter : UnityEditor.QuickSearchModule:UnityEditor.Search:ASIAI0B)
Imported 'GUID: d5699c954b5c9184199293b4ede31d57' -> (Import Result ID: '946dc836485975f558ad03735e3632c0') in 0.005 seconds [static and dynamic dependencies]. Details - ImportResultOutputID=82568d8967a7a895dbf89e2a213a63c8 DependenciesID=fb3cb899564f0548c4e27aa6b46ca0ab StaticDependenciesID=d3c3acd4b727de04a7805f2fd67dec79 
Number of updated asset objects reloaded before import = 0
Number of asset objects unloaded after import = 0
========================================================================
Received Import Request.
  Time of request: 2026-08-24T15:04:01.3525667Z
  Time since last request: 0.0005724 seconds.
  importAddress: GUID: 1525d4228f26951498e86e425363f3f0 - Path: Assets/Skybox/Utils/Editor/StyledGUI/DrawInspectorBanner.cs - Importer: ScriptedImporter/UnityEditor.QuickSearchModule:UnityEditor.Search:ASIAI0B
Importing 'GUID: 1525d4228f26951498e86e425363f3f0 - Path: Assets/Skybox/Utils/Editor/StyledGUI/DrawInspectorBanner.cs - Importer: ScriptedImporter/UnityEditor.QuickSearchModule:UnityEditor.Search:ASIAI0B' with importer (ScriptedImporter : UnityEditor.QuickSearchModule:UnityEditor.Search:ASIAI0B)
Imported 'GUID: 1525d4228f26951498e86e425363f3f0' -> (Import Result ID: '6f129b9ff80b8ab1edb058c218f73d85') in 0.005 seconds [static and dynamic dependencies]. Details - ImportResultOutputID=0d0f7fb2eadc5ba139227277ad2211c1 DependenciesID=11f93bc47810499bd4d3d9a6eb8d9704 StaticDependenciesID=be5d505488c306fef10440f6d5afa4e1 
Number of updated asset objects reloaded before import = 0
Number of asset objects unloaded after import = 0
========================================================================
Received Import Request.
  Time of request: 2026-08-24T15:04:01.3710774Z
  Time since last request: 0.0005366 seconds.
  importAddress: GUID: c8daad1bc4051084ca6204e12dc0890d - Path: Assets/Skybox/Utils/Editor/StyledInspector/StyledTexturePreviewDrawer.cs - Importer: ScriptedImporter/UnityEditor.QuickSearchModule:UnityEditor.Search:ASIAI0B
Importing 'GUID: c8daad1bc4051084ca6204e12dc0890d - Path: Assets/Skybox/Utils/Editor/StyledInspector/StyledTexturePreviewDrawer.cs - Importer: ScriptedImporter/UnityEditor.QuickSearchModule:UnityEditor.Search:ASIAI0B' with importer (ScriptedImporter : UnityEditor.QuickSearchModule:UnityEditor.Search:ASIAI0B)
Imported 'GUID: c8daad1bc4051084ca6204e12dc0890d' -> (Import Result ID: '0edc25cbc4d153adf20909a278d75f39') in 0.007 seconds [static and dynamic dependencies]. Details - ImportResultOutputID=d8b81f9224fd2e0a41945fc5206a4e02 DependenciesID=711cf484b92b667975cd56aa32762dc1 StaticDependenciesID=557b7960b74fc79eb794fbc642d39c12 
Number of updated asset objects reloaded before import = 0
Number of asset objects unloaded after import = 0
========================================================================
Received Import Request.
  Time of request: 2026-08-24T15:04:01.3911224Z
  Time since last request: 0.0005055 seconds.
  importAddress: GUID: ab1d3117b9da8d7429e5ac70bd016772 - Path: Assets/Skybox/Utils/Scripts/StyledInspector/StyledMessage.cs - Importer: ScriptedImporter/UnityEditor.QuickSearchModule:UnityEditor.Search:ASIAI0B
Importing 'GUID: ab1d3117b9da8d7429e5ac70bd016772 - Path: Assets/Skybox/Utils/Scripts/StyledInspector/StyledMessage.cs - Importer: ScriptedImporter/UnityEditor.QuickSearchModule:UnityEditor.Search:ASIAI0B' with importer (ScriptedImporter : UnityEditor.QuickSearchModule:UnityEditor.Search:ASIAI0B)
Imported 'GUID: ab1d3117b9da8d7429e5ac70bd016772' -> (Import Result ID: '781c0e0946a582e649c4eaba7aae3c38') in 0.005 seconds [static and dynamic dependencies]. Details - ImportResultOutputID=b08c59d0a2a22c7fcb019e211b6a724c DependenciesID=977cd72f8b50498fe12b467081098afc StaticDependenciesID=36cbb1507b82c435be99262e173308e6 
Number of updated asset objects reloaded before import = 0
Number of asset objects unloaded after import = 0
========================================================================
Received Import Request.
  Time of request: 2026-08-24T15:04:01.4094593Z
  Time since last request: 0.0004111 seconds.
  importAddress: GUID: 7a0e1a0aaab33f341b20d7d940fe0a06 - Path: Assets/Skybox/Utils/Editor/StyledMono/StyledScriptableObjectEditor.cs - Importer: ScriptedImporter/UnityEditor.QuickSearchModule:UnityEditor.Search:ASIAI0B
Importing 'GUID: 7a0e1a0aaab33f341b20d7d940fe0a06 - Path: Assets/Skybox/Utils/Editor/StyledMono/StyledScriptableObjectEditor.cs - Importer: ScriptedImporter/UnityEditor.QuickSearchModule:UnityEditor.Search:ASIAI0B' with importer (ScriptedImporter : UnityEditor.QuickSearchModule:UnityEditor.Search:ASIAI0B)
Imported 'GUID: 7a0e1a0aaab33f341b20d7d940fe0a06' -> (Import Result ID: '450e4ee768ce433e2996145ee08ec643') in 0.007 seconds [static and dynamic dependencies]. Details - ImportResultOutputID=454c5c7c21ddbdc16a297d48f12c094f DependenciesID=2159084fd95deb36f6443cf24e88c3c1 StaticDependenciesID=c36726eb584d1c5c7ed62d871eb29f16 
Number of updated asset objects reloaded before import = 0
Number of asset objects unloaded after import = 0
========================================================================
Received Import Request.
  Time of request: 2026-08-24T15:04:01.4308746Z
  Time since last request: 0.0004955 seconds.
  importAddress: GUID: e4362c0144e8a5b45be782723d2c956f - Path: Assets/Skybox/Utils/Scripts/StyledInspector/StyledMask.cs - Importer: ScriptedImporter/UnityEditor.QuickSearchModule:UnityEditor.Search:ASIAI0B
Importing 'GUID: e4362c0144e8a5b45be782723d2c956f - Path: Assets/Skybox/Utils/Scripts/StyledInspector/StyledMask.cs - Importer: ScriptedImporter/UnityEditor.QuickSearchModule:UnityEditor.Search:ASIAI0B' with importer (ScriptedImporter : UnityEditor.QuickSearchModule:UnityEditor.Search:ASIAI0B)
Imported 'GUID: e4362c0144e8a5b45be782723d2c956f' -> (Import Result ID: '12c9e6027c0e6c452c796e18fc5ddbb7') in 0.006 seconds [static and dynamic dependencies]. Details - ImportResultOutputID=63ebf5711c6c75fced8a2961c2e273e2 DependenciesID=87b9fe1401bc2f0788b20f4022adcb2d StaticDependenciesID=e26f747d180ea63b446c78175b659879 
Number of updated asset objects reloaded before import = 0
Number of asset objects unloaded after import = 0
========================================================================
Received Import Request.
  Time of request: 2026-08-24T15:04:01.4511142Z
  Time since last request: 0.0007617 seconds.
  importAddress: GUID: b1d35dbbb9b6c214aa892d7b240de3df - Path: Assets/Skybox/Utils/Editor/StyledInspector/StyledButtonDrawer.cs - Importer: ScriptedImporter/UnityEditor.QuickSearchModule:UnityEditor.Search:ASIAI0B
Importing 'GUID: b1d35dbbb9b6c214aa892d7b240de3df - Path: Assets/Skybox/Utils/Editor/StyledInspector/StyledButtonDrawer.cs - Importer: ScriptedImporter/UnityEditor.QuickSearchModule:UnityEditor.Search:ASIAI0B' with importer (ScriptedImporter : UnityEditor.QuickSearchModule:UnityEditor.Search:ASIAI0B)
Imported 'GUID: b1d35dbbb9b6c214aa892d7b240de3df' -> (Import Result ID: 'a0f3318e48b4a01a3c7215b979c2278f') in 0.007 seconds [static and dynamic dependencies]. Details - ImportResultOutputID=e33f1c8a4026d39cdf5fb0f55a9cc5a9 DependenciesID=81cebdb896f9b6b8836e5f50d702f311 StaticDependenciesID=d71e38dd363f32d67cd0443609a3acc4 
Number of updated asset objects reloaded before import = 0
Number of asset objects unloaded after import = 0
========================================================================
Received Import Request.
  Time of request: 2026-08-24T15:04:01.4717436Z
  Time since last request: 0.0004677 seconds.
  importAddress: GUID: aac99d6d81f90e54cabd822770c11875 - Path: Assets/Skybox/Utils/Editor/StyledGUI/DrawWindowCategory.cs - Importer: ScriptedImporter/UnityEditor.QuickSearchModule:UnityEditor.Search:ASIAI0B
Importing 'GUID: aac99d6d81f90e54cabd822770c11875 - Path: Assets/Skybox/Utils/Editor/StyledGUI/DrawWindowCategory.cs - Importer: ScriptedImporter/UnityEditor.QuickSearchModule:UnityEditor.Search:ASIAI0B' with importer (ScriptedImporter : UnityEditor.QuickSearchModule:UnityEditor.Search:ASIAI0B)
Imported 'GUID: aac99d6d81f90e54cabd822770c11875' -> (Import Result ID: '0fba8a0b616bcaff43ac75a93b6d6332') in 0.005 seconds [static and dynamic dependencies]. Details - ImportResultOutputID=c7b4d3b26b0b0e26db3307c067bc65d8 DependenciesID=b09b30c2a234553d3f87a0bf77f02497 StaticDependenciesID=6b8663425db80c31af4c1e9d1b144305 
Number of updated asset objects reloaded before import = 0
Number of asset objects unloaded after import = 0
========================================================================
Received Import Request.
  Time of request: 2026-08-24T15:04:01.4906894Z
  Time since last request: 0.0004615 seconds.
  importAddress: GUID: 93308045fbb3c5e42ba5ccb66d848632 - Path: Assets/Skybox/Utils/Scripts/SettingsUtils/SettingsData.cs - Importer: ScriptedImporter/UnityEditor.QuickSearchModule:UnityEditor.Search:ASIAI0B
Importing 'GUID: 93308045fbb3c5e42ba5ccb66d848632 - Path: Assets/Skybox/Utils/Scripts/SettingsUtils/SettingsData.cs - Importer: ScriptedImporter/UnityEditor.QuickSearchModule:UnityEditor.Search:ASIAI0B' with importer (ScriptedImporter : UnityEditor.QuickSearchModule:UnityEditor.Search:ASIAI0B)
Imported 'GUID: 93308045fbb3c5e42ba5ccb66d848632' -> (Import Result ID: '10768f9a3a78a7885b95d028b5cbb2a3') in 0.005 seconds [static and dynamic dependencies]. Details - ImportResultOutputID=ddc6fe3a869a71565277e6d614691e9e DependenciesID=09f5666a770e4342b3e9a08c95e7d284 StaticDependenciesID=aeed1c7b9f6e6cedccf06b27b3a3283b 
Number of updated asset objects reloaded before import = 0
Number of asset objects unloaded after import = 0
========================================================================
Received Import Request.
  Time of request: 2026-08-24T15:04:01.5094948Z
  Time since last request: 0.0005164 seconds.
  importAddress: GUID: 29c1ac24df072a744a4bdc6a209772bf - Path: Assets/Skybox/Utils/Editor/StyledMono/StyledMonoBehaviourEditor.cs - Importer: ScriptedImporter/UnityEditor.QuickSearchModule:UnityEditor.Search:ASIAI0B
Importing 'GUID: 29c1ac24df072a744a4bdc6a209772bf - Path: Assets/Skybox/Utils/Editor/StyledMono/StyledMonoBehaviourEditor.cs - Importer: ScriptedImporter/UnityEditor.QuickSearchModule:UnityEditor.Search:ASIAI0B' with importer (ScriptedImporter : UnityEditor.QuickSearchModule:UnityEditor.Search:ASIAI0B)
Imported 'GUID: 29c1ac24df072a744a4bdc6a209772bf' -> (Import Result ID: '83195a98de879b92d1f1c9838187ceba') in 0.006 seconds [static and dynamic dependencies]. Details - ImportResultOutputID=9e7311887ebee8cf27d062e8e1ab1f63 DependenciesID=39b72f2f077ccd1ce49931401dea1aa6 StaticDependenciesID=e95562d510fa5ce6f827e725a9fcf067 
Number of updated asset objects reloaded before import = 0
Number of asset objects unloaded after import = 0
========================================================================
Received Import Request.
  Time of request: 2026-08-24T15:04:01.5290676Z
  Time since last request: 0.0006411 seconds.
  importAddress: GUID: d4bc1ff93a8a28e42954d7469249a7a0 - Path: Assets/Skybox/Utils/Editor/StyledMaterial/StyledOptionsSliderDrawer.cs - Importer: ScriptedImporter/UnityEditor.QuickSearchModule:UnityEditor.Search:ASIAI0B
Importing 'GUID: d4bc1ff93a8a28e42954d7469249a7a0 - Path: Assets/Skybox/Utils/Editor/StyledMaterial/StyledOptionsSliderDrawer.cs - Importer: ScriptedImporter/UnityEditor.QuickSearchModule:UnityEditor.Search:ASIAI0B' with importer (ScriptedImporter : UnityEditor.QuickSearchModule:UnityEditor.Search:ASIAI0B)
Imported 'GUID: d4bc1ff93a8a28e42954d7469249a7a0' -> (Import Result ID: '4cbf5074e686ee58d4e41e67207555b1') in 0.006 seconds [static and dynamic dependencies]. Details - ImportResultOutputID=50ef05698c4be7e0eac8ff5166d42494 DependenciesID=4cfaffaa24b792dba1d4b926c9c21d7c StaticDependenciesID=cdaa337a62b11749ff42d07492ee34a3 
Number of updated asset objects reloaded before import = 0
Number of asset objects unloaded after import = 0
========================================================================
Received Import Request.
  Time of request: 2026-08-24T15:04:01.5508616Z
  Time since last request: 0.0009634 seconds.
  importAddress: GUID: b40d7a397aa055b46a1651ee9f9bdd03 - Path: Assets/Skybox/Utils/Editor/StyledMaterial/StyledButtonDrawer.cs - Importer: ScriptedImporter/UnityEditor.QuickSearchModule:UnityEditor.Search:ASIAI0B
Importing 'GUID: b40d7a397aa055b46a1651ee9f9bdd03 - Path: Assets/Skybox/Utils/Editor/StyledMaterial/StyledButtonDrawer.cs - Importer: ScriptedImporter/UnityEditor.QuickSearchModule:UnityEditor.Search:ASIAI0B' with importer (ScriptedImporter : UnityEditor.QuickSearchModule:UnityEditor.Search:ASIAI0B)
Imported 'GUID: b40d7a397aa055b46a1651ee9f9bdd03' -> (Import Result ID: '5a0f588012d9cdb1a1b222bc63eea5ed') in 0.005 seconds [static and dynamic dependencies]. Details - ImportResultOutputID=9dbe21131e8d47e0c86f8fff701e66f0 DependenciesID=93fd1ed9bba7ee668a51bcbaf11f9377 StaticDependenciesID=e2b4bc4f0e21346252d0c3f14e02e0a1 
Number of updated asset objects reloaded before import = 0
Number of asset objects unloaded after import = 0
========================================================================
Received Import Request.
  Time of request: 2026-08-24T15:04:01.5819044Z
  Time since last request: 0.0127711 seconds.
  importAddress: GUID: 6d1543b2c42a4cf6a556b45007e9a7d7 - Path: Assets/Plugins & Utilities/DA-Shared/Assembly/SVGMeshUnity/Internals/Curve.cs - Importer: ScriptedImporter/UnityEditor.QuickSearchModule:UnityEditor.Search:ASIAI0B
Importing 'GUID: 6d1543b2c42a4cf6a556b45007e9a7d7 - Path: Assets/Plugins & Utilities/DA-Shared/Assembly/SVGMeshUnity/Internals/Curve.cs - Importer: ScriptedImporter/UnityEditor.QuickSearchModule:UnityEditor.Search:ASIAI0B' with importer (ScriptedImporter : UnityEditor.QuickSearchModule:UnityEditor.Search:ASIAI0B)
Imported 'GUID: 6d1543b2c42a4cf6a556b45007e9a7d7' -> (Import Result ID: '574bcf0a3da0decb2e91ff7f196f6577') in 0.006 seconds [static and dynamic dependencies]. Details - ImportResultOutputID=ee6a06d7523a85507dc7957ef7e7a983 DependenciesID=98733ef46b9568dd6a9d0c9a25a9635d StaticDependenciesID=d80c5208b5396a0ac407669a5c9dd55c 
Number of updated asset objects reloaded before import = 0
Number of asset objects unloaded after import = 0
========================================================================
Received Import Request.
  Time of request: 2026-08-24T15:04:01.6006468Z
  Time since last request: 0.0006604 seconds.
  importAddress: GUID: c9f5042ad1d1418ebe4901c4d1a76acf - Path: Assets/Plugins & Utilities/DA-Shared/Assembly/SVGMeshUnity/Internals/WorkBuffer.cs - Importer: ScriptedImporter/UnityEditor.QuickSearchModule:UnityEditor.Search:ASIAI0B
Importing 'GUID: c9f5042ad1d1418ebe4901c4d1a76acf - Path: Assets/Plugins & Utilities/DA-Shared/Assembly/SVGMeshUnity/Internals/WorkBuffer.cs - Importer: ScriptedImporter/UnityEditor.QuickSearchModule:UnityEditor.Search:ASIAI0B' with importer (ScriptedImporter : UnityEditor.QuickSearchModule:UnityEditor.Search:ASIAI0B)
Imported 'GUID: c9f5042ad1d1418ebe4901c4d1a76acf' -> (Import Result ID: 'ba2161444fbb42745aac9146d12f9b52') in 0.006 seconds [static and dynamic dependencies]. Details - ImportResultOutputID=21bc201bad3cda616ed28f4b7a1e5ffd DependenciesID=781ef157d7e3b4b8bf311ac1deae78ab StaticDependenciesID=e28171c61d3a8bb9886be93e9ecd3843 
Number of updated asset objects reloaded before import = 0
Number of asset objects unloaded after import = 0
========================================================================
Received Import Request.
  Time of request: 2026-08-24T15:04:01.6192393Z
  Time since last request: 0.000451 seconds.
  importAddress: GUID: 25e086bd7f666c24c8df55167c4c6234 - Path: Assets/Plugins & Utilities/DA-Shared/Editor/DAInspector/Sprites/icon_stop.png - Importer: ScriptedImporter/UnityEditor.QuickSearchModule:UnityEditor.Search:ASIAI0B
Importing 'GUID: 25e086bd7f666c24c8df55167c4c6234 - Path: Assets/Plugins & Utilities/DA-Shared/Editor/DAInspector/Sprites/icon_stop.png - Importer: ScriptedImporter/UnityEditor.QuickSearchModule:UnityEditor.Search:ASIAI0B' with importer (ScriptedImporter : UnityEditor.QuickSearchModule:UnityEditor.Search:ASIAI0B)
Imported 'GUID: 25e086bd7f666c24c8df55167c4c6234' -> (Import Result ID: '78ede4481c0f9ba204ca4ec55f065955') in 0.025 seconds [static and dynamic dependencies]. Details - ImportResultOutputID=1b83551b7f68c64202b371dbf5c8748a DependenciesID=ead43f785d51ee9321e226c643d50527 StaticDependenciesID=8bf83a2552ae789687a7dc0274622bc2 
Number of updated asset objects reloaded before import = 0
Number of asset objects unloaded after import = 1
========================================================================
Received Import Request.
  Time of request: 2026-08-24T15:04:01.6581209Z
  Time since last request: 0.0004586 seconds.
  importAddress: GUID: bce8eafaf56c7c3408c99182ce13cf46 - Path: Assets/Plugins & Utilities/DA-Shared/Assembly/SVGMeshUnity/LICENSES/abs-svg-path.txt - Importer: ScriptedImporter/UnityEditor.QuickSearchModule:UnityEditor.Search:ASIAI0B
Importing 'GUID: bce8eafaf56c7c3408c99182ce13cf46 - Path: Assets/Plugins & Utilities/DA-Shared/Assembly/SVGMeshUnity/LICENSES/abs-svg-path.txt - Importer: ScriptedImporter/UnityEditor.QuickSearchModule:UnityEditor.Search:ASIAI0B' with importer (ScriptedImporter : UnityEditor.QuickSearchModule:UnityEditor.Search:ASIAI0B)
Imported 'GUID: bce8eafaf56c7c3408c99182ce13cf46' -> (Import Result ID: '91066ab359e9bf6de905de2fec420e05') in 0.006 seconds [static and dynamic dependencies]. Details - ImportResultOutputID=e0746e9173fe8af0b1170702fd0f0ece DependenciesID=8cad49f88b60bf27e3d98a1b8e3a39cf StaticDependenciesID=b9853cfe1538395abf2a33f4226a20d7 
Number of updated asset objects reloaded before import = 0
Number of asset objects unloaded after import = 1
========================================================================
Received Import Request.
  Time of request: 2026-08-24T15:04:01.6772851Z
  Time since last request: 0.0005546 seconds.
  importAddress: GUID: 99248ff198330e1489d4213f3818433b - Path: Assets/Plugins & Utilities/DA-Shared/Assembly/SVGMeshUnity/LICENSES/svg-arc-to-cubic-bezier.txt - Importer: ScriptedImporter/UnityEditor.QuickSearchModule:UnityEditor.Search:ASIAI0B
Importing 'GUID: 99248ff198330e1489d4213f3818433b - Path: Assets/Plugins & Utilities/DA-Shared/Assembly/SVGMeshUnity/LICENSES/svg-arc-to-cubic-bezier.txt - Importer: ScriptedImporter/UnityEditor.QuickSearchModule:UnityEditor.Search:ASIAI0B' with importer (ScriptedImporter : UnityEditor.QuickSearchModule:UnityEditor.Search:ASIAI0B)
Imported 'GUID: 99248ff198330e1489d4213f3818433b' -> (Import Result ID: '431489009a2a1f2abdb798cc044a0e00') in 0.007 seconds [static and dynamic dependencies]. Details - ImportResultOutputID=5cd27006df2f6bf09c99011144a194b3 DependenciesID=e306324db1efdac6c938e7a5fa028a80 StaticDependenciesID=704b7d5cb47516755be346a42ffbdb2a 
Number of updated asset objects reloaded before import = 0
Number of asset objects unloaded after import = 1
========================================================================
Received Import Request.
  Time of request: 2026-08-24T15:04:01.6979483Z
  Time since last request: 0.0004738 seconds.
  importAddress: GUID: 5ba475abc1549864cb5ac369605079c8 - Path: Assets/Plugins & Utilities/DA-Shared/Editor/DAInspector/Sprites/icon_component.png - Importer: ScriptedImporter/UnityEditor.QuickSearchModule:UnityEditor.Search:ASIAI0B
Importing 'GUID: 5ba475abc1549864cb5ac369605079c8 - Path: Assets/Plugins & Utilities/DA-Shared/Editor/DAInspector/Sprites/icon_component.png - Importer: ScriptedImporter/UnityEditor.QuickSearchModule:UnityEditor.Search:ASIAI0B' with importer (ScriptedImporter : UnityEditor.QuickSearchModule:UnityEditor.Search:ASIAI0B)
Imported 'GUID: 5ba475abc1549864cb5ac369605079c8' -> (Import Result ID: 'cbcfae41cb723978fafeddbfc1848456') in 0.025 seconds [static and dynamic dependencies]. Details - ImportResultOutputID=594a1ef960dab81c598d2f3b23184dbb DependenciesID=2899ee3ca02428b60410c61396a71d77 StaticDependenciesID=e14817faf3fe05894911ecb13996f0b9 
Number of updated asset objects reloaded before import = 0
Number of asset objects unloaded after import = 1
========================================================================
Received Import Request.
  Time of request: 2026-08-24T15:04:01.7359628Z
  Time since last request: 0.0004733 seconds.
  importAddress: GUID: c5969960e1e4115419e4637b3150f937 - Path: Assets/Plugins & Utilities/DA-Shared/Editor/DAInspector/Sprites/view_recent.png - Importer: ScriptedImporter/UnityEditor.QuickSearchModule:UnityEditor.Search:ASIAI0B
Importing 'GUID: c5969960e1e4115419e4637b3150f937 - Path: Assets/Plugins & Utilities/DA-Shared/Editor/DAInspector/Sprites/view_recent.png - Importer: ScriptedImporter/UnityEditor.QuickSearchModule:UnityEditor.Search:ASIAI0B' with importer (ScriptedImporter : UnityEditor.QuickSearchModule:UnityEditor.Search:ASIAI0B)
Imported 'GUID: c5969960e1e4115419e4637b3150f937' -> (Import Result ID: '817a8fb5349b62708d0228caeec93d00') in 0.023 seconds [static and dynamic dependencies]. Details - ImportResultOutputID=35c2b4ac99e836bdc72df0d2b98b9723 DependenciesID=9209260eeaf57d84f09895204ac6af2e StaticDependenciesID=fa85aa09f2c7645bd4dc1ebee34de4b5 
Number of updated asset objects reloaded before import = 0
Number of asset objects unloaded after import = 1
========================================================================
Received Import Request.
  Time of request: 2026-08-24T15:04:01.7728439Z
  Time since last request: 0.0004585 seconds.
  importAddress: GUID: 8f586378b4e144a9851e7b34d9b748ee - Path: Assets/UI/TextMesh Pro/Resources/Fonts & Materials/LiberationSans SDF.asset - Importer: ScriptedImporter/UnityEditor.QuickSearchModule:UnityEditor.Search:ASIAI0B
Importing 'GUID: 8f586378b4e144a9851e7b34d9b748ee - Path: Assets/UI/TextMesh Pro/Resources/Fonts & Materials/LiberationSans SDF.asset - Importer: ScriptedImporter/UnityEditor.QuickSearchModule:UnityEditor.Search:ASIAI0B' with importer (ScriptedImporter : UnityEditor.QuickSearchModule:UnityEditor.Search:ASIAI0B)
Imported 'GUID: 8f586378b4e144a9851e7b34d9b748ee' -> (Import Result ID: '35151da84432572fe60269e8da389464') in 0.039 seconds [static and dynamic dependencies]. Details - ImportResultOutputID=8d0ae2f47fbcdd1561097e623bdd6efd DependenciesID=40cda17e260a6e2bbbdeaa8744f5bdc1 StaticDependenciesID=a9a899d502991ccef4d46a857e18064e 
Number of updated asset objects reloaded before import = 0
Number of asset objects unloaded after import = 8
========================================================================
Received Import Request.
  Time of request: 2026-08-24T15:04:01.8254245Z
  Time since last request: 0.0001212 seconds.
  importAddress: GUID: d92a99038cd091b44958b6f580de7ef1 - Path: Assets/Plugins & Utilities/DA-Shared/Editor/DAInspector/Sprites/icon_corner_bottom_right.png - Importer: ScriptedImporter/UnityEditor.QuickSearchModule:UnityEditor.Search:ASIAI0B
Importing 'GUID: d92a99038cd091b44958b6f580de7ef1 - Path: Assets/Plugins & Utilities/DA-Shared/Editor/DAInspector/Sprites/icon_corner_bottom_right.png - Importer: ScriptedImporter/UnityEditor.QuickSearchModule:UnityEditor.Search:ASIAI0B' with importer (ScriptedImporter : UnityEditor.QuickSearchModule:UnityEditor.Search:ASIAI0B)
Imported 'GUID: d92a99038cd091b44958b6f580de7ef1' -> (Import Result ID: '28acde4cd324e480c96bc67eb72aa4f8') in 0.027 seconds [static and dynamic dependencies]. Details - ImportResultOutputID=f8be525f93125116348bfcf21ab51797 DependenciesID=fe3bf0bbb4f00aadae58ff2686d6a311 StaticDependenciesID=2ead01c36cf5b3562add94dca02c20e9 
Number of updated asset objects reloaded before import = 0
Number of asset objects unloaded after import = 1
========================================================================
Received Import Request.
  Time of request: 2026-08-24T15:04:01.8653763Z
  Time since last request: 0.0005782 seconds.
  importAddress: GUID: c4420008571ebb0468088711f81ee947 - Path: Assets/Plugins & Utilities/DA-Shared/Editor/DAInspector/Sprites/pbar_bar.png - Importer: ScriptedImporter/UnityEditor.QuickSearchModule:UnityEditor.Search:ASIAI0B
Importing 'GUID: c4420008571ebb0468088711f81ee947 - Path: Assets/Plugins & Utilities/DA-Shared/Editor/DAInspector/Sprites/pbar_bar.png - Importer: ScriptedImporter/UnityEditor.QuickSearchModule:UnityEditor.Search:ASIAI0B' with importer (ScriptedImporter : UnityEditor.QuickSearchModule:UnityEditor.Search:ASIAI0B)
Imported 'GUID: c4420008571ebb0468088711f81ee947' -> (Import Result ID: 'd18aadf835507ea075676ab4e9d172d7') in 0.024 seconds [static and dynamic dependencies]. Details - ImportResultOutputID=264df8102f2f85a1753db6f13c7f714d DependenciesID=0a1ee056a0c03af8b0fb5a2ba9eb0e4a StaticDependenciesID=d4e2f3de88dafc3934c74214029e76cf 
Number of updated asset objects reloaded before import = 0
Number of asset objects unloaded after import = 1
========================================================================
Received Import Request.
  Time of request: 2026-08-24T15:04:01.9034675Z
  Time since last request: 0.0007546 seconds.
  importAddress: GUID: c8b61e3455704b8780c63fbcd0724afd - Path: Assets/Plugins & Utilities/DA-Shared/Assembly/SVGMeshUnity/Internals/Sort.cs - Importer: ScriptedImporter/UnityEditor.QuickSearchModule:UnityEditor.Search:ASIAI0B
Importing 'GUID: c8b61e3455704b8780c63fbcd0724afd - Path: Assets/Plugins & Utilities/DA-Shared/Assembly/SVGMeshUnity/Internals/Sort.cs - Importer: ScriptedImporter/UnityEditor.QuickSearchModule:UnityEditor.Search:ASIAI0B' with importer (ScriptedImporter : UnityEditor.QuickSearchModule:UnityEditor.Search:ASIAI0B)
Imported 'GUID: c8b61e3455704b8780c63fbcd0724afd' -> (Import Result ID: '4cbf74e1b7b67968ddbf3f0c2efe801d') in 0.006 seconds [static and dynamic dependencies]. Details - ImportResultOutputID=e6cad8edc8552ea452629c948017bce9 DependenciesID=39478e0e3c7fa234c29eba2eb6ab0fce StaticDependenciesID=1202f9e741d5a80f210b5307da8b5430 
Number of updated asset objects reloaded before import = 0
Number of asset objects unloaded after import = 0
========================================================================
Received Import Request.
  Time of request: 2026-08-24T15:04:01.924016Z
  Time since last request: 0.0004799 seconds.
  importAddress: GUID: de641d9d6b90cdc44858895f5386f6b9 - Path: Assets/Plugins & Utilities/DA-Shared/Editor/DAInspector/Sprites/box_active_no_frame.png - Importer: ScriptedImporter/UnityEditor.QuickSearchModule:UnityEditor.Search:ASIAI0B
Importing 'GUID: de641d9d6b90cdc44858895f5386f6b9 - Path: Assets/Plugins & Utilities/DA-Shared/Editor/DAInspector/Sprites/box_active_no_frame.png - Importer: ScriptedImporter/UnityEditor.QuickSearchModule:UnityEditor.Search:ASIAI0B' with importer (ScriptedImporter : UnityEditor.QuickSearchModule:UnityEditor.Search:ASIAI0B)
Imported 'GUID: de641d9d6b90cdc44858895f5386f6b9' -> (Import Result ID: 'a6453d63bed28e1ee4a88dc794d35e24') in 0.024 seconds [static and dynamic dependencies]. Details - ImportResultOutputID=6a8ba85579e162b64d4428780640372a DependenciesID=fd422ea2272f2e7a50ee064620b8ab74 StaticDependenciesID=6476da9d8964cbcdf40d7ce68ceac924 
Number of updated asset objects reloaded before import = 0
Number of asset objects unloaded after import = 1
========================================================================
Received Import Request.
  Time of request: 2026-08-24T15:04:01.9621539Z
  Time since last request: 0.0005252 seconds.
  importAddress: GUID: 86714405eabe10a46a2b38d5a6afa93e - Path: Assets/Plugins & Utilities/DA-Shared/Assembly/SVGMeshUnity/LICENSES/robust-orientation.txt - Importer: ScriptedImporter/UnityEditor.QuickSearchModule:UnityEditor.Search:ASIAI0B
Importing 'GUID: 86714405eabe10a46a2b38d5a6afa93e - Path: Assets/Plugins & Utilities/DA-Shared/Assembly/SVGMeshUnity/LICENSES/robust-orientation.txt - Importer: ScriptedImporter/UnityEditor.QuickSearchModule:UnityEditor.Search:ASIAI0B' with importer (ScriptedImporter : UnityEditor.QuickSearchModule:UnityEditor.Search:ASIAI0B)
Imported 'GUID: 86714405eabe10a46a2b38d5a6afa93e' -> (Import Result ID: '65fc46f6f3983b015614aacd0b2c3d03') in 0.006 seconds [static and dynamic dependencies]. Details - ImportResultOutputID=832835d910d60f19586c9df8124f947c DependenciesID=5781be5a82aada5256ddc0aa0d8c082e StaticDependenciesID=c80c0a4c821ceab1fd471b6685248a36 
Number of updated asset objects reloaded before import = 0
Number of asset objects unloaded after import = 1
========================================================================
Received Import Request.
  Time of request: 2026-08-24T15:04:01.9817492Z
  Time since last request: 0.0005228 seconds.
  importAddress: GUID: f5702ca0318eb1942af8daf18131f44d - Path: Assets/UI/UI Asset/Assets/UX/HeathenEngineering.UX.asmdef - Importer: ScriptedImporter/UnityEditor.QuickSearchModule:UnityEditor.Search:ASIAI0B
Importing 'GUID: f5702ca0318eb1942af8daf18131f44d - Path: Assets/UI/UI Asset/Assets/UX/HeathenEngineering.UX.asmdef - Importer: ScriptedImporter/UnityEditor.QuickSearchModule:UnityEditor.Search:ASIAI0B' with importer (ScriptedImporter : UnityEditor.QuickSearchModule:UnityEditor.Search:ASIAI0B)
Imported 'GUID: f5702ca0318eb1942af8daf18131f44d' -> (Import Result ID: 'c738e1746f2e35e6bf831ddd072a5e74') in 0.020 seconds [static and dynamic dependencies]. Details - ImportResultOutputID=98ce45c6ec2ce4fc08943be4c9c512aa DependenciesID=53eac6169a44952b1a786b2905dd9d6b StaticDependenciesID=2becfe84a44500d2d097afa8c457cae6 
Number of updated asset objects reloaded before import = 0
Number of asset objects unloaded after import = 1
========================================================================
Received Import Request.
  Time of request: 2026-08-24T15:04:02.0163002Z
  Time since last request: 0.0008424 seconds.
  importAddress: GUID: f18f6f2b2bfbf1146a7b1f9b2ffb0066 - Path: Assets/Plugins & Utilities/DA-Shared/Editor/DAInspector/Sprites/icon_corner_bottom_left.png - Importer: ScriptedImporter/UnityEditor.QuickSearchModule:UnityEditor.Search:ASIAI0B
Importing 'GUID: f18f6f2b2bfbf1146a7b1f9b2ffb0066 - Path: Assets/Plugins & Utilities/DA-Shared/Editor/DAInspector/Sprites/icon_corner_bottom_left.png - Importer: ScriptedImporter/UnityEditor.QuickSearchModule:UnityEditor.Search:ASIAI0B' with importer (ScriptedImporter : UnityEditor.QuickSearchModule:UnityEditor.Search:ASIAI0B)
Imported 'GUID: f18f6f2b2bfbf1146a7b1f9b2ffb0066' -> (Import Result ID: '486bda53da214d610c288a6a50e32b43') in 0.027 seconds [static and dynamic dependencies]. Details - ImportResultOutputID=2840f1b0c9e6d2f7bd462e5783d03ef0 DependenciesID=caa7c3db50741c937196cfe16d2e86b3 StaticDependenciesID=cdb8c8a0a8a6251cbdc4bbc667292b75 
Number of updated asset objects reloaded before import = 0
Number of asset objects unloaded after import = 1
========================================================================
Received Import Request.
  Time of request: 2026-08-24T15:04:02.0573911Z
  Time since last request: 0.0004588 seconds.
  importAddress: GUID: c1a4780bb7cfe334e80bd676b35a9646 - Path: Assets/Plugins & Utilities/DA-Shared/Assembly/SVGMeshUnity/LICENSES/parse-svg-path.txt - Importer: ScriptedImporter/UnityEditor.QuickSearchModule:UnityEditor.Search:ASIAI0B
Importing 'GUID: c1a4780bb7cfe334e80bd676b35a9646 - Path: Assets/Plugins & Utilities/DA-Shared/Assembly/SVGMeshUnity/LICENSES/parse-svg-path.txt - Importer: ScriptedImporter/UnityEditor.QuickSearchModule:UnityEditor.Search:ASIAI0B' with importer (ScriptedImporter : UnityEditor.QuickSearchModule:UnityEditor.Search:ASIAI0B)
Imported 'GUID: c1a4780bb7cfe334e80bd676b35a9646' -> (Import Result ID: '4672227a1a859d36088a1bc20d424342') in 0.006 seconds [static and dynamic dependencies]. Details - ImportResultOutputID=3d16d3bc16c376efa9a21976b2917209 DependenciesID=2cb6ec8adcdba105149e9ab110e80a08 StaticDependenciesID=068ed99806c2d2d048ab9e3179d7c658 
Number of updated asset objects reloaded before import = 0
Number of asset objects unloaded after import = 1
========================================================================
Received Import Request.
  Time of request: 2026-08-24T15:04:02.0764834Z
  Time since last request: 0.000858 seconds.
  importAddress: GUID: 2cd8ce091fb8dce4a85d1578ef706c55 - Path: Assets/Plugins & Utilities/DA-Shared/Editor/DAInspector/Sprites/icon_corner_top_right.png - Importer: ScriptedImporter/UnityEditor.QuickSearchModule:UnityEditor.Search:ASIAI0B
Importing 'GUID: 2cd8ce091fb8dce4a85d1578ef706c55 - Path: Assets/Plugins & Utilities/DA-Shared/Editor/DAInspector/Sprites/icon_corner_top_right.png - Importer: ScriptedImporter/UnityEditor.QuickSearchModule:UnityEditor.Search:ASIAI0B' with importer (ScriptedImporter : UnityEditor.QuickSearchModule:UnityEditor.Search:ASIAI0B)
Imported 'GUID: 2cd8ce091fb8dce4a85d1578ef706c55' -> (Import Result ID: '05c5cdac60f389d85fdce993228ef692') in 0.022 seconds [static and dynamic dependencies]. Details - ImportResultOutputID=f3c57d7a7a31d270daac92ece51bd795 DependenciesID=ba8c555eb1c599bd8d77f5ab6d29a4a1 StaticDependenciesID=bcaf0e0c61014e90ecc6d32be0622e78 
Number of updated asset objects reloaded before import = 0
Number of asset objects unloaded after import = 1
========================================================================
Received Import Request.
  Time of request: 2026-08-24T15:04:02.1120394Z
  Time since last request: 0.0006849 seconds.
  importAddress: GUID: f8b2c813170af09459fb79312a19a0cc - Path: Assets/Plugins & Utilities/DA-Shared/Editor/DAInspector/Sprites/logo_fcu.png - Importer: ScriptedImporter/UnityEditor.QuickSearchModule:UnityEditor.Search:ASIAI0B
Importing 'GUID: f8b2c813170af09459fb79312a19a0cc - Path: Assets/Plugins & Utilities/DA-Shared/Editor/DAInspector/Sprites/logo_fcu.png - Importer: ScriptedImporter/UnityEditor.QuickSearchModule:UnityEditor.Search:ASIAI0B' with importer (ScriptedImporter : UnityEditor.QuickSearchModule:UnityEditor.Search:ASIAI0B)
Imported 'GUID: f8b2c813170af09459fb79312a19a0cc' -> (Import Result ID: '4602c2d03eabd8d289c9f4a954912af7') in 0.028 seconds [static and dynamic dependencies]. Details - ImportResultOutputID=60db1993afc6b0783561638e415eb734 DependenciesID=496cb35e410c2223009ace7336244676 StaticDependenciesID=1aa9e2570680466f43815dd696ce39c8 
Number of updated asset objects reloaded before import = 0
Number of asset objects unloaded after import = 3
========================================================================
Received Import Request.
  Time of request: 2026-08-24T15:04:02.1539006Z
  Time since last request: 0.0005378 seconds.
  importAddress: GUID: 1322eb06cce7348419199dd60e9f1e08 - Path: Assets/Plugins & Utilities/DA-Shared/Editor/DAInspector/Sprites/icon_open.png - Importer: ScriptedImporter/UnityEditor.QuickSearchModule:UnityEditor.Search:ASIAI0B
Importing 'GUID: 1322eb06cce7348419199dd60e9f1e08 - Path: Assets/Plugins & Utilities/DA-Shared/Editor/DAInspector/Sprites/icon_open.png - Importer: ScriptedImporter/UnityEditor.QuickSearchModule:UnityEditor.Search:ASIAI0B' with importer (ScriptedImporter : UnityEditor.QuickSearchModule:UnityEditor.Search:ASIAI0B)
Imported 'GUID: 1322eb06cce7348419199dd60e9f1e08' -> (Import Result ID: '032bcb7cb7ce87dad541f054de9e9441') in 0.025 seconds [static and dynamic dependencies]. Details - ImportResultOutputID=a971162fed136e9e0ec4f6edc6e8c0c9 DependenciesID=1026eb52c6dd4f611721af80d6158145 StaticDependenciesID=2f78d4b95b5ecfa9c909679a81634d69 
Number of updated asset objects reloaded before import = 0
Number of asset objects unloaded after import = 1
========================================================================
Received Import Request.
  Time of request: 2026-08-24T15:04:02.1922944Z
  Time since last request: 0.0004189 seconds.
  importAddress: GUID: 5e7a04d3c32b4434f91cb1ad2a8ae9d4 - Path: Assets/Plugins & Utilities/DA-Shared/Assembly/SVGMeshUnity/LICENSES/two-sum.txt - Importer: ScriptedImporter/UnityEditor.QuickSearchModule:UnityEditor.Search:ASIAI0B
Importing 'GUID: 5e7a04d3c32b4434f91cb1ad2a8ae9d4 - Path: Assets/Plugins & Utilities/DA-Shared/Assembly/SVGMeshUnity/LICENSES/two-sum.txt - Importer: ScriptedImporter/UnityEditor.QuickSearchModule:UnityEditor.Search:ASIAI0B' with importer (ScriptedImporter : UnityEditor.QuickSearchModule:UnityEditor.Search:ASIAI0B)
Imported 'GUID: 5e7a04d3c32b4434f91cb1ad2a8ae9d4' -> (Import Result ID: '5acd23daa8bcc9d3f8dbfcf4f81f8272') in 0.009 seconds [static and dynamic dependencies]. Details - ImportResultOutputID=f2c77c76caed5e44d16fdd03b9a12321 DependenciesID=d87547844294749b23ff5f5ce9cb833f StaticDependenciesID=8b33a1f39e3be319c143ce054edfb674 
Number of updated asset objects reloaded before import = 0
Number of asset objects unloaded after import = 1
========================================================================
Received Import Request.
  Time of request: 2026-08-24T15:04:02.2154422Z
  Time since last request: 0.0005707 seconds.
  importAddress: GUID: e4d932c454c538948b9e4692d56bdbc2 - Path: Assets/Plugins & Utilities/DA-Shared/Editor/DAInspector/Sprites/icon_expand_opened.png - Importer: ScriptedImporter/UnityEditor.QuickSearchModule:UnityEditor.Search:ASIAI0B
Importing 'GUID: e4d932c454c538948b9e4692d56bdbc2 - Path: Assets/Plugins & Utilities/DA-Shared/Editor/DAInspector/Sprites/icon_expand_opened.png - Importer: ScriptedImporter/UnityEditor.QuickSearchModule:UnityEditor.Search:ASIAI0B' with importer (ScriptedImporter : UnityEditor.QuickSearchModule:UnityEditor.Search:ASIAI0B)
Imported 'GUID: e4d932c454c538948b9e4692d56bdbc2' -> (Import Result ID: '9f61ee4b2bcdfd8161f0a7365005b033') in 0.027 seconds [static and dynamic dependencies]. Details - ImportResultOutputID=1593acd1a18ccfb05ffc1713096949ba DependenciesID=fff4c4ce7ca98e21e690c008ea2f8064 StaticDependenciesID=a5eff2fc0a7a8708823858857fe5fecb 
Number of updated asset objects reloaded before import = 0
Number of asset objects unloaded after import = 1
========================================================================
Received Import Request.
  Time of request: 2026-08-24T15:04:02.2559961Z
  Time since last request: 0.0006833 seconds.
  importAddress: GUID: 7293127380304744d89df74cdade597b - Path: Assets/Plugins & Utilities/DA-Shared/Editor/DAInspector/Sprites/icon_download.png - Importer: ScriptedImporter/UnityEditor.QuickSearchModule:UnityEditor.Search:ASIAI0B
Importing 'GUID: 7293127380304744d89df74cdade597b - Path: Assets/Plugins & Utilities/DA-Shared/Editor/DAInspector/Sprites/icon_download.png - Importer: ScriptedImporter/UnityEditor.QuickSearchModule:UnityEditor.Search:ASIAI0B' with importer (ScriptedImporter : UnityEditor.QuickSearchModule:UnityEditor.Search:ASIAI0B)
Imported 'GUID: 7293127380304744d89df74cdade597b' -> (Import Result ID: 'f187628d513cdba15b9aef4a4a0f3213') in 0.026 seconds [static and dynamic dependencies]. Details - ImportResultOutputID=d7103277a52168cb154ff37059ba82fd DependenciesID=dd4ba58f40e769f65481e815cf625e29 StaticDependenciesID=dc867e96a6616cedc46f287f867625ee 
Number of updated asset objects reloaded before import = 0
Number of asset objects unloaded after import = 1
========================================================================
Received Import Request.
  Time of request: 2026-08-24T15:04:02.2985905Z
  Time since last request: 0.0007925 seconds.
  importAddress: GUID: 8a6df2beb0e60294f9790f4836614c70 - Path: Assets/Plugins & Utilities/DA-Shared/Assembly/SVGMeshUnity/LICENSES/svg-path-contours.txt - Importer: ScriptedImporter/UnityEditor.QuickSearchModule:UnityEditor.Search:ASIAI0B
Importing 'GUID: 8a6df2beb0e60294f9790f4836614c70 - Path: Assets/Plugins & Utilities/DA-Shared/Assembly/SVGMeshUnity/LICENSES/svg-path-contours.txt - Importer: ScriptedImporter/UnityEditor.QuickSearchModule:UnityEditor.Search:ASIAI0B' with importer (ScriptedImporter : UnityEditor.QuickSearchModule:UnityEditor.Search:ASIAI0B)
Imported 'GUID: 8a6df2beb0e60294f9790f4836614c70' -> (Import Result ID: '69227fc1c791f31898943bae77515137') in 0.006 seconds [static and dynamic dependencies]. Details - ImportResultOutputID=5b859cc7fead4c9bd79d66d343246bbe DependenciesID=27cc598225b2988ffc0e58d4e77db328 StaticDependenciesID=2d7f330bd03b7282fc45afaf97731756 
Number of updated asset objects reloaded before import = 0
Number of asset objects unloaded after import = 1
========================================================================
Received Import Request.
  Time of request: 2026-08-24T15:04:02.3168084Z
  Time since last request: 0.0004418 seconds.
  importAddress: GUID: 25a533ee82731294197c62a7b4068af4 - Path: Assets/Plugins & Utilities/DA-Shared/Assembly/SVGMeshUnity/LICENSES/normalize-svg-path.txt - Importer: ScriptedImporter/UnityEditor.QuickSearchModule:UnityEditor.Search:ASIAI0B
Importing 'GUID: 25a533ee82731294197c62a7b4068af4 - Path: Assets/Plugins & Utilities/DA-Shared/Assembly/SVGMeshUnity/LICENSES/normalize-svg-path.txt - Importer: ScriptedImporter/UnityEditor.QuickSearchModule:UnityEditor.Search:ASIAI0B' with importer (ScriptedImporter : UnityEditor.QuickSearchModule:UnityEditor.Search:ASIAI0B)
Imported 'GUID: 25a533ee82731294197c62a7b4068af4' -> (Import Result ID: '42bf14c6c95336b77685fda7723a9fa1') in 0.006 seconds [static and dynamic dependencies]. Details - ImportResultOutputID=29bb2dd911a7ac9cf7cdd67392548835 DependenciesID=9e57378ef89727f2af6429b48c784c0e StaticDependenciesID=3964c94746d69d0a923f17332dbe247a 
Number of updated asset objects reloaded before import = 0
Number of asset objects unloaded after import = 1
========================================================================
Received Import Request.
  Time of request: 2026-08-24T15:04:02.3349661Z
  Time since last request: 0.0004362 seconds.
  importAddress: GUID: 0ac0fed5dd575044897e22ce7321e61f - Path: Assets/Plugins & Utilities/DA-Shared/Editor/DAInspector/Sprites/icon_auth.png - Importer: ScriptedImporter/UnityEditor.QuickSearchModule:UnityEditor.Search:ASIAI0B
Importing 'GUID: 0ac0fed5dd575044897e22ce7321e61f - Path: Assets/Plugins & Utilities/DA-Shared/Editor/DAInspector/Sprites/icon_auth.png - Importer: ScriptedImporter/UnityEditor.QuickSearchModule:UnityEditor.Search:ASIAI0B' with importer (ScriptedImporter : UnityEditor.QuickSearchModule:UnityEditor.Search:ASIAI0B)
Imported 'GUID: 0ac0fed5dd575044897e22ce7321e61f' -> (Import Result ID: '7db2342e0f3c2ae21b5d5658b1541a22') in 0.024 seconds [static and dynamic dependencies]. Details - ImportResultOutputID=d8654d27b8c8df17b8d81078249006d9 DependenciesID=267233356164a58d3601aa0e86500aec StaticDependenciesID=63cdc7badb2e09af14fd869b26e5ce87 
Number of updated asset objects reloaded before import = 0
Number of asset objects unloaded after import = 1
========================================================================
Received Import Request.
  Time of request: 2026-08-24T15:04:02.3711257Z
  Time since last request: 0.0007468 seconds.
  importAddress: GUID: 2142f66657efe4d47a78f8dce8b161dd - Path: Assets/Plugins & Utilities/DA-Shared/Assembly/SVGMeshUnity/LICENSES/robust-in-sphere.txt - Importer: ScriptedImporter/UnityEditor.QuickSearchModule:UnityEditor.Search:ASIAI0B
Importing 'GUID: 2142f66657efe4d47a78f8dce8b161dd - Path: Assets/Plugins & Utilities/DA-Shared/Assembly/SVGMeshUnity/LICENSES/robust-in-sphere.txt - Importer: ScriptedImporter/UnityEditor.QuickSearchModule:UnityEditor.Search:ASIAI0B' with importer (ScriptedImporter : UnityEditor.QuickSearchModule:UnityEditor.Search:ASIAI0B)
Imported 'GUID: 2142f66657efe4d47a78f8dce8b161dd' -> (Import Result ID: 'f0d6b1ca7a129e414c0e8db753674e6a') in 0.006 seconds [static and dynamic dependencies]. Details - ImportResultOutputID=484a793c96a0b3e69d50a110f2d8c05c DependenciesID=f5e2ab9197cc19048893dfc2f5a34203 StaticDependenciesID=3d48c7e0f4abb09161604feb960d74f4 
Number of updated asset objects reloaded before import = 0
Number of asset objects unloaded after import = 1
========================================================================
Received Import Request.
  Time of request: 2026-08-24T15:04:02.3890467Z
  Time since last request: 0.0004356 seconds.
  importAddress: GUID: 5c4670904faa5254cb3b35769ec70b1e - Path: Assets/Plugins & Utilities/DA-Shared/Editor/DAInspector/Sprites/icon_click.png - Importer: ScriptedImporter/UnityEditor.QuickSearchModule:UnityEditor.Search:ASIAI0B
Importing 'GUID: 5c4670904faa5254cb3b35769ec70b1e - Path: Assets/Plugins & Utilities/DA-Shared/Editor/DAInspector/Sprites/icon_click.png - Importer: ScriptedImporter/UnityEditor.QuickSearchModule:UnityEditor.Search:ASIAI0B' with importer (ScriptedImporter : UnityEditor.QuickSearchModule:UnityEditor.Search:ASIAI0B)
Imported 'GUID: 5c4670904faa5254cb3b35769ec70b1e' -> (Import Result ID: 'a645376f8a756ec1882837949c11d63c') in 0.025 seconds [static and dynamic dependencies]. Details - ImportResultOutputID=dcdbf2a144e569cdb8424427cde11420 DependenciesID=a85b2ce7cc28acfb21935f23e279f46a StaticDependenciesID=e0739b12ecde5582d98f4e118f2b2fb9 
Number of updated asset objects reloaded before import = 0
Number of asset objects unloaded after import = 1
========================================================================
Received Import Request.
  Time of request: 2026-08-24T15:04:02.4271037Z
  Time since last request: 0.0003791 seconds.
  importAddress: GUID: 9d4a17359d253ea4ea2cfde81d124e20 - Path: Assets/Plugins & Utilities/DA-Shared/Editor/DAInspector/Sprites/icon_import.png - Importer: ScriptedImporter/UnityEditor.QuickSearchModule:UnityEditor.Search:ASIAI0B
Importing 'GUID: 9d4a17359d253ea4ea2cfde81d124e20 - Path: Assets/Plugins & Utilities/DA-Shared/Editor/DAInspector/Sprites/icon_import.png - Importer: ScriptedImporter/UnityEditor.QuickSearchModule:UnityEditor.Search:ASIAI0B' with importer (ScriptedImporter : UnityEditor.QuickSearchModule:UnityEditor.Search:ASIAI0B)
Imported 'GUID: 9d4a17359d253ea4ea2cfde81d124e20' -> (Import Result ID: 'afc9e38e2dc2d41e2315483534be1cd6') in 0.022 seconds [static and dynamic dependencies]. Details - ImportResultOutputID=cca8ca1c8fd796fc58d66e7e109db304 DependenciesID=7fd7f88c04ce8741947650afef3f23fa StaticDependenciesID=be752a7546267d48271bbc5cb904a1b3 
Number of updated asset objects reloaded before import = 0
Number of asset objects unloaded after import = 1
========================================================================
Received Import Request.
  Time of request: 2026-08-24T15:04:02.4617314Z
  Time since last request: 0.0003074 seconds.
  importAddress: GUID: fe6aebec0c338d44aabdef1c736987af - Path: Assets/Plugins & Utilities/DA-Shared/Assembly/SVGMeshUnity/LICENSES/robust-subtract.txt - Importer: ScriptedImporter/UnityEditor.QuickSearchModule:UnityEditor.Search:ASIAI0B
Importing 'GUID: fe6aebec0c338d44aabdef1c736987af - Path: Assets/Plugins & Utilities/DA-Shared/Assembly/SVGMeshUnity/LICENSES/robust-subtract.txt - Importer: ScriptedImporter/UnityEditor.QuickSearchModule:UnityEditor.Search:ASIAI0B' with importer (ScriptedImporter : UnityEditor.QuickSearchModule:UnityEditor.Search:ASIAI0B)
Imported 'GUID: fe6aebec0c338d44aabdef1c736987af' -> (Import Result ID: '04a9a61dbedea92491caf0f8703166db') in 0.005 seconds [static and dynamic dependencies]. Details - ImportResultOutputID=f5c028b18b686f54a034ca1047326dda DependenciesID=9846d4c544668626a581ac55b718cac4 StaticDependenciesID=c9cd4e7722ec278134c2f99bcc8e0dce 
Number of updated asset objects reloaded before import = 0
Number of asset objects unloaded after import = 1
========================================================================
Received Import Request.
  Time of request: 2026-08-24T15:04:02.4794088Z
  Time since last request: 0.0007852 seconds.
  importAddress: GUID: f952c082cb03451daed3ee968ac6c63e - Path: Assets/UI/TextMesh Pro/Resources/Style Sheets/Default Style Sheet.asset - Importer: ScriptedImporter/UnityEditor.QuickSearchModule:UnityEditor.Search:ASIAI0B
Importing 'GUID: f952c082cb03451daed3ee968ac6c63e - Path: Assets/UI/TextMesh Pro/Resources/Style Sheets/Default Style Sheet.asset - Importer: ScriptedImporter/UnityEditor.QuickSearchModule:UnityEditor.Search:ASIAI0B' with importer (ScriptedImporter : UnityEditor.QuickSearchModule:UnityEditor.Search:ASIAI0B)
Imported 'GUID: f952c082cb03451daed3ee968ac6c63e' -> (Import Result ID: 'fb1825286ebfb08a4e3a07e36e96dedf') in 0.007 seconds [static and dynamic dependencies]. Details - ImportResultOutputID=623197d76c67aac46b45df326d472f66 DependenciesID=878276a19b6c6bd0cc22227800e8d0e7 StaticDependenciesID=5d01cdd6d326260b2fc1c0ee3914cdcf 
Number of updated asset objects reloaded before import = 0
Number of asset objects unloaded after import = 1
========================================================================
Received Import Request.
  Time of request: 2026-08-24T15:04:02.4976289Z
  Time since last request: 0.0004884 seconds.
  importAddress: GUID: 8a731a09451cba54096a9002cd9b9be5 - Path: Assets/UI/TextMesh Pro/Resources/Sprite Assets/MixedIndexTest.asset - Importer: ScriptedImporter/UnityEditor.QuickSearchModule:UnityEditor.Search:ASIAI0B
Importing 'GUID: 8a731a09451cba54096a9002cd9b9be5 - Path: Assets/UI/TextMesh Pro/Resources/Sprite Assets/MixedIndexTest.asset - Importer: ScriptedImporter/UnityEditor.QuickSearchModule:UnityEditor.Search:ASIAI0B' with importer (ScriptedImporter : UnityEditor.QuickSearchModule:UnityEditor.Search:ASIAI0B)
Imported 'GUID: 8a731a09451cba54096a9002cd9b9be5' -> (Import Result ID: '0cc0f4e4f5e338a1382b2ee56a475d5e') in 0.019 seconds [static and dynamic dependencies]. Details - ImportResultOutputID=2b91705ab51003427426a6e29f88d1e7 DependenciesID=3f344abc700bbea4efa5102434fba816 StaticDependenciesID=42c31005f841a8ec5ad0077a30ec192c 
Number of updated asset objects reloaded before import = 0
Number of asset objects unloaded after import = 208
========================================================================
Received Import Request.
  Time of request: 2026-08-24T15:04:02.5290967Z
  Time since last request: 0.0000241 seconds.
  importAddress: GUID: 71c31466ffeb411f87eeb5849aaf19b2 - Path: Assets/Plugins & Utilities/DA-Shared/Assembly/SVGMeshUnity/Internals/MeshData.cs - Importer: ScriptedImporter/UnityEditor.QuickSearchModule:UnityEditor.Search:ASIAI0B
Importing 'GUID: 71c31466ffeb411f87eeb5849aaf19b2 - Path: Assets/Plugins & Utilities/DA-Shared/Assembly/SVGMeshUnity/Internals/MeshData.cs - Importer: ScriptedImporter/UnityEditor.QuickSearchModule:UnityEditor.Search:ASIAI0B' with importer (ScriptedImporter : UnityEditor.QuickSearchModule:UnityEditor.Search:ASIAI0B)
Imported 'GUID: 71c31466ffeb411f87eeb5849aaf19b2' -> (Import Result ID: '766b8598508acc27ac2413382d807a74') in 0.005 seconds [static and dynamic dependencies]. Details - ImportResultOutputID=47d48c14cf3d46a381d1d30ab34f809f DependenciesID=79361c81ec5b085d2c3bfaecf0166a8f StaticDependenciesID=e80d742a17f034b8b63e13b16550f4d7 
Number of updated asset objects reloaded before import = 0
Number of asset objects unloaded after import = 0
========================================================================
Received Import Request.
  Time of request: 2026-08-24T15:04:02.5470188Z
  Time since last request: 0.0004 seconds.
  importAddress: GUID: 983d757bb5e1445409a2d78b449c3359 - Path: Assets/Plugins & Utilities/DA-Shared/Editor/DAInspector/Sprites/pressed_button.png - Importer: ScriptedImporter/UnityEditor.QuickSearchModule:UnityEditor.Search:ASIAI0B
Importing 'GUID: 983d757bb5e1445409a2d78b449c3359 - Path: Assets/Plugins & Utilities/DA-Shared/Editor/DAInspector/Sprites/pressed_button.png - Importer: ScriptedImporter/UnityEditor.QuickSearchModule:UnityEditor.Search:ASIAI0B' with importer (ScriptedImporter : UnityEditor.QuickSearchModule:UnityEditor.Search:ASIAI0B)
Imported 'GUID: 983d757bb5e1445409a2d78b449c3359' -> (Import Result ID: '8e7c199748ad3bd42e6848ecf2640054') in 0.025 seconds [static and dynamic dependencies]. Details - ImportResultOutputID=3894bb3abefadab920734c52fb24dd97 DependenciesID=ebfe271edf2122bf6be4676b332d349e StaticDependenciesID=e8b2338dbb985f76a757097c35c2017a 
Number of updated asset objects reloaded before import = 0
Number of asset objects unloaded after import = 1
========================================================================
Received Import Request.
  Time of request: 2026-08-24T15:04:02.5851664Z
  Time since last request: 0.0004048 seconds.
  importAddress: GUID: 90d113c990aa0db4990c9edb659d2eb7 - Path: Assets/Plugins & Utilities/DA-Shared/Assembly/SVGMeshUnity/LICENSES/cdt2d.txt - Importer: ScriptedImporter/UnityEditor.QuickSearchModule:UnityEditor.Search:ASIAI0B
Importing 'GUID: 90d113c990aa0db4990c9edb659d2eb7 - Path: Assets/Plugins & Utilities/DA-Shared/Assembly/SVGMeshUnity/LICENSES/cdt2d.txt - Importer: ScriptedImporter/UnityEditor.QuickSearchModule:UnityEditor.Search:ASIAI0B' with importer (ScriptedImporter : UnityEditor.QuickSearchModule:UnityEditor.Search:ASIAI0B)
Imported 'GUID: 90d113c990aa0db4990c9edb659d2eb7' -> (Import Result ID: '8d8aa926ac741654f93ebca948d53750') in 0.006 seconds [static and dynamic dependencies]. Details - ImportResultOutputID=10ce8e2c7fb2ac959bd98006b784db95 DependenciesID=b421869782674366767168228a45683b StaticDependenciesID=b611ce1f104a816cbedf5f45944639a9 
Number of updated asset objects reloaded before import = 0
Number of asset objects unloaded after import = 1
========================================================================
Received Import Request.
  Time of request: 2026-08-24T15:04:02.6025583Z
  Time since last request: 0.0003624 seconds.
  importAddress: GUID: 6acbd044513dcb046ad452216898aaf2 - Path: Assets/Plugins & Utilities/DA-Shared/Assembly/SVGMeshUnity/LICENSES/robust-sum.txt - Importer: ScriptedImporter/UnityEditor.QuickSearchModule:UnityEditor.Search:ASIAI0B
Importing 'GUID: 6acbd044513dcb046ad452216898aaf2 - Path: Assets/Plugins & Utilities/DA-Shared/Assembly/SVGMeshUnity/LICENSES/robust-sum.txt - Importer: ScriptedImporter/UnityEditor.QuickSearchModule:UnityEditor.Search:ASIAI0B' with importer (ScriptedImporter : UnityEditor.QuickSearchModule:UnityEditor.Search:ASIAI0B)
Imported 'GUID: 6acbd044513dcb046ad452216898aaf2' -> (Import Result ID: 'ffe3e21b8141d71a4bf871d94c8fd8fb') in 0.006 seconds [static and dynamic dependencies]. Details - ImportResultOutputID=83b9888e5e4f54659853a7d438d185ba DependenciesID=b4a100fd73c32151c9cd05d13c29caee StaticDependenciesID=c058795145f8e700a95e6d88b00fd209 
Number of updated asset objects reloaded before import = 0
Number of asset objects unloaded after import = 1
========================================================================
Received Import Request.
  Time of request: 2026-08-24T15:04:02.6363333Z
  Time since last request: 0.0160488 seconds.
  importAddress: GUID: a20d361b085100b4997c4e5b0b83af31 - Path: Assets/Plugins & Utilities/FMOD/platforms/android/lib/x86/libfmodstudio.so - Importer: ScriptedImporter/UnityEditor.QuickSearchModule:UnityEditor.Search:ASIAI0B
Importing 'GUID: a20d361b085100b4997c4e5b0b83af31 - Path: Assets/Plugins & Utilities/FMOD/platforms/android/lib/x86/libfmodstudio.so - Importer: ScriptedImporter/UnityEditor.QuickSearchModule:UnityEditor.Search:ASIAI0B' with importer (ScriptedImporter : UnityEditor.QuickSearchModule:UnityEditor.Search:ASIAI0B)
Imported 'GUID: a20d361b085100b4997c4e5b0b83af31' -> (Import Result ID: '0867b0c9b82648fc1e7fbedb4d1b85a8') in 0.006 seconds [static and dynamic dependencies]. Details - ImportResultOutputID=90ddc6525a477c89dc63bcaf89f307a3 DependenciesID=9f9ac754c8df4cb52b8d9729f28c824b StaticDependenciesID=74a098615d615e52080c4a5d74c467f6 
Number of updated asset objects reloaded before import = 0
Number of asset objects unloaded after import = 0
========================================================================
Received Import Request.
  Time of request: 2026-08-24T15:04:02.6538656Z
  Time since last request: 0.0006859 seconds.
  importAddress: GUID: b06ee804ac1c44c538ef636ef4e034c1 - Path: Assets/Plugins & Utilities/FMOD/platforms/visionos/lib/libfmodstudio_xros.a - Importer: ScriptedImporter/UnityEditor.QuickSearchModule:UnityEditor.Search:ASIAI0B
Importing 'GUID: b06ee804ac1c44c538ef636ef4e034c1 - Path: Assets/Plugins & Utilities/FMOD/platforms/visionos/lib/libfmodstudio_xros.a - Importer: ScriptedImporter/UnityEditor.QuickSearchModule:UnityEditor.Search:ASIAI0B' with importer (ScriptedImporter : UnityEditor.QuickSearchModule:UnityEditor.Search:ASIAI0B)
Imported 'GUID: b06ee804ac1c44c538ef636ef4e034c1' -> (Import Result ID: 'be25e5949714badf52559380a7d900d7') in 0.006 seconds [static and dynamic dependencies]. Details - ImportResultOutputID=cb7c9c0000e8792d15fcaa9448e55cb9 DependenciesID=4cfb9eb0ba14289793a126af5a7a915c StaticDependenciesID=459f9c3a68d2822accfbeb8a50d33280 
Number of updated asset objects reloaded before import = 0
Number of asset objects unloaded after import = 0
========================================================================
Received Import Request.
  Time of request: 2026-08-24T15:04:02.6725185Z
  Time since last request: 0.0004531 seconds.
  importAddress: GUID: 254f6ee9df4d3024d9c550104ea5feaf - Path: Assets/Plugins & Utilities/FMOD/platforms/html5/lib/libfmodstudiounityplugin.bc - Importer: ScriptedImporter/UnityEditor.QuickSearchModule:UnityEditor.Search:ASIAI0B
Importing 'GUID: 254f6ee9df4d3024d9c550104ea5feaf - Path: Assets/Plugins & Utilities/FMOD/platforms/html5/lib/libfmodstudiounityplugin.bc - Importer: ScriptedImporter/UnityEditor.QuickSearchModule:UnityEditor.Search:ASIAI0B' with importer (ScriptedImporter : UnityEditor.QuickSearchModule:UnityEditor.Search:ASIAI0B)
Imported 'GUID: 254f6ee9df4d3024d9c550104ea5feaf' -> (Import Result ID: 'ac6b4301e0b8f6314f1db1dbfaa9e71c') in 0.005 seconds [static and dynamic dependencies]. Details - ImportResultOutputID=894a7bea7392dd1411daef6f6d9220a9 DependenciesID=68534187194915abae73c8c77ba80005 StaticDependenciesID=0be6a4132605b6797ed0c81a85b83b73 
Number of updated asset objects reloaded before import = 0
Number of asset objects unloaded after import = 0
========================================================================
Received Import Request.
  Time of request: 2026-08-24T15:04:02.6913068Z
  Time since last request: 0.000977 seconds.
  importAddress: GUID: ca60e80279919664f94326999d57c53d - Path: Assets/UI/UI Asset/Samples/UX Examples/Flat Icons [Free]/Simple Slide Toggle.controller - Importer: ScriptedImporter/UnityEditor.QuickSearchModule:UnityEditor.Search:ASIAI0B
Importing 'GUID: ca60e80279919664f94326999d57c53d - Path: Assets/UI/UI Asset/Samples/UX Examples/Flat Icons [Free]/Simple Slide Toggle.controller - Importer: ScriptedImporter/UnityEditor.QuickSearchModule:UnityEditor.Search:ASIAI0B' with importer (ScriptedImporter : UnityEditor.QuickSearchModule:UnityEditor.Search:ASIAI0B)
Imported 'GUID: ca60e80279919664f94326999d57c53d' -> (Import Result ID: '11c99fa1894cbfa5321a1ed7925aba06') in 0.016 seconds [static and dynamic dependencies]. Details - ImportResultOutputID=362c3611f52ed2a65ea596f4e480b01e DependenciesID=e0f83fc8fbe5ca97132e6fdf1e76ca34 StaticDependenciesID=4604cab106c8d6fc4075836fd40eeba3 
Number of updated asset objects reloaded before import = 0
Number of asset objects unloaded after import = 8
========================================================================
Received Import Request.
  Time of request: 2026-08-24T15:04:02.7196979Z
  Time since last request: 0.0003982 seconds.
  importAddress: GUID: f22bfd896848b5945a55143bd2d21492 - Path: Assets/UI/UI Asset/Samples/UX Examples/Flat Icons [Free]/ToggleOff.anim - Importer: ScriptedImporter/UnityEditor.QuickSearchModule:UnityEditor.Search:ASIAI0B
Importing 'GUID: f22bfd896848b5945a55143bd2d21492 - Path: Assets/UI/UI Asset/Samples/UX Examples/Flat Icons [Free]/ToggleOff.anim - Importer: ScriptedImporter/UnityEditor.QuickSearchModule:UnityEditor.Search:ASIAI0B' with importer (ScriptedImporter : UnityEditor.QuickSearchModule:UnityEditor.Search:ASIAI0B)
Imported 'GUID: f22bfd896848b5945a55143bd2d21492' -> (Import Result ID: 'e6800a69b017318502d0ed231a87d0ca') in 0.014 seconds [static and dynamic dependencies]. Details - ImportResultOutputID=5a3ed8e2e505e5f52c66394f5b2c1342 DependenciesID=717cede5ad8a9909eb882287a8ec2c64 StaticDependenciesID=fe7460ae248acfa6be9b91b073e00194 
Number of updated asset objects reloaded before import = 0
Number of asset objects unloaded after import = 1
========================================================================
Received Import Request.
  Time of request: 2026-08-24T15:04:02.7463053Z
  Time since last request: 0.0005033 seconds.
  importAddress: GUID: 5aa4057a8deee1c45a69677125e2c241 - Path: Assets/Plugins & Utilities/FMOD/platforms/ios/lib/libfmodstudiounitypluginL.a - Importer: ScriptedImporter/UnityEditor.QuickSearchModule:UnityEditor.Search:ASIAI0B
Importing 'GUID: 5aa4057a8deee1c45a69677125e2c241 - Path: Assets/Plugins & Utilities/FMOD/platforms/ios/lib/libfmodstudiounitypluginL.a - Importer: ScriptedImporter/UnityEditor.QuickSearchModule:UnityEditor.Search:ASIAI0B' with importer (ScriptedImporter : UnityEditor.QuickSearchModule:UnityEditor.Search:ASIAI0B)
Imported 'GUID: 5aa4057a8deee1c45a69677125e2c241' -> (Import Result ID: 'e9162061f7ec743771f2c21c504cf61b') in 0.007 seconds [static and dynamic dependencies]. Details - ImportResultOutputID=925e429abe341783c29b8f9aca0c3371 DependenciesID=16bc47b3c728e3f855e490b1350f0f82 StaticDependenciesID=77cfa45ea85f56dd76865ec1b89c6d34 
Number of updated asset objects reloaded before import = 0
Number of asset objects unloaded after import = 0
========================================================================
Received Import Request.
  Time of request: 2026-08-24T15:04:02.7658975Z
  Time since last request: 0.0005719 seconds.
  importAddress: GUID: 9a5fc9953c8c261488bf0cb6c202e04b - Path: Assets/Plugins & Utilities/FMOD/platforms/android/lib/x86_64/libfmodstudioL.so - Importer: ScriptedImporter/UnityEditor.QuickSearchModule:UnityEditor.Search:ASIAI0B
Importing 'GUID: 9a5fc9953c8c261488bf0cb6c202e04b - Path: Assets/Plugins & Utilities/FMOD/platforms/android/lib/x86_64/libfmodstudioL.so - Importer: ScriptedImporter/UnityEditor.QuickSearchModule:UnityEditor.Search:ASIAI0B' with importer (ScriptedImporter : UnityEditor.QuickSearchModule:UnityEditor.Search:ASIAI0B)
Imported 'GUID: 9a5fc9953c8c261488bf0cb6c202e04b' -> (Import Result ID: '78d46b39677d8c7a73e5bf43115ef638') in 0.006 seconds [static and dynamic dependencies]. Details - ImportResultOutputID=a82216147a730e7be6b538a7fd4d72bb DependenciesID=0f40bb0b80ef728d94e8b32e746278bc StaticDependenciesID=523f3726bb915eaf1b0f68024250f0cc 
Number of updated asset objects reloaded before import = 0
Number of asset objects unloaded after import = 0
========================================================================
Received Import Request.
  Time of request: 2026-08-24T15:04:02.7847467Z
  Time since last request: 0.0004165 seconds.
  importAddress: GUID: 26235204f425d41479c8e41c99e96f50 - Path: Assets/Plugins & Utilities/FMOD/platforms/ios/lib/libfmodstudiounitypluginsimulator.a - Importer: ScriptedImporter/UnityEditor.QuickSearchModule:UnityEditor.Search:ASIAI0B
Importing 'GUID: 26235204f425d41479c8e41c99e96f50 - Path: Assets/Plugins & Utilities/FMOD/platforms/ios/lib/libfmodstudiounitypluginsimulator.a - Importer: ScriptedImporter/UnityEditor.QuickSearchModule:UnityEditor.Search:ASIAI0B' with importer (ScriptedImporter : UnityEditor.QuickSearchModule:UnityEditor.Search:ASIAI0B)
Imported 'GUID: 26235204f425d41479c8e41c99e96f50' -> (Import Result ID: 'c23e9684c6a43d5d0863e4f92ef34991') in 0.006 seconds [static and dynamic dependencies]. Details - ImportResultOutputID=bd180f7c8dfb58bb20bb13b36eaec330 DependenciesID=9a29055dfd2fc75a9edb0b051b94544d StaticDependenciesID=f2afd4ec9a1be0538b56eebe4754072b 
Number of updated asset objects reloaded before import = 0
Number of asset objects unloaded after import = 0
========================================================================
Received Import Request.
  Time of request: 2026-08-24T15:04:02.8035286Z
  Time since last request: 0.0004692 seconds.
  importAddress: GUID: 76852b2115774598947fe907402ed9fd - Path: Assets/Plugins & Utilities/DA-Shared/Assembly/SVGMeshUnity/Internals/Cdt2d/Robust.cs - Importer: ScriptedImporter/UnityEditor.QuickSearchModule:UnityEditor.Search:ASIAI0B
Importing 'GUID: 76852b2115774598947fe907402ed9fd - Path: Assets/Plugins & Utilities/DA-Shared/Assembly/SVGMeshUnity/Internals/Cdt2d/Robust.cs - Importer: ScriptedImporter/UnityEditor.QuickSearchModule:UnityEditor.Search:ASIAI0B' with importer (ScriptedImporter : UnityEditor.QuickSearchModule:UnityEditor.Search:ASIAI0B)
Imported 'GUID: 76852b2115774598947fe907402ed9fd' -> (Import Result ID: 'e0f34fb00d87d3010e0c1c98cf140431') in 0.006 seconds [static and dynamic dependencies]. Details - ImportResultOutputID=1d2e69166d8fdebe80392da757e1fb34 DependenciesID=d19f7d32bb1a9b52bccbdb754f001cca StaticDependenciesID=3864eeaaea39687419d66f00190070b8 
Number of updated asset objects reloaded before import = 0
Number of asset objects unloaded after import = 0
========================================================================
Received Import Request.
  Time of request: 2026-08-24T15:04:02.8224137Z
  Time since last request: 0.0013274 seconds.
  importAddress: GUID: 2bd9aca31d63ca248bf159e7562a3609 - Path: Assets/Plugins & Utilities/FMOD/platforms/android/lib/arm64-v8a/libresonanceaudio.so - Importer: ScriptedImporter/UnityEditor.QuickSearchModule:UnityEditor.Search:ASIAI0B
Importing 'GUID: 2bd9aca31d63ca248bf159e7562a3609 - Path: Assets/Plugins & Utilities/FMOD/platforms/android/lib/arm64-v8a/libresonanceaudio.so - Importer: ScriptedImporter/UnityEditor.QuickSearchModule:UnityEditor.Search:ASIAI0B' with importer (ScriptedImporter : UnityEditor.QuickSearchModule:UnityEditor.Search:ASIAI0B)
Imported 'GUID: 2bd9aca31d63ca248bf159e7562a3609' -> (Import Result ID: 'd926b38f5fbfe720718190c70af1a0d8') in 0.006 seconds [static and dynamic dependencies]. Details - ImportResultOutputID=5735626fd15f1dac89689846fbe3f268 DependenciesID=8ea446f52aa18b8a4ed6f593fad4da69 StaticDependenciesID=ddc0ec07104f6aaeb2911d1ccfed3bcc 
Number of updated asset objects reloaded before import = 0
Number of asset objects unloaded after import = 0
========================================================================
Received Import Request.
  Time of request: 2026-08-24T15:04:02.8408058Z
  Time since last request: 0.000585 seconds.
  importAddress: GUID: 51dea0d403c47f345a6efe70b23fe6e3 - Path: Assets/Plugins & Utilities/FMOD/platforms/android/lib/x86_64/libfmodL.so - Importer: ScriptedImporter/UnityEditor.QuickSearchModule:UnityEditor.Search:ASIAI0B
Importing 'GUID: 51dea0d403c47f345a6efe70b23fe6e3 - Path: Assets/Plugins & Utilities/FMOD/platforms/android/lib/x86_64/libfmodL.so - Importer: ScriptedImporter/UnityEditor.QuickSearchModule:UnityEditor.Search:ASIAI0B' with importer (ScriptedImporter : UnityEditor.QuickSearchModule:UnityEditor.Search:ASIAI0B)
Imported 'GUID: 51dea0d403c47f345a6efe70b23fe6e3' -> (Import Result ID: '324816e6ffcb071cfac44105c4310be0') in 0.007 seconds [static and dynamic dependencies]. Details - ImportResultOutputID=a3e53b5ceaac45b4355c8fb421448bde DependenciesID=daef67df92bdb440c3c7167e1b9d15d2 StaticDependenciesID=7ce78c3811e5e93aae8315c18ee4776f 
Number of updated asset objects reloaded before import = 0
Number of asset objects unloaded after import = 0
========================================================================
Received Import Request.
  Time of request: 2026-08-24T15:04:02.8622258Z
  Time since last request: 0.0007026 seconds.
  importAddress: GUID: da47e54c091124c7baa78e13f90216f3 - Path: Assets/Plugins & Utilities/FMOD/platforms/visionos/lib/libfmodstudio_xrsimulator.a - Importer: ScriptedImporter/UnityEditor.QuickSearchModule:UnityEditor.Search:ASIAI0B
Importing 'GUID: da47e54c091124c7baa78e13f90216f3 - Path: Assets/Plugins & Utilities/FMOD/platforms/visionos/lib/libfmodstudio_xrsimulator.a - Importer: ScriptedImporter/UnityEditor.QuickSearchModule:UnityEditor.Search:ASIAI0B' with importer (ScriptedImporter : UnityEditor.QuickSearchModule:UnityEditor.Search:ASIAI0B)
Imported 'GUID: da47e54c091124c7baa78e13f90216f3' -> (Import Result ID: 'e1129faf7c7f7a427a031b4234b5ed93') in 0.006 seconds [static and dynamic dependencies]. Details - ImportResultOutputID=47d3d518c5ada4898df045c035d36575 DependenciesID=b794794e0c2f9a75fc475dd509175e13 StaticDependenciesID=c713f06a94b2f7514ea37c3155c7fa3c 
Number of updated asset objects reloaded before import = 0
Number of asset objects unloaded after import = 0
========================================================================
Received Import Request.
  Time of request: 2026-08-24T15:04:02.881198Z
  Time since last request: 0.0005196 seconds.
  importAddress: GUID: 8f591a193113347409efedcc618e83d6 - Path: Assets/Plugins & Utilities/FMOD/platforms/visionos/src/PlatformVisionOS.cs - Importer: ScriptedImporter/UnityEditor.QuickSearchModule:UnityEditor.Search:ASIAI0B
Importing 'GUID: 8f591a193113347409efedcc618e83d6 - Path: Assets/Plugins & Utilities/FMOD/platforms/visionos/src/PlatformVisionOS.cs - Importer: ScriptedImporter/UnityEditor.QuickSearchModule:UnityEditor.Search:ASIAI0B' with importer (ScriptedImporter : UnityEditor.QuickSearchModule:UnityEditor.Search:ASIAI0B)
Imported 'GUID: 8f591a193113347409efedcc618e83d6' -> (Import Result ID: '06c16fac183287045ec23656c9bd0c80') in 0.005 seconds [static and dynamic dependencies]. Details - ImportResultOutputID=7eefc4c6cc47ddd6079d18afb8e8194c DependenciesID=b05a9f068c00c13ca42247cc0b681967 StaticDependenciesID=a30fa7eccfcb8a7148ed65a4f5bc1c04 
Number of updated asset objects reloaded before import = 0
Number of asset objects unloaded after import = 0
========================================================================
Received Import Request.
  Time of request: 2026-08-24T15:04:02.8978794Z
  Time since last request: 0.0003686 seconds.
  importAddress: GUID: ab84f09ed56d54cd3867c72395f7658c - Path: Assets/Plugins & Utilities/FMOD/platforms/visionos/lib/libresonanceaudio_xrsimulator.a - Importer: ScriptedImporter/UnityEditor.QuickSearchModule:UnityEditor.Search:ASIAI0B
Importing 'GUID: ab84f09ed56d54cd3867c72395f7658c - Path: Assets/Plugins & Utilities/FMOD/platforms/visionos/lib/libresonanceaudio_xrsimulator.a - Importer: ScriptedImporter/UnityEditor.QuickSearchModule:UnityEditor.Search:ASIAI0B' with importer (ScriptedImporter : UnityEditor.QuickSearchModule:UnityEditor.Search:ASIAI0B)
Imported 'GUID: ab84f09ed56d54cd3867c72395f7658c' -> (Import Result ID: 'c71f6995d9403050d7058b5df1307b5c') in 0.007 seconds [static and dynamic dependencies]. Details - ImportResultOutputID=8ae3e8637041dc1136906fe0cffa53db DependenciesID=2425059c4eb38d9b578e3e0c04df5cf7 StaticDependenciesID=0d2ee928251e86ec38729b18d81df522 
Number of updated asset objects reloaded before import = 0
Number of asset objects unloaded after import = 0
========================================================================
Received Import Request.
  Time of request: 2026-08-24T15:04:02.9176041Z
  Time since last request: 0.0003667 seconds.
  importAddress: GUID: d02591cdcda765b479c159359cf6d30e - Path: Assets/UI/UI Asset/Samples/UX Examples/Flat Icons [Free]/ToggleOn.anim - Importer: ScriptedImporter/UnityEditor.QuickSearchModule:UnityEditor.Search:ASIAI0B
Importing 'GUID: d02591cdcda765b479c159359cf6d30e - Path: Assets/UI/UI Asset/Samples/UX Examples/Flat Icons [Free]/ToggleOn.anim - Importer: ScriptedImporter/UnityEditor.QuickSearchModule:UnityEditor.Search:ASIAI0B' with importer (ScriptedImporter : UnityEditor.QuickSearchModule:UnityEditor.Search:ASIAI0B)
Imported 'GUID: d02591cdcda765b479c159359cf6d30e' -> (Import Result ID: '2c5b7423cd66c91e15bced3742f5ad56') in 0.005 seconds [static and dynamic dependencies]. Details - ImportResultOutputID=0792e764049561f1be5e621d098f6d7d DependenciesID=45f71a534f1ae3d7ca13126058d9a891 StaticDependenciesID=697918261def3731a59ef52ace1f14ab 
Number of updated asset objects reloaded before import = 0
Number of asset objects unloaded after import = 1
========================================================================
Received Import Request.
  Time of request: 2026-08-24T15:04:02.9353752Z
  Time since last request: 0.0004312 seconds.
  importAddress: GUID: 295b4c80a560c81409d44c273128b743 - Path: Assets/Plugins & Utilities/FMOD/platforms/android/lib/x86_64/libresonanceaudio.so - Importer: ScriptedImporter/UnityEditor.QuickSearchModule:UnityEditor.Search:ASIAI0B
Importing 'GUID: 295b4c80a560c81409d44c273128b743 - Path: Assets/Plugins & Utilities/FMOD/platforms/android/lib/x86_64/libresonanceaudio.so - Importer: ScriptedImporter/UnityEditor.QuickSearchModule:UnityEditor.Search:ASIAI0B' with importer (ScriptedImporter : UnityEditor.QuickSearchModule:UnityEditor.Search:ASIAI0B)
Imported 'GUID: 295b4c80a560c81409d44c273128b743' -> (Import Result ID: 'ec385cedf0ae38e685aadd378ce4b52d') in 0.006 seconds [static and dynamic dependencies]. Details - ImportResultOutputID=d582449dbee016e563b5c5888a24e8d4 DependenciesID=10676d9fa1ece311dc3bfca99bea5703 StaticDependenciesID=c696eea18cc8f3a4f3c52cddbee33a01 
Number of updated asset objects reloaded before import = 0
Number of asset objects unloaded after import = 0
========================================================================
Received Import Request.
  Time of request: 2026-08-24T15:04:02.9558251Z
  Time since last request: 0.000624 seconds.
  importAddress: GUID: cba124c31f7e10640bc2ff9464f8ac15 - Path: Assets/Plugins & Utilities/FMOD/platforms/android/lib/fmod.jar - Importer: ScriptedImporter/UnityEditor.QuickSearchModule:UnityEditor.Search:ASIAI0B
Importing 'GUID: cba124c31f7e10640bc2ff9464f8ac15 - Path: Assets/Plugins & Utilities/FMOD/platforms/android/lib/fmod.jar - Importer: ScriptedImporter/UnityEditor.QuickSearchModule:UnityEditor.Search:ASIAI0B' with importer (ScriptedImporter : UnityEditor.QuickSearchModule:UnityEditor.Search:ASIAI0B)
Imported 'GUID: cba124c31f7e10640bc2ff9464f8ac15' -> (Import Result ID: 'dd547db3700fa7d86210b00597877f42') in 0.007 seconds [static and dynamic dependencies]. Details - ImportResultOutputID=0bb482ee13ee4b9ab63878488ca51eb4 DependenciesID=d1717d21d70df3bc6d515bb155e7b330 StaticDependenciesID=de16b4c1ef5d50692c027b7eab84adf7 
Number of updated asset objects reloaded before import = 0
Number of asset objects unloaded after import = 0
========================================================================
Received Import Request.
  Time of request: 2026-08-24T15:04:02.9763464Z
  Time since last request: 0.0003044 seconds.
  importAddress: GUID: 97ba6cc2660c0ca498540d254701057a - Path: Assets/Plugins & Utilities/FMOD/platforms/android/src/PlatformAndroid.cs - Importer: ScriptedImporter/UnityEditor.QuickSearchModule:UnityEditor.Search:ASIAI0B
Importing 'GUID: 97ba6cc2660c0ca498540d254701057a - Path: Assets/Plugins & Utilities/FMOD/platforms/android/src/PlatformAndroid.cs - Importer: ScriptedImporter/UnityEditor.QuickSearchModule:UnityEditor.Search:ASIAI0B' with importer (ScriptedImporter : UnityEditor.QuickSearchModule:UnityEditor.Search:ASIAI0B)
Imported 'GUID: 97ba6cc2660c0ca498540d254701057a' -> (Import Result ID: 'cd7c60f8e4fb11e6b4b7d9b024b03c50') in 0.005 seconds [static and dynamic dependencies]. Details - ImportResultOutputID=55bf2f02718b589c2c3b7a54f4d88298 DependenciesID=47031fc890be0b2aea773f8a6da1b1c8 StaticDependenciesID=fd401615bd759c726b28ce718900b7d5 
Number of updated asset objects reloaded before import = 0
Number of asset objects unloaded after import = 0
========================================================================
Received Import Request.
  Time of request: 2026-08-24T15:04:02.9940433Z
  Time since last request: 0.0004895 seconds.
  importAddress: GUID: 240b87501d4c14726b85b03230183106 - Path: Assets/Plugins & Utilities/FMOD/platforms/visionos/lib/libfmodstudioL_xros.a - Importer: ScriptedImporter/UnityEditor.QuickSearchModule:UnityEditor.Search:ASIAI0B
Importing 'GUID: 240b87501d4c14726b85b03230183106 - Path: Assets/Plugins & Utilities/FMOD/platforms/visionos/lib/libfmodstudioL_xros.a - Importer: ScriptedImporter/UnityEditor.QuickSearchModule:UnityEditor.Search:ASIAI0B' with importer (ScriptedImporter : UnityEditor.QuickSearchModule:UnityEditor.Search:ASIAI0B)
Imported 'GUID: 240b87501d4c14726b85b03230183106' -> (Import Result ID: '5e365b1230424584314820894c5fa617') in 0.006 seconds [static and dynamic dependencies]. Details - ImportResultOutputID=94495846d9b6ad43857ddd2becafc995 DependenciesID=4a21dfb656f6bcca94bcef39b0a58642 StaticDependenciesID=88a646b62ae63400563e78bdc50cba63 
Number of updated asset objects reloaded before import = 0
Number of asset objects unloaded after import = 0
========================================================================
Received Import Request.
  Time of request: 2026-08-24T15:04:03.0129308Z
  Time since last request: 0.0003143 seconds.
  importAddress: GUID: b87314b32fbe18943af496e4b47136c6 - Path: Assets/Plugins & Utilities/FMOD/platforms/html5/src/PlatformWebGL.cs - Importer: ScriptedImporter/UnityEditor.QuickSearchModule:UnityEditor.Search:ASIAI0B
Importing 'GUID: b87314b32fbe18943af496e4b47136c6 - Path: Assets/Plugins & Utilities/FMOD/platforms/html5/src/PlatformWebGL.cs - Importer: ScriptedImporter/UnityEditor.QuickSearchModule:UnityEditor.Search:ASIAI0B' with importer (ScriptedImporter : UnityEditor.QuickSearchModule:UnityEditor.Search:ASIAI0B)
Imported 'GUID: b87314b32fbe18943af496e4b47136c6' -> (Import Result ID: '65463845834f682b363eb153b13ee86a') in 0.006 seconds [static and dynamic dependencies]. Details - ImportResultOutputID=5d1dfffa409734dd4b2e02ce96b4aeba DependenciesID=2479b3b936582e0017bb42fe7c72cc6a StaticDependenciesID=335f1594737ae6ecf1efe1b8fd590552 
Number of updated asset objects reloaded before import = 0
Number of asset objects unloaded after import = 0
========================================================================
Received Import Request.
  Time of request: 2026-08-24T15:04:03.0318911Z
  Time since last request: 0.0004304 seconds.
  importAddress: GUID: 54236e4c5b88f494598efb4d226b44f0 - Path: Assets/Plugins & Utilities/FMOD/platforms/android/lib/x86/libfmodL.so - Importer: ScriptedImporter/UnityEditor.QuickSearchModule:UnityEditor.Search:ASIAI0B
Importing 'GUID: 54236e4c5b88f494598efb4d226b44f0 - Path: Assets/Plugins & Utilities/FMOD/platforms/android/lib/x86/libfmodL.so - Importer: ScriptedImporter/UnityEditor.QuickSearchModule:UnityEditor.Search:ASIAI0B' with importer (ScriptedImporter : UnityEditor.QuickSearchModule:UnityEditor.Search:ASIAI0B)
Imported 'GUID: 54236e4c5b88f494598efb4d226b44f0' -> (Import Result ID: '22020306991ebd33223a97bc5c935e7b') in 0.006 seconds [static and dynamic dependencies]. Details - ImportResultOutputID=5280a2e2ddda4918f6ec7d821ec9f824 DependenciesID=32fd4009b3d3a4aa118882ce23480a21 StaticDependenciesID=53d7fce165c9bab11f53971cd7c6d51c 
Number of updated asset objects reloaded before import = 0
Number of asset objects unloaded after import = 0
========================================================================
Received Import Request.
  Time of request: 2026-08-24T15:04:03.0521987Z
  Time since last request: 0.0005224 seconds.
  importAddress: GUID: 6b0c5e63920ee4f55b7ec5248525af4b - Path: Assets/Plugins & Utilities/FMOD/addons/ResonanceAudio/Scripts/FmodResonanceAudioRoom.cs - Importer: ScriptedImporter/UnityEditor.QuickSearchModule:UnityEditor.Search:ASIAI0B
Importing 'GUID: 6b0c5e63920ee4f55b7ec5248525af4b - Path: Assets/Plugins & Utilities/FMOD/addons/ResonanceAudio/Scripts/FmodResonanceAudioRoom.cs - Importer: ScriptedImporter/UnityEditor.QuickSearchModule:UnityEditor.Search:ASIAI0B' with importer (ScriptedImporter : UnityEditor.QuickSearchModule:UnityEditor.Search:ASIAI0B)
Imported 'GUID: 6b0c5e63920ee4f55b7ec5248525af4b' -> (Import Result ID: '69c5e083b903fdef6c70180ae9cb9942') in 0.005 seconds [static and dynamic dependencies]. Details - ImportResultOutputID=0a768630439b443137c5ae8887670df0 DependenciesID=4a42e7e5caa081ce98f00577ba767b0c StaticDependenciesID=a6e2165b8f01b51b5c54b243dce4bc68 
Number of updated asset objects reloaded before import = 0
Number of asset objects unloaded after import = 0
========================================================================
Received Import Request.
  Time of request: 2026-08-24T15:04:03.0693107Z
  Time since last request: 0.0005142 seconds.
  importAddress: GUID: ebc1111a29cd4d6c89f5458aa07da178 - Path: Assets/Plugins & Utilities/DA-Shared/Assembly/SVGMeshUnity/Internals/Cdt2d/BinarySearch.cs - Importer: ScriptedImporter/UnityEditor.QuickSearchModule:UnityEditor.Search:ASIAI0B
Importing 'GUID: ebc1111a29cd4d6c89f5458aa07da178 - Path: Assets/Plugins & Utilities/DA-Shared/Assembly/SVGMeshUnity/Internals/Cdt2d/BinarySearch.cs - Importer: ScriptedImporter/UnityEditor.QuickSearchModule:UnityEditor.Search:ASIAI0B' with importer (ScriptedImporter : UnityEditor.QuickSearchModule:UnityEditor.Search:ASIAI0B)
Imported 'GUID: ebc1111a29cd4d6c89f5458aa07da178' -> (Import Result ID: '17e5ed27da181d1e233123823de3ab7c') in 0.005 seconds [static and dynamic dependencies]. Details - ImportResultOutputID=cf4d41c202851de2d637bcca157e08ce DependenciesID=a286b6439df9f289ea0191fa004ababf StaticDependenciesID=ca00c8a12f176f36c28028dab4a5f5d2 
Number of updated asset objects reloaded before import = 0
Number of asset objects unloaded after import = 0
========================================================================
Received Import Request.
  Time of request: 2026-08-24T15:04:03.0873063Z
  Time since last request: 0.0008407 seconds.
  importAddress: GUID: 17eea195bdfbf014e91ba7620ee491f8 - Path: Assets/Plugins & Utilities/FMOD/platforms/tvos/src/PlatformAppleTV.cs - Importer: ScriptedImporter/UnityEditor.QuickSearchModule:UnityEditor.Search:ASIAI0B
Importing 'GUID: 17eea195bdfbf014e91ba7620ee491f8 - Path: Assets/Plugins & Utilities/FMOD/platforms/tvos/src/PlatformAppleTV.cs - Importer: ScriptedImporter/UnityEditor.QuickSearchModule:UnityEditor.Search:ASIAI0B' with importer (ScriptedImporter : UnityEditor.QuickSearchModule:UnityEditor.Search:ASIAI0B)
Imported 'GUID: 17eea195bdfbf014e91ba7620ee491f8' -> (Import Result ID: 'dad035f750b66a933a3302e7f8640af0') in 0.005 seconds [static and dynamic dependencies]. Details - ImportResultOutputID=8dcde34bc2468a7150d131fd4868d618 DependenciesID=79720c91fc1d7e4a29f63073cbff5cd5 StaticDependenciesID=e65df29aee3405bad9a8cf5f2aa88964 
Number of updated asset objects reloaded before import = 0
Number of asset objects unloaded after import = 0
========================================================================
Received Import Request.
  Time of request: 2026-08-24T15:04:03.1064198Z
  Time since last request: 0.0008586 seconds.
  importAddress: GUID: 79c89db1833831740aee981c0d90d2d4 - Path: Assets/Plugins & Utilities/FMOD/platforms/ios/lib/libfmodstudiounityplugin.a - Importer: ScriptedImporter/UnityEditor.QuickSearchModule:UnityEditor.Search:ASIAI0B
Importing 'GUID: 79c89db1833831740aee981c0d90d2d4 - Path: Assets/Plugins & Utilities/FMOD/platforms/ios/lib/libfmodstudiounityplugin.a - Importer: ScriptedImporter/UnityEditor.QuickSearchModule:UnityEditor.Search:ASIAI0B' with importer (ScriptedImporter : UnityEditor.QuickSearchModule:UnityEditor.Search:ASIAI0B)
Imported 'GUID: 79c89db1833831740aee981c0d90d2d4' -> (Import Result ID: 'cd0b4a7ef2ef94b657e8eb0781e02a01') in 0.006 seconds [static and dynamic dependencies]. Details - ImportResultOutputID=3113f506f64cee3864e4095f793b0fdf DependenciesID=204fb581f2654629f18dd015c9b6aee6 StaticDependenciesID=93a22b917c75369e952b3064c7b5fcb1 
Number of updated asset objects reloaded before import = 0
Number of asset objects unloaded after import = 0
========================================================================
Received Import Request.
  Time of request: 2026-08-24T15:04:03.1256968Z
  Time since last request: 0.0004955 seconds.
  importAddress: GUID: bc5d15d8f7607af478126b815040cbd2 - Path: Assets/Plugins & Utilities/FMOD/platforms/ios/lib/libresonanceaudio.a - Importer: ScriptedImporter/UnityEditor.QuickSearchModule:UnityEditor.Search:ASIAI0B
Importing 'GUID: bc5d15d8f7607af478126b815040cbd2 - Path: Assets/Plugins & Utilities/FMOD/platforms/ios/lib/libresonanceaudio.a - Importer: ScriptedImporter/UnityEditor.QuickSearchModule:UnityEditor.Search:ASIAI0B' with importer (ScriptedImporter : UnityEditor.QuickSearchModule:UnityEditor.Search:ASIAI0B)
Imported 'GUID: bc5d15d8f7607af478126b815040cbd2' -> (Import Result ID: 'aac7b3bd0ec23efd51a1544baf06e167') in 0.006 seconds [static and dynamic dependencies]. Details - ImportResultOutputID=a3b9636644ef75c6c9498db5e943a267 DependenciesID=9886a0de1fcee1199529de80ab7397e8 StaticDependenciesID=69f8bc48daad03a17962fbebb56056cd 
Number of updated asset objects reloaded before import = 0
Number of asset objects unloaded after import = 0
========================================================================
Received Import Request.
  Time of request: 2026-08-24T15:04:03.1453268Z
  Time since last request: 0.0008646 seconds.
  importAddress: GUID: 44d09cf463b68274884d8a3c8a94e528 - Path: Assets/Plugins & Utilities/FMOD/addons/ResonanceAudio/Scripts/FMODUnityResonance.asmdef - Importer: ScriptedImporter/UnityEditor.QuickSearchModule:UnityEditor.Search:ASIAI0B
Importing 'GUID: 44d09cf463b68274884d8a3c8a94e528 - Path: Assets/Plugins & Utilities/FMOD/addons/ResonanceAudio/Scripts/FMODUnityResonance.asmdef - Importer: ScriptedImporter/UnityEditor.QuickSearchModule:UnityEditor.Search:ASIAI0B' with importer (ScriptedImporter : UnityEditor.QuickSearchModule:UnityEditor.Search:ASIAI0B)
Imported 'GUID: 44d09cf463b68274884d8a3c8a94e528' -> (Import Result ID: '3579cb652d7be11f12cde13c819ce844') in 0.021 seconds [static and dynamic dependencies]. Details - ImportResultOutputID=65e084571ed09885d78d2bead6b4175b DependenciesID=c70b7aa2e1590bf73b667779b064702c StaticDependenciesID=6ff5eccbc901757464fda249f6ee4ddf 
Number of updated asset objects reloaded before import = 0
Number of asset objects unloaded after import = 1
========================================================================
Received Import Request.
  Time of request: 2026-08-24T15:04:03.1791756Z
  Time since last request: 0.0005388 seconds.
  importAddress: GUID: 781d3a8656524a829b4205bab46ef8de - Path: Assets/Plugins & Utilities/DA-Shared/Assembly/SVGMeshUnity/Internals/Cdt2d/Triangulation.cs - Importer: ScriptedImporter/UnityEditor.QuickSearchModule:UnityEditor.Search:ASIAI0B
Importing 'GUID: 781d3a8656524a829b4205bab46ef8de - Path: Assets/Plugins & Utilities/DA-Shared/Assembly/SVGMeshUnity/Internals/Cdt2d/Triangulation.cs - Importer: ScriptedImporter/UnityEditor.QuickSearchModule:UnityEditor.Search:ASIAI0B' with importer (ScriptedImporter : UnityEditor.QuickSearchModule:UnityEditor.Search:ASIAI0B)
Imported 'GUID: 781d3a8656524a829b4205bab46ef8de' -> (Import Result ID: 'fd06cfdc15142fd1ec010790f21f3964') in 0.005 seconds [static and dynamic dependencies]. Details - ImportResultOutputID=019de240e5eb6bbaadcde5621f5eb71a DependenciesID=0aea2149fbdd5849fbbfc76ef464dcd6 StaticDependenciesID=e72fd279cc8e85133e9868085423310d 
Number of updated asset objects reloaded before import = 0
Number of asset objects unloaded after import = 0
========================================================================
Received Import Request.
  Time of request: 2026-08-24T15:04:03.1970041Z
  Time since last request: 0.0004376 seconds.
  importAddress: GUID: 8c078c4748d95c2489bb3b82aa144194 - Path: Assets/Plugins & Utilities/FMOD/platforms/android/lib/x86_64/libfmodstudio.so - Importer: ScriptedImporter/UnityEditor.QuickSearchModule:UnityEditor.Search:ASIAI0B
Importing 'GUID: 8c078c4748d95c2489bb3b82aa144194 - Path: Assets/Plugins & Utilities/FMOD/platforms/android/lib/x86_64/libfmodstudio.so - Importer: ScriptedImporter/UnityEditor.QuickSearchModule:UnityEditor.Search:ASIAI0B' with importer (ScriptedImporter : UnityEditor.QuickSearchModule:UnityEditor.Search:ASIAI0B)
Imported 'GUID: 8c078c4748d95c2489bb3b82aa144194' -> (Import Result ID: 'f6a9ad475ba34edff3c49befd73aef93') in 0.007 seconds [static and dynamic dependencies]. Details - ImportResultOutputID=9f2a6a3e2991e6992171cfe03edd6496 DependenciesID=f919e2530197185d8638c5bbbbc7975e StaticDependenciesID=c071cb8186eed1d1cc683e434d74dec6 
Number of updated asset objects reloaded before import = 0
Number of asset objects unloaded after import = 0
========================================================================
Received Import Request.
  Time of request: 2026-08-24T15:04:03.2164663Z
  Time since last request: 0.0005555 seconds.
  importAddress: GUID: f3f866907d0c43a086ba61429b3d2b8a - Path: Assets/Plugins & Utilities/DA-Shared/Assembly/SVGMeshUnity/Internals/Cdt2d/MonotoneTriangulation.cs - Importer: ScriptedImporter/UnityEditor.QuickSearchModule:UnityEditor.Search:ASIAI0B
Importing 'GUID: f3f866907d0c43a086ba61429b3d2b8a - Path: Assets/Plugins & Utilities/DA-Shared/Assembly/SVGMeshUnity/Internals/Cdt2d/MonotoneTriangulation.cs - Importer: ScriptedImporter/UnityEditor.QuickSearchModule:UnityEditor.Search:ASIAI0B' with importer (ScriptedImporter : UnityEditor.QuickSearchModule:UnityEditor.Search:ASIAI0B)
Imported 'GUID: f3f866907d0c43a086ba61429b3d2b8a' -> (Import Result ID: '70a19eec02feeafa96b82820927e75fd') in 0.005 seconds [static and dynamic dependencies]. Details - ImportResultOutputID=262e703cb5e5b2c6ea30790e1b1964d6 DependenciesID=9195be197513eadadd2ccda433640738 StaticDependenciesID=3e20eb6d1f4c0fa4698b5f78345db41a 
Number of updated asset objects reloaded before import = 0
Number of asset objects unloaded after import = 0
========================================================================
Received Import Request.
  Time of request: 2026-08-24T15:04:03.2341981Z
  Time since last request: 0.0004954 seconds.
  importAddress: GUID: cf01ad74bd6e5df46996c61b81ba590c - Path: Assets/Plugins & Utilities/FMOD/platforms/android/lib/armeabi-v7a/libfmodstudio.so - Importer: ScriptedImporter/UnityEditor.QuickSearchModule:UnityEditor.Search:ASIAI0B
Importing 'GUID: cf01ad74bd6e5df46996c61b81ba590c - Path: Assets/Plugins & Utilities/FMOD/platforms/android/lib/armeabi-v7a/libfmodstudio.so - Importer: ScriptedImporter/UnityEditor.QuickSearchModule:UnityEditor.Search:ASIAI0B' with importer (ScriptedImporter : UnityEditor.QuickSearchModule:UnityEditor.Search:ASIAI0B)
Imported 'GUID: cf01ad74bd6e5df46996c61b81ba590c' -> (Import Result ID: '7672c2d0e41899483557fc4398444ff8') in 0.006 seconds [static and dynamic dependencies]. Details - ImportResultOutputID=f4d5a0b30b56df52dec4fe34c405f455 DependenciesID=d4b26aa4fc3dfae25c7231ad076cf2bc StaticDependenciesID=60b791e0f05a5dcc258f43fb4b9498b2 
Number of updated asset objects reloaded before import = 0
Number of asset objects unloaded after import = 0
========================================================================
Received Import Request.
  Time of request: 2026-08-24T15:04:03.2530967Z
  Time since last request: 0.0005486 seconds.
  importAddress: GUID: 8de47c7524234f64fb6a7d661154b1a3 - Path: Assets/Plugins & Utilities/FMOD/platforms/android/lib/armeabi-v7a/libfmodstudioL.so - Importer: ScriptedImporter/UnityEditor.QuickSearchModule:UnityEditor.Search:ASIAI0B
Importing 'GUID: 8de47c7524234f64fb6a7d661154b1a3 - Path: Assets/Plugins & Utilities/FMOD/platforms/android/lib/armeabi-v7a/libfmodstudioL.so - Importer: ScriptedImporter/UnityEditor.QuickSearchModule:UnityEditor.Search:ASIAI0B' with importer (ScriptedImporter : UnityEditor.QuickSearchModule:UnityEditor.Search:ASIAI0B)
Imported 'GUID: 8de47c7524234f64fb6a7d661154b1a3' -> (Import Result ID: 'c085e166d34c372774367f2063df88f1') in 0.006 seconds [static and dynamic dependencies]. Details - ImportResultOutputID=2995e9268831966869eb32562cf0b3e6 DependenciesID=ebb96f91aa7e56e0bd04354a0073a8a2 StaticDependenciesID=d7af34ec189281007831ac37c377c13e 
Number of updated asset objects reloaded before import = 0
Number of asset objects unloaded after import = 0
========================================================================
Received Import Request.
  Time of request: 2026-08-24T15:04:03.3022636Z
  Time since last request: 0.0300082 seconds.
  importAddress: GUID: 18569240b868e8b44a20d32b2df12f5c - Path: Assets/Plugins & Utilities/FMOD/platforms/html5/lib/2.0.19/libfmodstudio.a - Importer: ScriptedImporter/UnityEditor.QuickSearchModule:UnityEditor.Search:ASIAI0B
Importing 'GUID: 18569240b868e8b44a20d32b2df12f5c - Path: Assets/Plugins & Utilities/FMOD/platforms/html5/lib/2.0.19/libfmodstudio.a - Importer: ScriptedImporter/UnityEditor.QuickSearchModule:UnityEditor.Search:ASIAI0B' with importer (ScriptedImporter : UnityEditor.QuickSearchModule:UnityEditor.Search:ASIAI0B)
Imported 'GUID: 18569240b868e8b44a20d32b2df12f5c' -> (Import Result ID: 'ef6cc36f5168a2a991dcafab4e7416aa') in 0.007 seconds [static and dynamic dependencies]. Details - ImportResultOutputID=40a4f16c72ee3b0d43cde9c0329377fa DependenciesID=4a995db8957355e8baa3dcf04dade7b8 StaticDependenciesID=ea2cdf868b73838433910cfff992f5d6 
Number of updated asset objects reloaded before import = 0
Number of asset objects unloaded after import = 0
========================================================================
Received Import Request.
  Time of request: 2026-08-24T15:04:03.3224137Z
  Time since last request: 0.0004022 seconds.
  importAddress: GUID: 813ca429588de5d40b5c8a184a15bcd9 - Path: Assets/Plugins & Utilities/FMOD/platforms/uwp/lib/x64/fmodstudioL.dll - Importer: ScriptedImporter/UnityEditor.QuickSearchModule:UnityEditor.Search:ASIAI0B
Importing 'GUID: 813ca429588de5d40b5c8a184a15bcd9 - Path: Assets/Plugins & Utilities/FMOD/platforms/uwp/lib/x64/fmodstudioL.dll - Importer: ScriptedImporter/UnityEditor.QuickSearchModule:UnityEditor.Search:ASIAI0B' with importer (ScriptedImporter : UnityEditor.QuickSearchModule:UnityEditor.Search:ASIAI0B)
Imported 'GUID: 813ca429588de5d40b5c8a184a15bcd9' -> (Import Result ID: 'db3bf6bab4a44b9fa86f252385849fde') in 0.006 seconds [static and dynamic dependencies]. Details - ImportResultOutputID=6494c063999331798ee2ec39f3dbfaa4 DependenciesID=e877e44675b73016d8ae4b2742185ed2 StaticDependenciesID=6b1d0e13ac01139559e6cab0b58382ed 
Number of updated asset objects reloaded before import = 0
Number of asset objects unloaded after import = 0
========================================================================
Received Import Request.
  Time of request: 2026-08-24T15:04:03.3424066Z
  Time since last request: 0.0004242 seconds.
  importAddress: GUID: d15f9d3e1089b114a8f625e994fea839 - Path: Assets/Plugins & Utilities/FMOD/platforms/uwp/lib/x64/fmodL.dll - Importer: ScriptedImporter/UnityEditor.QuickSearchModule:UnityEditor.Search:ASIAI0B
Importing 'GUID: d15f9d3e1089b114a8f625e994fea839 - Path: Assets/Plugins & Utilities/FMOD/platforms/uwp/lib/x64/fmodL.dll - Importer: ScriptedImporter/UnityEditor.QuickSearchModule:UnityEditor.Search:ASIAI0B' with importer (ScriptedImporter : UnityEditor.QuickSearchModule:UnityEditor.Search:ASIAI0B)
Imported 'GUID: d15f9d3e1089b114a8f625e994fea839' -> (Import Result ID: '9e943922759f49ecde01a275bdd9f9da') in 0.005 seconds [static and dynamic dependencies]. Details - ImportResultOutputID=01f98053258cac22e15dcb363a65145e DependenciesID=a1b85a1128ac243ea87279d9d1df50af StaticDependenciesID=f2de3cc3987e20a8d8f7c9af260a7e1a 
Number of updated asset objects reloaded before import = 0
Number of asset objects unloaded after import = 0
========================================================================
Received Import Request.
  Time of request: 2026-08-24T15:04:03.3606455Z
  Time since last request: 0.0003861 seconds.
  importAddress: GUID: 82bacb4b0f3cc85418d2a1aa2ca57df6 - Path: Assets/Plugins & Utilities/FMOD/platforms/uwp/lib/arm/fmodL.dll - Importer: ScriptedImporter/UnityEditor.QuickSearchModule:UnityEditor.Search:ASIAI0B
Importing 'GUID: 82bacb4b0f3cc85418d2a1aa2ca57df6 - Path: Assets/Plugins & Utilities/FMOD/platforms/uwp/lib/arm/fmodL.dll - Importer: ScriptedImporter/UnityEditor.QuickSearchModule:UnityEditor.Search:ASIAI0B' with importer (ScriptedImporter : UnityEditor.QuickSearchModule:UnityEditor.Search:ASIAI0B)
Imported 'GUID: 82bacb4b0f3cc85418d2a1aa2ca57df6' -> (Import Result ID: '67da3c1238fbf85926afe7ecb9fc8ea4') in 0.006 seconds [static and dynamic dependencies]. Details - ImportResultOutputID=8fc8a667b1220daa60cb69350a589950 DependenciesID=149ddbe5d4dc89ba3e4817d96c51c49a StaticDependenciesID=a8e515aed5fcf1545e58bd8952bd8862 
Number of updated asset objects reloaded before import = 0
Number of asset objects unloaded after import = 0
========================================================================
Received Import Request.
  Time of request: 2026-08-24T15:04:03.3796714Z
  Time since last request: 0.0008975 seconds.
  importAddress: GUID: 68f9a982a926833498d438319388a455 - Path: Assets/Plugins & Utilities/FMOD/platforms/uwp/lib/x64/fmod.dll - Importer: ScriptedImporter/UnityEditor.QuickSearchModule:UnityEditor.Search:ASIAI0B
Importing 'GUID: 68f9a982a926833498d438319388a455 - Path: Assets/Plugins & Utilities/FMOD/platforms/uwp/lib/x64/fmod.dll - Importer: ScriptedImporter/UnityEditor.QuickSearchModule:UnityEditor.Search:ASIAI0B' with importer (ScriptedImporter : UnityEditor.QuickSearchModule:UnityEditor.Search:ASIAI0B)
Imported 'GUID: 68f9a982a926833498d438319388a455' -> (Import Result ID: '67407ea354a9891a05d796a92aab61ab') in 0.007 seconds [static and dynamic dependencies]. Details - ImportResultOutputID=ea0be4733764aa610015a5b57eab13d3 DependenciesID=50d8483d88f5f94a438558b8dc002522 StaticDependenciesID=d8e02ec36103e2067cc070e6e032931f 
Number of updated asset objects reloaded before import = 0
Number of asset objects unloaded after import = 0
========================================================================
Received Import Request.
  Time of request: 2026-08-24T15:04:03.39857Z
  Time since last request: 0.0004894 seconds.
  importAddress: GUID: bca6f630c310b4945b52486d2ed1da0a - Path: Assets/Plugins & Utilities/FMOD/platforms/linux/lib/x86_64/libresonanceaudio.so - Importer: ScriptedImporter/UnityEditor.QuickSearchModule:UnityEditor.Search:ASIAI0B
Importing 'GUID: bca6f630c310b4945b52486d2ed1da0a - Path: Assets/Plugins & Utilities/FMOD/platforms/linux/lib/x86_64/libresonanceaudio.so - Importer: ScriptedImporter/UnityEditor.QuickSearchModule:UnityEditor.Search:ASIAI0B' with importer (ScriptedImporter : UnityEditor.QuickSearchModule:UnityEditor.Search:ASIAI0B)
Imported 'GUID: bca6f630c310b4945b52486d2ed1da0a' -> (Import Result ID: '19c5134ace6eee04f3b93ca03e7135e9') in 0.007 seconds [static and dynamic dependencies]. Details - ImportResultOutputID=68050a52a580edf3c84c0d41f6d08483 DependenciesID=64bac214f836bfe2aa13264342a1e11b StaticDependenciesID=087d46dab5ec2cb7505059378458c951 
Number of updated asset objects reloaded before import = 0
Number of asset objects unloaded after import = 0
========================================================================
Received Import Request.
  Time of request: 2026-08-24T15:04:03.4178008Z
  Time since last request: 0.0003023 seconds.
  importAddress: GUID: 39f9a761a2a032045a853a069db31081 - Path: Assets/Plugins & Utilities/FMOD/platforms/uwp/lib/x86/fmod.dll - Importer: ScriptedImporter/UnityEditor.QuickSearchModule:UnityEditor.Search:ASIAI0B
Importing 'GUID: 39f9a761a2a032045a853a069db31081 - Path: Assets/Plugins & Utilities/FMOD/platforms/uwp/lib/x86/fmod.dll - Importer: ScriptedImporter/UnityEditor.QuickSearchModule:UnityEditor.Search:ASIAI0B' with importer (ScriptedImporter : UnityEditor.QuickSearchModule:UnityEditor.Search:ASIAI0B)
Imported 'GUID: 39f9a761a2a032045a853a069db31081' -> (Import Result ID: 'e97fa55f572a16a9e36d509fe52b4fac') in 0.005 seconds [static and dynamic dependencies]. Details - ImportResultOutputID=cc9e5d5bea272204891ebec9f5223689 DependenciesID=0df734addde67e34a6a58a30bd842983 StaticDependenciesID=055e0c557680207fd5c5811434fc0fce 
Number of updated asset objects reloaded before import = 0
Number of asset objects unloaded after import = 0
========================================================================
Received Import Request.
  Time of request: 2026-08-24T15:04:03.4370703Z
  Time since last request: 0.001067 seconds.
  importAddress: GUID: 072de5b62d53c944fa2bae4cc3cd1754 - Path: Assets/Plugins & Utilities/FMOD/platforms/html5/lib/2.0.19/libfmodstudioL.a - Importer: ScriptedImporter/UnityEditor.QuickSearchModule:UnityEditor.Search:ASIAI0B
Importing 'GUID: 072de5b62d53c944fa2bae4cc3cd1754 - Path: Assets/Plugins & Utilities/FMOD/platforms/html5/lib/2.0.19/libfmodstudioL.a - Importer: ScriptedImporter/UnityEditor.QuickSearchModule:UnityEditor.Search:ASIAI0B' with importer (ScriptedImporter : UnityEditor.QuickSearchModule:UnityEditor.Search:ASIAI0B)
Imported 'GUID: 072de5b62d53c944fa2bae4cc3cd1754' -> (Import Result ID: '5565e3c1629711bdf3510741da83f67a') in 0.005 seconds [static and dynamic dependencies]. Details - ImportResultOutputID=6b2f0ebb6a8db245d01e821e7893f395 DependenciesID=8915d8cc64b61e8db32484b86b4c3555 StaticDependenciesID=57691560992c0bed6d60adebd9f159a4 
Number of updated asset objects reloaded before import = 0
Number of asset objects unloaded after import = 0
========================================================================
Received Import Request.
  Time of request: 2026-08-24T15:04:03.4549171Z
  Time since last request: 0.0005366 seconds.
  importAddress: GUID: d1fed8103256f274489426edd19f7da3 - Path: Assets/UI/UI Asset/Assets/Common/Images/Heathen Corporate/HeathenLogoVectorized.svg - Importer: ScriptedImporter/UnityEditor.QuickSearchModule:UnityEditor.Search:ASIAI0B
Importing 'GUID: d1fed8103256f274489426edd19f7da3 - Path: Assets/UI/UI Asset/Assets/Common/Images/Heathen Corporate/HeathenLogoVectorized.svg - Importer: ScriptedImporter/UnityEditor.QuickSearchModule:UnityEditor.Search:ASIAI0B' with importer (ScriptedImporter : UnityEditor.QuickSearchModule:UnityEditor.Search:ASIAI0B)
Imported 'GUID: d1fed8103256f274489426edd19f7da3' -> (Import Result ID: '03031e64254ea98ab24f7ef779dff313') in 0.015 seconds [static and dynamic dependencies]. Details - ImportResultOutputID=c541b87abd364ed133e95c85631b40f0 DependenciesID=850ec080ab74a90444b8c2c55c74e088 StaticDependenciesID=3d020394c839747ad83af304a7351c5a 
Number of updated asset objects reloaded before import = 0
Number of asset objects unloaded after import = 1
========================================================================
Received Import Request.
  Time of request: 2026-08-24T15:04:03.4832768Z
  Time since last request: 0.0006039 seconds.
  importAddress: GUID: 243e8fba07980f74b8d49ef345dadd64 - Path: Assets/Plugins & Utilities/FMOD/platforms/uwp/lib/x86/fmodL.dll - Importer: ScriptedImporter/UnityEditor.QuickSearchModule:UnityEditor.Search:ASIAI0B
Importing 'GUID: 243e8fba07980f74b8d49ef345dadd64 - Path: Assets/Plugins & Utilities/FMOD/platforms/uwp/lib/x86/fmodL.dll - Importer: ScriptedImporter/UnityEditor.QuickSearchModule:UnityEditor.Search:ASIAI0B' with importer (ScriptedImporter : UnityEditor.QuickSearchModule:UnityEditor.Search:ASIAI0B)
Imported 'GUID: 243e8fba07980f74b8d49ef345dadd64' -> (Import Result ID: '5a630163052fdaf32179ab19335edb79') in 0.006 seconds [static and dynamic dependencies]. Details - ImportResultOutputID=00f9988e4c720cd0198cddc57049950b DependenciesID=484caaef27ab4a25a365faf40fe998e6 StaticDependenciesID=b063716be392e7d7c34a20eb4a56f31f 
Number of updated asset objects reloaded before import = 0
Number of asset objects unloaded after import = 0
========================================================================
Received Import Request.
  Time of request: 2026-08-24T15:04:03.5024518Z
  Time since last request: 0.0006204 seconds.
  importAddress: GUID: 5476dd86ee3260f4bb2283aef1d9a883 - Path: Assets/Plugins & Utilities/FMOD/platforms/uwp/lib/arm/fmodstudioL.dll - Importer: ScriptedImporter/UnityEditor.QuickSearchModule:UnityEditor.Search:ASIAI0B
Importing 'GUID: 5476dd86ee3260f4bb2283aef1d9a883 - Path: Assets/Plugins & Utilities/FMOD/platforms/uwp/lib/arm/fmodstudioL.dll - Importer: ScriptedImporter/UnityEditor.QuickSearchModule:UnityEditor.Search:ASIAI0B' with importer (ScriptedImporter : UnityEditor.QuickSearchModule:UnityEditor.Search:ASIAI0B)
Imported 'GUID: 5476dd86ee3260f4bb2283aef1d9a883' -> (Import Result ID: '01e90bb6a9a41c96d8e223f913f1329d') in 0.006 seconds [static and dynamic dependencies]. Details - ImportResultOutputID=2b64d9e59280c55dc9960819199e3c63 DependenciesID=ef75357f083df4151b4753e4fc0459e8 StaticDependenciesID=502a0e76a50eed0cb116a73bb928203b 
Number of updated asset objects reloaded before import = 0
Number of asset objects unloaded after import = 0
========================================================================
Received Import Request.
  Time of request: 2026-08-24T15:04:03.5222003Z
  Time since last request: 0.000603 seconds.
  importAddress: GUID: 9063aa11b1fcfcf4cb6030a076d14a30 - Path: Assets/Plugins & Utilities/FMOD/platforms/linux/lib/x86_64/libfmodstudio.so - Importer: ScriptedImporter/UnityEditor.QuickSearchModule:UnityEditor.Search:ASIAI0B
Importing 'GUID: 9063aa11b1fcfcf4cb6030a076d14a30 - Path: Assets/Plugins & Utilities/FMOD/platforms/linux/lib/x86_64/libfmodstudio.so - Importer: ScriptedImporter/UnityEditor.QuickSearchModule:UnityEditor.Search:ASIAI0B' with importer (ScriptedImporter : UnityEditor.QuickSearchModule:UnityEditor.Search:ASIAI0B)
Imported 'GUID: 9063aa11b1fcfcf4cb6030a076d14a30' -> (Import Result ID: '3332fb4a0af63c70a05c03df78494bef') in 0.007 seconds [static and dynamic dependencies]. Details - ImportResultOutputID=631b674bb13d6fcf4c78a8587c5f2f9e DependenciesID=d9942e71e5f2712ab22e04738c5699bc StaticDependenciesID=15461dc72ead3a9e3b5ab8d05acc95ea 
Number of updated asset objects reloaded before import = 0
Number of asset objects unloaded after import = 0
========================================================================
Received Import Request.
  Time of request: 2026-08-24T15:04:03.5436334Z
  Time since last request: 0.0004057 seconds.
  importAddress: GUID: 857f00daf28cde04dbeb6c6f9195c993 - Path: Assets/Plugins & Utilities/FMOD/platforms/win/lib/x86_64/fmodstudioL.dll - Importer: ScriptedImporter/UnityEditor.QuickSearchModule:UnityEditor.Search:ASIAI0B
Importing 'GUID: 857f00daf28cde04dbeb6c6f9195c993 - Path: Assets/Plugins & Utilities/FMOD/platforms/win/lib/x86_64/fmodstudioL.dll - Importer: ScriptedImporter/UnityEditor.QuickSearchModule:UnityEditor.Search:ASIAI0B' with importer (ScriptedImporter : UnityEditor.QuickSearchModule:UnityEditor.Search:ASIAI0B)
Imported 'GUID: 857f00daf28cde04dbeb6c6f9195c993' -> (Import Result ID: 'a9338993712fdd4a234bbff57797b7c3') in 0.006 seconds [static and dynamic dependencies]. Details - ImportResultOutputID=45720e477bdaa7249bef039b9855ebf9 DependenciesID=67e04396df6a8c55cba225cc41332fdc StaticDependenciesID=b43ec136ca1f05bed9779b753e3ad345 
Number of updated asset objects reloaded before import = 0
Number of asset objects unloaded after import = 0
========================================================================
Received Import Request.
  Time of request: 2026-08-24T15:04:03.5633772Z
  Time since last request: 0.0004022 seconds.
  importAddress: GUID: ecb0cc0019197154b9baeef623b6ec0a - Path: Assets/Plugins & Utilities/FMOD/platforms/uwp/lib/x86/fmodstudio.dll - Importer: ScriptedImporter/UnityEditor.QuickSearchModule:UnityEditor.Search:ASIAI0B
Importing 'GUID: ecb0cc0019197154b9baeef623b6ec0a - Path: Assets/Plugins & Utilities/FMOD/platforms/uwp/lib/x86/fmodstudio.dll - Importer: ScriptedImporter/UnityEditor.QuickSearchModule:UnityEditor.Search:ASIAI0B' with importer (ScriptedImporter : UnityEditor.QuickSearchModule:UnityEditor.Search:ASIAI0B)
Imported 'GUID: ecb0cc0019197154b9baeef623b6ec0a' -> (Import Result ID: '059827be4aba1602027f3019c54a110b') in 0.012 seconds [static and dynamic dependencies]. Details - ImportResultOutputID=95b17a32576ec870e6c38823ee5be146 DependenciesID=8e41b7b9c430f5e78745943eb707d996 StaticDependenciesID=4298f391a353f50093f4eb45f151435f 
Number of updated asset objects reloaded before import = 0
Number of asset objects unloaded after import = 0
========================================================================
Received Import Request.
  Time of request: 2026-08-24T15:04:03.5877417Z
  Time since last request: 0.0004736 seconds.
  importAddress: GUID: 29800d7cce1a5fc46ae163c8a68d8346 - Path: Assets/Plugins & Utilities/FMOD/platforms/uwp/lib/x64/fmodstudio.dll - Importer: ScriptedImporter/UnityEditor.QuickSearchModule:UnityEditor.Search:ASIAI0B
Importing 'GUID: 29800d7cce1a5fc46ae163c8a68d8346 - Path: Assets/Plugins & Utilities/FMOD/platforms/uwp/lib/x64/fmodstudio.dll - Importer: ScriptedImporter/UnityEditor.QuickSearchModule:UnityEditor.Search:ASIAI0B' with importer (ScriptedImporter : UnityEditor.QuickSearchModule:UnityEditor.Search:ASIAI0B)
Imported 'GUID: 29800d7cce1a5fc46ae163c8a68d8346' -> (Import Result ID: '771e1ae6393a0f5acbbf5ea1e5d6ec31') in 0.006 seconds [static and dynamic dependencies]. Details - ImportResultOutputID=a5ec8e5cced38deaacefc9275c3a5f14 DependenciesID=869d08b4c76f4e5441de512f189abf66 StaticDependenciesID=9232de3036a9b3485f8a0ea01135f18c 
Number of updated asset objects reloaded before import = 0
Number of asset objects unloaded after import = 0
========================================================================
Received Import Request.
  Time of request: 2026-08-24T15:04:14.4195246Z
  Time since last request: 10.8126987 seconds.
  importAddress: GUID: dd71a192bc787654f9e59819b7f28e72 - Path: Assets/Plugins & Utilities/DA-Shared/Editor - Importer: PreviewImporter
Importing 'GUID: dd71a192bc787654f9e59819b7f28e72 - Path: Assets/Plugins & Utilities/DA-Shared/Editor - Importer: PreviewImporter' with importer (PreviewImporter)
Imported 'GUID: dd71a192bc787654f9e59819b7f28e72' -> (Import Result ID: '87850552f666f0114accc97c20654ab0') in 0.001 seconds [static and dynamic dependencies]. Details - ImportResultOutputID=d49ebd04aa7935c8ecb1ad69b2757281 DependenciesID=28c1c569a0f614562f05cec5c4050201 StaticDependenciesID=b0cb25db81e411f43b2b6c125d12b3ba 
Number of updated asset objects reloaded before import = 0
Number of asset objects unloaded after import = 0
========================================================================
Received Import Request.
  Time of request: 2026-08-24T15:04:15.3680956Z
  Time since last request: 0.9398187 seconds.
  importAddress: GUID: d4737175c2d3f454fbc956685f7d47c6 - Path: Assets/Plugins & Utilities/DA-Shared - Importer: PreviewImporter
Importing 'GUID: d4737175c2d3f454fbc956685f7d47c6 - Path: Assets/Plugins & Utilities/DA-Shared - Importer: PreviewImporter' with importer (PreviewImporter)
Imported 'GUID: d4737175c2d3f454fbc956685f7d47c6' -> (Import Result ID: 'eb0514ceed816a19c671e95d2a2083b2') in 0.000 seconds [static and dynamic dependencies]. Details - ImportResultOutputID=985cc3bf56f4868e51a489b88ba82edd DependenciesID=1f98eb892fb30b2bfee73f8a71c9ad69 StaticDependenciesID=0bcb935ee9a1aa068148ea94e6cf6172 
Number of updated asset objects reloaded before import = 0
Number of asset objects unloaded after import = 0
========================================================================
Received Import Request.
  Time of request: 2026-08-24T15:04:22.8359749Z
  Time since last request: 7.4601302 seconds.
  importAddress: GUID: 06ae579381df01a4a87bb149dec89954 - Path: Assets/Plugins & Utilities/FMOD - Importer: PreviewImporter
Importing 'GUID: 06ae579381df01a4a87bb149dec89954 - Path: Assets/Plugins & Utilities/FMOD - Importer: PreviewImporter' with importer (PreviewImporter)
Imported 'GUID: 06ae579381df01a4a87bb149dec89954' -> (Import Result ID: '084c515b81c53be31225868d242c5dff') in 0.001 seconds [static and dynamic dependencies]. Details - ImportResultOutputID=1633df21d3a4f80383eab486ed70c4a6 DependenciesID=738077dfef6ec273c7199d252604ed1f StaticDependenciesID=31aed861f53f875f80590df78532338e 
Number of updated asset objects reloaded before import = 0
Number of asset objects unloaded after import = 0
========================================================================
Received Prepare
AcceleratorClientConnectionCallback - disconnected - :0
Refreshing native plugins compatible for Editor in 3.45 ms, found 4 plugins.
Unloading 29 Unused Serialized files (Serialized files now loaded: 0)
Unloading 6774 unused Assets / (6.5 MB). Loaded Objects now: 7622.
Memory consumption went from 334.9 MB to 328.4 MB.
Total: 13.373700 ms (FindLiveObjects: 0.607200 ms CreateObjectMapping: 2.669200 ms MarkObjects: 7.320100 ms  DeleteObjects: 2.775400 ms)

Prepare: number of updated asset objects reloaded= 0
========================================================================
Received Import Request.
  Time of request: 2026-08-24T15:04:36.9414321Z
  Time since last request: 14.0969055 seconds.
  importAddress: GUID: 8be56e4cb9dd20843b3708a1e00fc26e - Path: Assets/Plugins & Utilities/DA-Shared/Editor/DAWebConfig.cs - Importer: PreviewImporter
Importing 'GUID: 8be56e4cb9dd20843b3708a1e00fc26e - Path: Assets/Plugins & Utilities/DA-Shared/Editor/DAWebConfig.cs - Importer: PreviewImporter' with importer (PreviewImporter)
Imported 'GUID: 8be56e4cb9dd20843b3708a1e00fc26e' -> (Import Result ID: 'be124826da998b467d636cc116e1aca3') in 0.001 seconds [static and dynamic dependencies]. Details - ImportResultOutputID=05d52e3741c8634a1507f715cce6a5c1 DependenciesID=186f8b0cd3cedaffc35624fcdde6ad7d StaticDependenciesID=f93796fdee291255ad4f68d4baec98e8 
Number of updated asset objects reloaded before import = 0
Number of asset objects unloaded after import = 0
========================================================================
Received Import Request.
  Time of request: 2026-08-24T15:04:37.5371809Z
  Time since last request: 0.5856586 seconds.
  importAddress: GUID: 1e384017edfe3d14398c48665ddbbc58 - Path: Assets/Plugins & Utilities/DA-Shared/Editor/ContextMenuItems.cs - Importer: PreviewImporter
Importing 'GUID: 1e384017edfe3d14398c48665ddbbc58 - Path: Assets/Plugins & Utilities/DA-Shared/Editor/ContextMenuItems.cs - Importer: PreviewImporter' with importer (PreviewImporter)
Imported 'GUID: 1e384017edfe3d14398c48665ddbbc58' -> (Import Result ID: 'e091309d1e959c394516617803437c1a') in 0.001 seconds [static and dynamic dependencies]. Details - ImportResultOutputID=ac1c5862d2b2899742fd99b66ca70dd6 DependenciesID=39e2e801c66cbf3cba5e9e1a70e578ff StaticDependenciesID=3808aa92fbddaa6539db6af4db99ea09 
Number of updated asset objects reloaded before import = 0
Number of asset objects unloaded after import = 0
========================================================================
Received Import Request.
  Time of request: 2026-08-24T15:04:42.6339183Z
  Time since last request: 5.0887586 seconds.
  importAddress: GUID: 0caa70052b449b941b8bdb3228b250f5 - Path: Assets/Plugins & Utilities/DA-Shared/Editor/DAInspector/DAIEditor.cs - Importer: PreviewImporter
Importing 'GUID: 0caa70052b449b941b8bdb3228b250f5 - Path: Assets/Plugins & Utilities/DA-Shared/Editor/DAInspector/DAIEditor.cs - Importer: PreviewImporter' with importer (PreviewImporter)
Imported 'GUID: 0caa70052b449b941b8bdb3228b250f5' -> (Import Result ID: 'ba37b61148e13f504ac03de1754358c2') in 0.001 seconds [static and dynamic dependencies]. Details - ImportResultOutputID=b6516dda17147f3528cfedcb2237b493 DependenciesID=821300e8dde76a3d1d2cb85d4596185f StaticDependenciesID=fc6e6ce2a3e174c1026ac87abd64f92c 
Number of updated asset objects reloaded before import = 0
Number of asset objects unloaded after import = 0
========================================================================
Received Import Request.
  Time of request: 2026-08-24T15:04:46.200838Z
  Time since last request: 3.5592644 seconds.
  importAddress: GUID: aa0397d7a72f2ee41a595f0630b50b49 - Path: Assets/Plugins & Utilities/DA-Shared/Editor/DAInspector/DAInspector.cs - Importer: PreviewImporter
Importing 'GUID: aa0397d7a72f2ee41a595f0630b50b49 - Path: Assets/Plugins & Utilities/DA-Shared/Editor/DAInspector/DAInspector.cs - Importer: PreviewImporter' with importer (PreviewImporter)
Imported 'GUID: aa0397d7a72f2ee41a595f0630b50b49' -> (Import Result ID: '3a8b7c1e39bea9681d1c5b60f4ae8110') in 0.001 seconds [static and dynamic dependencies]. Details - ImportResultOutputID=0b29e0a8933ab39fe942aeb4c66bfbfe DependenciesID=5252d60bf330b703b39e1851ca75fe7d StaticDependenciesID=c7e85b71a9ee853bc6ce5ad5d989237d 
Number of updated asset objects reloaded before import = 0
Number of asset objects unloaded after import = 0
========================================================================
Received Import Request.
  Time of request: 2026-08-24T15:04:49.7667915Z
  Time since last request: 3.5579153 seconds.
  importAddress: GUID: 8f4d8f64d70b5e84fb4a84c3056f9033 - Path: Assets/Plugins & Utilities/DA-Shared/Editor/DA_Editor.asmdef - Importer: PreviewImporter
Importing 'GUID: 8f4d8f64d70b5e84fb4a84c3056f9033 - Path: Assets/Plugins & Utilities/DA-Shared/Editor/DA_Editor.asmdef - Importer: PreviewImporter' with importer (PreviewImporter)
Imported 'GUID: 8f4d8f64d70b5e84fb4a84c3056f9033' -> (Import Result ID: '3264d86047fa59e30eb3e03cc67edb74') in 0.000 seconds [static and dynamic dependencies]. Details - ImportResultOutputID=72c58c03513133e49f8cc0efd457d90a DependenciesID=f8ae1729447efe185da6ec019dddd424 StaticDependenciesID=cda00437bdafce8ea6780324b5e5f88f 
Number of updated asset objects reloaded before import = 0
Number of asset objects unloaded after import = 0
========================================================================
Received Import Request.
  Time of request: 2026-08-24T15:04:50.7691142Z
  Time since last request: 0.9946519 seconds.
  importAddress: GUID: 74f5470faa246124d8f3d41f700ef32b - Path: Assets/Plugins & Utilities/DA-Shared/Editor/GUI/Enums.cs - Importer: PreviewImporter
Importing 'GUID: 74f5470faa246124d8f3d41f700ef32b - Path: Assets/Plugins & Utilities/DA-Shared/Editor/GUI/Enums.cs - Importer: PreviewImporter' with importer (PreviewImporter)
Imported 'GUID: 74f5470faa246124d8f3d41f700ef32b' -> (Import Result ID: '96659d41479911f2984fb946b66773c6') in 0.001 seconds [static and dynamic dependencies]. Details - ImportResultOutputID=23517441df20521fdd5e4fbaf424a380 DependenciesID=e95e4b80e5f79bb106f2840bfcba13eb StaticDependenciesID=6417b42643a02edb6f2c95d8113d1bfa 
Number of updated asset objects reloaded before import = 0
Number of asset objects unloaded after import = 0
========================================================================
Received Import Request.
  Time of request: 2026-08-24T15:04:53.4558435Z
  Time since last request: 2.6782025 seconds.
  importAddress: GUID: 669ac4ffc496af642a9b57da9b9c74c8 - Path: Assets/Plugins & Utilities/DA-Shared/Editor/GUI/Footer.cs - Importer: PreviewImporter
Importing 'GUID: 669ac4ffc496af642a9b57da9b9c74c8 - Path: Assets/Plugins & Utilities/DA-Shared/Editor/GUI/Footer.cs - Importer: PreviewImporter' with importer (PreviewImporter)
Imported 'GUID: 669ac4ffc496af642a9b57da9b9c74c8' -> (Import Result ID: 'd3d47a511499ae36eeb0899df3fd5281') in 0.000 seconds [static and dynamic dependencies]. Details - ImportResultOutputID=3211611c50830731505d1f264dd3fe46 DependenciesID=519170a41a6b3019f6e2bd3a9beae96e StaticDependenciesID=ab62c5a34e66912515c68b9a3cef4bf1 
Number of updated asset objects reloaded before import = 0
Number of asset objects unloaded after import = 0
========================================================================
Received Import Request.
  Time of request: 2026-08-24T15:04:54.5458986Z
  Time since last request: 1.0819462 seconds.
  importAddress: GUID: a040de054ab47504fb783b92a5844e76 - Path: Assets/Plugins & Utilities/DA-Shared/Editor/GUI/GUISplitter.cs - Importer: PreviewImporter
Importing 'GUID: a040de054ab47504fb783b92a5844e76 - Path: Assets/Plugins & Utilities/DA-Shared/Editor/GUI/GUISplitter.cs - Importer: PreviewImporter' with importer (PreviewImporter)
Imported 'GUID: a040de054ab47504fb783b92a5844e76' -> (Import Result ID: '0c3a0ddad98edacc0dcf1a9cfc6a1f69') in 0.001 seconds [static and dynamic dependencies]. Details - ImportResultOutputID=a18b6ae94f893e6343a6a7c9c97a4c2e DependenciesID=6a65af5c3821e66e2d98f0a69114299d StaticDependenciesID=6bb061ce458876b9a6f7f7ac0fb8be12 
Number of updated asset objects reloaded before import = 0
Number of asset objects unloaded after import = 0
========================================================================
Received Import Request.
  Time of request: 2026-08-24T15:04:56.6261168Z
  Time since last request: 2.072338 seconds.
  importAddress: GUID: de641d9d6b90cdc44858895f5386f6b9 - Path: Assets/Plugins & Utilities/DA-Shared/Editor/DAInspector/Sprites/box_active_no_frame.png - Importer: PreviewImporter
Importing 'GUID: de641d9d6b90cdc44858895f5386f6b9 - Path: Assets/Plugins & Utilities/DA-Shared/Editor/DAInspector/Sprites/box_active_no_frame.png - Importer: PreviewImporter' with importer (PreviewImporter)
Imported 'GUID: de641d9d6b90cdc44858895f5386f6b9' -> (Import Result ID: '2f823acd28cbd0302fe00918a424a342') in 0.154 seconds [static and dynamic dependencies]. Details - ImportResultOutputID=19618092e74bfd79c501356e5d972939 DependenciesID=cccdbc16072bf2a4743fa72d150f2027 StaticDependenciesID=d5bf93702a1c1e9b62f639ac5c0bb3f8 
Number of updated asset objects reloaded before import = 0
Number of asset objects unloaded after import = 2
========================================================================
Received Import Request.
  Time of request: 2026-08-24T15:04:57.6030477Z
  Time since last request: 0.8160797 seconds.
  importAddress: GUID: c936b27c38ea2aa48a89f7fa7d5820ad - Path: Assets/Plugins & Utilities/DA-Shared/Editor/DAInspector/Sprites/icon_interactable.png - Importer: PreviewImporter
Importing 'GUID: c936b27c38ea2aa48a89f7fa7d5820ad - Path: Assets/Plugins & Utilities/DA-Shared/Editor/DAInspector/Sprites/icon_interactable.png - Importer: PreviewImporter' with importer (PreviewImporter)
Imported 'GUID: c936b27c38ea2aa48a89f7fa7d5820ad' -> (Import Result ID: 'c8783c6edb9d0eb8e6da45854bc2aed6') in 0.009 seconds [static and dynamic dependencies]. Details - ImportResultOutputID=6350684069b5d6f08cf522117878da66 DependenciesID=041b0d736be9ee75735b83ede828cdfb StaticDependenciesID=a07f93ca2d92c589748005253280db00 
Number of updated asset objects reloaded before import = 0
Number of asset objects unloaded after import = 2
========================================================================
Received Import Request.
  Time of request: 2026-08-24T15:04:58.0496317Z
  Time since last request: 0.4299824 seconds.
  importAddress: GUID: 1322eb06cce7348419199dd60e9f1e08 - Path: Assets/Plugins & Utilities/DA-Shared/Editor/DAInspector/Sprites/icon_open.png - Importer: PreviewImporter
Importing 'GUID: 1322eb06cce7348419199dd60e9f1e08 - Path: Assets/Plugins & Utilities/DA-Shared/Editor/DAInspector/Sprites/icon_open.png - Importer: PreviewImporter' with importer (PreviewImporter)
Imported 'GUID: 1322eb06cce7348419199dd60e9f1e08' -> (Import Result ID: '6c35d908c90a404250769daf2f869684') in 0.009 seconds [static and dynamic dependencies]. Details - ImportResultOutputID=67728969eeaef8f46850dfd3e79eb46d DependenciesID=30af43b30cbb260506692894f9fee550 StaticDependenciesID=f7de90a7480845893a3de0263c7d2de4 
Number of updated asset objects reloaded before import = 0
Number of asset objects unloaded after import = 2
========================================================================
Received Import Request.
  Time of request: 2026-08-24T15:05:07.6636818Z
  Time since last request: 9.5975213 seconds.
  importAddress: GUID: 9c53962885c2c4f449125a979d6ad240 - Path: Assets/Scenes - Importer: PreviewImporter
Importing 'GUID: 9c53962885c2c4f449125a979d6ad240 - Path: Assets/Scenes - Importer: PreviewImporter' with importer (PreviewImporter)
Imported 'GUID: 9c53962885c2c4f449125a979d6ad240' -> (Import Result ID: '37a7ed1aaf8705750b05695919067296') in 0.001 seconds [static and dynamic dependencies]. Details - ImportResultOutputID=350f5c5e13b2998d53017bdd858ee510 DependenciesID=08f5486d7ff1e12d46baf80bc387503d StaticDependenciesID=f29047b145c607c1fb1c665c79eacb2c 
Number of updated asset objects reloaded before import = 0
Number of asset objects unloaded after import = 0
========================================================================
Received Import Request.
  Time of request: 2026-08-24T15:05:09.8644897Z
  Time since last request: 2.1925531 seconds.
  importAddress: GUID: 0685527e13fdff04382a58c4e1c36c40 - Path: Assets/Scenes/MainMenu.unity - Importer: PreviewImporter
Importing 'GUID: 0685527e13fdff04382a58c4e1c36c40 - Path: Assets/Scenes/MainMenu.unity - Importer: PreviewImporter' with importer (PreviewImporter)
Imported 'GUID: 0685527e13fdff04382a58c4e1c36c40' -> (Import Result ID: '86944189de1f663304009c6f5b341ce1') in 0.001 seconds [static and dynamic dependencies]. Details - ImportResultOutputID=f2b327fef107cffb71396c659d52fdd2 DependenciesID=e01363d278d75072530659a141d8f882 StaticDependenciesID=ca480438cdf41fba7e5da225285e6036 
Number of updated asset objects reloaded before import = 0
Number of asset objects unloaded after import = 0
========================================================================
Received Prepare
AcceleratorClientConnectionCallback - disconnected - :0
Refreshing native plugins compatible for Editor in 10.25 ms, found 4 plugins.
Unloading 29 Unused Serialized files (Serialized files now loaded: 0)
Unloading 6774 unused Assets / (5.7 MB). Loaded Objects now: 7626.
Memory consumption went from 336.2 MB to 330.5 MB.
Total: 26.038400 ms (FindLiveObjects: 0.865200 ms CreateObjectMapping: 4.014200 ms MarkObjects: 16.634700 ms  DeleteObjects: 4.522600 ms)

Prepare: number of updated asset objects reloaded= 0
========================================================================
Received Import Request.
  Time of request: 2026-08-24T15:06:18.0853305Z
  Time since last request: 68.2110691 seconds.
  importAddress: GUID: b5383ae9ce4ca6f4fa1a4f0d6b352bf1 - Path: Assets/Plugins & Utilities/DA-Shared/Editor/DAInspector/DAInspectorWindow.cs - Importer: ScriptedImporter/UnityEditor.QuickSearchModule:UnityEditor.Search:ASIAI0B
Importing 'GUID: b5383ae9ce4ca6f4fa1a4f0d6b352bf1 - Path: Assets/Plugins & Utilities/DA-Shared/Editor/DAInspector/DAInspectorWindow.cs - Importer: ScriptedImporter/UnityEditor.QuickSearchModule:UnityEditor.Search:ASIAI0B' with importer (ScriptedImporter : UnityEditor.QuickSearchModule:UnityEditor.Search:ASIAI0B)
Imported 'GUID: b5383ae9ce4ca6f4fa1a4f0d6b352bf1' -> (Import Result ID: '6a67767ba55fc14e76ac1fc9e9a20a56') in 0.003 seconds [static and dynamic dependencies]. Details - ImportResultOutputID=50cf8fcb08c0fadffb738f1118f57dab DependenciesID=4299307f43be225de766e71aa44a905a StaticDependenciesID=09b204787668ed54e016d5703aa8eba1 
Number of updated asset objects reloaded before import = 0
Number of asset objects unloaded after import = 0
========================================================================
Received Prepare
AcceleratorClientConnectionCallback - disconnected - :0
Refreshing native plugins compatible for Editor in 11.99 ms, found 4 plugins.
Unloading 29 Unused Serialized files (Serialized files now loaded: 0)
Unloading 6774 unused Assets / (6.5 MB). Loaded Objects now: 7626.
Memory consumption went from 336.3 MB to 329.8 MB.
Total: 29.843100 ms (FindLiveObjects: 1.849900 ms CreateObjectMapping: 5.052300 ms MarkObjects: 17.841600 ms  DeleteObjects: 5.096600 ms)

Prepare: number of updated asset objects reloaded= 0
========================================================================
Received Import Request.
  Time of request: 2026-08-24T15:06:48.613151Z
  Time since last request: 30.5171229 seconds.
  importAddress: GUID: b5383ae9ce4ca6f4fa1a4f0d6b352bf1 - Path: Assets/Plugins & Utilities/DA-Shared/Editor/DAInspector/DAInspectorWindow.cs - Importer: ScriptedImporter/UnityEditor.QuickSearchModule:UnityEditor.Search:ASIAI0B
Importing 'GUID: b5383ae9ce4ca6f4fa1a4f0d6b352bf1 - Path: Assets/Plugins & Utilities/DA-Shared/Editor/DAInspector/DAInspectorWindow.cs - Importer: ScriptedImporter/UnityEditor.QuickSearchModule:UnityEditor.Search:ASIAI0B' with importer (ScriptedImporter : UnityEditor.QuickSearchModule:UnityEditor.Search:ASIAI0B)
Imported 'GUID: b5383ae9ce4ca6f4fa1a4f0d6b352bf1' -> (Import Result ID: 'd5155b17d78efb86b7e20ecb21f24cff') in 0.012 seconds [static and dynamic dependencies]. Details - ImportResultOutputID=d9ec14ea8c1072bc31437e7d29164a25 DependenciesID=e1f65ad98b52cc59a79c7d132569803a StaticDependenciesID=0361e15c5dad86a9379ab9c529a15ce2 
Number of updated asset objects reloaded before import = 0
Number of asset objects unloaded after import = 0
========================================================================
Received Prepare
AcceleratorClientConnectionCallback - disconnected - :0
[Licensing::Client] Successfully resolved entitlement details
Duplicate assembly 'log4net.dll' with different versions detected, using 'Packages/com.unity.package-validation-suite/Lib/Editor/log4net.dll, AssemblyName=log4net, Version=2.0.8.0, Culture=neutral, PublicKeyToken=669e0ddf0bb1aa2a' and ignoring 'Packages/com.unity.collab-proxy/Lib/Editor/log4netPlastic.dll, AssemblyName=log4net, Version=1.2.15.0, Culture=neutral, PublicKeyToken=669e0ddf0bb1aa2a'.Begin MonoManager ReloadAssembly
Duplicate assembly 'log4net.dll' with different versions detected, using 'Packages/com.unity.package-validation-suite/Lib/Editor/log4net.dll, AssemblyName=log4net, Version=2.0.8.0, Culture=neutral, PublicKeyToken=669e0ddf0bb1aa2a' and ignoring 'Packages/com.unity.collab-proxy/Lib/Editor/log4netPlastic.dll, AssemblyName=log4net, Version=1.2.15.0, Culture=neutral, PublicKeyToken=669e0ddf0bb1aa2a'.Symbol file LoadedFromMemory is not a mono symbol file
Refreshing native plugins compatible for Editor in 10.09 ms, found 4 plugins.
Native extension for WindowsStandalone target not found
[Package Manager] Failed to launch server process. Reason: Unity was launched with the -noUpm command-line argument
[Package Manager] Unable to send message (not connected to server process).
[Package Manager] Cannot connect to Unity Package Manager local server
[Package Manager] Failed to launch server process. Reason: Unity was launched with the -noUpm command-line argument
[Package Manager] Unable to send message (not connected to server process).
[Package Manager] Cannot connect to Unity Package Manager local server
ScheduleIndexationOnStartup MainProcess:False IndexOnStartup:True
Mono: successfully reloaded assembly
- Finished resetting the current domain, in  1.478 seconds
Domain Reload Profiling: 6244ms
	BeginReloadAssembly (1574ms)
		DisableScriptedObjects (88ms)
		CreateAndSetChildDomain (606ms)
	RebuildCommonClasses (20ms)
	RebuildNativeTypeToScriptingClass (41ms)
	initialDomainReloadingComplete (311ms)
	LoadAllAssembliesAndSetupDomain (2817ms)
		LoadAssemblies (2236ms)
		AnalyzeDomain (844ms)
			TypeCache.Refresh (78ms)
				TypeCache.ScanAssembly (7ms)
			BuildScriptInfoCaches (729ms)
			ResolveRequiredComponents (20ms)
	FinalizeReload (1481ms)
		SetupLoadedEditorAssemblies (0ms)
			InitializePlatformSupportModulesInManaged (3ms)
			BeforeProcessingInitializeOnLoad (169ms)
			ProcessInitializeOnLoadAttributes (535ms)
			ProcessInitializeOnLoadMethodAttributes (235ms)
			AfterProcessingInitializeOnLoad (21ms)
		AwakeInstancesAfterBackupRestoration (38ms)
Refreshing native plugins compatible for Editor in 14.23 ms, found 4 plugins.
Unloading 29 Unused Serialized files (Serialized files now loaded: 0)
Unloading 6785 unused Assets / (6.1 MB). Loaded Objects now: 7670.
Memory consumption went from 331.1 MB to 325.0 MB.
Total: 16.062800 ms (FindLiveObjects: 1.150000 ms CreateObjectMapping: 4.026900 ms MarkObjects: 6.909100 ms  DeleteObjects: 3.975500 ms)

Prepare: number of updated asset objects reloaded= 0
========================================================================
Received Prepare
AcceleratorClientConnectionCallback - disconnected - :0
Duplicate assembly 'log4net.dll' with different versions detected, using 'Packages/com.unity.package-validation-suite/Lib/Editor/log4net.dll, AssemblyName=log4net, Version=2.0.8.0, Culture=neutral, PublicKeyToken=669e0ddf0bb1aa2a' and ignoring 'Packages/com.unity.collab-proxy/Lib/Editor/log4netPlastic.dll, AssemblyName=log4net, Version=1.2.15.0, Culture=neutral, PublicKeyToken=669e0ddf0bb1aa2a'.Begin MonoManager ReloadAssembly
Duplicate assembly 'log4net.dll' with different versions detected, using 'Packages/com.unity.package-validation-suite/Lib/Editor/log4net.dll, AssemblyName=log4net, Version=2.0.8.0, Culture=neutral, PublicKeyToken=669e0ddf0bb1aa2a' and ignoring 'Packages/com.unity.collab-proxy/Lib/Editor/log4netPlastic.dll, AssemblyName=log4net, Version=1.2.15.0, Culture=neutral, PublicKeyToken=669e0ddf0bb1aa2a'.Symbol file LoadedFromMemory is not a mono symbol file
Refreshing native plugins compatible for Editor in 11.28 ms, found 4 plugins.
Native extension for WindowsStandalone target not found
[Package Manager] Failed to launch server process. Reason: Unity was launched with the -noUpm command-line argument
[Package Manager] Unable to send message (not connected to server process).
[Package Manager] Cannot connect to Unity Package Manager local server
[Package Manager] Failed to launch server process. Reason: Unity was launched with the -noUpm command-line argument
[Package Manager] Unable to send message (not connected to server process).
[Package Manager] Cannot connect to Unity Package Manager local server
ScheduleIndexationOnStartup MainProcess:False IndexOnStartup:True
Mono: successfully reloaded assembly
- Finished resetting the current domain, in  1.280 seconds
Domain Reload Profiling: 2725ms
	BeginReloadAssembly (365ms)
		DisableScriptedObjects (9ms)
		CreateAndSetChildDomain (73ms)
	RebuildCommonClasses (14ms)
	RebuildNativeTypeToScriptingClass (29ms)
	initialDomainReloadingComplete (138ms)
	LoadAllAssembliesAndSetupDomain (899ms)
		LoadAssemblies (821ms)
		AnalyzeDomain (35ms)
			TypeCache.Refresh (14ms)
			ResolveRequiredComponents (15ms)
	FinalizeReload (1281ms)
		SetupLoadedEditorAssemblies (0ms)
			InitializePlatformSupportModulesInManaged (3ms)
			BeforeProcessingInitializeOnLoad (179ms)
			ProcessInitializeOnLoadAttributes (462ms)
			ProcessInitializeOnLoadMethodAttributes (202ms)
			AfterProcessingInitializeOnLoad (20ms)
		AwakeInstancesAfterBackupRestoration (33ms)
Refreshing native plugins compatible for Editor in 8.87 ms, found 4 plugins.
Unloading 29 Unused Serialized files (Serialized files now loaded: 0)
Unloading 6785 unused Assets / (5.3 MB). Loaded Objects now: 7673.
Memory consumption went from 330.9 MB to 325.6 MB.
Total: 19.775400 ms (FindLiveObjects: 1.393900 ms CreateObjectMapping: 5.753100 ms MarkObjects: 8.847100 ms  DeleteObjects: 3.779600 ms)

Prepare: number of updated asset objects reloaded= 0
========================================================================
Received Import Request.
  Time of request: 2026-08-24T15:11:33.2704307Z
  Time since last request: 284.62284390000002 seconds.
  importAddress: GUID: 13085dfec801edb43a7c53fdabc3cf3b - Path: Assets/Plugins & Utilities/DA-Shared/Editor/DAInspector/Icons - Importer: PreviewImporter
Importing 'GUID: 13085dfec801edb43a7c53fdabc3cf3b - Path: Assets/Plugins & Utilities/DA-Shared/Editor/DAInspector/Icons - Importer: PreviewImporter' with importer (PreviewImporter)
Imported 'GUID: 13085dfec801edb43a7c53fdabc3cf3b' -> (Import Result ID: '53d9bc8e3cdf56641106685b89064d75') in 0.010 seconds [static and dynamic dependencies]. Details - ImportResultOutputID=4c5f53d85b7e14f149a3a10554d724fe DependenciesID=8bcb3e52fe4ef0b7b306f3178eda6f82 StaticDependenciesID=f810bc846a1bd948467a0534e5755780 
Number of updated asset objects reloaded before import = 0
Number of asset objects unloaded after import = 0
========================================================================
Received Import Request.
  Time of request: 2026-08-24T15:11:36.840808Z
  Time since last request: 3.5398494 seconds.
  importAddress: GUID: 9ae443923150980489c6a30da4038410 - Path: Assets/Plugins & Utilities/DA-Shared/Editor/DAInspector - Importer: PreviewImporter
Importing 'GUID: 9ae443923150980489c6a30da4038410 - Path: Assets/Plugins & Utilities/DA-Shared/Editor/DAInspector - Importer: PreviewImporter' with importer (PreviewImporter)
Imported 'GUID: 9ae443923150980489c6a30da4038410' -> (Import Result ID: '0672f0a591e921df2983dcae693bf211') in 0.001 seconds [static and dynamic dependencies]. Details - ImportResultOutputID=20256df99ea891dd782d194f1812c0df DependenciesID=b8c1f797909fe7581d429b40eed53fd5 StaticDependenciesID=ac29ec5c79a35e1283910918d257eedc 
Number of updated asset objects reloaded before import = 0
Number of asset objects unloaded after import = 0
========================================================================
Received Import Request.
  Time of request: 2026-08-24T15:12:29.7113236Z
  Time since last request: 52.8590398 seconds.
  importAddress: GUID: cd368012ba25286469d1ea9b8a66bb06 - Path: Assets/Scenes/BahrainCircuit.unity - Importer: PreviewImporter
Importing 'GUID: cd368012ba25286469d1ea9b8a66bb06 - Path: Assets/Scenes/BahrainCircuit.unity - Importer: PreviewImporter' with importer (PreviewImporter)
Imported 'GUID: cd368012ba25286469d1ea9b8a66bb06' -> (Import Result ID: '3b3e04f1fe3d549c94e996dd5a2262c3') in 0.001 seconds [static and dynamic dependencies]. Details - ImportResultOutputID=6a9dd1ec4b0b77162ac17ead6d79a676 DependenciesID=e424b55fd02820502d322bdfe37ae921 StaticDependenciesID=c58fd8d8483bca9b47c7996ba731108c 
Number of updated asset objects reloaded before import = 0
Number of asset objects unloaded after import = 0
========================================================================
Received Prepare
AcceleratorClientConnectionCallback - disconnected - :0
[Licensing::Client] Successfully resolved entitlement details
Duplicate assembly 'log4net.dll' with different versions detected, using 'Packages/com.unity.package-validation-suite/Lib/Editor/log4net.dll, AssemblyName=log4net, Version=2.0.8.0, Culture=neutral, PublicKeyToken=669e0ddf0bb1aa2a' and ignoring 'Packages/com.unity.collab-proxy/Lib/Editor/log4netPlastic.dll, AssemblyName=log4net, Version=1.2.15.0, Culture=neutral, PublicKeyToken=669e0ddf0bb1aa2a'.Begin MonoManager ReloadAssembly
Duplicate assembly 'log4net.dll' with different versions detected, using 'Packages/com.unity.package-validation-suite/Lib/Editor/log4net.dll, AssemblyName=log4net, Version=2.0.8.0, Culture=neutral, PublicKeyToken=669e0ddf0bb1aa2a' and ignoring 'Packages/com.unity.collab-proxy/Lib/Editor/log4netPlastic.dll, AssemblyName=log4net, Version=1.2.15.0, Culture=neutral, PublicKeyToken=669e0ddf0bb1aa2a'.Symbol file LoadedFromMemory is not a mono symbol file
Refreshing native plugins compatible for Editor in 16.38 ms, found 4 plugins.
Native extension for WindowsStandalone target not found
[Package Manager] Failed to launch server process. Reason: Unity was launched with the -noUpm command-line argument
[Package Manager] Unable to send message (not connected to server process).
[Package Manager] Cannot connect to Unity Package Manager local server
[Package Manager] Failed to launch server process. Reason: Unity was launched with the -noUpm command-line argument
[Package Manager] Unable to send message (not connected to server process).
[Package Manager] Cannot connect to Unity Package Manager local server
ScheduleIndexationOnStartup MainProcess:False IndexOnStartup:True
Mono: successfully reloaded assembly
- Finished resetting the current domain, in  1.148 seconds
Domain Reload Profiling: 2933ms
	BeginReloadAssembly (545ms)
		DisableScriptedObjects (36ms)
		CreateAndSetChildDomain (116ms)
	RebuildCommonClasses (18ms)
	RebuildNativeTypeToScriptingClass (43ms)
	initialDomainReloadingComplete (199ms)
	LoadAllAssembliesAndSetupDomain (979ms)
		LoadAssemblies (927ms)
		AnalyzeDomain (50ms)
			TypeCache.Refresh (22ms)
			ResolveRequiredComponents (14ms)
	FinalizeReload (1149ms)
		SetupLoadedEditorAssemblies (0ms)
			InitializePlatformSupportModulesInManaged (3ms)
			BeforeProcessingInitializeOnLoad (166ms)
			ProcessInitializeOnLoadAttributes (423ms)
			ProcessInitializeOnLoadMethodAttributes (162ms)
			AfterProcessingInitializeOnLoad (8ms)
		AwakeInstancesAfterBackupRestoration (29ms)
Refreshing native plugins compatible for Editor in 4.67 ms, found 4 plugins.
Unloading 29 Unused Serialized files (Serialized files now loaded: 0)
Unloading 6785 unused Assets / (6.2 MB). Loaded Objects now: 7676.
Memory consumption went from 330.8 MB to 324.6 MB.
Total: 13.624100 ms (FindLiveObjects: 1.392500 ms CreateObjectMapping: 2.426100 ms MarkObjects: 6.538100 ms  DeleteObjects: 3.264300 ms)

Prepare: number of updated asset objects reloaded= 0
========================================================================
Received Prepare
AcceleratorClientConnectionCallback - disconnected - :0
Duplicate assembly 'log4net.dll' with different versions detected, using 'Packages/com.unity.package-validation-suite/Lib/Editor/log4net.dll, AssemblyName=log4net, Version=2.0.8.0, Culture=neutral, PublicKeyToken=669e0ddf0bb1aa2a' and ignoring 'Packages/com.unity.collab-proxy/Lib/Editor/log4netPlastic.dll, AssemblyName=log4net, Version=1.2.15.0, Culture=neutral, PublicKeyToken=669e0ddf0bb1aa2a'.Begin MonoManager ReloadAssembly
Duplicate assembly 'log4net.dll' with different versions detected, using 'Packages/com.unity.package-validation-suite/Lib/Editor/log4net.dll, AssemblyName=log4net, Version=2.0.8.0, Culture=neutral, PublicKeyToken=669e0ddf0bb1aa2a' and ignoring 'Packages/com.unity.collab-proxy/Lib/Editor/log4netPlastic.dll, AssemblyName=log4net, Version=1.2.15.0, Culture=neutral, PublicKeyToken=669e0ddf0bb1aa2a'.Symbol file LoadedFromMemory is not a mono symbol file
Refreshing native plugins compatible for Editor in 4.05 ms, found 4 plugins.
Native extension for WindowsStandalone target not found
[Package Manager] Failed to launch server process. Reason: Unity was launched with the -noUpm command-line argument
[Package Manager] Unable to send message (not connected to server process).
[Package Manager] Cannot connect to Unity Package Manager local server
[Package Manager] Failed to launch server process. Reason: Unity was launched with the -noUpm command-line argument
[Package Manager] Unable to send message (not connected to server process).
[Package Manager] Cannot connect to Unity Package Manager local server
ScheduleIndexationOnStartup MainProcess:False IndexOnStartup:True
Mono: successfully reloaded assembly
- Finished resetting the current domain, in  0.835 seconds
Domain Reload Profiling: 1867ms
	BeginReloadAssembly (257ms)
		DisableScriptedObjects (8ms)
		CreateAndSetChildDomain (50ms)
	RebuildCommonClasses (10ms)
	RebuildNativeTypeToScriptingClass (17ms)
	initialDomainReloadingComplete (70ms)
	LoadAllAssembliesAndSetupDomain (679ms)
		LoadAssemblies (412ms)
		AnalyzeDomain (241ms)
			TypeCache.Refresh (13ms)
			BuildScriptInfoCaches (216ms)
			ResolveRequiredComponents (9ms)
	FinalizeReload (836ms)
		SetupLoadedEditorAssemblies (0ms)
			BeforeProcessingInitializeOnLoad (105ms)
			ProcessInitializeOnLoadAttributes (310ms)
			ProcessInitializeOnLoadMethodAttributes (160ms)
			AfterProcessingInitializeOnLoad (8ms)
		AwakeInstancesAfterBackupRestoration (23ms)
Refreshing native plugins compatible for Editor in 4.37 ms, found 4 plugins.
Unloading 29 Unused Serialized files (Serialized files now loaded: 0)
Unloading 6785 unused Assets / (5.6 MB). Loaded Objects now: 7679.
Memory consumption went from 331.2 MB to 325.6 MB.
Total: 10.748000 ms (FindLiveObjects: 0.796700 ms CreateObjectMapping: 2.558200 ms MarkObjects: 4.836500 ms  DeleteObjects: 2.554900 ms)

Prepare: number of updated asset objects reloaded= 0
========================================================================
Received Import Request.
  Time of request: 2026-08-24T15:13:36.2167296Z
  Time since last request: 66.4953708 seconds.
  importAddress: GUID: 7fa0f941770f32f4d8a9ff2a11d06727 - Path: Assets/Prefabs/F1-Car (Ghost).prefab - Importer: PreviewImporter
Importing 'GUID: 7fa0f941770f32f4d8a9ff2a11d06727 - Path: Assets/Prefabs/F1-Car (Ghost).prefab - Importer: PreviewImporter' with importer (PreviewImporter)
Imported 'GUID: 7fa0f941770f32f4d8a9ff2a11d06727' -> (Import Result ID: '2dd2e7d6ac59ed4f5a0ace0efe84c537') in 1.400 seconds [static and dynamic dependencies]. Details - ImportResultOutputID=e19f810611eeba7afe67b617c597dabb DependenciesID=2c44d7de6b1b20999bc2dfdcf22fee9b StaticDependenciesID=1f9f1bac4c58a2cec7149ab098b73ab7 
Number of updated asset objects reloaded before import = 0
Number of asset objects unloaded after import = 43
========================================================================
Received Import Request.
  Time of request: 2026-08-24T15:13:37.6296074Z
  Time since last request: 0.0000366 seconds.
  importAddress: GUID: 8ac94b171fd1a04448ca4b7c43879403 - Path: Assets/Prefabs/F1-Car (Player).prefab - Importer: PreviewImporter
Importing 'GUID: 8ac94b171fd1a04448ca4b7c43879403 - Path: Assets/Prefabs/F1-Car (Player).prefab - Importer: PreviewImporter' with importer (PreviewImporter)
Imported 'GUID: 8ac94b171fd1a04448ca4b7c43879403' -> (Import Result ID: '6b7e9828772593f33f0611552e1f4704') in 4.358 seconds [static and dynamic dependencies]. Details - ImportResultOutputID=477b77c60fa214afca7b9f101b38b6a2 DependenciesID=2d9d78b7c4e509f81e4dd9f6d984fa31 StaticDependenciesID=953d4c34879d426fef9a5f35cf4962ed 
Number of updated asset objects reloaded before import = 0
Number of asset objects unloaded after import = 83
========================================================================
Received Prepare
AcceleratorClientConnectionCallback - disconnected - :0
Refreshing native plugins compatible for Editor in 3.03 ms, found 4 plugins.
Unloading 29 Unused Serialized files (Serialized files now loaded: 0)
Unloading 29 unused Assets / (2.8 MB). Loaded Objects now: 7796.
Memory consumption went from 348.8 MB to 346.0 MB.
Total: 7.469000 ms (FindLiveObjects: 0.327400 ms CreateObjectMapping: 0.702000 ms MarkObjects: 5.935700 ms  DeleteObjects: 0.502000 ms)

Prepare: number of updated asset objects reloaded= 0
========================================================================
Received Import Request.
  Time of request: 2026-08-24T15:14:17.750615Z
  Time since last request: 35.7502287 seconds.
  importAddress: GUID: 8ac94b171fd1a04448ca4b7c43879403 - Path: Assets/Prefabs/F1-Car (Player).prefab - Importer: PreviewImporter
Importing 'GUID: 8ac94b171fd1a04448ca4b7c43879403 - Path: Assets/Prefabs/F1-Car (Player).prefab - Importer: PreviewImporter' with importer (PreviewImporter)
Imported 'GUID: 8ac94b171fd1a04448ca4b7c43879403' -> (Import Result ID: '989aec97ddd0ee7c103029b53563b1cf') in 0.028 seconds [static and dynamic dependencies]. Details - ImportResultOutputID=477b77c60fa214afca7b9f101b38b6a2 DependenciesID=a5e0f233aba3546c676fb775346eedca StaticDependenciesID=518671ed7daa80db22ee7a0e2b39b71a 
Number of updated asset objects reloaded before import = 0
Number of asset objects unloaded after import = 83
========================================================================
Received Prepare
AcceleratorClientConnectionCallback - disconnected - :0
Refreshing native plugins compatible for Editor in 3.22 ms, found 4 plugins.
Unloading 29 Unused Serialized files (Serialized files now loaded: 0)
Unloading 29 unused Assets / (2.8 MB). Loaded Objects now: 7796.
Memory consumption went from 348.9 MB to 346.1 MB.
Total: 8.953000 ms (FindLiveObjects: 0.357400 ms CreateObjectMapping: 1.138200 ms MarkObjects: 6.814900 ms  DeleteObjects: 0.641300 ms)

Prepare: number of updated asset objects reloaded= 0
========================================================================
Received Prepare
AcceleratorClientConnectionCallback - disconnected - :0
[Licensing::Client] Successfully resolved entitlement details
Duplicate assembly 'log4net.dll' with different versions detected, using 'Packages/com.unity.package-validation-suite/Lib/Editor/log4net.dll, AssemblyName=log4net, Version=2.0.8.0, Culture=neutral, PublicKeyToken=669e0ddf0bb1aa2a' and ignoring 'Packages/com.unity.collab-proxy/Lib/Editor/log4netPlastic.dll, AssemblyName=log4net, Version=1.2.15.0, Culture=neutral, PublicKeyToken=669e0ddf0bb1aa2a'.Begin MonoManager ReloadAssembly
Duplicate assembly 'log4net.dll' with different versions detected, using 'Packages/com.unity.package-validation-suite/Lib/Editor/log4net.dll, AssemblyName=log4net, Version=2.0.8.0, Culture=neutral, PublicKeyToken=669e0ddf0bb1aa2a' and ignoring 'Packages/com.unity.collab-proxy/Lib/Editor/log4netPlastic.dll, AssemblyName=log4net, Version=1.2.15.0, Culture=neutral, PublicKeyToken=669e0ddf0bb1aa2a'.Symbol file LoadedFromMemory is not a mono symbol file
Refreshing native plugins compatible for Editor in 8.00 ms, found 4 plugins.
Native extension for WindowsStandalone target not found
[Package Manager] Failed to launch server process. Reason: Unity was launched with the -noUpm command-line argument
[Package Manager] Unable to send message (not connected to server process).
[Package Manager] Cannot connect to Unity Package Manager local server
[Package Manager] Failed to launch server process. Reason: Unity was launched with the -noUpm command-line argument
[Package Manager] Unable to send message (not connected to server process).
[Package Manager] Cannot connect to Unity Package Manager local server
ScheduleIndexationOnStartup MainProcess:False IndexOnStartup:True
Mono: successfully reloaded assembly
- Finished resetting the current domain, in  1.146 seconds
Domain Reload Profiling: 2313ms
	BeginReloadAssembly (346ms)
		DisableScriptedObjects (27ms)
		CreateAndSetChildDomain (72ms)
	RebuildCommonClasses (12ms)
	RebuildNativeTypeToScriptingClass (24ms)
	initialDomainReloadingComplete (127ms)
	LoadAllAssembliesAndSetupDomain (657ms)
		LoadAssemblies (625ms)
		AnalyzeDomain (28ms)
			TypeCache.Refresh (12ms)
			ResolveRequiredComponents (12ms)
	FinalizeReload (1148ms)
		SetupLoadedEditorAssemblies (0ms)
			InitializePlatformSupportModulesInManaged (3ms)
			BeforeProcessingInitializeOnLoad (156ms)
			ProcessInitializeOnLoadAttributes (387ms)
			ProcessInitializeOnLoadMethodAttributes (219ms)
			AfterProcessingInitializeOnLoad (14ms)
		AwakeInstancesAfterBackupRestoration (39ms)
Refreshing native plugins compatible for Editor in 9.18 ms, found 4 plugins.
Unloading 29 Unused Serialized files (Serialized files now loaded: 0)
Unloading 6785 unused Assets / (5.4 MB). Loaded Objects now: 7711.
Memory consumption went from 348.7 MB to 343.4 MB.
Total: 13.440500 ms (FindLiveObjects: 0.982800 ms CreateObjectMapping: 3.190400 ms MarkObjects: 6.365800 ms  DeleteObjects: 2.899600 ms)

Prepare: number of updated asset objects reloaded= 0
========================================================================
Received Import Request.
  Time of request: 2026-08-24T15:18:08.9582147Z
  Time since last request: 231.1706872 seconds.
  importAddress: GUID: 4ca8586dfd64e61438b6810929eb47a9 - Path: Assets/Scripts/UI/CircuitSelectionUI.cs - Importer: PreviewImporter
Importing 'GUID: 4ca8586dfd64e61438b6810929eb47a9 - Path: Assets/Scripts/UI/CircuitSelectionUI.cs - Importer: PreviewImporter' with importer (PreviewImporter)
Imported 'GUID: 4ca8586dfd64e61438b6810929eb47a9' -> (Import Result ID: '02b36a4978ce2e1f177998d34e22f91a') in 0.003 seconds [static and dynamic dependencies]. Details - ImportResultOutputID=16665f91e6b8202818ac12c54ddf2baa DependenciesID=feae3882758c440467f7b7a7b09cce90 StaticDependenciesID=31d501037453b0797b59d28c56555fbb 
Number of updated asset objects reloaded before import = 0
Number of asset objects unloaded after import = 0
========================================================================
Received Import Request.
  Time of request: 2026-08-24T15:18:09.2976872Z
  Time since last request: 0.3256209 seconds.
  importAddress: GUID: f8f85dcbb34e02c4b8bfd2579616eca8 - Path: Assets/Scripts/UI/GarageUI.cs - Importer: PreviewImporter
Importing 'GUID: f8f85dcbb34e02c4b8bfd2579616eca8 - Path: Assets/Scripts/UI/GarageUI.cs - Importer: PreviewImporter' with importer (PreviewImporter)
Imported 'GUID: f8f85dcbb34e02c4b8bfd2579616eca8' -> (Import Result ID: '4466fffba057d958803ebb509a9fb640') in 0.001 seconds [static and dynamic dependencies]. Details - ImportResultOutputID=8cae6e36abb401b714729b79acb248ca DependenciesID=11dfcfc336820f1befe3701ad7c0fd22 StaticDependenciesID=8c69c5e219d60b736bdfb7c21727d0b3 
Number of updated asset objects reloaded before import = 0
Number of asset objects unloaded after import = 0
========================================================================
Received Import Request.
  Time of request: 2026-08-24T15:18:10.0731466Z
  Time since last request: 0.7663683 seconds.
  importAddress: GUID: 651ac94298dcc1041a47bf86d8bb9cd8 - Path: Assets/Scripts/UI/CheckpointUI.cs - Importer: PreviewImporter
Importing 'GUID: 651ac94298dcc1041a47bf86d8bb9cd8 - Path: Assets/Scripts/UI/CheckpointUI.cs - Importer: PreviewImporter' with importer (PreviewImporter)
Imported 'GUID: 651ac94298dcc1041a47bf86d8bb9cd8' -> (Import Result ID: '1d3ca57e07ad06e16afc76802cd60d43') in 0.001 seconds [static and dynamic dependencies]. Details - ImportResultOutputID=ab5606d7e64364e275e2884f95103919 DependenciesID=60c8b3404fb7d0f2acd005f9817ce96a StaticDependenciesID=ce2b23bb0fc15378eb72fcce429799cf 
Number of updated asset objects reloaded before import = 0
Number of asset objects unloaded after import = 0
========================================================================
Received Prepare
AcceleratorClientConnectionCallback - disconnected - :0
[Licensing::Client] Successfully resolved entitlement details
Duplicate assembly 'log4net.dll' with different versions detected, using 'Packages/com.unity.package-validation-suite/Lib/Editor/log4net.dll, AssemblyName=log4net, Version=2.0.8.0, Culture=neutral, PublicKeyToken=669e0ddf0bb1aa2a' and ignoring 'Packages/com.unity.collab-proxy/Lib/Editor/log4netPlastic.dll, AssemblyName=log4net, Version=1.2.15.0, Culture=neutral, PublicKeyToken=669e0ddf0bb1aa2a'.Begin MonoManager ReloadAssembly
Duplicate assembly 'log4net.dll' with different versions detected, using 'Packages/com.unity.package-validation-suite/Lib/Editor/log4net.dll, AssemblyName=log4net, Version=2.0.8.0, Culture=neutral, PublicKeyToken=669e0ddf0bb1aa2a' and ignoring 'Packages/com.unity.collab-proxy/Lib/Editor/log4netPlastic.dll, AssemblyName=log4net, Version=1.2.15.0, Culture=neutral, PublicKeyToken=669e0ddf0bb1aa2a'.Symbol file LoadedFromMemory is not a mono symbol file
Refreshing native plugins compatible for Editor in 3.25 ms, found 4 plugins.
Native extension for WindowsStandalone target not found
[Package Manager] Failed to launch server process. Reason: Unity was launched with the -noUpm command-line argument
[Package Manager] Unable to send message (not connected to server process).
[Package Manager] Cannot connect to Unity Package Manager local server
[Package Manager] Failed to launch server process. Reason: Unity was launched with the -noUpm command-line argument
[Package Manager] Unable to send message (not connected to server process).
[Package Manager] Cannot connect to Unity Package Manager local server
ScheduleIndexationOnStartup MainProcess:False IndexOnStartup:True
Mono: successfully reloaded assembly
- Finished resetting the current domain, in  0.623 seconds
Domain Reload Profiling: 1225ms
	BeginReloadAssembly (194ms)
		DisableScriptedObjects (6ms)
		CreateAndSetChildDomain (38ms)
	RebuildCommonClasses (8ms)
	RebuildNativeTypeToScriptingClass (14ms)
	initialDomainReloadingComplete (52ms)
	LoadAllAssembliesAndSetupDomain (335ms)
		LoadAssemblies (304ms)
		AnalyzeDomain (17ms)
			TypeCache.Refresh (7ms)
			ResolveRequiredComponents (7ms)
	FinalizeReload (624ms)
		SetupLoadedEditorAssemblies (0ms)
			BeforeProcessingInitializeOnLoad (82ms)
			ProcessInitializeOnLoadAttributes (236ms)
			ProcessInitializeOnLoadMethodAttributes (105ms)
			AfterProcessingInitializeOnLoad (5ms)
		AwakeInstancesAfterBackupRestoration (17ms)
Refreshing native plugins compatible for Editor in 4.14 ms, found 4 plugins.
Unloading 29 Unused Serialized files (Serialized files now loaded: 0)
Unloading 6785 unused Assets / (6.5 MB). Loaded Objects now: 7714.
Memory consumption went from 348.5 MB to 342.0 MB.
Total: 9.562900 ms (FindLiveObjects: 0.593300 ms CreateObjectMapping: 2.498000 ms MarkObjects: 4.104600 ms  DeleteObjects: 2.365800 ms)

Prepare: number of updated asset objects reloaded= 0
========================================================================
Received Import Request.
  Time of request: 2026-08-24T15:18:29.1640398Z
  Time since last request: 19.0825665 seconds.
  importAddress: GUID: 280a17ec7cc34f642b1f4565f6c2a00b - Path: Assets/Scripts/UI/InGameUI.cs - Importer: PreviewImporter
Importing 'GUID: 280a17ec7cc34f642b1f4565f6c2a00b - Path: Assets/Scripts/UI/InGameUI.cs - Importer: PreviewImporter' with importer (PreviewImporter)
Imported 'GUID: 280a17ec7cc34f642b1f4565f6c2a00b' -> (Import Result ID: '877ec5ad92ee38ba730d5ffd2fa0e851') in 0.001 seconds [static and dynamic dependencies]. Details - ImportResultOutputID=3a4bd23d27f238b96da9efd25dda7823 DependenciesID=4587424e4dc9ab6bbd8eb3a7ac89c03f StaticDependenciesID=f5e55a5085339f7e64bc5522445108c0 
Number of updated asset objects reloaded before import = 0
Number of asset objects unloaded after import = 0
========================================================================
Received Import Request.
  Time of request: 2026-08-24T15:18:47.4891311Z
  Time since last request: 18.3148187 seconds.
  importAddress: GUID: bc65857d3276ef7489cb3c8d1a7aa20a - Path: Assets/Scripts/GameManager.cs - Importer: PreviewImporter
Importing 'GUID: bc65857d3276ef7489cb3c8d1a7aa20a - Path: Assets/Scripts/GameManager.cs - Importer: PreviewImporter' with importer (PreviewImporter)
Imported 'GUID: bc65857d3276ef7489cb3c8d1a7aa20a' -> (Import Result ID: '22bf53efefd6abda83053bb318d042a7') in 0.001 seconds [static and dynamic dependencies]. Details - ImportResultOutputID=a0c9aadebc146ce952af174dd771e73e DependenciesID=26e23de685e8afb2f1bfff23705a8a1d StaticDependenciesID=c6c05f83b811e31dc6d54a3d372a6825 
Number of updated asset objects reloaded before import = 0
Number of asset objects unloaded after import = 0
========================================================================
Received Import Request.
  Time of request: 2026-08-24T15:19:23.3922061Z
  Time since last request: 35.8942005 seconds.
  importAddress: GUID: c2c77fd244a0c934f8b259dd9eedc285 - Path: Assets/Scripts/UI/MainMenuUI.cs - Importer: PreviewImporter
Importing 'GUID: c2c77fd244a0c934f8b259dd9eedc285 - Path: Assets/Scripts/UI/MainMenuUI.cs - Importer: PreviewImporter' with importer (PreviewImporter)
Imported 'GUID: c2c77fd244a0c934f8b259dd9eedc285' -> (Import Result ID: '93fa4984118d423474484ecc7aa93464') in 0.001 seconds [static and dynamic dependencies]. Details - ImportResultOutputID=6c6ad1ec0877c8fe47e7a9de32210630 DependenciesID=76540fff0fb1e65aa1956d3f2b0c2194 StaticDependenciesID=74cd2ff2847ebdaeab66d6bda73ea023 
Number of updated asset objects reloaded before import = 0
Number of asset objects unloaded after import = 0
========================================================================
Received Import Request.
  Time of request: 2026-08-24T15:19:23.8165434Z
  Time since last request: 0.4153133 seconds.
  importAddress: GUID: ce9a025e0da85a34d81edd36192004a6 - Path: Assets/Scripts/UI/OptionsUI.cs - Importer: PreviewImporter
Importing 'GUID: ce9a025e0da85a34d81edd36192004a6 - Path: Assets/Scripts/UI/OptionsUI.cs - Importer: PreviewImporter' with importer (PreviewImporter)
Imported 'GUID: ce9a025e0da85a34d81edd36192004a6' -> (Import Result ID: 'e08c05c8cfdd1ba42801c5f8ee4e7f82') in 0.001 seconds [static and dynamic dependencies]. Details - ImportResultOutputID=f1b4ca9c6a1dcb8ca54f55711fb9dbc7 DependenciesID=d7be84d093827642bd7b9662a6a1f324 StaticDependenciesID=9ecbe3a6bd6630f23d618e35671a70d0 
Number of updated asset objects reloaded before import = 0
Number of asset objects unloaded after import = 0
========================================================================
Received Prepare
AcceleratorClientConnectionCallback - disconnected - :0
[Licensing::Client] Successfully resolved entitlement details
Duplicate assembly 'log4net.dll' with different versions detected, using 'Packages/com.unity.package-validation-suite/Lib/Editor/log4net.dll, AssemblyName=log4net, Version=2.0.8.0, Culture=neutral, PublicKeyToken=669e0ddf0bb1aa2a' and ignoring 'Packages/com.unity.collab-proxy/Lib/Editor/log4netPlastic.dll, AssemblyName=log4net, Version=1.2.15.0, Culture=neutral, PublicKeyToken=669e0ddf0bb1aa2a'.Begin MonoManager ReloadAssembly
Duplicate assembly 'log4net.dll' with different versions detected, using 'Packages/com.unity.package-validation-suite/Lib/Editor/log4net.dll, AssemblyName=log4net, Version=2.0.8.0, Culture=neutral, PublicKeyToken=669e0ddf0bb1aa2a' and ignoring 'Packages/com.unity.collab-proxy/Lib/Editor/log4netPlastic.dll, AssemblyName=log4net, Version=1.2.15.0, Culture=neutral, PublicKeyToken=669e0ddf0bb1aa2a'.Symbol file LoadedFromMemory is not a mono symbol file
Refreshing native plugins compatible for Editor in 11.69 ms, found 4 plugins.
Native extension for WindowsStandalone target not found
[Package Manager] Failed to launch server process. Reason: Unity was launched with the -noUpm command-line argument
[Package Manager] Unable to send message (not connected to server process).
[Package Manager] Cannot connect to Unity Package Manager local server
[Package Manager] Failed to launch server process. Reason: Unity was launched with the -noUpm command-line argument
[Package Manager] Unable to send message (not connected to server process).
[Package Manager] Cannot connect to Unity Package Manager local server
ScheduleIndexationOnStartup MainProcess:False IndexOnStartup:True
Mono: successfully reloaded assembly
- Finished resetting the current domain, in  1.464 seconds
Domain Reload Profiling: 3376ms
	BeginReloadAssembly (414ms)
		DisableScriptedObjects (17ms)
		CreateAndSetChildDomain (71ms)
	RebuildCommonClasses (17ms)
	RebuildNativeTypeToScriptingClass (30ms)
	initialDomainReloadingComplete (152ms)
	LoadAllAssembliesAndSetupDomain (1297ms)
		LoadAssemblies (810ms)
		AnalyzeDomain (442ms)
			TypeCache.Refresh (22ms)
			BuildScriptInfoCaches (401ms)
			ResolveRequiredComponents (16ms)
	FinalizeReload (1466ms)
		SetupLoadedEditorAssemblies (0ms)
			InitializePlatformSupportModulesInManaged (4ms)
			BeforeProcessingInitializeOnLoad (208ms)
			ProcessInitializeOnLoadAttributes (520ms)
			ProcessInitializeOnLoadMethodAttributes (229ms)
			AfterProcessingInitializeOnLoad (26ms)
		AwakeInstancesAfterBackupRestoration (38ms)
Refreshing native plugins compatible for Editor in 16.57 ms, found 4 plugins.
Unloading 29 Unused Serialized files (Serialized files now loaded: 0)
Unloading 6785 unused Assets / (4.7 MB). Loaded Objects now: 7717.
Memory consumption went from 348.7 MB to 344.1 MB.
Total: 21.122200 ms (FindLiveObjects: 1.328800 ms CreateObjectMapping: 5.678300 ms MarkObjects: 10.052800 ms  DeleteObjects: 4.059400 ms)

Prepare: number of updated asset objects reloaded= 0
========================================================================
Received Import Request.
  Time of request: 2026-08-24T15:20:21.5196792Z
  Time since last request: 57.6946068 seconds.
  importAddress: GUID: 280a17ec7cc34f642b1f4565f6c2a00b - Path: Assets/Scripts/UI/InGameUI.cs - Importer: PreviewImporter
Importing 'GUID: 280a17ec7cc34f642b1f4565f6c2a00b - Path: Assets/Scripts/UI/InGameUI.cs - Importer: PreviewImporter' with importer (PreviewImporter)
Imported 'GUID: 280a17ec7cc34f642b1f4565f6c2a00b' -> (Import Result ID: '33d862fd08322a96f4de2f1e3107eb30') in 0.002 seconds [static and dynamic dependencies]. Details - ImportResultOutputID=3a4bd23d27f238b96da9efd25dda7823 DependenciesID=778d55c395ce945d7398dbfd7f2743f3 StaticDependenciesID=77540818c1a0d9b0966aecd7455dfd1e 
Number of updated asset objects reloaded before import = 0
Number of asset objects unloaded after import = 0
========================================================================
Received Import Request.
  Time of request: 2026-08-24T15:20:52.1076135Z
  Time since last request: 30.5614476 seconds.
  importAddress: GUID: f924c8fb1dd4b944dba2776e01970c93 - Path: Assets/Scripts/UI/PauseMenuUI.cs - Importer: PreviewImporter
Importing 'GUID: f924c8fb1dd4b944dba2776e01970c93 - Path: Assets/Scripts/UI/PauseMenuUI.cs - Importer: PreviewImporter' with importer (PreviewImporter)
Imported 'GUID: f924c8fb1dd4b944dba2776e01970c93' -> (Import Result ID: 'ec856699b7db45fd5026f902a65a6db2') in 0.001 seconds [static and dynamic dependencies]. Details - ImportResultOutputID=fcb7cd868155e076949c5f24206887d2 DependenciesID=6d3003ae87f9081160df679a10cb1396 StaticDependenciesID=883a38f175f9dc22b48243904b3d7c2a 
Number of updated asset objects reloaded before import = 0
Number of asset objects unloaded after import = 0
========================================================================
Received Prepare
AcceleratorClientConnectionCallback - disconnected - :0
[Licensing::Client] Successfully resolved entitlement details
Duplicate assembly 'log4net.dll' with different versions detected, using 'Packages/com.unity.package-validation-suite/Lib/Editor/log4net.dll, AssemblyName=log4net, Version=2.0.8.0, Culture=neutral, PublicKeyToken=669e0ddf0bb1aa2a' and ignoring 'Packages/com.unity.collab-proxy/Lib/Editor/log4netPlastic.dll, AssemblyName=log4net, Version=1.2.15.0, Culture=neutral, PublicKeyToken=669e0ddf0bb1aa2a'.Begin MonoManager ReloadAssembly
Duplicate assembly 'log4net.dll' with different versions detected, using 'Packages/com.unity.package-validation-suite/Lib/Editor/log4net.dll, AssemblyName=log4net, Version=2.0.8.0, Culture=neutral, PublicKeyToken=669e0ddf0bb1aa2a' and ignoring 'Packages/com.unity.collab-proxy/Lib/Editor/log4netPlastic.dll, AssemblyName=log4net, Version=1.2.15.0, Culture=neutral, PublicKeyToken=669e0ddf0bb1aa2a'.Symbol file LoadedFromMemory is not a mono symbol file
Refreshing native plugins compatible for Editor in 5.85 ms, found 4 plugins.
Native extension for WindowsStandalone target not found
[Package Manager] Failed to launch server process. Reason: Unity was launched with the -noUpm command-line argument
[Package Manager] Unable to send message (not connected to server process).
[Package Manager] Cannot connect to Unity Package Manager local server
[Package Manager] Failed to launch server process. Reason: Unity was launched with the -noUpm command-line argument
[Package Manager] Unable to send message (not connected to server process).
[Package Manager] Cannot connect to Unity Package Manager local server
ScheduleIndexationOnStartup MainProcess:False IndexOnStartup:True
Mono: successfully reloaded assembly
- Finished resetting the current domain, in  1.284 seconds
Domain Reload Profiling: 3185ms
	BeginReloadAssembly (372ms)
		DisableScriptedObjects (10ms)
		CreateAndSetChildDomain (78ms)
	RebuildCommonClasses (17ms)
	RebuildNativeTypeToScriptingClass (57ms)
	initialDomainReloadingComplete (265ms)
	LoadAllAssembliesAndSetupDomain (1189ms)
		LoadAssemblies (863ms)
		AnalyzeDomain (88ms)
			TypeCache.Refresh (19ms)
			ResolveRequiredComponents (57ms)
	FinalizeReload (1285ms)
		SetupLoadedEditorAssemblies (0ms)
			InitializePlatformSupportModulesInManaged (9ms)
			BeforeProcessingInitializeOnLoad (267ms)
			ProcessInitializeOnLoadAttributes (409ms)
			ProcessInitializeOnLoadMethodAttributes (185ms)
			AfterProcessingInitializeOnLoad (9ms)
		AwakeInstancesAfterBackupRestoration (28ms)
Refreshing native plugins compatible for Editor in 5.76 ms, found 4 plugins.
Unloading 29 Unused Serialized files (Serialized files now loaded: 0)
Unloading 6785 unused Assets / (6.1 MB). Loaded Objects now: 7720.
Memory consumption went from 348.7 MB to 342.6 MB.
Total: 13.096400 ms (FindLiveObjects: 0.808800 ms CreateObjectMapping: 2.842900 ms MarkObjects: 6.268200 ms  DeleteObjects: 3.174500 ms)

Prepare: number of updated asset objects reloaded= 0
========================================================================
Received Import Request.
  Time of request: 2026-08-24T15:22:15.9934197Z
  Time since last request: 83.8730752 seconds.
  importAddress: GUID: 717d4fdc54b80294891ee6d429dbb38e - Path: Assets/Scripts/Car/CameraController.cs - Importer: PreviewImporter
Importing 'GUID: 717d4fdc54b80294891ee6d429dbb38e - Path: Assets/Scripts/Car/CameraController.cs - Importer: PreviewImporter' with importer (PreviewImporter)
Imported 'GUID: 717d4fdc54b80294891ee6d429dbb38e' -> (Import Result ID: 'e021673dfcfff9e44a7cdaff028978b8') in 0.002 seconds [static and dynamic dependencies]. Details - ImportResultOutputID=82ada8b3e7aab5103bbefd1a4c519054 DependenciesID=13ad1979e02285ee8b092d5685b8d89b StaticDependenciesID=c4b1a80252323a8fafa0613b6db6949c 
Number of updated asset objects reloaded before import = 0
Number of asset objects unloaded after import = 0
========================================================================
Received Import Request.
  Time of request: 2026-08-24T15:22:16.4852884Z
  Time since last request: 0.4763293 seconds.
  importAddress: GUID: 48d175c76a5220a4dba8dd4ab93ffd1f - Path: Assets/Scripts/Car/CarLocomotionManager.cs - Importer: PreviewImporter
Importing 'GUID: 48d175c76a5220a4dba8dd4ab93ffd1f - Path: Assets/Scripts/Car/CarLocomotionManager.cs - Importer: PreviewImporter' with importer (PreviewImporter)
Imported 'GUID: 48d175c76a5220a4dba8dd4ab93ffd1f' -> (Import Result ID: '4b86c3a60d1a849183a1aad9cbd65929') in 0.001 seconds [static and dynamic dependencies]. Details - ImportResultOutputID=6996effd848c39dfbb5bd0b59e277403 DependenciesID=5c547654235957908d2ad7941fb58c61 StaticDependenciesID=c031741a6f7158796e3ec8146d4f79f4 
Number of updated asset objects reloaded before import = 0
Number of asset objects unloaded after import = 0
========================================================================
Received Import Request.
  Time of request: 2026-08-24T15:22:16.8693492Z
  Time since last request: 0.3744932 seconds.
  importAddress: GUID: 6d4be2f78ba6d604694aa299984a4e18 - Path: Assets/Scripts/Car/EngineAudioManager.cs - Importer: PreviewImporter
Importing 'GUID: 6d4be2f78ba6d604694aa299984a4e18 - Path: Assets/Scripts/Car/EngineAudioManager.cs - Importer: PreviewImporter' with importer (PreviewImporter)
Imported 'GUID: 6d4be2f78ba6d604694aa299984a4e18' -> (Import Result ID: '39883d6776bfac63876dd72db2a28555') in 0.001 seconds [static and dynamic dependencies]. Details - ImportResultOutputID=070c026b60d7a9764088962d5949288f DependenciesID=0a187e5c405ab7e742cdafe4de1ae382 StaticDependenciesID=823fa5994b9f624975eff3dbb990011e 
Number of updated asset objects reloaded before import = 0
Number of asset objects unloaded after import = 0
========================================================================
Received Import Request.
  Time of request: 2026-08-24T15:22:17.2349407Z
  Time since last request: 0.3543813 seconds.
  importAddress: GUID: fb097631d4b066d4db2095adfc8c8d66 - Path: Assets/Scripts/Car/VehicleStabiliser.cs - Importer: PreviewImporter
Importing 'GUID: fb097631d4b066d4db2095adfc8c8d66 - Path: Assets/Scripts/Car/VehicleStabiliser.cs - Importer: PreviewImporter' with importer (PreviewImporter)
Imported 'GUID: fb097631d4b066d4db2095adfc8c8d66' -> (Import Result ID: '3e3e59d5c52a7b8a126bae70700ccf53') in 0.001 seconds [static and dynamic dependencies]. Details - ImportResultOutputID=9716db7955ddc4dc613e2276578ce51a DependenciesID=1ef351db34ad6d8c04cccc8435283a57 StaticDependenciesID=dd192d88eac10ee9405648a6c5370f88 
Number of updated asset objects reloaded before import = 0
Number of asset objects unloaded after import = 0
========================================================================
Received Import Request.
  Time of request: 2026-08-24T15:22:23.6251407Z
  Time since last request: 6.3810659 seconds.
  importAddress: GUID: 26eefae657d311e4ba4b60b1728c9a27 - Path: Assets/Scripts/Circuit/RaceManager.cs - Importer: PreviewImporter
Importing 'GUID: 26eefae657d311e4ba4b60b1728c9a27 - Path: Assets/Scripts/Circuit/RaceManager.cs - Importer: PreviewImporter' with importer (PreviewImporter)
Imported 'GUID: 26eefae657d311e4ba4b60b1728c9a27' -> (Import Result ID: 'be3ac676c364ce78d3e5974f0552f7ab') in 0.001 seconds [static and dynamic dependencies]. Details - ImportResultOutputID=08430e8f2951828c71334879a9b675d1 DependenciesID=959bf6e4c2d54051b28f3942eebdeeae StaticDependenciesID=2dcd93bda98a6b4aaf50da6418ec9674 
Number of updated asset objects reloaded before import = 0
Number of asset objects unloaded after import = 0
========================================================================
Received Import Request.
  Time of request: 2026-08-24T15:22:24.0908559Z
  Time since last request: 0.4563141 seconds.
  importAddress: GUID: 87e57da1319b6ca47b17e26912440e92 - Path: Assets/Scripts/Circuit/CheckpointSingle.cs - Importer: PreviewImporter
Importing 'GUID: 87e57da1319b6ca47b17e26912440e92 - Path: Assets/Scripts/Circuit/CheckpointSingle.cs - Importer: PreviewImporter' with importer (PreviewImporter)
Imported 'GUID: 87e57da1319b6ca47b17e26912440e92' -> (Import Result ID: 'a1ed8cf027362ef9b8e2a9361f9b13ed') in 0.001 seconds [static and dynamic dependencies]. Details - ImportResultOutputID=f2545083289814b5bffd074366ba717e DependenciesID=d417b169433e4735f58797d55ad51b52 StaticDependenciesID=e0211c8b079d61182406926df39a4efc 
Number of updated asset objects reloaded before import = 0
Number of asset objects unloaded after import = 0
========================================================================
Received Import Request.
  Time of request: 2026-08-24T15:22:24.9086752Z
  Time since last request: 0.8083086 seconds.
  importAddress: GUID: ce3b6b7e132064141801ddf26058f74a - Path: Assets/Scripts/Circuit/SectorTrigger.cs - Importer: PreviewImporter
Importing 'GUID: ce3b6b7e132064141801ddf26058f74a - Path: Assets/Scripts/Circuit/SectorTrigger.cs - Importer: PreviewImporter' with importer (PreviewImporter)
Imported 'GUID: ce3b6b7e132064141801ddf26058f74a' -> (Import Result ID: '82941048238eb27505198f1962d9ee18') in 0.001 seconds [static and dynamic dependencies]. Details - ImportResultOutputID=72a6b08c7228b959dae66d85f91c29c5 DependenciesID=697583830c0e7b6f9c6a9b7407f2e90b StaticDependenciesID=c6b7dcfb24cf17bf509ed4f43de0c0da 
Number of updated asset objects reloaded before import = 0
Number of asset objects unloaded after import = 0
========================================================================
Received Import Request.
  Time of request: 2026-08-24T15:22:26.0521977Z
  Time since last request: 1.1344208 seconds.
  importAddress: GUID: 42ff5b89a5d94414781b1611da66a826 - Path: Assets/Scripts/InputManagers - Importer: PreviewImporter
Importing 'GUID: 42ff5b89a5d94414781b1611da66a826 - Path: Assets/Scripts/InputManagers - Importer: PreviewImporter' with importer (PreviewImporter)
Imported 'GUID: 42ff5b89a5d94414781b1611da66a826' -> (Import Result ID: 'c0e54d23a1c255384f923e31aa9c732e') in 0.000 seconds [static and dynamic dependencies]. Details - ImportResultOutputID=e47619e8102052e7ef2865250ff984af DependenciesID=e6c54edb58b21fd296099ea405e1696e StaticDependenciesID=cf2d213e98a6bd8251718fcd2b409c71 
Number of updated asset objects reloaded before import = 0
Number of asset objects unloaded after import = 0
========================================================================
Received Prepare
AcceleratorClientConnectionCallback - disconnected - :0
Refreshing native plugins compatible for Editor in 3.67 ms, found 4 plugins.
Unloading 29 Unused Serialized files (Serialized files now loaded: 0)
Unloading 29 unused Assets / (2.8 MB). Loaded Objects now: 7720.
Memory consumption went from 343.8 MB to 341.0 MB.
Total: 8.133400 ms (FindLiveObjects: 0.369300 ms CreateObjectMapping: 0.775400 ms MarkObjects: 6.492300 ms  DeleteObjects: 0.495800 ms)

Prepare: number of updated asset objects reloaded= 0
========================================================================
Received Prepare
AcceleratorClientConnectionCallback - disconnected - :0
[Licensing::Client] Successfully resolved entitlement details
Duplicate assembly 'log4net.dll' with different versions detected, using 'Packages/com.unity.package-validation-suite/Lib/Editor/log4net.dll, AssemblyName=log4net, Version=2.0.8.0, Culture=neutral, PublicKeyToken=669e0ddf0bb1aa2a' and ignoring 'Packages/com.unity.collab-proxy/Lib/Editor/log4netPlastic.dll, AssemblyName=log4net, Version=1.2.15.0, Culture=neutral, PublicKeyToken=669e0ddf0bb1aa2a'.Begin MonoManager ReloadAssembly
Duplicate assembly 'log4net.dll' with different versions detected, using 'Packages/com.unity.package-validation-suite/Lib/Editor/log4net.dll, AssemblyName=log4net, Version=2.0.8.0, Culture=neutral, PublicKeyToken=669e0ddf0bb1aa2a' and ignoring 'Packages/com.unity.collab-proxy/Lib/Editor/log4netPlastic.dll, AssemblyName=log4net, Version=1.2.15.0, Culture=neutral, PublicKeyToken=669e0ddf0bb1aa2a'.Symbol file LoadedFromMemory is not a mono symbol file
Refreshing native plugins compatible for Editor in 11.44 ms, found 4 plugins.
Native extension for WindowsStandalone target not found
[Package Manager] Failed to launch server process. Reason: Unity was launched with the -noUpm command-line argument
[Package Manager] Unable to send message (not connected to server process).
[Package Manager] Cannot connect to Unity Package Manager local server
[Package Manager] Failed to launch server process. Reason: Unity was launched with the -noUpm command-line argument
[Package Manager] Unable to send message (not connected to server process).
[Package Manager] Cannot connect to Unity Package Manager local server
ScheduleIndexationOnStartup MainProcess:False IndexOnStartup:True
Mono: successfully reloaded assembly
- Finished resetting the current domain, in  1.390 seconds
Domain Reload Profiling: 3234ms
	BeginReloadAssembly (539ms)
		DisableScriptedObjects (18ms)
		CreateAndSetChildDomain (95ms)
	RebuildCommonClasses (18ms)
	RebuildNativeTypeToScriptingClass (40ms)
	initialDomainReloadingComplete (181ms)
	LoadAllAssembliesAndSetupDomain (1063ms)
		LoadAssemblies (1023ms)
		AnalyzeDomain (40ms)
			TypeCache.Refresh (14ms)
			ResolveRequiredComponents (17ms)
	FinalizeReload (1392ms)
		SetupLoadedEditorAssemblies (0ms)
			InitializePlatformSupportModulesInManaged (3ms)
			BeforeProcessingInitializeOnLoad (175ms)
			ProcessInitializeOnLoadAttributes (481ms)
			ProcessInitializeOnLoadMethodAttributes (222ms)
			AfterProcessingInitializeOnLoad (26ms)
		AwakeInstancesAfterBackupRestoration (44ms)
Refreshing native plugins compatible for Editor in 12.57 ms, found 4 plugins.
Unloading 29 Unused Serialized files (Serialized files now loaded: 0)
Unloading 6785 unused Assets / (5.0 MB). Loaded Objects now: 7723.
Memory consumption went from 349.0 MB to 344.0 MB.
Total: 19.915200 ms (FindLiveObjects: 1.197200 ms CreateObjectMapping: 5.778200 ms MarkObjects: 8.678200 ms  DeleteObjects: 4.259800 ms)

Prepare: number of updated asset objects reloaded= 0
========================================================================
Received Prepare
AcceleratorClientConnectionCallback - disconnected - :0
Refreshing native plugins compatible for Editor in 12.43 ms, found 4 plugins.
Unloading 29 Unused Serialized files (Serialized files now loaded: 0)
Unloading 29 unused Assets / (2.8 MB). Loaded Objects now: 7723.
Memory consumption went from 344.3 MB to 341.5 MB.
Total: 11.824000 ms (FindLiveObjects: 0.647900 ms CreateObjectMapping: 2.207400 ms MarkObjects: 8.277900 ms  DeleteObjects: 0.689100 ms)

Prepare: number of updated asset objects reloaded= 1
========================================================================
Received Prepare
AcceleratorClientConnectionCallback - disconnected - :0
Refreshing native plugins compatible for Editor in 9.21 ms, found 4 plugins.
Unloading 29 Unused Serialized files (Serialized files now loaded: 0)
Unloading 29 unused Assets / (2.8 MB). Loaded Objects now: 7723.
Memory consumption went from 344.5 MB to 341.7 MB.
Total: 11.878300 ms (FindLiveObjects: 1.013000 ms CreateObjectMapping: 1.145300 ms MarkObjects: 8.328800 ms  DeleteObjects: 1.389100 ms)

Prepare: number of updated asset objects reloaded= 0
========================================================================
Received Prepare
AcceleratorClientConnectionCallback - disconnected - :0
Refreshing native plugins compatible for Editor in 11.59 ms, found 4 plugins.
Unloading 29 Unused Serialized files (Serialized files now loaded: 0)
Unloading 29 unused Assets / (2.8 MB). Loaded Objects now: 7723.
Memory consumption went from 344.7 MB to 341.9 MB.
Total: 12.095100 ms (FindLiveObjects: 0.598800 ms CreateObjectMapping: 1.284100 ms MarkObjects: 9.480700 ms  DeleteObjects: 0.729800 ms)

Prepare: number of updated asset objects reloaded= 21
========================================================================
Received Prepare
AcceleratorClientConnectionCallback - disconnected - :0
Refreshing native plugins compatible for Editor in 13.55 ms, found 4 plugins.
Unloading 29 Unused Serialized files (Serialized files now loaded: 0)
Unloading 29 unused Assets / (2.8 MB). Loaded Objects now: 7723.
Memory consumption went from 345.2 MB to 342.4 MB.
Total: 132.694100 ms (FindLiveObjects: 4.017000 ms CreateObjectMapping: 2.503100 ms MarkObjects: 122.864700 ms  DeleteObjects: 3.303500 ms)

Prepare: number of updated asset objects reloaded= 0
========================================================================
Received Prepare
AcceleratorClientConnectionCallback - disconnected - :0
Refreshing native plugins compatible for Editor in 9.45 ms, found 4 plugins.
Unloading 29 Unused Serialized files (Serialized files now loaded: 0)
Unloading 29 unused Assets / (2.8 MB). Loaded Objects now: 7723.
Memory consumption went from 345.3 MB to 342.5 MB.
Total: 15.988600 ms (FindLiveObjects: 0.592300 ms CreateObjectMapping: 1.197400 ms MarkObjects: 12.265500 ms  DeleteObjects: 1.931300 ms)

Prepare: number of updated asset objects reloaded= 0
Editor requested this worker to shutdown with reason: Editor is closing down
AcceleratorClientConnectionCallback - disconnected - :0
AssetImportWorker is now disconnected from the server
Process exiting
Exiting without the bug reporter. Application will terminate with return code 0