[Licensing::Module] Trying to connect to existing licensing client channel...
Built from '6000.3/staging' branch; Version is '6000.3.3f1 (ef04196de0d6) revision 15664153'; Using compiler version '194234433'; Build Type 'Release'
OS: 'Windows 11  (10.0.26200) 64bit Core' Language: 'en' Physical Memory: 16077 MB
BatchMode: 1, IsHumanControllingUs: 0, StartBugReporterOnCrash: 0, Is64bit: 1
Date: 2026-01-13T18:12:10Z
[Licensing::IpcConnector] Successfully connected to: "LicenseClient-moham" at "2026-01-13T18:12:10.539252Z"

COMMAND LINE ARGUMENTS:
C:\Program Files\Unity\Hub\Editor\6000.3.3f1\Editor\Unity.exe
-adb2
-batchMode
-noUpm
-name
AssetImportWorker0
-projectPath
C:/Users/moham/My Stuff/Development/Formula-NIL
-logFile
Logs/AssetImportWorker0.log
-srvPort
56687
-licensingIpc
LicenseClient-moham
-job-worker-count
9
-background-job-worker-count
8
-gc-helper-count
1
-name
AssetImport
Successfully changed project path to: C:/Users/moham/My Stuff/Development/Formula-NIL
C:/Users/moham/My Stuff/Development/Formula-NIL
[UnityMemory] Configuration Parameters - Can be set up in boot.config
    "memorysetup-temp-allocator-size-nav-mesh-worker=65536"
    "memorysetup-temp-allocator-size-audio-worker=65536"
    "memorysetup-temp-allocator-size-gfx=262144"
    "memorysetup-allocator-temp-initial-block-size-main=262144"
    "memorysetup-allocator-temp-initial-block-size-worker=262144"
    "memorysetup-temp-allocator-size-background-worker=32768"
    "memorysetup-temp-allocator-size-job-worker=262144"
    "memorysetup-temp-allocator-size-preload-manager=33554432"
    "memorysetup-temp-allocator-size-gi-baking-worker=262144"
    "memorysetup-temp-allocator-size-gi-baking-worker=262144"
    "memorysetup-temp-allocator-size-gi-baking-worker=262144"
    "memorysetup-temp-allocator-size-gi-baking-worker=262144"
    "memorysetup-temp-allocator-size-gi-baking-worker=262144"
    "memorysetup-bucket-allocator-granularity=16"
    "memorysetup-bucket-allocator-bucket-count=8"
    "memorysetup-bucket-allocator-block-size=33554432"
    "memorysetup-bucket-allocator-block-count=8"
    "memorysetup-main-allocator-block-size=16777216"
    "memorysetup-thread-allocator-block-size=16777216"
    "memorysetup-gfx-main-allocator-block-size=16777216"
    "memorysetup-gfx-thread-allocator-block-size=16777216"
    "memorysetup-cache-allocator-block-size=4194304"
    "memorysetup-typetree-allocator-block-size=2097152"
    "memorysetup-profiler-bucket-allocator-granularity=16"
    "memorysetup-profiler-bucket-allocator-bucket-count=8"
    "memorysetup-profiler-bucket-allocator-block-size=33554432"
    "memorysetup-profiler-bucket-allocator-block-count=8"
    "memorysetup-profiler-allocator-block-size=16777216"
    "memorysetup-profiler-editor-allocator-block-size=1048576"
    "memorysetup-temp-allocator-size-main=16777216"
    "memorysetup-job-temp-allocator-block-size=2097152"
    "memorysetup-job-temp-allocator-block-size-background=1048576"
    "memorysetup-job-temp-allocator-reduction-small-platforms=262144"
    "memorysetup-temp-allocator-size-cloud-worker=32768"
Player connection [15864]  Target information:

Player connection [15864]  * "[IP] 192.168.0.106 [Port] 0 [Flags] 2 [Guid] 2327746432 [EditorId] 2327746432 [Version] 1048832 [Id] WindowsEditor(7,WINTER) [Debug] 1 [PackageName] WindowsEditor [ProjectName] Editor" 

Player connection [15864] Host joined multi-casting on [225.0.0.222:54997]...
Player connection [15864] Host joined alternative multi-casting on [225.0.0.222:34997]...
JobSystem: Creating JobQueue using job-worker-count value 9
Input System module state changed to: Initialized.
[Physics::Module] Initialized fallback backend.
[Physics::Module] Id: 0xdecafbad
Library Redirect Path: Library/
[Physics::Module] Selected backend.
[Physics::Module] Name: PhysX
[Physics::Module] Id: 0xf2b8ea05
[Physics::Module] SDK Version: 4.1.2
[Physics::Module] Integration Version: 1.0.0
[Physics::Module] Threading Mode: Multi-Threaded
[Licensing::Client] Handshaking with LicensingClient:
  Version:                 1.17.4+4293ba1
  Session Id:              dcc8515975d34c9db19429896916e15d
  Correlation Id:          1dbda91a1fac8e5a8c46a6de667cceba
  External correlation Id: 6180465416169155197
  Machine Id:              TfOZK2I1D07pOdZHp7282DMlXO4=
[Licensing::Module] Successfully connected to LicensingClient on channel: "LicenseClient-moham" (connect: 0.01s, validation: 0.01s, handshake: 2.71s)
[Licensing::IpcConnector] Successfully connected to: "LicenseClient-moham-notifications" at "2026-01-13T18:12:13.2555823Z"
[Licensing::Module] Licensing Background thread has ended after 2.72s
Refreshing native plugins compatible for Editor in 2031.07 ms, found 5 plugins.
Preloading 0 native plugins for Editor in 0.00 ms.
Initialize engine version: 6000.3.3f1 (ef04196de0d6)
[Subsystems] Discovering subsystems at path C:/Program Files/Unity/Hub/Editor/6000.3.3f1/Editor/Data/Resources/UnitySubsystems
[Subsystems] Discovering subsystems at path C:/Users/moham/My Stuff/Development/Formula-NIL/Assets
GfxDevice: creating device client; kGfxThreadingModeNonThreaded
Direct3D:
    Version:  Direct3D 11.0 [level 11.1]
    Renderer: NVIDIA GeForce RTX 4060 Laptop GPU (ID=0x28a0)
    Vendor:   NVIDIA
    VRAM:     7956 MB
    Driver:   32.0.15.9159
Initialize mono
Mono path[0] = 'C:/Program Files/Unity/Hub/Editor/6000.3.3f1/Editor/Data/Managed'
Mono path[1] = 'C:/Program Files/Unity/Hub/Editor/6000.3.3f1/Editor/Data/MonoBleedingEdge/lib/mono/unityjit-win32'
Mono config path = 'C:/Program Files/Unity/Hub/Editor/6000.3.3f1/Editor/Data/MonoBleedingEdge/etc'
Using monoOptions --debugger-agent=transport=dt_socket,embedding=1,server=y,suspend=n,address=127.0.0.1:56208
Begin MonoManager ReloadAssembly
Registering precompiled unity dll's ...
Register platform support module: C:/Program Files/Unity/Hub/Editor/6000.3.3f1/Editor/Data/PlaybackEngines/WebGLSupport/UnityEditor.WebGL.Extensions.dll
Register platform support module: C:/Program Files/Unity/Hub/Editor/6000.3.3f1/Editor/Data/PlaybackEngines/WindowsStandaloneSupport/UnityEditor.WindowsStandalone.Extensions.dll
Registered in 0.719704 seconds.
- Loaded All Assemblies, in 30.703 seconds
Native extension for WindowsStandalone target not found
Native extension for WebGL target not found
Mono: successfully reloaded assembly
- Finished resetting the current domain, in  0.571 seconds
Domain Reload Profiling: 31267ms
	BeginReloadAssembly (26261ms)
		ExecutionOrderSort (0ms)
		DisableScriptedObjects (0ms)
		BackupInstance (0ms)
		ReleaseScriptingObjects (0ms)
		CreateAndSetChildDomain (1ms)
	RebuildCommonClasses (1195ms)
	RebuildNativeTypeToScriptingClass (12ms)
	initialDomainReloadingComplete (774ms)
	LoadAllAssembliesAndSetupDomain (2454ms)
		LoadAssemblies (26263ms)
		RebuildTransferFunctionScriptingTraits (0ms)
		AnalyzeDomain (2445ms)
			TypeCache.Refresh (2442ms)
				TypeCache.ScanAssembly (1744ms)
			BuildScriptInfoCaches (0ms)
			ResolveRequiredComponents (1ms)
	FinalizeReload (571ms)
		ReleaseScriptCaches (0ms)
		RebuildScriptCaches (0ms)
		SetupLoadedEditorAssemblies (517ms)
			LogAssemblyErrors (0ms)
			InitializePlatformSupportModulesInManaged (63ms)
			SetLoadedEditorAssemblies (5ms)
			BeforeProcessingInitializeOnLoad (145ms)
			ProcessInitializeOnLoadAttributes (200ms)
			ProcessInitializeOnLoadMethodAttributes (103ms)
			AfterProcessingInitializeOnLoad (0ms)
			EditorAssembliesLoaded (0ms)
		ExecutionOrderSort2 (0ms)
		AwakeInstancesAfterBackupRestoration (0ms)
========================================================================
Worker process is ready to serve import requests
Import Worker Mode flag is 0x00
Begin MonoManager ReloadAssembly
[Licensing::Client] Successfully resolved entitlement details
[Licensing::Module] License group:
  Id: 18966972188191-UnityPersXXXX
  Product: Unity Personal
  Type: Assigned
  Expiration: Unlimited
Duplicate assembly 'log4net.dll' with different versions detected, using 'Packages/com.unity.package-validation-suite/Lib/Editor/log4net.dll, AssemblyName=log4net, Version=2.0.8.0, Culture=neutral, PublicKeyToken=669e0ddf0bb1aa2a' and ignoring 'Packages/com.unity.collab-proxy/Lib/Editor/log4netPlastic.dll, AssemblyName=log4net, Version=1.2.15.0, Culture=neutral, PublicKeyToken=669e0ddf0bb1aa2a'.Symbol file LoadedFromMemory is not a mono symbol file
- Loaded All Assemblies, in 18.739 seconds
Refreshing native plugins compatible for Editor in 23.19 ms, found 5 plugins.
Native extension for WindowsStandalone target not found
Native extension for WebGL target not found
Package Manager log level set to [2]
[Package Manager] Failed to launch server process. Reason: Unity was launched with the -noUpm command-line argument
[Package Manager] Unable to send message (not connected to server process).
[Package Manager] Cannot connect to Unity Package Manager local server
Refreshing native plugins compatible for Editor in 21.85 ms, found 5 plugins.
Mono: successfully reloaded assembly
- Finished resetting the current domain, in  2.609 seconds
Domain Reload Profiling: 21343ms
	BeginReloadAssembly (213ms)
		ExecutionOrderSort (0ms)
		DisableScriptedObjects (5ms)
		BackupInstance (0ms)
		ReleaseScriptingObjects (0ms)
		CreateAndSetChildDomain (44ms)
	RebuildCommonClasses (42ms)
	RebuildNativeTypeToScriptingClass (10ms)
	initialDomainReloadingComplete (39ms)
	LoadAllAssembliesAndSetupDomain (18429ms)
		LoadAssemblies (17554ms)
		RebuildTransferFunctionScriptingTraits (0ms)
		AnalyzeDomain (983ms)
			TypeCache.Refresh (901ms)
				TypeCache.ScanAssembly (884ms)
			BuildScriptInfoCaches (61ms)
			ResolveRequiredComponents (16ms)
	FinalizeReload (2611ms)
		ReleaseScriptCaches (0ms)
		RebuildScriptCaches (0ms)
		SetupLoadedEditorAssemblies (1051ms)
			LogAssemblyErrors (0ms)
			InitializePlatformSupportModulesInManaged (3ms)
			SetLoadedEditorAssemblies (3ms)
			BeforeProcessingInitializeOnLoad (265ms)
			ProcessInitializeOnLoadAttributes (649ms)
			ProcessInitializeOnLoadMethodAttributes (113ms)
			AfterProcessingInitializeOnLoad (18ms)
			EditorAssembliesLoaded (0ms)
		ExecutionOrderSort2 (0ms)
		AwakeInstancesAfterBackupRestoration (9ms)
Launched and connected shader compiler UnityShaderCompiler.exe after 0.06 seconds
Refreshing native plugins compatible for Editor in 24.62 ms, found 5 plugins.
Preloading 0 native plugins for Editor in 0.00 ms.
Unloading 16 Unused Serialized files (Serialized files now loaded: 0)
Unloading 6673 unused Assets / (4.4 MB). Loaded Objects now: 7424.
Memory consumption went from 150.3 MB to 145.9 MB.
Total: 12.333900 ms (FindLiveObjects: 1.094000 ms CreateObjectMapping: 0.751400 ms MarkObjects: 8.013100 ms  DeleteObjects: 2.474200 ms)

========================================================================
Received Import Request.
  Time since last request: 451337.245413 seconds.
  path: Assets/Bahrain International Circuit/Grass.mat
  artifactKey: Guid(6255cd8c891fca34b959aca139b30373) Importer(2089858483,b0f066a214c2f5e87bad3c948f4d605d)
Start importing Assets/Bahrain International Circuit/Grass.mat using Guid(6255cd8c891fca34b959aca139b30373) Importer(2089858483,b0f066a214c2f5e87bad3c948f4d605d) (ScriptedImporter) -> (artifact id: 'a8ac9dfd34e9176430560c08473d7208') in 0.1721382 seconds
Number of updated asset objects reloaded before import = 0Number of asset objects unloaded after import = 4

========================================================================
Received Import Request.
  Time since last request: 0.000037 seconds.
  path: Assets/Materials/GhostTrail.mat
  artifactKey: Guid(004c44b17dc50144192b818b26bd22a6) Importer(2089858483,b0f066a214c2f5e87bad3c948f4d605d)
Start importing Assets/Materials/GhostTrail.mat using Guid(004c44b17dc50144192b818b26bd22a6) Importer(2089858483,b0f066a214c2f5e87bad3c948f4d605d) (ScriptedImporter) -> (artifact id: 'b8ce0298462ca2d9dc2a3b443051d1bf') in 0.0177206 seconds
Number of updated asset objects reloaded before import = 0Number of asset objects unloaded after import = 1

========================================================================
Received Import Request.
  Time since last request: 0.000070 seconds.
  path: Assets/Bahrain International Circuit/Metal.mat
  artifactKey: Guid(4bfe664e107b8c4408f7d803a8461bf8) Importer(2089858483,b0f066a214c2f5e87bad3c948f4d605d)
Start importing Assets/Bahrain International Circuit/Metal.mat using Guid(4bfe664e107b8c4408f7d803a8461bf8) Importer(2089858483,b0f066a214c2f5e87bad3c948f4d605d) (ScriptedImporter) -> (artifact id: '3a985956fbfe418cb9a04ffe92667a40') in 0.0259275 seconds
Number of updated asset objects reloaded before import = 0Number of asset objects unloaded after import = 2

========================================================================
Received Import Request.
  Time since last request: 0.000025 seconds.
  path: Assets/Scenes/BahrainCircuit.lighting
  artifactKey: Guid(886d6adc507d36a499f4aef99997a215) Importer(2089858483,b0f066a214c2f5e87bad3c948f4d605d)
Start importing Assets/Scenes/BahrainCircuit.lighting using Guid(886d6adc507d36a499f4aef99997a215) Importer(2089858483,b0f066a214c2f5e87bad3c948f4d605d) (ScriptedImporter) -> (artifact id: 'ce501e197187e4c0a99196ef385ec60f') in 0.0489144 seconds
Number of updated asset objects reloaded before import = 0Number of asset objects unloaded after import = 1

========================================================================
Received Import Request.
  Time since last request: 0.000012 seconds.
  path: Assets/Bahrain International Circuit/Small Ads.mat
  artifactKey: Guid(5affacb2975c1b240b500165dbb469ad) Importer(2089858483,b0f066a214c2f5e87bad3c948f4d605d)
Start importing Assets/Bahrain International Circuit/Small Ads.mat using Guid(5affacb2975c1b240b500165dbb469ad) Importer(2089858483,b0f066a214c2f5e87bad3c948f4d605d) (ScriptedImporter) -> (artifact id: '461f0d462d4487e72691c0310e1b12e7') in 0.0302123 seconds
Number of updated asset objects reloaded before import = 0Number of asset objects unloaded after import = 2

========================================================================
Received Import Request.
  Time since last request: 0.000025 seconds.
  path: Assets/Scripts/UI/InGameUI.cs
  artifactKey: Guid(280a17ec7cc34f642b1f4565f6c2a00b) Importer(2089858483,b0f066a214c2f5e87bad3c948f4d605d)
Start importing Assets/Scripts/UI/InGameUI.cs using Guid(280a17ec7cc34f642b1f4565f6c2a00b) Importer(2089858483,b0f066a214c2f5e87bad3c948f4d605d) (ScriptedImporter) -> (artifact id: 'a54eb09749191e013320851509789d3c') in 0.0274586 seconds
Number of updated asset objects reloaded before import = 0Number of asset objects unloaded after import = 0

========================================================================
Received Import Request.
  Time since last request: 0.000039 seconds.
  path: Assets/Plugins & Utilities/StreamingAssets/VO.bank
  artifactKey: Guid(7f0edd77df74af5428300f86062e0e53) Importer(2089858483,b0f066a214c2f5e87bad3c948f4d605d)
Start importing Assets/Plugins & Utilities/StreamingAssets/VO.bank using Guid(7f0edd77df74af5428300f86062e0e53) Importer(2089858483,b0f066a214c2f5e87bad3c948f4d605d) (ScriptedImporter) -> (artifact id: '4efee831c82f906c1c59a3b4e3974a47') in 0.0210409 seconds
Number of updated asset objects reloaded before import = 0Number of asset objects unloaded after import = 1

========================================================================
Received Import Request.
  Time since last request: 0.000024 seconds.
  path: Assets/Bahrain International Circuit/Track - Side.mat
  artifactKey: Guid(b37ee1ad341005a41a714d459f907450) Importer(2089858483,b0f066a214c2f5e87bad3c948f4d605d)
Start importing Assets/Bahrain International Circuit/Track - Side.mat using Guid(b37ee1ad341005a41a714d459f907450) Importer(2089858483,b0f066a214c2f5e87bad3c948f4d605d) (ScriptedImporter) -> (artifact id: 'c59d716d45d48fb4433a4637947fbeac') in 0.033315 seconds
Number of updated asset objects reloaded before import = 0Number of asset objects unloaded after import = 4

========================================================================
Received Import Request.
  Time since last request: 0.000026 seconds.
  path: Assets/Scripts/GameManager.cs
  artifactKey: Guid(bc65857d3276ef7489cb3c8d1a7aa20a) Importer(2089858483,b0f066a214c2f5e87bad3c948f4d605d)
Start importing Assets/Scripts/GameManager.cs using Guid(bc65857d3276ef7489cb3c8d1a7aa20a) Importer(2089858483,b0f066a214c2f5e87bad3c948f4d605d) (ScriptedImporter) -> (artifact id: '47c268531481364e1bf596f506dab2ee') in 0.0186989 seconds
Number of updated asset objects reloaded before import = 0Number of asset objects unloaded after import = 0

========================================================================
Received Import Request.
  Time since last request: 0.000020 seconds.
  path: Assets/Prefabs/F1-Car (AI).prefab
  artifactKey: Guid(9388bb74cf04d184ebfa09472d4a062c) Importer(2089858483,b0f066a214c2f5e87bad3c948f4d605d)
Start importing Assets/Prefabs/F1-Car (AI).prefab using Guid(9388bb74cf04d184ebfa09472d4a062c) Importer(2089858483,b0f066a214c2f5e87bad3c948f4d605d) (ScriptedImporter) -> (artifact id: 'dc926fe3822b8e9c61c33d0714022175') in 0.1555653 seconds
Number of updated asset objects reloaded before import = 0Number of asset objects unloaded after import = 73

========================================================================
Received Import Request.
  Time since last request: 0.000047 seconds.
  path: Assets/Scripts/Time Trial Ghost/GhostRunner.cs
  artifactKey: Guid(8a9c5aff6d721884886ac03c4403803e) Importer(2089858483,b0f066a214c2f5e87bad3c948f4d605d)
Start importing Assets/Scripts/Time Trial Ghost/GhostRunner.cs using Guid(8a9c5aff6d721884886ac03c4403803e) Importer(2089858483,b0f066a214c2f5e87bad3c948f4d605d) (ScriptedImporter) -> (artifact id: '57312457649a12fcafc40124fc50f17a') in 0.0256153 seconds
Number of updated asset objects reloaded before import = 0Number of asset objects unloaded after import = 0

========================================================================
Received Import Request.
  Time since last request: 0.000024 seconds.
  path: Assets/Bahrain International Circuit/Textures/Noise/Noise - 1.png
  artifactKey: Guid(89e62e84a5f3cea44b1cc60fc7adef5d) Importer(2089858483,b0f066a214c2f5e87bad3c948f4d605d)
Start importing Assets/Bahrain International Circuit/Textures/Noise/Noise - 1.png using Guid(89e62e84a5f3cea44b1cc60fc7adef5d) Importer(2089858483,b0f066a214c2f5e87bad3c948f4d605d) (ScriptedImporter) -> (artifact id: '9c7deb4e66e7285513585f99ea0ffb0c') in 0.0631798 seconds
Number of updated asset objects reloaded before import = 0Number of asset objects unloaded after import = 1

========================================================================
Received Import Request.
  Time since last request: 0.000019 seconds.
  path: Assets/Bahrain International Circuit/Textures/Metal/Metal - Base.png
  artifactKey: Guid(a527068e5bd43d3449e4e7c1c9b39d25) Importer(2089858483,b0f066a214c2f5e87bad3c948f4d605d)
Start importing Assets/Bahrain International Circuit/Textures/Metal/Metal - Base.png using Guid(a527068e5bd43d3449e4e7c1c9b39d25) Importer(2089858483,b0f066a214c2f5e87bad3c948f4d605d) (ScriptedImporter) -> (artifact id: '76170fa6e16af393c88abc84944b1289') in 0.028603 seconds
Number of updated asset objects reloaded before import = 0Number of asset objects unloaded after import = 1

========================================================================
Received Import Request.
  Time since last request: 0.000028 seconds.
  path: Assets/Bahrain International Circuit/Track.mat
  artifactKey: Guid(f9e29f317522f3b41a97c55f6638afb2) Importer(2089858483,b0f066a214c2f5e87bad3c948f4d605d)
Start importing Assets/Bahrain International Circuit/Track.mat using Guid(f9e29f317522f3b41a97c55f6638afb2) Importer(2089858483,b0f066a214c2f5e87bad3c948f4d605d) (ScriptedImporter) -> (artifact id: '1289388d7bbb3f5919a33d1cfc348922') in 0.0270599 seconds
Number of updated asset objects reloaded before import = 0Number of asset objects unloaded after import = 4

========================================================================
Received Import Request.
  Time since last request: 0.000015 seconds.
  path: Assets/Bahrain International Circuit/Textures/Metal/Metal - Roughness.png
  artifactKey: Guid(7b4f7736764cf2043977467909ca46fb) Importer(2089858483,b0f066a214c2f5e87bad3c948f4d605d)
Start importing Assets/Bahrain International Circuit/Textures/Metal/Metal - Roughness.png using Guid(7b4f7736764cf2043977467909ca46fb) Importer(2089858483,b0f066a214c2f5e87bad3c948f4d605d) (ScriptedImporter) -> (artifact id: '9e8f80edd21718ac2e2e9179c54e3ad9') in 0.0234773 seconds
Number of updated asset objects reloaded before import = 0Number of asset objects unloaded after import = 1

========================================================================
Received Import Request.
  Time since last request: 0.000017 seconds.
  path: Assets/Scenes/BahrainCircuit/ReflectionProbe-1.exr
  artifactKey: Guid(bfa7c02550e13a14a8b6da31e546968a) Importer(2089858483,b0f066a214c2f5e87bad3c948f4d605d)
Start importing Assets/Scenes/BahrainCircuit/ReflectionProbe-1.exr using Guid(bfa7c02550e13a14a8b6da31e546968a) Importer(2089858483,b0f066a214c2f5e87bad3c948f4d605d) (ScriptedImporter) -> (artifact id: '9d0f252a35ccb1c92687b8b12103eb88') in 0.0407682 seconds
Number of updated asset objects reloaded before import = 0Number of asset objects unloaded after import = 1

========================================================================
Received Import Request.
  Time since last request: 0.000028 seconds.
  path: Assets/Scripts/Time Trial Ghost/Recording.cs
  artifactKey: Guid(3fbefe1e8dceefc458d2eed864b923bb) Importer(2089858483,b0f066a214c2f5e87bad3c948f4d605d)
Start importing Assets/Scripts/Time Trial Ghost/Recording.cs using Guid(3fbefe1e8dceefc458d2eed864b923bb) Importer(2089858483,b0f066a214c2f5e87bad3c948f4d605d) (ScriptedImporter) -> (artifact id: '53409c8fd093d390188f980661a69bde') in 0.0192623 seconds
Number of updated asset objects reloaded before import = 0Number of asset objects unloaded after import = 0

========================================================================
Received Import Request.
  Time since last request: 0.000023 seconds.
  path: Assets/Scripts/Time Trial Ghost/ReplaySystem.cs
  artifactKey: Guid(133e3769d10ecf74cb3af5fc59dce68c) Importer(2089858483,b0f066a214c2f5e87bad3c948f4d605d)
Start importing Assets/Scripts/Time Trial Ghost/ReplaySystem.cs using Guid(133e3769d10ecf74cb3af5fc59dce68c) Importer(2089858483,b0f066a214c2f5e87bad3c948f4d605d) (ScriptedImporter) -> (artifact id: '3a2c48f663965ff4f28c7824475b3226') in 0.0178225 seconds
Number of updated asset objects reloaded before import = 0Number of asset objects unloaded after import = 0

========================================================================
Received Import Request.
  Time since last request: 0.000019 seconds.
  path: Assets/Scripts/InputManagers/CarInputManager.cs
  artifactKey: Guid(910b7960b0165264ba85f6a9b792297e) Importer(2089858483,b0f066a214c2f5e87bad3c948f4d605d)
Start importing Assets/Scripts/InputManagers/CarInputManager.cs using Guid(910b7960b0165264ba85f6a9b792297e) Importer(2089858483,b0f066a214c2f5e87bad3c948f4d605d) (ScriptedImporter) -> (artifact id: '55df53b27e1e88eb04e5bfde9d6281ca') in 0.0192779 seconds
Number of updated asset objects reloaded before import = 0Number of asset objects unloaded after import = 0

========================================================================
Received Import Request.
  Time since last request: 0.000022 seconds.
  path: Assets/Plugins & Utilities/DA-Shared/Assembly/DACycles.cs
  artifactKey: Guid(99a2b081d8369dd468eb0836b80676e5) Importer(2089858483,b0f066a214c2f5e87bad3c948f4d605d)
Start importing Assets/Plugins & Utilities/DA-Shared/Assembly/DACycles.cs using Guid(99a2b081d8369dd468eb0836b80676e5) Importer(2089858483,b0f066a214c2f5e87bad3c948f4d605d) (ScriptedImporter) -> (artifact id: '0114bc55f9095bb9c9063a162a1a7318') in 0.0203597 seconds
Number of updated asset objects reloaded before import = 0Number of asset objects unloaded after import = 0

========================================================================
Received Import Request.
  Time since last request: 0.000024 seconds.
  path: Assets/Bahrain International Circuit/Textures/Solid Colors/Solid - 1.png
  artifactKey: Guid(996c32ce26b27cb4c8be2199144b7d26) Importer(2089858483,b0f066a214c2f5e87bad3c948f4d605d)
Start importing Assets/Bahrain International Circuit/Textures/Solid Colors/Solid - 1.png using Guid(996c32ce26b27cb4c8be2199144b7d26) Importer(2089858483,b0f066a214c2f5e87bad3c948f4d605d) (ScriptedImporter) -> (artifact id: 'a7ffb1c32c945f2c5b5116c559889b1f') in 0.0254195 seconds
Number of updated asset objects reloaded before import = 0Number of asset objects unloaded after import = 1

========================================================================
Received Import Request.
  Time since last request: 0.000024 seconds.
  path: Assets/Plugins & Utilities/DA-Shared/Assembly/DAConstants.cs
  artifactKey: Guid(d7dc8f33c4ffa2c4788402c5b2df1530) Importer(2089858483,b0f066a214c2f5e87bad3c948f4d605d)
Start importing Assets/Plugins & Utilities/DA-Shared/Assembly/DAConstants.cs using Guid(d7dc8f33c4ffa2c4788402c5b2df1530) Importer(2089858483,b0f066a214c2f5e87bad3c948f4d605d) (ScriptedImporter) -> (artifact id: 'f2e710d36a76473ef6b4cf34bb001e41') in 0.0175339 seconds
Number of updated asset objects reloaded before import = 0Number of asset objects unloaded after import = 0

========================================================================
Received Import Request.
  Time since last request: 0.000015 seconds.
  path: Assets/Scenes/BahrainCircuit.unity
  artifactKey: Guid(cd368012ba25286469d1ea9b8a66bb06) Importer(2089858483,b0f066a214c2f5e87bad3c948f4d605d)
Start importing Assets/Scenes/BahrainCircuit.unity using Guid(cd368012ba25286469d1ea9b8a66bb06) Importer(2089858483,b0f066a214c2f5e87bad3c948f4d605d) (ScriptedImporter) -> (artifact id: '8117f6bc7a9d3e04c78903bc1d7f155e') in 0.0255274 seconds
Number of updated asset objects reloaded before import = 0Number of asset objects unloaded after import = 1

========================================================================
Received Import Request.
  Time since last request: 0.000019 seconds.
  path: Assets/Plugins & Utilities/FMOD/README.txt
  artifactKey: Guid(081074d1d9d6ab448b88688c3730e8a1) Importer(2089858483,b0f066a214c2f5e87bad3c948f4d605d)
Start importing Assets/Plugins & Utilities/FMOD/README.txt using Guid(081074d1d9d6ab448b88688c3730e8a1) Importer(2089858483,b0f066a214c2f5e87bad3c948f4d605d) (ScriptedImporter) -> (artifact id: 'f5ad7726a9319fbcccd2cbe30d1a18ee') in 0.0334437 seconds
Number of updated asset objects reloaded before import = 0Number of asset objects unloaded after import = 1

========================================================================
Received Import Request.
  Time since last request: 0.000017 seconds.
  path: Assets/Materials/GhostMetal.mat
  artifactKey: Guid(a444873b1eb910540bff0062172cbdfb) Importer(2089858483,b0f066a214c2f5e87bad3c948f4d605d)
Start importing Assets/Materials/GhostMetal.mat using Guid(a444873b1eb910540bff0062172cbdfb) Importer(2089858483,b0f066a214c2f5e87bad3c948f4d605d) (ScriptedImporter) -> (artifact id: '06f227343dde9e9fe397e35d54b97da5') in 0.0200262 seconds
Number of updated asset objects reloaded before import = 0Number of asset objects unloaded after import = 1

========================================================================
Received Import Request.
  Time since last request: 0.000024 seconds.
  path: Assets/Plugins & Utilities/StreamingAssets/SFX.bank
  artifactKey: Guid(00883f7e9ece9e2439ee40f440bb2441) Importer(2089858483,b0f066a214c2f5e87bad3c948f4d605d)
Start importing Assets/Plugins & Utilities/StreamingAssets/SFX.bank using Guid(00883f7e9ece9e2439ee40f440bb2441) Importer(2089858483,b0f066a214c2f5e87bad3c948f4d605d) (ScriptedImporter) -> (artifact id: '8fce7550997f5a30503d3a742c59ba58') in 0.0195018 seconds
Number of updated asset objects reloaded before import = 0Number of asset objects unloaded after import = 1

========================================================================
Received Import Request.
  Time since last request: 0.000039 seconds.
  path: Assets/Bahrain International Circuit/Textures/Ads/Small Ads.png
  artifactKey: Guid(ff28c2a6d9c9e1f449c66ce0f08c1f0d) Importer(2089858483,b0f066a214c2f5e87bad3c948f4d605d)
Start importing Assets/Bahrain International Circuit/Textures/Ads/Small Ads.png using Guid(ff28c2a6d9c9e1f449c66ce0f08c1f0d) Importer(2089858483,b0f066a214c2f5e87bad3c948f4d605d) (ScriptedImporter) -> (artifact id: 'ebfe5e8e27c811a22c2b13e5faa49891') in 0.02318 seconds
Number of updated asset objects reloaded before import = 0Number of asset objects unloaded after import = 1

========================================================================
Received Import Request.
  Time since last request: 0.000030 seconds.
  path: Assets/UI/Top View.png
  artifactKey: Guid(51e8e8568b2fc494b8473c7fe4a7c420) Importer(2089858483,b0f066a214c2f5e87bad3c948f4d605d)
Start importing Assets/UI/Top View.png using Guid(51e8e8568b2fc494b8473c7fe4a7c420) Importer(2089858483,b0f066a214c2f5e87bad3c948f4d605d) (ScriptedImporter) -> (artifact id: '271a6c5565908f4c56f7fd1fbca6413c') in 0.0594082 seconds
Number of updated asset objects reloaded before import = 0Number of asset objects unloaded after import = 3

========================================================================
Received Import Request.
  Time since last request: 0.000030 seconds.
  path: Assets/Plugins & Utilities/DA-Shared/DAJson/DAFormatter.cs
  artifactKey: Guid(06a73c612ca81644c9da29771f70be48) Importer(2089858483,b0f066a214c2f5e87bad3c948f4d605d)
Start importing Assets/Plugins & Utilities/DA-Shared/DAJson/DAFormatter.cs using Guid(06a73c612ca81644c9da29771f70be48) Importer(2089858483,b0f066a214c2f5e87bad3c948f4d605d) (ScriptedImporter) -> (artifact id: '929e875f66abfec978879ddfba7aeb82') in 0.0177389 seconds
Number of updated asset objects reloaded before import = 0Number of asset objects unloaded after import = 0

========================================================================
Received Import Request.
  Time since last request: 0.000030 seconds.
  path: Assets/Plugins & Utilities/DA-Shared/Assembly/StaticSingleton.cs
  artifactKey: Guid(afc81ce8e8e88024d9a377086dd52ee0) Importer(2089858483,b0f066a214c2f5e87bad3c948f4d605d)
Start importing Assets/Plugins & Utilities/DA-Shared/Assembly/StaticSingleton.cs using Guid(afc81ce8e8e88024d9a377086dd52ee0) Importer(2089858483,b0f066a214c2f5e87bad3c948f4d605d) (ScriptedImporter) -> (artifact id: 'db85449fb62703f9ef5970e9d015f6a8') in 0.0182109 seconds
Number of updated asset objects reloaded before import = 0Number of asset objects unloaded after import = 0

========================================================================
Received Import Request.
  Time since last request: 0.000038 seconds.
  path: Assets/Plugins & Utilities/DA-Shared/Assembly/MonoBehaviourBinder.cs
  artifactKey: Guid(26e58ddaec469d748a90f80015f3d095) Importer(2089858483,b0f066a214c2f5e87bad3c948f4d605d)
Start importing Assets/Plugins & Utilities/DA-Shared/Assembly/MonoBehaviourBinder.cs using Guid(26e58ddaec469d748a90f80015f3d095) Importer(2089858483,b0f066a214c2f5e87bad3c948f4d605d) (ScriptedImporter) -> (artifact id: 'b76fe38090a4e272afb005f5ef586853') in 0.0212751 seconds
Number of updated asset objects reloaded before import = 0Number of asset objects unloaded after import = 0

========================================================================
Received Import Request.
  Time since last request: 0.000021 seconds.
  path: Assets/Plugins & Utilities/DA-Shared/Editor/ContextMenuItems.cs
  artifactKey: Guid(1e384017edfe3d14398c48665ddbbc58) Importer(2089858483,b0f066a214c2f5e87bad3c948f4d605d)
Start importing Assets/Plugins & Utilities/DA-Shared/Editor/ContextMenuItems.cs using Guid(1e384017edfe3d14398c48665ddbbc58) Importer(2089858483,b0f066a214c2f5e87bad3c948f4d605d) (ScriptedImporter) -> (artifact id: 'b9d78b7255029b1d709ffb4afdc2dd73') in 0.0179045 seconds
Number of updated asset objects reloaded before import = 0Number of asset objects unloaded after import = 0

========================================================================
Received Import Request.
  Time since last request: 0.000016 seconds.
  path: Assets/Models/Curbs.fbx
  artifactKey: Guid(0c086225e19aa42488d1980c9b564e76) Importer(2089858483,b0f066a214c2f5e87bad3c948f4d605d)
Start importing Assets/Models/Curbs.fbx using Guid(0c086225e19aa42488d1980c9b564e76) Importer(2089858483,b0f066a214c2f5e87bad3c948f4d605d) (ScriptedImporter) -> (artifact id: '183220d8ce3fede4bb669cd71f7f8f35') in 0.0681915 seconds
Number of updated asset objects reloaded before import = 0Number of asset objects unloaded after import = 9

========================================================================
Received Import Request.
  Time since last request: 0.000027 seconds.
  path: Assets/Input/InputActions.inputactions
  artifactKey: Guid(5eb4463a824879242b71e42e28395cd8) Importer(2089858483,b0f066a214c2f5e87bad3c948f4d605d)
Start importing Assets/Input/InputActions.inputactions using Guid(5eb4463a824879242b71e42e28395cd8) Importer(2089858483,b0f066a214c2f5e87bad3c948f4d605d) (ScriptedImporter) -> (artifact id: 'db6b16e4f99ed3b8195f313c16be2100') in 0.2527799 seconds
Number of updated asset objects reloaded before import = 0Number of asset objects unloaded after import = 16

========================================================================
Received Import Request.
  Time since last request: 0.000056 seconds.
  path: Assets/Plugins & Utilities/DA-Shared/Editor/DAWebConfig.cs
  artifactKey: Guid(8be56e4cb9dd20843b3708a1e00fc26e) Importer(2089858483,b0f066a214c2f5e87bad3c948f4d605d)
Start importing Assets/Plugins & Utilities/DA-Shared/Editor/DAWebConfig.cs using Guid(8be56e4cb9dd20843b3708a1e00fc26e) Importer(2089858483,b0f066a214c2f5e87bad3c948f4d605d) (ScriptedImporter) -> (artifact id: 'dcb24bb66f0551a55cf00f98d4ea7e94') in 0.0205212 seconds
Number of updated asset objects reloaded before import = 0Number of asset objects unloaded after import = 0

========================================================================
Received Import Request.
  Time since last request: 0.000027 seconds.
  path: Assets/Plugins & Utilities/FMOD/images/Border.png
  artifactKey: Guid(40848578d1961334d820821bec6175a4) Importer(2089858483,b0f066a214c2f5e87bad3c948f4d605d)
Start importing Assets/Plugins & Utilities/FMOD/images/Border.png using Guid(40848578d1961334d820821bec6175a4) Importer(2089858483,b0f066a214c2f5e87bad3c948f4d605d) (ScriptedImporter) -> (artifact id: 'e1e32cbb5319e46d25d8b2bd7c022777') in 0.0431089 seconds
Number of updated asset objects reloaded before import = 0Number of asset objects unloaded after import = 1

========================================================================
Received Import Request.
  Time since last request: 0.000015 seconds.
  path: Assets/Bahrain International Circuit/Fence.fbx
  artifactKey: Guid(0715ad3189c3bbc4cb40073580497c06) Importer(2089858483,b0f066a214c2f5e87bad3c948f4d605d)
Start importing Assets/Bahrain International Circuit/Fence.fbx using Guid(0715ad3189c3bbc4cb40073580497c06) Importer(2089858483,b0f066a214c2f5e87bad3c948f4d605d) (ScriptedImporter) -> (artifact id: 'a4ed1d12b11746c8a857f160dc7510e9') in 0.0760556 seconds
Number of updated asset objects reloaded before import = 0Number of asset objects unloaded after import = 8

========================================================================
Received Import Request.
  Time since last request: 0.000020 seconds.
  path: Assets/Models/Circuit.fbx
  artifactKey: Guid(992618db356d27844ac7e20bf1490fae) Importer(2089858483,b0f066a214c2f5e87bad3c948f4d605d)
Start importing Assets/Models/Circuit.fbx using Guid(992618db356d27844ac7e20bf1490fae) Importer(2089858483,b0f066a214c2f5e87bad3c948f4d605d) (ScriptedImporter) -> (artifact id: 'dce750cb763548f352b8553bcbf1bfca') in 0.0789294 seconds
Number of updated asset objects reloaded before import = 0Number of asset objects unloaded after import = 123

========================================================================
Received Import Request.
  Time since last request: 0.000030 seconds.
  path: Assets/Materials/Car_MATS/Ghost Material.mat
  artifactKey: Guid(c434ea536dece8d4aa85980d424452cc) Importer(2089858483,b0f066a214c2f5e87bad3c948f4d605d)
Start importing Assets/Materials/Car_MATS/Ghost Material.mat using Guid(c434ea536dece8d4aa85980d424452cc) Importer(2089858483,b0f066a214c2f5e87bad3c948f4d605d) (ScriptedImporter) -> (artifact id: '7097f945d3032b6b041b62e0a5642a62') in 0.0198794 seconds
Number of updated asset objects reloaded before import = 0Number of asset objects unloaded after import = 1

========================================================================
Received Import Request.
  Time since last request: 0.000016 seconds.
  path: Assets/Plugins & Utilities/FMOD/images/FMODLogoBlack.png
  artifactKey: Guid(36e46b3c334e47e41a0b4ff2f26905ea) Importer(2089858483,b0f066a214c2f5e87bad3c948f4d605d)
Start importing Assets/Plugins & Utilities/FMOD/images/FMODLogoBlack.png using Guid(36e46b3c334e47e41a0b4ff2f26905ea) Importer(2089858483,b0f066a214c2f5e87bad3c948f4d605d) (ScriptedImporter) -> (artifact id: '3efcb15f0d50a228ee7b06a0eecd68ec') in 0.0372438 seconds
Number of updated asset objects reloaded before import = 0Number of asset objects unloaded after import = 1

========================================================================
Received Import Request.
  Time since last request: 0.000016 seconds.
  path: Assets/Plugins & Utilities/FMOD/images/FMODLogoWhite.png
  artifactKey: Guid(8fd8ccb8d7e81d943b28ea7975c7185d) Importer(2089858483,b0f066a214c2f5e87bad3c948f4d605d)
Start importing Assets/Plugins & Utilities/FMOD/images/FMODLogoWhite.png using Guid(8fd8ccb8d7e81d943b28ea7975c7185d) Importer(2089858483,b0f066a214c2f5e87bad3c948f4d605d) (ScriptedImporter) -> (artifact id: '908a76cdecac5cfa478417b98062d613') in 0.0292589 seconds
Number of updated asset objects reloaded before import = 0Number of asset objects unloaded after import = 1

========================================================================
Received Import Request.
  Time since last request: 0.000016 seconds.
  path: Assets/Plugins & Utilities/FMOD/images/PreviewEmitter.png
  artifactKey: Guid(9519043db3741934fa01455c47683e8c) Importer(2089858483,b0f066a214c2f5e87bad3c948f4d605d)
Start importing Assets/Plugins & Utilities/FMOD/images/PreviewEmitter.png using Guid(9519043db3741934fa01455c47683e8c) Importer(2089858483,b0f066a214c2f5e87bad3c948f4d605d) (ScriptedImporter) -> (artifact id: 'f4f56f293a907bed85b99355a9697a49') in 0.0384004 seconds
Number of updated asset objects reloaded before import = 0Number of asset objects unloaded after import = 1

========================================================================
Received Import Request.
  Time since last request: 0.000028 seconds.
  path: Assets/Plugins & Utilities/FMOD/images/LabeledParameterIcon.png
  artifactKey: Guid(b4d696e5c0be6f44bb2f02aa41320656) Importer(2089858483,b0f066a214c2f5e87bad3c948f4d605d)
Start importing Assets/Plugins & Utilities/FMOD/images/LabeledParameterIcon.png using Guid(b4d696e5c0be6f44bb2f02aa41320656) Importer(2089858483,b0f066a214c2f5e87bad3c948f4d605d) (ScriptedImporter) -> (artifact id: '70eb64333a96a87e6cdacf5b9bc98e31') in 0.0310098 seconds
Number of updated asset objects reloaded before import = 0Number of asset objects unloaded after import = 1

========================================================================
Received Import Request.
  Time since last request: 0.000018 seconds.
  path: Assets/Plugins & Utilities/FMOD/images/LevelMeter.png
  artifactKey: Guid(21e7a3d41a926364a8b9a6704ebe80d8) Importer(2089858483,b0f066a214c2f5e87bad3c948f4d605d)
Start importing Assets/Plugins & Utilities/FMOD/images/LevelMeter.png using Guid(21e7a3d41a926364a8b9a6704ebe80d8) Importer(2089858483,b0f066a214c2f5e87bad3c948f4d605d) (ScriptedImporter) -> (artifact id: '448321df7dd68c4271d32b2611a702ff') in 0.034719 seconds
Number of updated asset objects reloaded before import = 0Number of asset objects unloaded after import = 1

========================================================================
Received Import Request.
  Time since last request: 0.000014 seconds.
  path: Assets/Plugins & Utilities/FMOD/images/DiscreteParameterIcon.png
  artifactKey: Guid(509563e7079a6ed4cbf3b3240327e702) Importer(2089858483,b0f066a214c2f5e87bad3c948f4d605d)
Start importing Assets/Plugins & Utilities/FMOD/images/DiscreteParameterIcon.png using Guid(509563e7079a6ed4cbf3b3240327e702) Importer(2089858483,b0f066a214c2f5e87bad3c948f4d605d) (ScriptedImporter) -> (artifact id: 'f63475a4b0a6aac556051b2a76c07ff0') in 0.0412083 seconds
Number of updated asset objects reloaded before import = 0Number of asset objects unloaded after import = 1

========================================================================
Received Import Request.
  Time since last request: 0.000016 seconds.
  path: Assets/Plugins & Utilities/FMOD/LICENSE.txt
  artifactKey: Guid(6882823a28b4eae45aaf10f58db4407f) Importer(2089858483,b0f066a214c2f5e87bad3c948f4d605d)
Start importing Assets/Plugins & Utilities/FMOD/LICENSE.txt using Guid(6882823a28b4eae45aaf10f58db4407f) Importer(2089858483,b0f066a214c2f5e87bad3c948f4d605d) (ScriptedImporter) -> (artifact id: 'cb04c3bafad8cdb1a0ae8244cb46d411') in 0.0271938 seconds
Number of updated asset objects reloaded before import = 0Number of asset objects unloaded after import = 1

========================================================================
Received Import Request.
  Time since last request: 0.000029 seconds.
  path: Assets/Plugins & Utilities/FMOD/images/FolderIconOpen.png
  artifactKey: Guid(d2b54e4f7f80b9448a41d3c5985f5672) Importer(2089858483,b0f066a214c2f5e87bad3c948f4d605d)
Start importing Assets/Plugins & Utilities/FMOD/images/FolderIconOpen.png using Guid(d2b54e4f7f80b9448a41d3c5985f5672) Importer(2089858483,b0f066a214c2f5e87bad3c948f4d605d) (ScriptedImporter) -> (artifact id: '57dcb040c574e00011cec52f04c58e5d') in 0.0291856 seconds
Number of updated asset objects reloaded before import = 0Number of asset objects unloaded after import = 1

========================================================================
Received Import Request.
  Time since last request: 0.000014 seconds.
  path: Assets/Plugins & Utilities/FMOD/images/Wrench.png
  artifactKey: Guid(507cd805ad331e54cb9e9cab5a9270b5) Importer(2089858483,b0f066a214c2f5e87bad3c948f4d605d)
Start importing Assets/Plugins & Utilities/FMOD/images/Wrench.png using Guid(507cd805ad331e54cb9e9cab5a9270b5) Importer(2089858483,b0f066a214c2f5e87bad3c948f4d605d) (ScriptedImporter) -> (artifact id: '1298956d1e6138bee22658f3d871709b') in 0.0320881 seconds
Number of updated asset objects reloaded before import = 0Number of asset objects unloaded after import = 1

========================================================================
Received Import Request.
  Time since last request: 0.000034 seconds.
  path: Assets/Plugins & Utilities/FMOD/images/StudioIcon.png
  artifactKey: Guid(a4edfa5854cdec34b98b1c55f0562bdd) Importer(2089858483,b0f066a214c2f5e87bad3c948f4d605d)
Start importing Assets/Plugins & Utilities/FMOD/images/StudioIcon.png using Guid(a4edfa5854cdec34b98b1c55f0562bdd) Importer(2089858483,b0f066a214c2f5e87bad3c948f4d605d) (ScriptedImporter) -> (artifact id: '1c79536449bb3b9c4fc971258590b728') in 0.0369155 seconds
Number of updated asset objects reloaded before import = 0Number of asset objects unloaded after import = 1

========================================================================
Received Import Request.
  Time since last request: 0.000014 seconds.
  path: Assets/Plugins & Utilities/DA-Shared/Assembly/CssParser.cs
  artifactKey: Guid(ac4cc17eacd20a940b66d83b9a7c87e0) Importer(2089858483,b0f066a214c2f5e87bad3c948f4d605d)
Start importing Assets/Plugins & Utilities/DA-Shared/Assembly/CssParser.cs using Guid(ac4cc17eacd20a940b66d83b9a7c87e0) Importer(2089858483,b0f066a214c2f5e87bad3c948f4d605d) (ScriptedImporter) -> (artifact id: '0b0cc3899fcfe29d68ec55fa49bada5a') in 0.0149635 seconds
Number of updated asset objects reloaded before import = 0Number of asset objects unloaded after import = 0

========================================================================
Received Import Request.
  Time since last request: 0.000025 seconds.
  path: Assets/Plugins & Utilities/DA-Shared/Assembly/SingletoneScriptableObject.cs
  artifactKey: Guid(4839a49a0907ef644974b18b47da2fdb) Importer(2089858483,b0f066a214c2f5e87bad3c948f4d605d)
Start importing Assets/Plugins & Utilities/DA-Shared/Assembly/SingletoneScriptableObject.cs using Guid(4839a49a0907ef644974b18b47da2fdb) Importer(2089858483,b0f066a214c2f5e87bad3c948f4d605d) (ScriptedImporter) -> (artifact id: '9818befbc0b4e2765c9e0ff411ba5657') in 0.0156607 seconds
Number of updated asset objects reloaded before import = 0Number of asset objects unloaded after import = 0

========================================================================
Received Import Request.
  Time since last request: 0.000024 seconds.
  path: Assets/Bahrain International Circuit/Big Ads.mat
  artifactKey: Guid(f9c40c04b5982f242bd36690e99660b1) Importer(2089858483,b0f066a214c2f5e87bad3c948f4d605d)
Start importing Assets/Bahrain International Circuit/Big Ads.mat using Guid(f9c40c04b5982f242bd36690e99660b1) Importer(2089858483,b0f066a214c2f5e87bad3c948f4d605d) (ScriptedImporter) -> (artifact id: 'f3dd894a2a08d5b239af4d4e649d3c4a') in 0.0176918 seconds
Number of updated asset objects reloaded before import = 0Number of asset objects unloaded after import = 2

========================================================================
Received Import Request.
  Time since last request: 0.000019 seconds.
  path: Assets/Plugins & Utilities/FMOD/src/BankRefAttribute.cs
  artifactKey: Guid(a8ab5f38e7776644297d8b3687c39b49) Importer(2089858483,b0f066a214c2f5e87bad3c948f4d605d)
Start importing Assets/Plugins & Utilities/FMOD/src/BankRefAttribute.cs using Guid(a8ab5f38e7776644297d8b3687c39b49) Importer(2089858483,b0f066a214c2f5e87bad3c948f4d605d) (ScriptedImporter) -> (artifact id: '1805842d9355d7817219d2e89a8ede33') in 0.0166918 seconds
Number of updated asset objects reloaded before import = 0Number of asset objects unloaded after import = 0

========================================================================
Received Import Request.
  Time since last request: 0.000025 seconds.
  path: Assets/Bahrain International Circuit/Light.mat
  artifactKey: Guid(d3ab95db8e0300e488ca69a9db2de9b8) Importer(2089858483,b0f066a214c2f5e87bad3c948f4d605d)
Start importing Assets/Bahrain International Circuit/Light.mat using Guid(d3ab95db8e0300e488ca69a9db2de9b8) Importer(2089858483,b0f066a214c2f5e87bad3c948f4d605d) (ScriptedImporter) -> (artifact id: 'f5316d190792f70f07409f060f57931a') in 0.0231452 seconds
Number of updated asset objects reloaded before import = 0Number of asset objects unloaded after import = 2

========================================================================
Received Import Request.
  Time since last request: 0.000024 seconds.
  path: Assets/Materials/Car_MATS/Wheels.mat
  artifactKey: Guid(7bb0d449786a7b54cafcbf0726cbaa50) Importer(2089858483,b0f066a214c2f5e87bad3c948f4d605d)
Start importing Assets/Materials/Car_MATS/Wheels.mat using Guid(7bb0d449786a7b54cafcbf0726cbaa50) Importer(2089858483,b0f066a214c2f5e87bad3c948f4d605d) (ScriptedImporter) -> (artifact id: 'fbb34b4da89bf3673cdc00447fd5c901') in 0.020404 seconds
Number of updated asset objects reloaded before import = 0Number of asset objects unloaded after import = 1

========================================================================
Received Import Request.
  Time since last request: 0.000025 seconds.
  path: Assets/Scenes/Options.unity
  artifactKey: Guid(2b432e5549da48f41b829a9151c046c1) Importer(2089858483,b0f066a214c2f5e87bad3c948f4d605d)
Start importing Assets/Scenes/Options.unity using Guid(2b432e5549da48f41b829a9151c046c1) Importer(2089858483,b0f066a214c2f5e87bad3c948f4d605d) (ScriptedImporter) -> (artifact id: '40dd31f11863931b62027bbcd9d66f3a') in 0.0572663 seconds
Number of updated asset objects reloaded before import = 0Number of asset objects unloaded after import = 1

========================================================================
Received Import Request.
  Time since last request: 0.000033 seconds.
  path: Assets/Plugins & Utilities/FMOD/src/fmod_errors.cs
  artifactKey: Guid(6e0992509b0077e479d2da05c8f52eb0) Importer(2089858483,b0f066a214c2f5e87bad3c948f4d605d)
Start importing Assets/Plugins & Utilities/FMOD/src/fmod_errors.cs using Guid(6e0992509b0077e479d2da05c8f52eb0) Importer(2089858483,b0f066a214c2f5e87bad3c948f4d605d) (ScriptedImporter) -> (artifact id: 'a82977ccb58338daab28198e852caa90') in 0.021177 seconds
Number of updated asset objects reloaded before import = 0Number of asset objects unloaded after import = 0

========================================================================
Received Import Request.
  Time since last request: 0.000014 seconds.
  path: Assets/Plugins & Utilities/FMOD/src/Settings.cs
  artifactKey: Guid(eef8d824ea7b63742966aaa0e94ac383) Importer(2089858483,b0f066a214c2f5e87bad3c948f4d605d)
Start importing Assets/Plugins & Utilities/FMOD/src/Settings.cs using Guid(eef8d824ea7b63742966aaa0e94ac383) Importer(2089858483,b0f066a214c2f5e87bad3c948f4d605d) (ScriptedImporter) -> (artifact id: 'b0942fd4001b49fee7949398730a8f2b') in 0.0164987 seconds
Number of updated asset objects reloaded before import = 0Number of asset objects unloaded after import = 0

========================================================================
Received Import Request.
  Time since last request: 0.000015 seconds.
  path: Assets/Plugins & Utilities/FMOD/src/FMODRuntimeManagerOnGUIHelper.cs
  artifactKey: Guid(4417faacebce0de4fbde25ec23055cf4) Importer(2089858483,b0f066a214c2f5e87bad3c948f4d605d)
Start importing Assets/Plugins & Utilities/FMOD/src/FMODRuntimeManagerOnGUIHelper.cs using Guid(4417faacebce0de4fbde25ec23055cf4) Importer(2089858483,b0f066a214c2f5e87bad3c948f4d605d) (ScriptedImporter) -> (artifact id: '557a7ac5250da96fee09a97478cc5a9e') in 0.0139824 seconds
Number of updated asset objects reloaded before import = 0Number of asset objects unloaded after import = 0

========================================================================
Received Import Request.
  Time since last request: 0.000018 seconds.
  path: Assets/Plugins & Utilities/FMOD/src/PlatformDefault.cs
  artifactKey: Guid(9587379c972e4a54da1949613f11e1c6) Importer(2089858483,b0f066a214c2f5e87bad3c948f4d605d)
Start importing Assets/Plugins & Utilities/FMOD/src/PlatformDefault.cs using Guid(9587379c972e4a54da1949613f11e1c6) Importer(2089858483,b0f066a214c2f5e87bad3c948f4d605d) (ScriptedImporter) -> (artifact id: '6d75492038fedbb49405d5fcb74784c8') in 0.0151128 seconds
Number of updated asset objects reloaded before import = 0Number of asset objects unloaded after import = 0

========================================================================
Received Import Request.
  Time since last request: 0.000017 seconds.
  path: Assets/Plugins & Utilities/StreamingAssets/Dialogue_EN.bank
  artifactKey: Guid(25d5787f8635e8044a7182c982122cc4) Importer(2089858483,b0f066a214c2f5e87bad3c948f4d605d)
Start importing Assets/Plugins & Utilities/StreamingAssets/Dialogue_EN.bank using Guid(25d5787f8635e8044a7182c982122cc4) Importer(2089858483,b0f066a214c2f5e87bad3c948f4d605d) (ScriptedImporter) -> (artifact id: 'cf13ea9e618726ff66e6b775cc756610') in 0.0169532 seconds
Number of updated asset objects reloaded before import = 0Number of asset objects unloaded after import = 1

========================================================================
Received Import Request.
  Time since last request: 0.000042 seconds.
  path: Assets/Skybox/User/User.pdf
  artifactKey: Guid(983558b57a284d84bbc541f947bc5139) Importer(2089858483,b0f066a214c2f5e87bad3c948f4d605d)
Start importing Assets/Skybox/User/User.pdf using Guid(983558b57a284d84bbc541f947bc5139) Importer(2089858483,b0f066a214c2f5e87bad3c948f4d605d) (ScriptedImporter) -> (artifact id: '8a95eef630c81a2364b5d3ca49011fc9') in 0.0185029 seconds
Number of updated asset objects reloaded before import = 0Number of asset objects unloaded after import = 1

========================================================================
Received Import Request.
  Time since last request: 0.000018 seconds.
  path: Assets/Plugins & Utilities/FMOD/images/Delete.png
  artifactKey: Guid(196080340db65c44883dd3f599556fb9) Importer(2089858483,b0f066a214c2f5e87bad3c948f4d605d)
Start importing Assets/Plugins & Utilities/FMOD/images/Delete.png using Guid(196080340db65c44883dd3f599556fb9) Importer(2089858483,b0f066a214c2f5e87bad3c948f4d605d) (ScriptedImporter) -> (artifact id: '97da237286a65af5149825f6377cd2f2') in 0.0334823 seconds
Number of updated asset objects reloaded before import = 0Number of asset objects unloaded after import = 1

========================================================================
Received Import Request.
  Time since last request: 0.000050 seconds.
  path: Assets/Bahrain International Circuit/Track - Line.mat
  artifactKey: Guid(12d5e32fabd7f5843974d289f6dfe415) Importer(2089858483,b0f066a214c2f5e87bad3c948f4d605d)
Start importing Assets/Bahrain International Circuit/Track - Line.mat using Guid(12d5e32fabd7f5843974d289f6dfe415) Importer(2089858483,b0f066a214c2f5e87bad3c948f4d605d) (ScriptedImporter) -> (artifact id: '1b6b5fc5a5f68bd92d016163e85cd256') in 0.0249441 seconds
Number of updated asset objects reloaded before import = 0Number of asset objects unloaded after import = 4

========================================================================
Received Import Request.
  Time since last request: 0.000023 seconds.
  path: Assets/Plugins & Utilities/DA-Shared/Assembly/ColorBlenderExtensions.cs
  artifactKey: Guid(f4206c7f0cf637b4193c2daad9d99b85) Importer(2089858483,b0f066a214c2f5e87bad3c948f4d605d)
Start importing Assets/Plugins & Utilities/DA-Shared/Assembly/ColorBlenderExtensions.cs using Guid(f4206c7f0cf637b4193c2daad9d99b85) Importer(2089858483,b0f066a214c2f5e87bad3c948f4d605d) (ScriptedImporter) -> (artifact id: '0e050840134f7c644ff323a9bc333966') in 0.0186105 seconds
Number of updated asset objects reloaded before import = 0Number of asset objects unloaded after import = 0

========================================================================
Received Import Request.
  Time since last request: 0.000021 seconds.
  path: Assets/Plugins & Utilities/FMOD/src/StudioGlobalParameterTrigger.cs
  artifactKey: Guid(9b0e04e2572f9a940a47465f6f3c2f00) Importer(2089858483,b0f066a214c2f5e87bad3c948f4d605d)
Start importing Assets/Plugins & Utilities/FMOD/src/StudioGlobalParameterTrigger.cs using Guid(9b0e04e2572f9a940a47465f6f3c2f00) Importer(2089858483,b0f066a214c2f5e87bad3c948f4d605d) (ScriptedImporter) -> (artifact id: '5a0c058b9ae3f0586df324fbec277cb2') in 0.0208555 seconds
Number of updated asset objects reloaded before import = 0Number of asset objects unloaded after import = 0

========================================================================
Received Import Request.
  Time since last request: 0.000032 seconds.
  path: Assets/UI/Circuit Details UI/Lap Time Details/Background 1x -1328536694.png
  artifactKey: Guid(85d3dde4fb12a9746852708ba051a80b) Importer(2089858483,b0f066a214c2f5e87bad3c948f4d605d)
Start importing Assets/UI/Circuit Details UI/Lap Time Details/Background 1x -1328536694.png using Guid(85d3dde4fb12a9746852708ba051a80b) Importer(2089858483,b0f066a214c2f5e87bad3c948f4d605d) (ScriptedImporter) -> (artifact id: 'b089491a621d86a7590e9bfad558a9d2') in 0.0377583 seconds
Number of updated asset objects reloaded before import = 0Number of asset objects unloaded after import = 3

========================================================================
Received Import Request.
  Time since last request: 0.000021 seconds.
  path: Assets/Skybox/Skybox Cubemap Extended/Demo/Demo Blend.unity
  artifactKey: Guid(a66e5f1bb7e0e90469c3bcd8ae5c4b2d) Importer(2089858483,b0f066a214c2f5e87bad3c948f4d605d)
Start importing Assets/Skybox/Skybox Cubemap Extended/Demo/Demo Blend.unity using Guid(a66e5f1bb7e0e90469c3bcd8ae5c4b2d) Importer(2089858483,b0f066a214c2f5e87bad3c948f4d605d) (ScriptedImporter) -> (artifact id: 'd7c93061c08660583145f439a9603974') in 0.031485 seconds
Number of updated asset objects reloaded before import = 0Number of asset objects unloaded after import = 1

========================================================================
Received Import Request.
  Time since last request: 0.000014 seconds.
  path: Assets/Textures/Car_TEX/PaletteTexture.png
  artifactKey: Guid(90b6d14e702ecad4a958560f316988cf) Importer(2089858483,b0f066a214c2f5e87bad3c948f4d605d)
Start importing Assets/Textures/Car_TEX/PaletteTexture.png using Guid(90b6d14e702ecad4a958560f316988cf) Importer(2089858483,b0f066a214c2f5e87bad3c948f4d605d) (ScriptedImporter) -> (artifact id: '9eca4a3bf83741d234cca6d2c3332aa0') in 0.0164644 seconds
Number of updated asset objects reloaded before import = 0Number of asset objects unloaded after import = 1

========================================================================
Received Import Request.
  Time since last request: 0.000016 seconds.
  path: Assets/Settings/UniversalRenderPipelineGlobalSettings.asset
  artifactKey: Guid(18dc0cd2c080841dea60987a38ce93fa) Importer(2089858483,b0f066a214c2f5e87bad3c948f4d605d)
Start importing Assets/Settings/UniversalRenderPipelineGlobalSettings.asset using Guid(18dc0cd2c080841dea60987a38ce93fa) Importer(2089858483,b0f066a214c2f5e87bad3c948f4d605d) (ScriptedImporter) -> (artifact id: 'f327c6626892a08aafcb934b25c2af70') in 0.0699706 seconds
Number of updated asset objects reloaded before import = 0Number of asset objects unloaded after import = 0

========================================================================
Received Import Request.
  Time since last request: 0.000017 seconds.
  path: Assets/Plugins & Utilities/DA-Shared/LICENSE
  artifactKey: Guid(c34a0d70627116343818c20aa86782d2) Importer(2089858483,b0f066a214c2f5e87bad3c948f4d605d)
Start importing Assets/Plugins & Utilities/DA-Shared/LICENSE using Guid(c34a0d70627116343818c20aa86782d2) Importer(2089858483,b0f066a214c2f5e87bad3c948f4d605d) (ScriptedImporter) -> (artifact id: '54418bf8eb7093b7032a999fcd25247d') in 0.0151521 seconds
Number of updated asset objects reloaded before import = 0Number of asset objects unloaded after import = 1

========================================================================
Received Import Request.
  Time since last request: 0.000025 seconds.
  path: Assets/Plugins & Utilities/FMOD/images/SelectedAlt.png
  artifactKey: Guid(8ce9b717b1bc7564cbe35664f2f178a7) Importer(2089858483,b0f066a214c2f5e87bad3c948f4d605d)
Start importing Assets/Plugins & Utilities/FMOD/images/SelectedAlt.png using Guid(8ce9b717b1bc7564cbe35664f2f178a7) Importer(2089858483,b0f066a214c2f5e87bad3c948f4d605d) (ScriptedImporter) -> (artifact id: 'd318d1ac792e3145f40cced4ba082957') in 0.0334708 seconds
Number of updated asset objects reloaded before import = 0Number of asset objects unloaded after import = 1

========================================================================
Received Import Request.
  Time since last request: 0.000014 seconds.
  path: Assets/Materials/AICheckpoint.mat
  artifactKey: Guid(b5b0b9d2fc4e19445af49578a866bc8c) Importer(2089858483,b0f066a214c2f5e87bad3c948f4d605d)
Start importing Assets/Materials/AICheckpoint.mat using Guid(b5b0b9d2fc4e19445af49578a866bc8c) Importer(2089858483,b0f066a214c2f5e87bad3c948f4d605d) (ScriptedImporter) -> (artifact id: '765a6915a2f1628b0dea4d731cb47601') in 0.0209686 seconds
Number of updated asset objects reloaded before import = 0Number of asset objects unloaded after import = 1

========================================================================
Received Import Request.
  Time since last request: 0.000013 seconds.
  path: Assets/UI/Circuit Details UI/Lap Time Details/Delta 4x -1706798817.png
  artifactKey: Guid(399684ca2c61ec0438fa1f4c5af7f2d5) Importer(2089858483,b0f066a214c2f5e87bad3c948f4d605d)
Start importing Assets/UI/Circuit Details UI/Lap Time Details/Delta 4x -1706798817.png using Guid(399684ca2c61ec0438fa1f4c5af7f2d5) Importer(2089858483,b0f066a214c2f5e87bad3c948f4d605d) (ScriptedImporter) -> (artifact id: '60ccb45dc16dd647b0fa42eff03a7d33') in 0.0406957 seconds
Number of updated asset objects reloaded before import = 0Number of asset objects unloaded after import = 3

========================================================================
Received Import Request.
  Time since last request: 0.000023 seconds.
  path: Assets/UI/Circuit Details UI/Lap Time Details/Name 4x -770016886.png
  artifactKey: Guid(9b40f8b9f07a56e43b40175a88e3cef8) Importer(2089858483,b0f066a214c2f5e87bad3c948f4d605d)
Start importing Assets/UI/Circuit Details UI/Lap Time Details/Name 4x -770016886.png using Guid(9b40f8b9f07a56e43b40175a88e3cef8) Importer(2089858483,b0f066a214c2f5e87bad3c948f4d605d) (ScriptedImporter) -> (artifact id: 'edd67adfb19b8de6f071784a420e875c') in 0.0466514 seconds
Number of updated asset objects reloaded before import = 0Number of asset objects unloaded after import = 3

========================================================================
Received Import Request.
  Time since last request: 0.000031 seconds.
  path: Assets/UI/Circuit Details UI/Lap Time Details/Sector 3 4x -441109859.png
  artifactKey: Guid(7b8f9e8a3694d9047bd2ffb3a8b678b3) Importer(2089858483,b0f066a214c2f5e87bad3c948f4d605d)
Start importing Assets/UI/Circuit Details UI/Lap Time Details/Sector 3 4x -441109859.png using Guid(7b8f9e8a3694d9047bd2ffb3a8b678b3) Importer(2089858483,b0f066a214c2f5e87bad3c948f4d605d) (ScriptedImporter) -> (artifact id: '7f5ce985a068c7108cbfa4e484b5d4c3') in 0.037741 seconds
Number of updated asset objects reloaded before import = 0Number of asset objects unloaded after import = 3

========================================================================
Received Import Request.
  Time since last request: 0.000026 seconds.
  path: Assets/Plugins & Utilities/FMOD/images/CopyIcon.png
  artifactKey: Guid(6e164dcb85fc8ad4b9ab2f1e883862d2) Importer(2089858483,b0f066a214c2f5e87bad3c948f4d605d)
Start importing Assets/Plugins & Utilities/FMOD/images/CopyIcon.png using Guid(6e164dcb85fc8ad4b9ab2f1e883862d2) Importer(2089858483,b0f066a214c2f5e87bad3c948f4d605d) (ScriptedImporter) -> (artifact id: 'fa27fcf6076f09aee46d21feddd332b0') in 0.0265952 seconds
Number of updated asset objects reloaded before import = 0Number of asset objects unloaded after import = 1

========================================================================
Received Import Request.
  Time since last request: 0.000014 seconds.
  path: Assets/Scripts/UI/CheckpointUI.cs
  artifactKey: Guid(651ac94298dcc1041a47bf86d8bb9cd8) Importer(2089858483,b0f066a214c2f5e87bad3c948f4d605d)
Start importing Assets/Scripts/UI/CheckpointUI.cs using Guid(651ac94298dcc1041a47bf86d8bb9cd8) Importer(2089858483,b0f066a214c2f5e87bad3c948f4d605d) (ScriptedImporter) -> (artifact id: '99e93c65ca8cb054a2493d10c5aaf0e5') in 0.0145946 seconds
Number of updated asset objects reloaded before import = 0Number of asset objects unloaded after import = 0

========================================================================
Received Import Request.
  Time since last request: 0.000013 seconds.
  path: Assets/Plugins & Utilities/DA-Shared/Assembly/URIHelpersRef.cs
  artifactKey: Guid(fa625f2ddef7c534aaf5c96034057f50) Importer(2089858483,b0f066a214c2f5e87bad3c948f4d605d)
Start importing Assets/Plugins & Utilities/DA-Shared/Assembly/URIHelpersRef.cs using Guid(fa625f2ddef7c534aaf5c96034057f50) Importer(2089858483,b0f066a214c2f5e87bad3c948f4d605d) (ScriptedImporter) -> (artifact id: 'bf5aba316963c4455d04659e112d43b2') in 0.0175394 seconds
Number of updated asset objects reloaded before import = 0Number of asset objects unloaded after import = 0

========================================================================
Received Import Request.
  Time since last request: 0.000016 seconds.
  path: Assets/Settings/Mobile_Renderer.asset
  artifactKey: Guid(65bc7dbf4170f435aa868c779acfb082) Importer(2089858483,b0f066a214c2f5e87bad3c948f4d605d)
Start importing Assets/Settings/Mobile_Renderer.asset using Guid(65bc7dbf4170f435aa868c779acfb082) Importer(2089858483,b0f066a214c2f5e87bad3c948f4d605d) (ScriptedImporter) -> (artifact id: '5e0e1033e30c7479479b23d3082bcf17') in 0.0302272 seconds
Number of updated asset objects reloaded before import = 0Number of asset objects unloaded after import = 2

========================================================================
Received Import Request.
  Time since last request: 0.000025 seconds.
  path: Assets/UI/Circuit Details UI/Lap Time Details/Player Name 4x -1618943831.png
  artifactKey: Guid(416abe12e6ddde94e9b5711fa54ce21a) Importer(2089858483,b0f066a214c2f5e87bad3c948f4d605d)
Start importing Assets/UI/Circuit Details UI/Lap Time Details/Player Name 4x -1618943831.png using Guid(416abe12e6ddde94e9b5711fa54ce21a) Importer(2089858483,b0f066a214c2f5e87bad3c948f4d605d) (ScriptedImporter) -> (artifact id: 'e77e6435019492fe988a2294f3dc1cba') in 0.0358901 seconds
Number of updated asset objects reloaded before import = 0Number of asset objects unloaded after import = 3

========================================================================
Received Import Request.
  Time since last request: 0.000022 seconds.
  path: Assets/UI/TextMesh Pro/Shaders/TMPro_Mobile.cginc
  artifactKey: Guid(c334973cef89a9840b0b0c507e0377ab) Importer(2089858483,b0f066a214c2f5e87bad3c948f4d605d)
Start importing Assets/UI/TextMesh Pro/Shaders/TMPro_Mobile.cginc using Guid(c334973cef89a9840b0b0c507e0377ab) Importer(2089858483,b0f066a214c2f5e87bad3c948f4d605d) (ScriptedImporter) -> (artifact id: '7f0849c3f0a10b59717cc5c3d9bd0df3') in 0.0251005 seconds
Number of updated asset objects reloaded before import = 0Number of asset objects unloaded after import = 1

========================================================================
Received Import Request.
  Time since last request: 0.000014 seconds.
  path: Assets/UI/Fonts/Ttf/Bungee Spice-Normal.ttf
  artifactKey: Guid(077d91266040ff046923432ea6e0b36f) Importer(2089858483,b0f066a214c2f5e87bad3c948f4d605d)
Start importing Assets/UI/Fonts/Ttf/Bungee Spice-Normal.ttf using Guid(077d91266040ff046923432ea6e0b36f) Importer(2089858483,b0f066a214c2f5e87bad3c948f4d605d) (ScriptedImporter) -> (artifact id: 'ac8fe8701cc35f307435e25eac4940e3') in 0.0298404 seconds
Number of updated asset objects reloaded before import = 0Number of asset objects unloaded after import = 3

========================================================================
Received Import Request.
  Time since last request: 0.000020 seconds.
  path: Assets/UI/TextMesh Pro/Resources/LineBreaking Following Characters.txt
  artifactKey: Guid(fade42e8bc714b018fac513c043d323b) Importer(2089858483,b0f066a214c2f5e87bad3c948f4d605d)
Start importing Assets/UI/TextMesh Pro/Resources/LineBreaking Following Characters.txt using Guid(fade42e8bc714b018fac513c043d323b) Importer(2089858483,b0f066a214c2f5e87bad3c948f4d605d) (ScriptedImporter) -> (artifact id: '2f83b1cee58b2a8253890896ea3864d4') in 0.0216434 seconds
Number of updated asset objects reloaded before import = 0Number of asset objects unloaded after import = 1

========================================================================
Received Import Request.
  Time since last request: 0.000021 seconds.
  path: Assets/Plugins & Utilities/FMOD/src/StudioListener.cs
  artifactKey: Guid(86c6556701af9e04380698b89f691b6e) Importer(2089858483,b0f066a214c2f5e87bad3c948f4d605d)
Start importing Assets/Plugins & Utilities/FMOD/src/StudioListener.cs using Guid(86c6556701af9e04380698b89f691b6e) Importer(2089858483,b0f066a214c2f5e87bad3c948f4d605d) (ScriptedImporter) -> (artifact id: '9e2a783f671961c19f593f9665b4240a') in 0.0243215 seconds
Number of updated asset objects reloaded before import = 0Number of asset objects unloaded after import = 0

========================================================================
Received Import Request.
  Time since last request: 0.000039 seconds.
  path: Assets/UI/Circuit Details UI/Delta 4x 810656227.png/Delta 4x 810656227.png
  artifactKey: Guid(194c40b5b584dbb42836fd3b33c7c335) Importer(2089858483,b0f066a214c2f5e87bad3c948f4d605d)
Start importing Assets/UI/Circuit Details UI/Delta 4x 810656227.png/Delta 4x 810656227.png using Guid(194c40b5b584dbb42836fd3b33c7c335) Importer(2089858483,b0f066a214c2f5e87bad3c948f4d605d) (ScriptedImporter) -> (artifact id: 'a9d7ba9d7c488b6c0b30b7e559379a3f') in 0.0361631 seconds
Number of updated asset objects reloaded before import = 0Number of asset objects unloaded after import = 3

========================================================================
Received Import Request.
  Time since last request: 0.000023 seconds.
  path: Assets/UI/Circuit Details UI/Lap Time Details/Lap Times 4x -1809239286.png
  artifactKey: Guid(6d225f58c4f968f43bb63a20f78da144) Importer(2089858483,b0f066a214c2f5e87bad3c948f4d605d)
Start importing Assets/UI/Circuit Details UI/Lap Time Details/Lap Times 4x -1809239286.png using Guid(6d225f58c4f968f43bb63a20f78da144) Importer(2089858483,b0f066a214c2f5e87bad3c948f4d605d) (ScriptedImporter) -> (artifact id: 'cf7f36ad19bb361db9db87178478ee28') in 0.0364638 seconds
Number of updated asset objects reloaded before import = 0Number of asset objects unloaded after import = 3

========================================================================
Received Import Request.
  Time since last request: 0.000022 seconds.
  path: Assets/UI/Circuit Details UI/Lap Time Details/Delta 4x -1541927058.png
  artifactKey: Guid(95ec7cdb63061e341857a39b9252a3ea) Importer(2089858483,b0f066a214c2f5e87bad3c948f4d605d)
Start importing Assets/UI/Circuit Details UI/Lap Time Details/Delta 4x -1541927058.png using Guid(95ec7cdb63061e341857a39b9252a3ea) Importer(2089858483,b0f066a214c2f5e87bad3c948f4d605d) (ScriptedImporter) -> (artifact id: '4283639eeb5294412e7b290c9dd8d11d') in 0.0376793 seconds
Number of updated asset objects reloaded before import = 0Number of asset objects unloaded after import = 3

========================================================================
Received Import Request.
  Time since last request: 0.000024 seconds.
  path: Assets/UI/TextMesh Pro/Shaders/TMP_SDF-URP Unlit.shadergraph
  artifactKey: Guid(124c112a6e8f1a54e8b0870e881b56d8) Importer(2089858483,b0f066a214c2f5e87bad3c948f4d605d)
Start importing Assets/UI/TextMesh Pro/Shaders/TMP_SDF-URP Unlit.shadergraph using Guid(124c112a6e8f1a54e8b0870e881b56d8) Importer(2089858483,b0f066a214c2f5e87bad3c948f4d605d) (ScriptedImporter) -> (artifact id: '4ddb6f4dbbecede538f44d9a15ae60cc') in 0.0463986 seconds
Number of updated asset objects reloaded before import = 0Number of asset objects unloaded after import = 4

========================================================================
Received Import Request.
  Time since last request: 0.000024 seconds.
  path: Assets/UI/TextMesh Pro/Shaders/TMP_SDF-Mobile SSD.shader
  artifactKey: Guid(c8d12adcee749c344b8117cf7c7eb912) Importer(2089858483,b0f066a214c2f5e87bad3c948f4d605d)
Start importing Assets/UI/TextMesh Pro/Shaders/TMP_SDF-Mobile SSD.shader using Guid(c8d12adcee749c344b8117cf7c7eb912) Importer(2089858483,b0f066a214c2f5e87bad3c948f4d605d) (ScriptedImporter) -> (artifact id: '3478d4f6e76e6a83b66845544b2c8504') in 0.0246004 seconds
Number of updated asset objects reloaded before import = 0Number of asset objects unloaded after import = 1

========================================================================
Received Import Request.
  Time since last request: 0.000021 seconds.
  path: Assets/UI/TextMesh Pro/Shaders/TMP_SDF-Surface.shader
  artifactKey: Guid(f7ada0af4f174f0694ca6a487b8f543d) Importer(2089858483,b0f066a214c2f5e87bad3c948f4d605d)
Start importing Assets/UI/TextMesh Pro/Shaders/TMP_SDF-Surface.shader using Guid(f7ada0af4f174f0694ca6a487b8f543d) Importer(2089858483,b0f066a214c2f5e87bad3c948f4d605d) (ScriptedImporter) -> (artifact id: '9980027a31aa17d4b3ddc123e45d6f09') in 0.0284676 seconds
Number of updated asset objects reloaded before import = 0Number of asset objects unloaded after import = 1

========================================================================
Received Import Request.
  Time since last request: 0.000018 seconds.
  path: Assets/UI/TextMesh Pro/Shaders/TMP_SDF-Mobile Overlay.shader
  artifactKey: Guid(a02a7d8c237544f1962732b55a9aebf1) Importer(2089858483,b0f066a214c2f5e87bad3c948f4d605d)
Start importing Assets/UI/TextMesh Pro/Shaders/TMP_SDF-Mobile Overlay.shader using Guid(a02a7d8c237544f1962732b55a9aebf1) Importer(2089858483,b0f066a214c2f5e87bad3c948f4d605d) (ScriptedImporter) -> (artifact id: '76dcdbeaabc7dd901ccb3f1477ec4758') in 0.0205909 seconds
Number of updated asset objects reloaded before import = 0Number of asset objects unloaded after import = 1

========================================================================
Received Import Request.
  Time since last request: 0.000016 seconds.
  path: Assets/Plugins & Utilities/FMOD/src/StudioBankLoader.cs
  artifactKey: Guid(b9468c5f457ace64f8d4df6d642b107f) Importer(2089858483,b0f066a214c2f5e87bad3c948f4d605d)
Start importing Assets/Plugins & Utilities/FMOD/src/StudioBankLoader.cs using Guid(b9468c5f457ace64f8d4df6d642b107f) Importer(2089858483,b0f066a214c2f5e87bad3c948f4d605d) (ScriptedImporter) -> (artifact id: '6052c2e1466b08378fdb67b8da273792') in 0.0131685 seconds
Number of updated asset objects reloaded before import = 0Number of asset objects unloaded after import = 0

========================================================================
Received Import Request.
  Time since last request: 0.000031 seconds.
  path: Assets/UI/Circuit Details UI/Lap Time Details/Lap Times 4x -433916468.png
  artifactKey: Guid(9331384025cbcf647bb8698299e65796) Importer(2089858483,b0f066a214c2f5e87bad3c948f4d605d)
Start importing Assets/UI/Circuit Details UI/Lap Time Details/Lap Times 4x -433916468.png using Guid(9331384025cbcf647bb8698299e65796) Importer(2089858483,b0f066a214c2f5e87bad3c948f4d605d) (ScriptedImporter) -> (artifact id: '7e8003717efd0e315787d3a960b8a1c8') in 0.0405408 seconds
Number of updated asset objects reloaded before import = 0Number of asset objects unloaded after import = 3

========================================================================
Received Import Request.
  Time since last request: 0.000019 seconds.
  path: Assets/UI/TextMesh Pro/Shaders/TMPro_Surface.cginc
  artifactKey: Guid(d930090c0cd643c7b55f19a38538c162) Importer(2089858483,b0f066a214c2f5e87bad3c948f4d605d)
Start importing Assets/UI/TextMesh Pro/Shaders/TMPro_Surface.cginc using Guid(d930090c0cd643c7b55f19a38538c162) Importer(2089858483,b0f066a214c2f5e87bad3c948f4d605d) (ScriptedImporter) -> (artifact id: 'd3faa33d60b471e3b52f0c4ff5ce9a64') in 0.031362 seconds
Number of updated asset objects reloaded before import = 0Number of asset objects unloaded after import = 1

========================================================================
Received Import Request.
  Time since last request: 0.000015 seconds.
  path: Assets/UI/UI Asset/Free/A.png
  artifactKey: Guid(0f9aff9d1d5411d419a50a1f33efcf25) Importer(2089858483,b0f066a214c2f5e87bad3c948f4d605d)
Start importing Assets/UI/UI Asset/Free/A.png using Guid(0f9aff9d1d5411d419a50a1f33efcf25) Importer(2089858483,b0f066a214c2f5e87bad3c948f4d605d) (ScriptedImporter) -> (artifact id: 'f01867d2e2aea3976ab5b259f4cd2c9d') in 0.0323152 seconds
Number of updated asset objects reloaded before import = 0Number of asset objects unloaded after import = 3

========================================================================
Received Import Request.
  Time since last request: 0.000031 seconds.
  path: Assets/UI/UI Asset/Free/64 Light.png
  artifactKey: Guid(1bf101c8c2b8aab4484cd2ff08be047b) Importer(2089858483,b0f066a214c2f5e87bad3c948f4d605d)
Start importing Assets/UI/UI Asset/Free/64 Light.png using Guid(1bf101c8c2b8aab4484cd2ff08be047b) Importer(2089858483,b0f066a214c2f5e87bad3c948f4d605d) (ScriptedImporter) -> (artifact id: '6f97d19ec24faa7aa9ee01babe47b938') in 0.0366061 seconds
Number of updated asset objects reloaded before import = 0Number of asset objects unloaded after import = 3

========================================================================
Received Import Request.
  Time since last request: 0.000033 seconds.
  path: Assets/UI/UI Asset/Free/128 Light 2.png
  artifactKey: Guid(4c5a0d6878b96be4f9f82216b59eca51) Importer(2089858483,b0f066a214c2f5e87bad3c948f4d605d)
Start importing Assets/UI/UI Asset/Free/128 Light 2.png using Guid(4c5a0d6878b96be4f9f82216b59eca51) Importer(2089858483,b0f066a214c2f5e87bad3c948f4d605d) (ScriptedImporter) -> (artifact id: '6d0286a1816a6300853cd4b31055e82c') in 0.0381038 seconds
Number of updated asset objects reloaded before import = 0Number of asset objects unloaded after import = 3

========================================================================
Received Import Request.
  Time since last request: 0.000057 seconds.
  path: Assets/UI/UI Asset/Free/128 Light.png
  artifactKey: Guid(240ae01ad665c6d4798249cbec763ce8) Importer(2089858483,b0f066a214c2f5e87bad3c948f4d605d)
Start importing Assets/UI/UI Asset/Free/128 Light.png using Guid(240ae01ad665c6d4798249cbec763ce8) Importer(2089858483,b0f066a214c2f5e87bad3c948f4d605d) (ScriptedImporter) -> (artifact id: 'ee162d93cdd3043679889d76d5f9fbf7') in 0.0374152 seconds
Number of updated asset objects reloaded before import = 0Number of asset objects unloaded after import = 3

========================================================================
Received Import Request.
  Time since last request: 0.000020 seconds.
  path: Assets/UI/UI Asset/Free/64 Light 2.png
  artifactKey: Guid(91db8970c28d4a344beff5618f7a0ca3) Importer(2089858483,b0f066a214c2f5e87bad3c948f4d605d)
Start importing Assets/UI/UI Asset/Free/64 Light 2.png using Guid(91db8970c28d4a344beff5618f7a0ca3) Importer(2089858483,b0f066a214c2f5e87bad3c948f4d605d) (ScriptedImporter) -> (artifact id: '5c982fb71eeddf1a49e6b22104601622') in 0.0334834 seconds
Number of updated asset objects reloaded before import = 0Number of asset objects unloaded after import = 3

========================================================================
Received Import Request.
  Time since last request: 0.000019 seconds.
  path: Assets/UI/Circuit Details UI/Lap Time Details/Sector 2 4x 653503985.png
  artifactKey: Guid(79cc4a1e066c6544dbfe1be2d422e9bc) Importer(2089858483,b0f066a214c2f5e87bad3c948f4d605d)
Start importing Assets/UI/Circuit Details UI/Lap Time Details/Sector 2 4x 653503985.png using Guid(79cc4a1e066c6544dbfe1be2d422e9bc) Importer(2089858483,b0f066a214c2f5e87bad3c948f4d605d) (ScriptedImporter) -> (artifact id: '29e325cd4d517241e0bff351711b75bf') in 0.0372343 seconds
Number of updated asset objects reloaded before import = 0Number of asset objects unloaded after import = 3

========================================================================
Received Import Request.
  Time since last request: 0.000029 seconds.
  path: Assets/Plugins & Utilities/FMOD/src/Platform.cs
  artifactKey: Guid(e7df340ba8041134888b271ea2124fcd) Importer(2089858483,b0f066a214c2f5e87bad3c948f4d605d)
Start importing Assets/Plugins & Utilities/FMOD/src/Platform.cs using Guid(e7df340ba8041134888b271ea2124fcd) Importer(2089858483,b0f066a214c2f5e87bad3c948f4d605d) (ScriptedImporter) -> (artifact id: '9d26bb135f2e2ef89b446bc4e4902974') in 0.0176467 seconds
Number of updated asset objects reloaded before import = 0Number of asset objects unloaded after import = 0

========================================================================
Received Import Request.
  Time since last request: 0.000016 seconds.
  path: Assets/UI/UI Asset/Free/BTN_Line_4PX_Small.png
  artifactKey: Guid(a2d6a7e9df0789d4eaf8dbbac47eb1f6) Importer(2089858483,b0f066a214c2f5e87bad3c948f4d605d)
Start importing Assets/UI/UI Asset/Free/BTN_Line_4PX_Small.png using Guid(a2d6a7e9df0789d4eaf8dbbac47eb1f6) Importer(2089858483,b0f066a214c2f5e87bad3c948f4d605d) (ScriptedImporter) -> (artifact id: 'fcb805462267af664381af257dcb1690') in 0.0305803 seconds
Number of updated asset objects reloaded before import = 0Number of asset objects unloaded after import = 3

========================================================================
Received Import Request.
  Time since last request: 0.000015 seconds.
  path: Assets/UI/UI Asset/Free/Button_Medium_A.png
  artifactKey: Guid(f9fa9ebfa2606f840a23f0bb0ac882af) Importer(2089858483,b0f066a214c2f5e87bad3c948f4d605d)
Start importing Assets/UI/UI Asset/Free/Button_Medium_A.png using Guid(f9fa9ebfa2606f840a23f0bb0ac882af) Importer(2089858483,b0f066a214c2f5e87bad3c948f4d605d) (ScriptedImporter) -> (artifact id: 'a6d7ff37d0b69a65f40c7af94c21afdb') in 0.0373323 seconds
Number of updated asset objects reloaded before import = 0Number of asset objects unloaded after import = 3

========================================================================
Received Import Request.
  Time since last request: 0.000016 seconds.
  path: Assets/UI/UI Asset/Free/Button_Large_A.png
  artifactKey: Guid(fee7cb0981897184ca8e254670a1d84f) Importer(2089858483,b0f066a214c2f5e87bad3c948f4d605d)
Start importing Assets/UI/UI Asset/Free/Button_Large_A.png using Guid(fee7cb0981897184ca8e254670a1d84f) Importer(2089858483,b0f066a214c2f5e87bad3c948f4d605d) (ScriptedImporter) -> (artifact id: '56e5daaf5c31b6be3e52d016ca55d5d2') in 0.0415327 seconds
Number of updated asset objects reloaded before import = 0Number of asset objects unloaded after import = 3

========================================================================
Received Import Request.
  Time since last request: 0.000017 seconds.
  path: Assets/UI/UI Asset/Free/BTN_A1.png
  artifactKey: Guid(604d5ed6f532a5146bf48201437881ee) Importer(2089858483,b0f066a214c2f5e87bad3c948f4d605d)
Start importing Assets/UI/UI Asset/Free/BTN_A1.png using Guid(604d5ed6f532a5146bf48201437881ee) Importer(2089858483,b0f066a214c2f5e87bad3c948f4d605d) (ScriptedImporter) -> (artifact id: 'a42af6e72a0e584db6adcb891d620839') in 0.0348859 seconds
Number of updated asset objects reloaded before import = 0Number of asset objects unloaded after import = 3

========================================================================
Received Import Request.
  Time since last request: 0.000027 seconds.
  path: Assets/UI/UI Asset/Free/BTN_A3.png
  artifactKey: Guid(864f00a7055893d45b093ac179e35237) Importer(2089858483,b0f066a214c2f5e87bad3c948f4d605d)
Start importing Assets/UI/UI Asset/Free/BTN_A3.png using Guid(864f00a7055893d45b093ac179e35237) Importer(2089858483,b0f066a214c2f5e87bad3c948f4d605d) (ScriptedImporter) -> (artifact id: '03a41e0c3d05a57bbc59c233ef911a83') in 0.0427972 seconds
Number of updated asset objects reloaded before import = 0Number of asset objects unloaded after import = 3

========================================================================
Received Import Request.
  Time since last request: 0.000015 seconds.
  path: Assets/UI/UI Asset/Free/BTN_Line_4PX_Medium.png
  artifactKey: Guid(b631b747eaea1bb40a188fdced546dd2) Importer(2089858483,b0f066a214c2f5e87bad3c948f4d605d)
Start importing Assets/UI/UI Asset/Free/BTN_Line_4PX_Medium.png using Guid(b631b747eaea1bb40a188fdced546dd2) Importer(2089858483,b0f066a214c2f5e87bad3c948f4d605d) (ScriptedImporter) -> (artifact id: '540e84b726f930d5189f29fe1412b3e5') in 0.0377409 seconds
Number of updated asset objects reloaded before import = 0Number of asset objects unloaded after import = 3

========================================================================
Received Import Request.
  Time since last request: 0.000016 seconds.
  path: Assets/Plugins & Utilities/FMOD/src/EventHandler.cs
  artifactKey: Guid(a28d1e1a42561ed4f8d44293dab99079) Importer(2089858483,b0f066a214c2f5e87bad3c948f4d605d)
Start importing Assets/Plugins & Utilities/FMOD/src/EventHandler.cs using Guid(a28d1e1a42561ed4f8d44293dab99079) Importer(2089858483,b0f066a214c2f5e87bad3c948f4d605d) (ScriptedImporter) -> (artifact id: 'fc3b5ae32b5da9ff115777e8db16510c') in 0.0159625 seconds
Number of updated asset objects reloaded before import = 0Number of asset objects unloaded after import = 0

========================================================================
Received Import Request.
  Time since last request: 0.000031 seconds.
  path: Assets/UI/Circuit Details UI/Sector 3 4x -1990299331.png/Sector 3 4x -1990299331.png
  artifactKey: Guid(038986711af861a43bd0a516a32565cd) Importer(2089858483,b0f066a214c2f5e87bad3c948f4d605d)
Start importing Assets/UI/Circuit Details UI/Sector 3 4x -1990299331.png/Sector 3 4x -1990299331.png using Guid(038986711af861a43bd0a516a32565cd) Importer(2089858483,b0f066a214c2f5e87bad3c948f4d605d) (ScriptedImporter) -> (artifact id: 'e552012d2dd7137bd0527c05d2759c59') in 0.0408965 seconds
Number of updated asset objects reloaded before import = 0Number of asset objects unloaded after import = 3

========================================================================
Received Import Request.
  Time since last request: 0.000022 seconds.
  path: Assets/UI/UI Asset/Free/F.png
  artifactKey: Guid(0fe7093e9bd11cb43b64578a75562ba3) Importer(2089858483,b0f066a214c2f5e87bad3c948f4d605d)
Start importing Assets/UI/UI Asset/Free/F.png using Guid(0fe7093e9bd11cb43b64578a75562ba3) Importer(2089858483,b0f066a214c2f5e87bad3c948f4d605d) (ScriptedImporter) -> (artifact id: 'f625bc5d16f1fec07adce2a57587da37') in 0.0402801 seconds
Number of updated asset objects reloaded before import = 0Number of asset objects unloaded after import = 3

========================================================================
Received Import Request.
  Time since last request: 0.000023 seconds.
  path: Assets/UI/UI Asset/Free/Down BTN.png
  artifactKey: Guid(adfae103208dcfb479b198bfb03f095e) Importer(2089858483,b0f066a214c2f5e87bad3c948f4d605d)
Start importing Assets/UI/UI Asset/Free/Down BTN.png using Guid(adfae103208dcfb479b198bfb03f095e) Importer(2089858483,b0f066a214c2f5e87bad3c948f4d605d) (ScriptedImporter) -> (artifact id: '39c7e620d601924b7fdce697c7059ad9') in 0.0338314 seconds
Number of updated asset objects reloaded before import = 0Number of asset objects unloaded after import = 3

========================================================================
Received Import Request.
  Time since last request: 0.000016 seconds.
  path: Assets/UI/UI Asset/Free/CIRCLE2PXMED.png
  artifactKey: Guid(67d26aedff211d940a0a479f8a01fdc2) Importer(2089858483,b0f066a214c2f5e87bad3c948f4d605d)
Start importing Assets/UI/UI Asset/Free/CIRCLE2PXMED.png using Guid(67d26aedff211d940a0a479f8a01fdc2) Importer(2089858483,b0f066a214c2f5e87bad3c948f4d605d) (ScriptedImporter) -> (artifact id: 'c49a9a9f1ed436f034b26e2834a6bcb0') in 0.0362118 seconds
Number of updated asset objects reloaded before import = 0Number of asset objects unloaded after import = 3

========================================================================
Received Import Request.
  Time since last request: 0.000019 seconds.
  path: Assets/UI/UI Asset/Free/Coin.png
  artifactKey: Guid(2e43f0691f0d7404eae8d01381da65a0) Importer(2089858483,b0f066a214c2f5e87bad3c948f4d605d)
Start importing Assets/UI/UI Asset/Free/Coin.png using Guid(2e43f0691f0d7404eae8d01381da65a0) Importer(2089858483,b0f066a214c2f5e87bad3c948f4d605d) (ScriptedImporter) -> (artifact id: '0b3abf33122f0e8e302567a8067686dc') in 0.0308929 seconds
Number of updated asset objects reloaded before import = 0Number of asset objects unloaded after import = 3

========================================================================
Received Import Request.
  Time since last request: 0.000032 seconds.
  path: Assets/Plugins & Utilities/FMOD/images/TransportPlayButtonOff.png
  artifactKey: Guid(29258b1336a580946bc144df00b74ac1) Importer(2089858483,b0f066a214c2f5e87bad3c948f4d605d)
Start importing Assets/Plugins & Utilities/FMOD/images/TransportPlayButtonOff.png using Guid(29258b1336a580946bc144df00b74ac1) Importer(2089858483,b0f066a214c2f5e87bad3c948f4d605d) (ScriptedImporter) -> (artifact id: 'f0d5597c5f27acef0ae1db3b4af5167c') in 0.0370989 seconds
Number of updated asset objects reloaded before import = 0Number of asset objects unloaded after import = 1

========================================================================
Received Import Request.
  Time since last request: 0.000091 seconds.
  path: Assets/UI/UI Asset/Free/ButtonLargeRound.png
  artifactKey: Guid(ac9e02ea18781ab459dd5feca42c0db1) Importer(2089858483,b0f066a214c2f5e87bad3c948f4d605d)
Start importing Assets/UI/UI Asset/Free/ButtonLargeRound.png using Guid(ac9e02ea18781ab459dd5feca42c0db1) Importer(2089858483,b0f066a214c2f5e87bad3c948f4d605d) (ScriptedImporter) -> (artifact id: 'c9fdc2b039e70a1c4bfb895a347aba4d') in 0.0394714 seconds
Number of updated asset objects reloaded before import = 0Number of asset objects unloaded after import = 3

========================================================================
Received Import Request.
  Time since last request: 0.000037 seconds.
  path: Assets/Plugins & Utilities/FMOD/images/TickGreen.png
  artifactKey: Guid(27533226416c4f549b9bec9c024100f7) Importer(2089858483,b0f066a214c2f5e87bad3c948f4d605d)
Start importing Assets/Plugins & Utilities/FMOD/images/TickGreen.png using Guid(27533226416c4f549b9bec9c024100f7) Importer(2089858483,b0f066a214c2f5e87bad3c948f4d605d) (ScriptedImporter) -> (artifact id: 'd8780d585179293725892bb053467464') in 0.0335995 seconds
Number of updated asset objects reloaded before import = 0Number of asset objects unloaded after import = 1

========================================================================
Received Import Request.
  Time since last request: 0.000013 seconds.
  path: Assets/UI/UI Asset/Free/Music.png
  artifactKey: Guid(f5f3ad8f35c709e4dabc990b16fd52e9) Importer(2089858483,b0f066a214c2f5e87bad3c948f4d605d)
Start importing Assets/UI/UI Asset/Free/Music.png using Guid(f5f3ad8f35c709e4dabc990b16fd52e9) Importer(2089858483,b0f066a214c2f5e87bad3c948f4d605d) (ScriptedImporter) -> (artifact id: '0d837f98bf4a8b9df2b36f90c10ba8e0') in 0.0332058 seconds
Number of updated asset objects reloaded before import = 0Number of asset objects unloaded after import = 3

========================================================================
Received Import Request.
  Time since last request: 0.000016 seconds.
  path: Assets/UI/UI Asset/Free/InputField.png
  artifactKey: Guid(6cbf273c77eba1a448f3c04ff4292030) Importer(2089858483,b0f066a214c2f5e87bad3c948f4d605d)
Start importing Assets/UI/UI Asset/Free/InputField.png using Guid(6cbf273c77eba1a448f3c04ff4292030) Importer(2089858483,b0f066a214c2f5e87bad3c948f4d605d) (ScriptedImporter) -> (artifact id: 'b6b5fc32f5228820b8a2946426985eb0') in 0.0326185 seconds
Number of updated asset objects reloaded before import = 0Number of asset objects unloaded after import = 3

========================================================================
Received Import Request.
  Time since last request: 0.000027 seconds.
  path: Assets/UI/UI Asset/Free/Left Arrow.png
  artifactKey: Guid(210e6a7b28c57aa4e9408866e861895c) Importer(2089858483,b0f066a214c2f5e87bad3c948f4d605d)
Start importing Assets/UI/UI Asset/Free/Left Arrow.png using Guid(210e6a7b28c57aa4e9408866e861895c) Importer(2089858483,b0f066a214c2f5e87bad3c948f4d605d) (ScriptedImporter) -> (artifact id: '550012d5adb76e95d18e8c0b9df4890a') in 0.0371925 seconds
Number of updated asset objects reloaded before import = 0Number of asset objects unloaded after import = 3

========================================================================
Received Import Request.
  Time since last request: 0.000024 seconds.
  path: Assets/UI/UI Asset/Free/Ranks.png
  artifactKey: Guid(e8433df827a81cb48bac4ebc18d1e25e) Importer(2089858483,b0f066a214c2f5e87bad3c948f4d605d)
Start importing Assets/UI/UI Asset/Free/Ranks.png using Guid(e8433df827a81cb48bac4ebc18d1e25e) Importer(2089858483,b0f066a214c2f5e87bad3c948f4d605d) (ScriptedImporter) -> (artifact id: '1e046062031c640a19219da9d64e4f06') in 0.0399483 seconds
Number of updated asset objects reloaded before import = 0Number of asset objects unloaded after import = 3

========================================================================
Received Import Request.
  Time since last request: 0.000030 seconds.
  path: Assets/UI/UI Asset/Free/Messages.png
  artifactKey: Guid(dd8c6245ee19b2345ba3c0ce722a32c0) Importer(2089858483,b0f066a214c2f5e87bad3c948f4d605d)
Start importing Assets/UI/UI Asset/Free/Messages.png using Guid(dd8c6245ee19b2345ba3c0ce722a32c0) Importer(2089858483,b0f066a214c2f5e87bad3c948f4d605d) (ScriptedImporter) -> (artifact id: 'f07de3c3b5d2ca5e37ac50a6d6e4ca19') in 0.0379103 seconds
Number of updated asset objects reloaded before import = 0Number of asset objects unloaded after import = 3

========================================================================
Received Import Request.
  Time since last request: 0.000016 seconds.
  path: Assets/UI/UI Asset/Free/Inventory.png
  artifactKey: Guid(a551bf3edbe49704a99e4114483bcdbb) Importer(2089858483,b0f066a214c2f5e87bad3c948f4d605d)
Start importing Assets/UI/UI Asset/Free/Inventory.png using Guid(a551bf3edbe49704a99e4114483bcdbb) Importer(2089858483,b0f066a214c2f5e87bad3c948f4d605d) (ScriptedImporter) -> (artifact id: '02473c0b09acc85823dabb1cc8bdac42') in 0.0379728 seconds
Number of updated asset objects reloaded before import = 0Number of asset objects unloaded after import = 3

========================================================================
Received Import Request.
  Time since last request: 0.000021 seconds.
  path: Assets/Skybox/Utils/Editor/Version.asset
  artifactKey: Guid(a15c57a0379e088458f4b54715babf2b) Importer(2089858483,b0f066a214c2f5e87bad3c948f4d605d)
Start importing Assets/Skybox/Utils/Editor/Version.asset using Guid(a15c57a0379e088458f4b54715babf2b) Importer(2089858483,b0f066a214c2f5e87bad3c948f4d605d) (ScriptedImporter) -> (artifact id: '8a579de11986f3c2077f159c9eba9924') in 0.0323718 seconds
Number of updated asset objects reloaded before import = 0Number of asset objects unloaded after import = 1

========================================================================
Received Import Request.
  Time since last request: 0.000019 seconds.
  path: Assets/UI/UI Asset/Free/World.png
  artifactKey: Guid(cb0be92a1645a7c48a26aa4a8ebdb7d8) Importer(2089858483,b0f066a214c2f5e87bad3c948f4d605d)
Start importing Assets/UI/UI Asset/Free/World.png using Guid(cb0be92a1645a7c48a26aa4a8ebdb7d8) Importer(2089858483,b0f066a214c2f5e87bad3c948f4d605d) (ScriptedImporter) -> (artifact id: '3e3eb3d8d4a4796a23f07e5ba52ceff3') in 0.0279018 seconds
Number of updated asset objects reloaded before import = 0Number of asset objects unloaded after import = 3

========================================================================
Received Import Request.
  Time since last request: 0.000026 seconds.
  path: Assets/UI/UI Asset/Free/Up Arrow.png
  artifactKey: Guid(bdfcd00e719df654886a535178587f29) Importer(2089858483,b0f066a214c2f5e87bad3c948f4d605d)
Start importing Assets/UI/UI Asset/Free/Up Arrow.png using Guid(bdfcd00e719df654886a535178587f29) Importer(2089858483,b0f066a214c2f5e87bad3c948f4d605d) (ScriptedImporter) -> (artifact id: '656523edc0e7c8be04079cec18dd174b') in 0.0292612 seconds
Number of updated asset objects reloaded before import = 0Number of asset objects unloaded after import = 3

========================================================================
Received Import Request.
  Time since last request: 0.000023 seconds.
  path: Assets/UI/UI Asset/Free/Star.png
  artifactKey: Guid(58077e7d7c1f69e448677d19dddcbc9c) Importer(2089858483,b0f066a214c2f5e87bad3c948f4d605d)
Start importing Assets/UI/UI Asset/Free/Star.png using Guid(58077e7d7c1f69e448677d19dddcbc9c) Importer(2089858483,b0f066a214c2f5e87bad3c948f4d605d) (ScriptedImporter) -> (artifact id: 'f447316e5e11a097b654389db6561897') in 0.0304636 seconds
Number of updated asset objects reloaded before import = 0Number of asset objects unloaded after import = 3

========================================================================
Received Import Request.
  Time since last request: 0.000020 seconds.
  path: Assets/UI/UI Asset/Free/Up BTN.png
  artifactKey: Guid(156c51bba7cc9d24496e86f11d08bbaf) Importer(2089858483,b0f066a214c2f5e87bad3c948f4d605d)
Start importing Assets/UI/UI Asset/Free/Up BTN.png using Guid(156c51bba7cc9d24496e86f11d08bbaf) Importer(2089858483,b0f066a214c2f5e87bad3c948f4d605d) (ScriptedImporter) -> (artifact id: 'e1c331d8bb8e389a788b240bd385046d') in 0.0351994 seconds
Number of updated asset objects reloaded before import = 0Number of asset objects unloaded after import = 3

========================================================================
Received Import Request.
  Time since last request: 0.000023 seconds.
  path: Assets/Plugins & Utilities/DA-Shared/Assembly/CornerRounder/CornerRounder.cs
  artifactKey: Guid(9a2e82b06c2ed1847bd32d353cd674c8) Importer(2089858483,b0f066a214c2f5e87bad3c948f4d605d)
Start importing Assets/Plugins & Utilities/DA-Shared/Assembly/CornerRounder/CornerRounder.cs using Guid(9a2e82b06c2ed1847bd32d353cd674c8) Importer(2089858483,b0f066a214c2f5e87bad3c948f4d605d) (ScriptedImporter) -> (artifact id: '274c139a174a4aa2aca7aeaa3410d9ac') in 0.0185921 seconds
Number of updated asset objects reloaded before import = 0Number of asset objects unloaded after import = 0

========================================================================
Received Import Request.
  Time since last request: 0.000016 seconds.
  path: Assets/UI/Circuit Details UI/Sector 1 4x -364316325.png/Sector 1 4x -364316325.png
  artifactKey: Guid(d9eb4a37ddc32eb43866ab8f8a546b11) Importer(2089858483,b0f066a214c2f5e87bad3c948f4d605d)
Start importing Assets/UI/Circuit Details UI/Sector 1 4x -364316325.png/Sector 1 4x -364316325.png using Guid(d9eb4a37ddc32eb43866ab8f8a546b11) Importer(2089858483,b0f066a214c2f5e87bad3c948f4d605d) (ScriptedImporter) -> (artifact id: '120451fc2a13b2b399836cfe8ffac213') in 0.0391158 seconds
Number of updated asset objects reloaded before import = 0Number of asset objects unloaded after import = 3

========================================================================
Received Import Request.
  Time since last request: 0.000031 seconds.
  path: Assets/Scripts/InputManagers/CircuitSelectionInputManager.cs
  artifactKey: Guid(47d4e9f8ff21d3543a49fd043e8d0d6c) Importer(2089858483,b0f066a214c2f5e87bad3c948f4d605d)
Start importing Assets/Scripts/InputManagers/CircuitSelectionInputManager.cs using Guid(47d4e9f8ff21d3543a49fd043e8d0d6c) Importer(2089858483,b0f066a214c2f5e87bad3c948f4d605d) (ScriptedImporter) -> (artifact id: '0396315636930ba823f8ef8d36a004b8') in 0.017542 seconds
Number of updated asset objects reloaded before import = 0Number of asset objects unloaded after import = 0

========================================================================
Received Import Request.
  Time since last request: 0.000017 seconds.
  path: Assets/UI/Circuit Details UI/Name 4x -2025528598.png/Name 4x -2025528598.png
  artifactKey: Guid(d778dea0897c9924cb7a887fb2738a42) Importer(2089858483,b0f066a214c2f5e87bad3c948f4d605d)
Start importing Assets/UI/Circuit Details UI/Name 4x -2025528598.png/Name 4x -2025528598.png using Guid(d778dea0897c9924cb7a887fb2738a42) Importer(2089858483,b0f066a214c2f5e87bad3c948f4d605d) (ScriptedImporter) -> (artifact id: 'fdb4d1824a03b1a807bb8dc397a87a0c') in 0.0349438 seconds
Number of updated asset objects reloaded before import = 0Number of asset objects unloaded after import = 3

========================================================================
Received Import Request.
  Time since last request: 0.000015 seconds.
  path: Assets/Plugins & Utilities/DA-Shared/Assembly/Extensions/RectTransformExtensions.cs
  artifactKey: Guid(980a5b90d0f184a4fbaf5a38652b3134) Importer(2089858483,b0f066a214c2f5e87bad3c948f4d605d)
Start importing Assets/Plugins & Utilities/DA-Shared/Assembly/Extensions/RectTransformExtensions.cs using Guid(980a5b90d0f184a4fbaf5a38652b3134) Importer(2089858483,b0f066a214c2f5e87bad3c948f4d605d) (ScriptedImporter) -> (artifact id: '92a33c6f76cb4e6fe325410c9e2a11af') in 0.0288404 seconds
Number of updated asset objects reloaded before import = 0Number of asset objects unloaded after import = 0

========================================================================
Received Import Request.
  Time since last request: 0.000035 seconds.
  path: Assets/Plugins & Utilities/DA-Shared/Assembly/DAGradient/DAGradient.cs
  artifactKey: Guid(a449e8c2392630345a61b822d5511db1) Importer(2089858483,b0f066a214c2f5e87bad3c948f4d605d)
Start importing Assets/Plugins & Utilities/DA-Shared/Assembly/DAGradient/DAGradient.cs using Guid(a449e8c2392630345a61b822d5511db1) Importer(2089858483,b0f066a214c2f5e87bad3c948f4d605d) (ScriptedImporter) -> (artifact id: '73f15bdaa7f113ad48d2dd4f5170fa00') in 0.019297 seconds
Number of updated asset objects reloaded before import = 0Number of asset objects unloaded after import = 0

========================================================================
Received Import Request.
  Time since last request: 0.000041 seconds.
  path: Assets/Plugins & Utilities/DA-Shared/Assembly/Extensions/AdaptivityExtensions.cs
  artifactKey: Guid(6bdb420b2e504b14a90dc566a4741b7c) Importer(2089858483,b0f066a214c2f5e87bad3c948f4d605d)
Start importing Assets/Plugins & Utilities/DA-Shared/Assembly/Extensions/AdaptivityExtensions.cs using Guid(6bdb420b2e504b14a90dc566a4741b7c) Importer(2089858483,b0f066a214c2f5e87bad3c948f4d605d) (ScriptedImporter) -> (artifact id: '8c7cc852b3b97d5194f5fcf60ff09ecd') in 0.0211222 seconds
Number of updated asset objects reloaded before import = 0Number of asset objects unloaded after import = 0

========================================================================
Received Import Request.
  Time since last request: 0.000026 seconds.
  path: Assets/Plugins & Utilities/DA-Shared/Assembly/Extensions/FileExtensions.cs
  artifactKey: Guid(6524e57dc4d98a14f8146352f930e583) Importer(2089858483,b0f066a214c2f5e87bad3c948f4d605d)
Start importing Assets/Plugins & Utilities/DA-Shared/Assembly/Extensions/FileExtensions.cs using Guid(6524e57dc4d98a14f8146352f930e583) Importer(2089858483,b0f066a214c2f5e87bad3c948f4d605d) (ScriptedImporter) -> (artifact id: 'e0d49f69d7cd17034afaff5e7d3a06a1') in 0.0171667 seconds
Number of updated asset objects reloaded before import = 0Number of asset objects unloaded after import = 0

========================================================================
Received Import Request.
  Time since last request: 0.000018 seconds.
  path: Assets/Plugins & Utilities/DA-Shared/Assembly/DAGradient/DAColorBlendMode.cs
  artifactKey: Guid(407e6426373c5fe41a34e806c9a303c9) Importer(2089858483,b0f066a214c2f5e87bad3c948f4d605d)
Start importing Assets/Plugins & Utilities/DA-Shared/Assembly/DAGradient/DAColorBlendMode.cs using Guid(407e6426373c5fe41a34e806c9a303c9) Importer(2089858483,b0f066a214c2f5e87bad3c948f4d605d) (ScriptedImporter) -> (artifact id: 'ebde2ebef7c9b22563838d76c0f020e9') in 0.0146617 seconds
Number of updated asset objects reloaded before import = 0Number of asset objects unloaded after import = 0

========================================================================
Received Import Request.
  Time since last request: 0.000016 seconds.
  path: Assets/Plugins & Utilities/DA-Shared/Assembly/DAGradient/DAColorBlender.cs
  artifactKey: Guid(e149b3160b291ac48a1c9e3c7915e597) Importer(2089858483,b0f066a214c2f5e87bad3c948f4d605d)
Start importing Assets/Plugins & Utilities/DA-Shared/Assembly/DAGradient/DAColorBlender.cs using Guid(e149b3160b291ac48a1c9e3c7915e597) Importer(2089858483,b0f066a214c2f5e87bad3c948f4d605d) (ScriptedImporter) -> (artifact id: 'cc44378409a54bf643308337efab3f88') in 0.0149557 seconds
Number of updated asset objects reloaded before import = 0Number of asset objects unloaded after import = 0

========================================================================
Received Import Request.
  Time since last request: 0.000016 seconds.
  path: Assets/Plugins & Utilities/DA-Shared/Assembly/Extensions/MonoBehaviourExtensions.cs
  artifactKey: Guid(6e6e2f8e6cb739b4a909268b9e654ba8) Importer(2089858483,b0f066a214c2f5e87bad3c948f4d605d)
Start importing Assets/Plugins & Utilities/DA-Shared/Assembly/Extensions/MonoBehaviourExtensions.cs using Guid(6e6e2f8e6cb739b4a909268b9e654ba8) Importer(2089858483,b0f066a214c2f5e87bad3c948f4d605d) (ScriptedImporter) -> (artifact id: '938ec89cc1e4c956dcc8ce715e681a2b') in 0.0174985 seconds
Number of updated asset objects reloaded before import = 0Number of asset objects unloaded after import = 0

========================================================================
Received Import Request.
  Time since last request: 0.000034 seconds.
  path: Assets/Plugins & Utilities/DA-Shared/Assembly/Coroutine/DAResult.cs
  artifactKey: Guid(539feb6c22d8e6b48af68de0c78a604c) Importer(2089858483,b0f066a214c2f5e87bad3c948f4d605d)
Start importing Assets/Plugins & Utilities/DA-Shared/Assembly/Coroutine/DAResult.cs using Guid(539feb6c22d8e6b48af68de0c78a604c) Importer(2089858483,b0f066a214c2f5e87bad3c948f4d605d) (ScriptedImporter) -> (artifact id: 'b0e3a0100d7eee5c5b7d027e9893495d') in 0.0178916 seconds
Number of updated asset objects reloaded before import = 0Number of asset objects unloaded after import = 0

========================================================================
Received Import Request.
  Time since last request: 0.000015 seconds.
  path: Assets/Plugins & Utilities/DA-Shared/Assembly/Extensions/AssetDatabaseExtensions.cs
  artifactKey: Guid(1c19f2ebb8f0b0a4bb4f73a230063a0d) Importer(2089858483,b0f066a214c2f5e87bad3c948f4d605d)
Start importing Assets/Plugins & Utilities/DA-Shared/Assembly/Extensions/AssetDatabaseExtensions.cs using Guid(1c19f2ebb8f0b0a4bb4f73a230063a0d) Importer(2089858483,b0f066a214c2f5e87bad3c948f4d605d) (ScriptedImporter) -> (artifact id: 'ba327973a03b490b479b4b3f546d7bf5') in 0.0209214 seconds
Number of updated asset objects reloaded before import = 0Number of asset objects unloaded after import = 0

========================================================================
Received Import Request.
  Time since last request: 0.000030 seconds.
  path: Assets/Plugins & Utilities/DA-Shared/Assembly/UI/FcuButton.cs
  artifactKey: Guid(0b0d706512c4f7349ab740353b310d29) Importer(2089858483,b0f066a214c2f5e87bad3c948f4d605d)
Start importing Assets/Plugins & Utilities/DA-Shared/Assembly/UI/FcuButton.cs using Guid(0b0d706512c4f7349ab740353b310d29) Importer(2089858483,b0f066a214c2f5e87bad3c948f4d605d) (ScriptedImporter) -> (artifact id: '0bef3268540185103a4e5f285ad9c41b') in 0.0201597 seconds
Number of updated asset objects reloaded before import = 0Number of asset objects unloaded after import = 0

========================================================================
Received Import Request.
  Time since last request: 0.000014 seconds.
  path: Assets/Plugins & Utilities/DA-Shared/Assembly/UI/FlexibleGridLayoutGroup.cs
  artifactKey: Guid(8fa4b658b84f1c640ba8afade0fc484d) Importer(2089858483,b0f066a214c2f5e87bad3c948f4d605d)
Start importing Assets/Plugins & Utilities/DA-Shared/Assembly/UI/FlexibleGridLayoutGroup.cs using Guid(8fa4b658b84f1c640ba8afade0fc484d) Importer(2089858483,b0f066a214c2f5e87bad3c948f4d605d) (ScriptedImporter) -> (artifact id: '4c0e3aa962a5b75ee4775c6fe6f8e1ca') in 0.0172567 seconds
Number of updated asset objects reloaded before import = 0Number of asset objects unloaded after import = 0

========================================================================
Received Import Request.
  Time since last request: 0.000014 seconds.
  path: Assets/Plugins & Utilities/DA-Shared/Editor/DAInspector/DAInspector.cs
  artifactKey: Guid(aa0397d7a72f2ee41a595f0630b50b49) Importer(2089858483,b0f066a214c2f5e87bad3c948f4d605d)
Start importing Assets/Plugins & Utilities/DA-Shared/Editor/DAInspector/DAInspector.cs using Guid(aa0397d7a72f2ee41a595f0630b50b49) Importer(2089858483,b0f066a214c2f5e87bad3c948f4d605d) (ScriptedImporter) -> (artifact id: 'e40caced63c958f2e537594298b6eee6') in 0.0191104 seconds
Number of updated asset objects reloaded before import = 0Number of asset objects unloaded after import = 0

========================================================================
Received Import Request.
  Time since last request: 0.000017 seconds.
  path: Assets/Plugins & Utilities/DA-Shared/Editor/DAInspector/DaiExtensions.cs
  artifactKey: Guid(25232d524c949524e8a16ae3f042e3d6) Importer(2089858483,b0f066a214c2f5e87bad3c948f4d605d)
Start importing Assets/Plugins & Utilities/DA-Shared/Editor/DAInspector/DaiExtensions.cs using Guid(25232d524c949524e8a16ae3f042e3d6) Importer(2089858483,b0f066a214c2f5e87bad3c948f4d605d) (ScriptedImporter) -> (artifact id: '56ab2bfe4ae87b9ca1fa870cd1dac064') in 0.0139847 seconds
Number of updated asset objects reloaded before import = 0Number of asset objects unloaded after import = 0

========================================================================
Received Import Request.
  Time since last request: 0.000015 seconds.
  path: Assets/Plugins & Utilities/DA-Shared/Editor/DAInspector/DAInspectorWindow.cs
  artifactKey: Guid(b5383ae9ce4ca6f4fa1a4f0d6b352bf1) Importer(2089858483,b0f066a214c2f5e87bad3c948f4d605d)
Start importing Assets/Plugins & Utilities/DA-Shared/Editor/DAInspector/DAInspectorWindow.cs using Guid(b5383ae9ce4ca6f4fa1a4f0d6b352bf1) Importer(2089858483,b0f066a214c2f5e87bad3c948f4d605d) (ScriptedImporter) -> (artifact id: '5f4262c14aafb520073dbacaceda0858') in 0.0192919 seconds
Number of updated asset objects reloaded before import = 0Number of asset objects unloaded after import = 0

========================================================================
Received Import Request.
  Time since last request: 0.000079 seconds.
  path: Assets/Plugins & Utilities/DA-Shared/Editor/DAInspector/DAInspectorEditor.cs
  artifactKey: Guid(81ed7324603ad9a448b26c42008f3ff2) Importer(2089858483,b0f066a214c2f5e87bad3c948f4d605d)
Start importing Assets/Plugins & Utilities/DA-Shared/Editor/DAInspector/DAInspectorEditor.cs using Guid(81ed7324603ad9a448b26c42008f3ff2) Importer(2089858483,b0f066a214c2f5e87bad3c948f4d605d) (ScriptedImporter) -> (artifact id: 'be6eed359e357a21c1a74aa581f3bcf9') in 0.0197447 seconds
Number of updated asset objects reloaded before import = 0Number of asset objects unloaded after import = 0

========================================================================
Received Import Request.
  Time since last request: 0.000046 seconds.
  path: Assets/Plugins & Utilities/DA-Shared/Assembly/Coroutine/DACoroutine.cs
  artifactKey: Guid(8f9d08c374e181d49afb02c1a050a934) Importer(2089858483,b0f066a214c2f5e87bad3c948f4d605d)
Start importing Assets/Plugins & Utilities/DA-Shared/Assembly/Coroutine/DACoroutine.cs using Guid(8f9d08c374e181d49afb02c1a050a934) Importer(2089858483,b0f066a214c2f5e87bad3c948f4d605d) (ScriptedImporter) -> (artifact id: 'c953b9883e3edc0f4c9dce555f9ccdde') in 0.0218711 seconds
Number of updated asset objects reloaded before import = 0Number of asset objects unloaded after import = 0

========================================================================
Received Import Request.
  Time since last request: 0.000023 seconds.
  path: Assets/Skybox/Skybox Cubemap Extended/Demo/Demo Day.unity
  artifactKey: Guid(67adac43bcf286444be612074ab04f75) Importer(2089858483,b0f066a214c2f5e87bad3c948f4d605d)
Start importing Assets/Skybox/Skybox Cubemap Extended/Demo/Demo Day.unity using Guid(67adac43bcf286444be612074ab04f75) Importer(2089858483,b0f066a214c2f5e87bad3c948f4d605d) (ScriptedImporter) -> (artifact id: '44efefdfb29cad6bb8fb745ab15a0e0f') in 0.0417761 seconds
Number of updated asset objects reloaded before import = 0Number of asset objects unloaded after import = 1

========================================================================
Received Import Request.
  Time since last request: 0.000014 seconds.
  path: Assets/Plugins & Utilities/FMOD/src/Editor/BoltIntegration.cs
  artifactKey: Guid(f876942dd549ef444a82ab923e75ccb1) Importer(2089858483,b0f066a214c2f5e87bad3c948f4d605d)
Start importing Assets/Plugins & Utilities/FMOD/src/Editor/BoltIntegration.cs using Guid(f876942dd549ef444a82ab923e75ccb1) Importer(2089858483,b0f066a214c2f5e87bad3c948f4d605d) (ScriptedImporter) -> (artifact id: '3d79b13eade55f0d8bccd70c55161c2e') in 0.0213266 seconds
Number of updated asset objects reloaded before import = 0Number of asset objects unloaded after import = 0

========================================================================
Received Import Request.
  Time since last request: 0.000016 seconds.
  path: Assets/Plugins & Utilities/FMOD/src/Editor/BankRefreshWindow.cs
  artifactKey: Guid(40a1ca322d08d704eacd449863718b31) Importer(2089858483,b0f066a214c2f5e87bad3c948f4d605d)
Start importing Assets/Plugins & Utilities/FMOD/src/Editor/BankRefreshWindow.cs using Guid(40a1ca322d08d704eacd449863718b31) Importer(2089858483,b0f066a214c2f5e87bad3c948f4d605d) (ScriptedImporter) -> (artifact id: 'f2e4b31ea4c8c98e6345f31dfa7820d8') in 0.0201663 seconds
Number of updated asset objects reloaded before import = 0Number of asset objects unloaded after import = 0

========================================================================
Received Import Request.
  Time since last request: 0.000022 seconds.
  path: Assets/Plugins & Utilities/FMOD/Cache/Editor/FMODStudioCache.asset
  artifactKey: Guid(01ffff8cabada514093edf39622e0b8c) Importer(2089858483,b0f066a214c2f5e87bad3c948f4d605d)
Start importing Assets/Plugins & Utilities/FMOD/Cache/Editor/FMODStudioCache.asset using Guid(01ffff8cabada514093edf39622e0b8c) Importer(2089858483,b0f066a214c2f5e87bad3c948f4d605d) (ScriptedImporter) -> (artifact id: 'c2b7b88584791757b1a3c4f740ca6725') in 0.0370204 seconds
Number of updated asset objects reloaded before import = 0Number of asset objects unloaded after import = 18

========================================================================
Received Import Request.
  Time since last request: 0.000023 seconds.
  path: Assets/Plugins & Utilities/FMOD/src/Editor/BankRefresher.cs
  artifactKey: Guid(e564c074e96205b49b91ff80126983c5) Importer(2089858483,b0f066a214c2f5e87bad3c948f4d605d)
Start importing Assets/Plugins & Utilities/FMOD/src/Editor/BankRefresher.cs using Guid(e564c074e96205b49b91ff80126983c5) Importer(2089858483,b0f066a214c2f5e87bad3c948f4d605d) (ScriptedImporter) -> (artifact id: '38e9d98ff64f7b6490758bb1a0e0881b') in 0.0225807 seconds
Number of updated asset objects reloaded before import = 0Number of asset objects unloaded after import = 0

========================================================================
Received Import Request.
  Time since last request: 0.000014 seconds.
  path: Assets/Plugins & Utilities/FMOD/src/Editor/EditorEventRef.cs
  artifactKey: Guid(ceb653cd98e289a4e8697a1af55201f2) Importer(2089858483,b0f066a214c2f5e87bad3c948f4d605d)
Start importing Assets/Plugins & Utilities/FMOD/src/Editor/EditorEventRef.cs using Guid(ceb653cd98e289a4e8697a1af55201f2) Importer(2089858483,b0f066a214c2f5e87bad3c948f4d605d) (ScriptedImporter) -> (artifact id: 'd4683e95250756d8bf1434ab7ef8787e') in 0.0209833 seconds
Number of updated asset objects reloaded before import = 0Number of asset objects unloaded after import = 0

========================================================================
Received Import Request.
  Time since last request: 0.000014 seconds.
  path: Assets/Plugins & Utilities/FMOD/images/TransportStopButtonOff.png
  artifactKey: Guid(cafa069c15865d543a07375373f0a18e) Importer(2089858483,b0f066a214c2f5e87bad3c948f4d605d)
Start importing Assets/Plugins & Utilities/FMOD/images/TransportStopButtonOff.png using Guid(cafa069c15865d543a07375373f0a18e) Importer(2089858483,b0f066a214c2f5e87bad3c948f4d605d) (ScriptedImporter) -> (artifact id: 'd6b9beff4170e4b86bd3a84ee5a92366') in 0.0271544 seconds
Number of updated asset objects reloaded before import = 0Number of asset objects unloaded after import = 1

========================================================================
Received Import Request.
  Time since last request: 0.000022 seconds.
  path: Assets/Plugins & Utilities/DA-Shared/Assembly/Extensions/TextureExtensions.cs
  artifactKey: Guid(2921ff2b1e295e7489748e9fc441b820) Importer(2089858483,b0f066a214c2f5e87bad3c948f4d605d)
Start importing Assets/Plugins & Utilities/DA-Shared/Assembly/Extensions/TextureExtensions.cs using Guid(2921ff2b1e295e7489748e9fc441b820) Importer(2089858483,b0f066a214c2f5e87bad3c948f4d605d) (ScriptedImporter) -> (artifact id: '9f164cca2c62d504a53ae0beb4ad64b7') in 0.0191404 seconds
Number of updated asset objects reloaded before import = 0Number of asset objects unloaded after import = 0

========================================================================
Received Import Request.
  Time since last request: 0.000023 seconds.
  path: Assets/Plugins & Utilities/DA-Shared/Editor/DAInspector/DaiResources.cs
  artifactKey: Guid(1a79a62ba2cad6e438b6fa824d28b66f) Importer(2089858483,b0f066a214c2f5e87bad3c948f4d605d)
Start importing Assets/Plugins & Utilities/DA-Shared/Editor/DAInspector/DaiResources.cs using Guid(1a79a62ba2cad6e438b6fa824d28b66f) Importer(2089858483,b0f066a214c2f5e87bad3c948f4d605d) (ScriptedImporter) -> (artifact id: '3134dc787de3fef2187dacae4bfecdd0') in 0.0143795 seconds
Number of updated asset objects reloaded before import = 0Number of asset objects unloaded after import = 0

========================================================================
Received Import Request.
  Time since last request: 0.000036 seconds.
  path: Assets/UI/TextMesh Pro/Shaders/TMP_SDF-Mobile-2-Pass.shader
  artifactKey: Guid(0178fcb869bafef4690d177d31d17db8) Importer(2089858483,b0f066a214c2f5e87bad3c948f4d605d)
Start importing Assets/UI/TextMesh Pro/Shaders/TMP_SDF-Mobile-2-Pass.shader using Guid(0178fcb869bafef4690d177d31d17db8) Importer(2089858483,b0f066a214c2f5e87bad3c948f4d605d) (ScriptedImporter) -> (artifact id: 'bbdf0b9d7c3eaeddab00bbd3d82afe2e') in 0.018068 seconds
Number of updated asset objects reloaded before import = 0Number of asset objects unloaded after import = 1

========================================================================
Received Import Request.
  Time since last request: 0.000017 seconds.
  path: Assets/Plugins & Utilities/FMOD/src/Editor/EventRefDrawer.cs
  artifactKey: Guid(29a86a77bf7568e499243d9b47b7e88e) Importer(2089858483,b0f066a214c2f5e87bad3c948f4d605d)
Start importing Assets/Plugins & Utilities/FMOD/src/Editor/EventRefDrawer.cs using Guid(29a86a77bf7568e499243d9b47b7e88e) Importer(2089858483,b0f066a214c2f5e87bad3c948f4d605d) (ScriptedImporter) -> (artifact id: '130e5c3864afacc9bd4ddbdb00b6cb7a') in 0.0144979 seconds
Number of updated asset objects reloaded before import = 0Number of asset objects unloaded after import = 0

========================================================================
Received Import Request.
  Time since last request: 0.000016 seconds.
  path: Assets/Plugins & Utilities/FMOD/src/Editor/SetupWizard.cs
  artifactKey: Guid(aa9a0c70fef01fb43b8eff668bfa0e9c) Importer(2089858483,b0f066a214c2f5e87bad3c948f4d605d)
Start importing Assets/Plugins & Utilities/FMOD/src/Editor/SetupWizard.cs using Guid(aa9a0c70fef01fb43b8eff668bfa0e9c) Importer(2089858483,b0f066a214c2f5e87bad3c948f4d605d) (ScriptedImporter) -> (artifact id: 'aa5555858f13c14a870468677a331a03') in 0.0166784 seconds
Number of updated asset objects reloaded before import = 0Number of asset objects unloaded after import = 0

========================================================================
Received Import Request.
  Time since last request: 0.000023 seconds.
  path: Assets/Plugins & Utilities/FMOD/src/Editor/FMODEventPlayableEditor.cs
  artifactKey: Guid(fa325be8441506c4bb1462c8333ccce9) Importer(2089858483,b0f066a214c2f5e87bad3c948f4d605d)
Start importing Assets/Plugins & Utilities/FMOD/src/Editor/FMODEventPlayableEditor.cs using Guid(fa325be8441506c4bb1462c8333ccce9) Importer(2089858483,b0f066a214c2f5e87bad3c948f4d605d) (ScriptedImporter) -> (artifact id: 'cf530d3cfdffe94942fc5e3cb372a122') in 0.0219743 seconds
Number of updated asset objects reloaded before import = 0Number of asset objects unloaded after import = 0

========================================================================
Received Import Request.
  Time since last request: 0.000018 seconds.
  path: Assets/Plugins & Utilities/FMOD/src/Editor/FMODUnityEditor.asmdef
  artifactKey: Guid(aab3caaf43456d6449a3e035348ff798) Importer(2089858483,b0f066a214c2f5e87bad3c948f4d605d)
Start importing Assets/Plugins & Utilities/FMOD/src/Editor/FMODUnityEditor.asmdef using Guid(aab3caaf43456d6449a3e035348ff798) Importer(2089858483,b0f066a214c2f5e87bad3c948f4d605d) (ScriptedImporter) -> (artifact id: 'b721ed56650f23bfa555668a5fae9c8f') in 0.0299678 seconds
Number of updated asset objects reloaded before import = 0Number of asset objects unloaded after import = 1

========================================================================
Received Import Request.
  Time since last request: 0.000022 seconds.
  path: Assets/Plugins & Utilities/FMOD/src/Editor/ParamRefDrawer.cs
  artifactKey: Guid(ea88808aa26cd614db1c5c1dcbb14d4e) Importer(2089858483,b0f066a214c2f5e87bad3c948f4d605d)
Start importing Assets/Plugins & Utilities/FMOD/src/Editor/ParamRefDrawer.cs using Guid(ea88808aa26cd614db1c5c1dcbb14d4e) Importer(2089858483,b0f066a214c2f5e87bad3c948f4d605d) (ScriptedImporter) -> (artifact id: 'cd8d668132cddc62d00378119ca15306') in 0.0185051 seconds
Number of updated asset objects reloaded before import = 0Number of asset objects unloaded after import = 0

========================================================================
Received Import Request.
  Time since last request: 0.000014 seconds.
  path: Assets/Plugins & Utilities/FMOD/src/Editor/EditorUtils.cs
  artifactKey: Guid(2bb4068641d1f71478f95a9b73533f51) Importer(2089858483,b0f066a214c2f5e87bad3c948f4d605d)
Start importing Assets/Plugins & Utilities/FMOD/src/Editor/EditorUtils.cs using Guid(2bb4068641d1f71478f95a9b73533f51) Importer(2089858483,b0f066a214c2f5e87bad3c948f4d605d) (ScriptedImporter) -> (artifact id: 'ccbea438adbe83f7bdb81e53b1110593') in 0.0186499 seconds
Number of updated asset objects reloaded before import = 0Number of asset objects unloaded after import = 0

========================================================================
Received Import Request.
  Time since last request: 0.000019 seconds.
  path: Assets/Plugins & Utilities/FMOD/src/Editor/EventCache.cs
  artifactKey: Guid(d32cf7c32a3ed8347bac48ef5ed56d82) Importer(2089858483,b0f066a214c2f5e87bad3c948f4d605d)
Start importing Assets/Plugins & Utilities/FMOD/src/Editor/EventCache.cs using Guid(d32cf7c32a3ed8347bac48ef5ed56d82) Importer(2089858483,b0f066a214c2f5e87bad3c948f4d605d) (ScriptedImporter) -> (artifact id: 'b22a3c4b35ea18c522bc56fb40a8ee88') in 0.0147073 seconds
Number of updated asset objects reloaded before import = 0Number of asset objects unloaded after import = 0

========================================================================
Received Import Request.
  Time since last request: 0.000016 seconds.
  path: Assets/Plugins & Utilities/FMOD/src/Editor/SettingsEditor.cs
  artifactKey: Guid(353a9c870c318f74fa5fdcd475129bae) Importer(2089858483,b0f066a214c2f5e87bad3c948f4d605d)
Start importing Assets/Plugins & Utilities/FMOD/src/Editor/SettingsEditor.cs using Guid(353a9c870c318f74fa5fdcd475129bae) Importer(2089858483,b0f066a214c2f5e87bad3c948f4d605d) (ScriptedImporter) -> (artifact id: '2834f195a47d7e6f519300e324f2efe8') in 0.0199677 seconds
Number of updated asset objects reloaded before import = 0Number of asset objects unloaded after import = 0

========================================================================
Received Import Request.
  Time since last request: 0.000019 seconds.
  path: Assets/Plugins & Utilities/DA-Shared/Assembly/HamburgerItem.cs
  artifactKey: Guid(40254133d93a7524193a26270d2c5dff) Importer(2089858483,b0f066a214c2f5e87bad3c948f4d605d)
Start importing Assets/Plugins & Utilities/DA-Shared/Assembly/HamburgerItem.cs using Guid(40254133d93a7524193a26270d2c5dff) Importer(2089858483,b0f066a214c2f5e87bad3c948f4d605d) (ScriptedImporter) -> (artifact id: 'a09ccb1cde68d8b313d339943db677f5') in 0.0205975 seconds
Number of updated asset objects reloaded before import = 0Number of asset objects unloaded after import = 0

========================================================================
Received Import Request.
  Time since last request: 0.000042 seconds.
  path: Assets/Plugins & Utilities/DA-Shared/Assembly/DA_Shared.asmdef
  artifactKey: Guid(0cf37337a7d992d409861fd270a80f8a) Importer(2089858483,b0f066a214c2f5e87bad3c948f4d605d)
Start importing Assets/Plugins & Utilities/DA-Shared/Assembly/DA_Shared.asmdef using Guid(0cf37337a7d992d409861fd270a80f8a) Importer(2089858483,b0f066a214c2f5e87bad3c948f4d605d) (ScriptedImporter) -> (artifact id: 'e7428a919510503705fb1b5c9deab95b') in 0.0281361 seconds
Number of updated asset objects reloaded before import = 0Number of asset objects unloaded after import = 1

========================================================================
Received Import Request.
  Time since last request: 0.000022 seconds.
  path: Assets/Plugins & Utilities/FMOD/src/Editor/StudioListenerEditor.cs
  artifactKey: Guid(847f8505c25f5cf42adba68a26f2cda6) Importer(2089858483,b0f066a214c2f5e87bad3c948f4d605d)
Start importing Assets/Plugins & Utilities/FMOD/src/Editor/StudioListenerEditor.cs using Guid(847f8505c25f5cf42adba68a26f2cda6) Importer(2089858483,b0f066a214c2f5e87bad3c948f4d605d) (ScriptedImporter) -> (artifact id: '7165bde777de670428ae6d8e483d1232') in 0.0161593 seconds
Number of updated asset objects reloaded before import = 0Number of asset objects unloaded after import = 0

========================================================================
Received Import Request.
  Time since last request: 0.000016 seconds.
  path: Assets/Skybox/Skybox Cubemap Extended/Demo/Materials/LowPoly - FirTreeVariation.mat
  artifactKey: Guid(0f74119e82d3b3a4d9b2842dbaa2a6ee) Importer(2089858483,b0f066a214c2f5e87bad3c948f4d605d)
Start importing Assets/Skybox/Skybox Cubemap Extended/Demo/Materials/LowPoly - FirTreeVariation.mat using Guid(0f74119e82d3b3a4d9b2842dbaa2a6ee) Importer(2089858483,b0f066a214c2f5e87bad3c948f4d605d) (ScriptedImporter) -> (artifact id: 'ed8be9f945e125e1b903d9714a50660d') in 0.0207543 seconds
Number of updated asset objects reloaded before import = 0Number of asset objects unloaded after import = 1

========================================================================
Received Import Request.
  Time since last request: 0.000012 seconds.
  path: Assets/Skybox/Skybox Cubemap Extended/Core/Functions/Compute Rotation Y.asset
  artifactKey: Guid(693b7d13a80c93a4e8b791a9cd5e5ab2) Importer(2089858483,b0f066a214c2f5e87bad3c948f4d605d)
Start importing Assets/Skybox/Skybox Cubemap Extended/Core/Functions/Compute Rotation Y.asset using Guid(693b7d13a80c93a4e8b791a9cd5e5ab2) Importer(2089858483,b0f066a214c2f5e87bad3c948f4d605d) (ScriptedImporter) -> (artifact id: '0fbe8bc4508cfb0dccf63586a582bf19') in 0.0339198 seconds
Number of updated asset objects reloaded before import = 0Number of asset objects unloaded after import = 1

========================================================================
Received Import Request.
  Time since last request: 0.000017 seconds.
  path: Assets/Skybox/Skybox Cubemap Extended/Core/Editor/Version.asset
  artifactKey: Guid(cb530898cc05d744da0941d6160f7b92) Importer(2089858483,b0f066a214c2f5e87bad3c948f4d605d)
Start importing Assets/Skybox/Skybox Cubemap Extended/Core/Editor/Version.asset using Guid(cb530898cc05d744da0941d6160f7b92) Importer(2089858483,b0f066a214c2f5e87bad3c948f4d605d) (ScriptedImporter) -> (artifact id: '94b4b2c82ddcbcc06a11fce787f1b213') in 0.0363226 seconds
Number of updated asset objects reloaded before import = 0Number of asset objects unloaded after import = 1

========================================================================
Received Import Request.
  Time since last request: 0.000041 seconds.
  path: Assets/Skybox/Skybox Cubemap Extended/Core/Shaders/Skybox Cubemap Extended.shader
  artifactKey: Guid(82881a2d011b0964696411c822cdd00b) Importer(2089858483,b0f066a214c2f5e87bad3c948f4d605d)
Start importing Assets/Skybox/Skybox Cubemap Extended/Core/Shaders/Skybox Cubemap Extended.shader using Guid(82881a2d011b0964696411c822cdd00b) Importer(2089858483,b0f066a214c2f5e87bad3c948f4d605d) (ScriptedImporter) -> (artifact id: '26151f7c7a105caf3792797de0efc50a') in 0.0238043 seconds
Number of updated asset objects reloaded before import = 0Number of asset objects unloaded after import = 1

========================================================================
Received Import Request.
  Time since last request: 0.000018 seconds.
  path: Assets/Skybox/Skybox Cubemap Extended/Core/Editor/SkyboxExtendedShaderGUI.cs
  artifactKey: Guid(39b7f3695c062924983675fcef51f7f8) Importer(2089858483,b0f066a214c2f5e87bad3c948f4d605d)
Start importing Assets/Skybox/Skybox Cubemap Extended/Core/Editor/SkyboxExtendedShaderGUI.cs using Guid(39b7f3695c062924983675fcef51f7f8) Importer(2089858483,b0f066a214c2f5e87bad3c948f4d605d) (ScriptedImporter) -> (artifact id: '1b5dbad6f9cea1b9ed26956f4753c967') in 0.0182221 seconds
Number of updated asset objects reloaded before import = 0Number of asset objects unloaded after import = 0

========================================================================
Received Import Request.
  Time since last request: 0.000016 seconds.
  path: Assets/Skybox/Skybox Cubemap Extended/Demo/Materials/LowPoly - Grass.mat
  artifactKey: Guid(6fc6652ed834922468cdd63bb95f7fe2) Importer(2089858483,b0f066a214c2f5e87bad3c948f4d605d)
Start importing Assets/Skybox/Skybox Cubemap Extended/Demo/Materials/LowPoly - Grass.mat using Guid(6fc6652ed834922468cdd63bb95f7fe2) Importer(2089858483,b0f066a214c2f5e87bad3c948f4d605d) (ScriptedImporter) -> (artifact id: 'c797b84534920c26b662a75e502dfce7') in 0.0172298 seconds
Number of updated asset objects reloaded before import = 0Number of asset objects unloaded after import = 1

========================================================================
Received Import Request.
  Time since last request: 0.000043 seconds.
  path: Assets/Skybox/Skybox Cubemap Extended/Core/Editor/Boxophobic.SkyboxCubemapExtended.Editor.asmdef
  artifactKey: Guid(29bc400970c5066438cbde7676418b75) Importer(2089858483,b0f066a214c2f5e87bad3c948f4d605d)
Start importing Assets/Skybox/Skybox Cubemap Extended/Core/Editor/Boxophobic.SkyboxCubemapExtended.Editor.asmdef using Guid(29bc400970c5066438cbde7676418b75) Importer(2089858483,b0f066a214c2f5e87bad3c948f4d605d) (ScriptedImporter) -> (artifact id: 'b485b6c6de6b6661d93e1c7cf9151c8e') in 0.065889 seconds
Number of updated asset objects reloaded before import = 0Number of asset objects unloaded after import = 1

========================================================================
Received Import Request.
  Time since last request: 0.000017 seconds.
  path: Assets/Skybox/Skybox Cubemap Extended/Demo/Meshes/LowPoly - FirTree B.FBX
  artifactKey: Guid(769d335a9d1fc3948bfb71adea34202c) Importer(2089858483,b0f066a214c2f5e87bad3c948f4d605d)
Start importing Assets/Skybox/Skybox Cubemap Extended/Demo/Meshes/LowPoly - FirTree B.FBX using Guid(769d335a9d1fc3948bfb71adea34202c) Importer(2089858483,b0f066a214c2f5e87bad3c948f4d605d) (ScriptedImporter) -> (artifact id: 'd267f6a4167c5dcd9418e93f0f99cadf') in 0.0350493 seconds
Number of updated asset objects reloaded before import = 0Number of asset objects unloaded after import = 9

========================================================================
Received Import Request.
  Time since last request: 0.000031 seconds.
  path: Assets/Skybox/Skybox Cubemap Extended/Demo/Meshes/LowPoly - Terrain.FBX
  artifactKey: Guid(f3dd2dace832efa4fa391170674edcc1) Importer(2089858483,b0f066a214c2f5e87bad3c948f4d605d)
Start importing Assets/Skybox/Skybox Cubemap Extended/Demo/Meshes/LowPoly - Terrain.FBX using Guid(f3dd2dace832efa4fa391170674edcc1) Importer(2089858483,b0f066a214c2f5e87bad3c948f4d605d) (ScriptedImporter) -> (artifact id: '5c03bfb226e51b8887f3eaf9a6b2a959') in 0.0464784 seconds
Number of updated asset objects reloaded before import = 0Number of asset objects unloaded after import = 7

========================================================================
Received Import Request.
  Time since last request: 0.000017 seconds.
  path: Assets/Skybox/Skybox Cubemap Extended/Demo/Materials/Skybox Cubemap Extended Night.mat
  artifactKey: Guid(cc421da483ed06c49933077a621bff25) Importer(2089858483,b0f066a214c2f5e87bad3c948f4d605d)
Start importing Assets/Skybox/Skybox Cubemap Extended/Demo/Materials/Skybox Cubemap Extended Night.mat using Guid(cc421da483ed06c49933077a621bff25) Importer(2089858483,b0f066a214c2f5e87bad3c948f4d605d) (ScriptedImporter) -> (artifact id: 'b36e91370a2f447b44827b245f38a7d6') in 0.151384 seconds
Number of updated asset objects reloaded before import = 0Number of asset objects unloaded after import = 2

========================================================================
Received Import Request.
  Time since last request: 0.000030 seconds.
  path: Assets/Skybox/Skybox Cubemap Extended/Demo/Materials/Skybox Cubemap Extended Day.mat
  artifactKey: Guid(2bd8959f5fbd3644aa33af1a155fc147) Importer(2089858483,b0f066a214c2f5e87bad3c948f4d605d)
Start importing Assets/Skybox/Skybox Cubemap Extended/Demo/Materials/Skybox Cubemap Extended Day.mat using Guid(2bd8959f5fbd3644aa33af1a155fc147) Importer(2089858483,b0f066a214c2f5e87bad3c948f4d605d) (ScriptedImporter) -> (artifact id: 'b3c043357f586b7fd0de65c708898647') in 0.1438926 seconds
Number of updated asset objects reloaded before import = 0Number of asset objects unloaded after import = 2

========================================================================
Received Import Request.
  Time since last request: 0.000032 seconds.
  path: Assets/Skybox/Skybox Cubemap Extended/Demo/Prefabs/LowPoly - Rock B.prefab
  artifactKey: Guid(b0622c7c0ff092b46a37f31c718c5eba) Importer(2089858483,b0f066a214c2f5e87bad3c948f4d605d)
Start importing Assets/Skybox/Skybox Cubemap Extended/Demo/Prefabs/LowPoly - Rock B.prefab using Guid(b0622c7c0ff092b46a37f31c718c5eba) Importer(2089858483,b0f066a214c2f5e87bad3c948f4d605d) (ScriptedImporter) -> (artifact id: 'f4f4d5c6b3e6e42527faff8691bbcc75') in 0.0378904 seconds
Number of updated asset objects reloaded before import = 0Number of asset objects unloaded after import = 8

========================================================================
Received Import Request.
  Time since last request: 0.000019 seconds.
  path: Assets/Skybox/Skybox Cubemap Extended/Demo/Meshes/LowPoly - Rock A.FBX
  artifactKey: Guid(26fb55e8ae34728499f6f45cd0527c73) Importer(2089858483,b0f066a214c2f5e87bad3c948f4d605d)
Start importing Assets/Skybox/Skybox Cubemap Extended/Demo/Meshes/LowPoly - Rock A.FBX using Guid(26fb55e8ae34728499f6f45cd0527c73) Importer(2089858483,b0f066a214c2f5e87bad3c948f4d605d) (ScriptedImporter) -> (artifact id: '9f6cc53b5447e6ff2c3238499c411f55') in 0.0256102 seconds
Number of updated asset objects reloaded before import = 0Number of asset objects unloaded after import = 9

========================================================================
Received Import Request.
  Time since last request: 0.000025 seconds.
  path: Assets/Skybox/Skybox Cubemap Extended/Demo/Prefabs/LowPoly - Grass A.prefab
  artifactKey: Guid(9b6eba5dea9e77a4abd8f45df1ffffb6) Importer(2089858483,b0f066a214c2f5e87bad3c948f4d605d)
Start importing Assets/Skybox/Skybox Cubemap Extended/Demo/Prefabs/LowPoly - Grass A.prefab using Guid(9b6eba5dea9e77a4abd8f45df1ffffb6) Importer(2089858483,b0f066a214c2f5e87bad3c948f4d605d) (ScriptedImporter) -> (artifact id: '266eae157286e0ccb4f18b6a175c061c') in 0.0461172 seconds
Number of updated asset objects reloaded before import = 0Number of asset objects unloaded after import = 8

========================================================================
Received Import Request.
  Time since last request: 0.000029 seconds.
  path: Assets/Skybox/Skybox Cubemap Extended/Demo/Prefabs/LowPoly - FirTree A.prefab
  artifactKey: Guid(6b444276162548b4e9107350b71e775a) Importer(2089858483,b0f066a214c2f5e87bad3c948f4d605d)
Start importing Assets/Skybox/Skybox Cubemap Extended/Demo/Prefabs/LowPoly - FirTree A.prefab using Guid(6b444276162548b4e9107350b71e775a) Importer(2089858483,b0f066a214c2f5e87bad3c948f4d605d) (ScriptedImporter) -> (artifact id: '3db9390057298fa890a0c1fd73206090') in 0.0652065 seconds
Number of updated asset objects reloaded before import = 0Number of asset objects unloaded after import = 9

========================================================================
Received Import Request.
  Time since last request: 0.000031 seconds.
  path: Assets/Skybox/Skybox Cubemap Extended/Demo/Prefabs/LowPoly - FirTree B.prefab
  artifactKey: Guid(d2cd02263a1e8084abf81f1324b929be) Importer(2089858483,b0f066a214c2f5e87bad3c948f4d605d)
Start importing Assets/Skybox/Skybox Cubemap Extended/Demo/Prefabs/LowPoly - FirTree B.prefab using Guid(d2cd02263a1e8084abf81f1324b929be) Importer(2089858483,b0f066a214c2f5e87bad3c948f4d605d) (ScriptedImporter) -> (artifact id: '9c0d9e0bdcead420aa096e1397d8bc59') in 0.053737 seconds
Number of updated asset objects reloaded before import = 0Number of asset objects unloaded after import = 9

========================================================================
Received Import Request.
  Time since last request: 0.000020 seconds.
  path: Assets/Skybox/Utils/Editor/StyledInspector/StyledBannerDrawer.cs
  artifactKey: Guid(a832b9f47ccef214e81c89efe6bf31dd) Importer(2089858483,b0f066a214c2f5e87bad3c948f4d605d)
Start importing Assets/Skybox/Utils/Editor/StyledInspector/StyledBannerDrawer.cs using Guid(a832b9f47ccef214e81c89efe6bf31dd) Importer(2089858483,b0f066a214c2f5e87bad3c948f4d605d) (ScriptedImporter) -> (artifact id: '896c55246ac1be0caa933bcfa738ce8d') in 0.0146772 seconds
Number of updated asset objects reloaded before import = 0Number of asset objects unloaded after import = 0

========================================================================
Received Import Request.
  Time since last request: 0.000015 seconds.
  path: Assets/Skybox/Utils/Editor/SettingsUtils/LoadSettingsData.cs
  artifactKey: Guid(90057ce590a8bd148ab59e018f35d9cb) Importer(2089858483,b0f066a214c2f5e87bad3c948f4d605d)
Start importing Assets/Skybox/Utils/Editor/SettingsUtils/LoadSettingsData.cs using Guid(90057ce590a8bd148ab59e018f35d9cb) Importer(2089858483,b0f066a214c2f5e87bad3c948f4d605d) (ScriptedImporter) -> (artifact id: '6cd5a6e73cf2733fbb156561083047a7') in 0.0202153 seconds
Number of updated asset objects reloaded before import = 0Number of asset objects unloaded after import = 0

========================================================================
Received Import Request.
  Time since last request: 0.000017 seconds.
  path: Assets/Skybox/Utils/Editor/StyledGUI/DrawInspectorBanner.cs
  artifactKey: Guid(1525d4228f26951498e86e425363f3f0) Importer(2089858483,b0f066a214c2f5e87bad3c948f4d605d)
Start importing Assets/Skybox/Utils/Editor/StyledGUI/DrawInspectorBanner.cs using Guid(1525d4228f26951498e86e425363f3f0) Importer(2089858483,b0f066a214c2f5e87bad3c948f4d605d) (ScriptedImporter) -> (artifact id: 'adc5826ae6c27bbf64c70a7fd0235296') in 0.0161673 seconds
Number of updated asset objects reloaded before import = 0Number of asset objects unloaded after import = 0

========================================================================
Received Import Request.
  Time since last request: 0.000017 seconds.
  path: Assets/Skybox/Skybox Cubemap Extended/Demo/Textures/Polyverse Skies - Blue Sky.png
  artifactKey: Guid(beb1457d375110e468b8d8e1f29fccea) Importer(2089858483,b0f066a214c2f5e87bad3c948f4d605d)
Start importing Assets/Skybox/Skybox Cubemap Extended/Demo/Textures/Polyverse Skies - Blue Sky.png using Guid(beb1457d375110e468b8d8e1f29fccea) Importer(2089858483,b0f066a214c2f5e87bad3c948f4d605d) (ScriptedImporter) -> (artifact id: '949c6f9734f1bf1c62f7dba2bfd63e7c') in 0.1013525 seconds
Number of updated asset objects reloaded before import = 0Number of asset objects unloaded after import = 1

========================================================================
Received Import Request.
  Time since last request: 0.000028 seconds.
  path: Assets/Skybox/Utils/Editor/StyledGUI/DrawWindowBanner.cs
  artifactKey: Guid(dd0ddca94871d9a4586a143a83184806) Importer(2089858483,b0f066a214c2f5e87bad3c948f4d605d)
Start importing Assets/Skybox/Utils/Editor/StyledGUI/DrawWindowBanner.cs using Guid(dd0ddca94871d9a4586a143a83184806) Importer(2089858483,b0f066a214c2f5e87bad3c948f4d605d) (ScriptedImporter) -> (artifact id: '8d84f1077884a5c1742f35639e510828') in 0.0161305 seconds
Number of updated asset objects reloaded before import = 0Number of asset objects unloaded after import = 0

========================================================================
Received Import Request.
  Time since last request: 0.000049 seconds.
  path: Assets/Skybox/Utils/Editor/SettingsUtils/SaveSettingsData.cs
  artifactKey: Guid(7afe5a6ac49829c408df7e64761e822d) Importer(2089858483,b0f066a214c2f5e87bad3c948f4d605d)
Start importing Assets/Skybox/Utils/Editor/SettingsUtils/SaveSettingsData.cs using Guid(7afe5a6ac49829c408df7e64761e822d) Importer(2089858483,b0f066a214c2f5e87bad3c948f4d605d) (ScriptedImporter) -> (artifact id: 'e8b5e6366a62a6917eaf0abc597939f9') in 0.0146067 seconds
Number of updated asset objects reloaded before import = 0Number of asset objects unloaded after import = 0

========================================================================
Received Import Request.
  Time since last request: 0.000014 seconds.
  path: Assets/Scenes/BahrainCircuit/LightingData.asset
  artifactKey: Guid(d549dfa3c8ef44148bd29c3fb5ef8b76) Importer(2089858483,b0f066a214c2f5e87bad3c948f4d605d)
Start importing Assets/Scenes/BahrainCircuit/LightingData.asset using Guid(d549dfa3c8ef44148bd29c3fb5ef8b76) Importer(2089858483,b0f066a214c2f5e87bad3c948f4d605d) (ScriptedImporter) -> (artifact id: '87a7e3ea5ea24c2661ce15b3fb28e54e') in 0.0453547 seconds
Number of updated asset objects reloaded before import = 0Number of asset objects unloaded after import = 2

========================================================================
Received Import Request.
  Time since last request: 0.000022 seconds.
  path: Assets/Skybox/Utils/Editor/StyledInspector/StyledMaskDrawer.cs
  artifactKey: Guid(3ceb6b7bf0fb6a8449797ccd85dea11c) Importer(2089858483,b0f066a214c2f5e87bad3c948f4d605d)
Start importing Assets/Skybox/Utils/Editor/StyledInspector/StyledMaskDrawer.cs using Guid(3ceb6b7bf0fb6a8449797ccd85dea11c) Importer(2089858483,b0f066a214c2f5e87bad3c948f4d605d) (ScriptedImporter) -> (artifact id: '8a8f8a00ed9271ed6cf1423867db242e') in 0.0187947 seconds
Number of updated asset objects reloaded before import = 0Number of asset objects unloaded after import = 0

========================================================================
Received Import Request.
  Time since last request: 0.000019 seconds.
  path: Assets/Skybox/Utils/Editor/StyledInspector/StyledCategoryDrawer.cs
  artifactKey: Guid(fb59d41716ab6114cb7cf03a5695083b) Importer(2089858483,b0f066a214c2f5e87bad3c948f4d605d)
Start importing Assets/Skybox/Utils/Editor/StyledInspector/StyledCategoryDrawer.cs using Guid(fb59d41716ab6114cb7cf03a5695083b) Importer(2089858483,b0f066a214c2f5e87bad3c948f4d605d) (ScriptedImporter) -> (artifact id: '2044065c621950ad821d699fbd7a9f90') in 0.0187071 seconds
Number of updated asset objects reloaded before import = 0Number of asset objects unloaded after import = 0

========================================================================
Received Import Request.
  Time since last request: 0.000029 seconds.
  path: Assets/Skybox/Utils/Editor/StyledInspector/StyledIndentDrawer.cs
  artifactKey: Guid(ea3f7407f69f900468d4b60de570e49d) Importer(2089858483,b0f066a214c2f5e87bad3c948f4d605d)
Start importing Assets/Skybox/Utils/Editor/StyledInspector/StyledIndentDrawer.cs using Guid(ea3f7407f69f900468d4b60de570e49d) Importer(2089858483,b0f066a214c2f5e87bad3c948f4d605d) (ScriptedImporter) -> (artifact id: '2a0ec78b5cf049b2a8f64582fd2cd524') in 0.0159305 seconds
Number of updated asset objects reloaded before import = 0Number of asset objects unloaded after import = 0

========================================================================
Received Import Request.
  Time since last request: 0.000016 seconds.
  path: Assets/Skybox/Utils/Editor/StyledMaterial/StyledBannerDrawer.cs
  artifactKey: Guid(864d8c89c5d2ef240b0c51f15c5211e2) Importer(2089858483,b0f066a214c2f5e87bad3c948f4d605d)
Start importing Assets/Skybox/Utils/Editor/StyledMaterial/StyledBannerDrawer.cs using Guid(864d8c89c5d2ef240b0c51f15c5211e2) Importer(2089858483,b0f066a214c2f5e87bad3c948f4d605d) (ScriptedImporter) -> (artifact id: '59637f26ec6f14d04516efdf4519da7e') in 0.0208073 seconds
Number of updated asset objects reloaded before import = 0Number of asset objects unloaded after import = 0

========================================================================
Received Import Request.
  Time since last request: 0.000015 seconds.
  path: Assets/Skybox/Utils/Editor/StyledInspector/StyledRangeOptionsDrawer.cs
  artifactKey: Guid(a5681c6e5862ae545ba9b00a5b813250) Importer(2089858483,b0f066a214c2f5e87bad3c948f4d605d)
Start importing Assets/Skybox/Utils/Editor/StyledInspector/StyledRangeOptionsDrawer.cs using Guid(a5681c6e5862ae545ba9b00a5b813250) Importer(2089858483,b0f066a214c2f5e87bad3c948f4d605d) (ScriptedImporter) -> (artifact id: 'a2f4a908a9eebcb15d26e4d01a0a3029') in 0.0146779 seconds
Number of updated asset objects reloaded before import = 0Number of asset objects unloaded after import = 0

========================================================================
Received Import Request.
  Time since last request: 0.000015 seconds.
  path: Assets/Plugins & Utilities/DA-Shared/Assembly/DaLogger.cs
  artifactKey: Guid(9f42c55b761c00446a0041d34fdb8dbe) Importer(2089858483,b0f066a214c2f5e87bad3c948f4d605d)
Start importing Assets/Plugins & Utilities/DA-Shared/Assembly/DaLogger.cs using Guid(9f42c55b761c00446a0041d34fdb8dbe) Importer(2089858483,b0f066a214c2f5e87bad3c948f4d605d) (ScriptedImporter) -> (artifact id: '9406e7b051be2060dcc690fcdbc79aad') in 0.0175403 seconds
Number of updated asset objects reloaded before import = 0Number of asset objects unloaded after import = 0

========================================================================
Received Import Request.
  Time since last request: 0.000015 seconds.
  path: Assets/Skybox/Skybox Cubemap Extended/Demo/Meshes/LowPoly - FirTree A.FBX
  artifactKey: Guid(7f9b57a02a16e55429c68854f45a8801) Importer(2089858483,b0f066a214c2f5e87bad3c948f4d605d)
Start importing Assets/Skybox/Skybox Cubemap Extended/Demo/Meshes/LowPoly - FirTree A.FBX using Guid(7f9b57a02a16e55429c68854f45a8801) Importer(2089858483,b0f066a214c2f5e87bad3c948f4d605d) (ScriptedImporter) -> (artifact id: '42d0fd2f90ccc96fc0c9a3a194bff042') in 0.0257399 seconds
Number of updated asset objects reloaded before import = 0Number of asset objects unloaded after import = 9

========================================================================
Received Import Request.
  Time since last request: 0.000024 seconds.
  path: Assets/Skybox/Skybox Cubemap Extended/Demo/Demo Night.unity
  artifactKey: Guid(a5df9867bdacd604dbe1d73079151448) Importer(2089858483,b0f066a214c2f5e87bad3c948f4d605d)
Start importing Assets/Skybox/Skybox Cubemap Extended/Demo/Demo Night.unity using Guid(a5df9867bdacd604dbe1d73079151448) Importer(2089858483,b0f066a214c2f5e87bad3c948f4d605d) (ScriptedImporter) -> (artifact id: '8ea80b64ecc8c75a2bbbfcc462cd77fe') in 0.035226 seconds
Number of updated asset objects reloaded before import = 0Number of asset objects unloaded after import = 1

========================================================================
Received Import Request.
  Time since last request: 0.000029 seconds.
  path: Assets/Plugins & Utilities/FMOD/src/ParamRefAttribute.cs
  artifactKey: Guid(7ae6224668d1647429723f89e10d593f) Importer(2089858483,b0f066a214c2f5e87bad3c948f4d605d)
Start importing Assets/Plugins & Utilities/FMOD/src/ParamRefAttribute.cs using Guid(7ae6224668d1647429723f89e10d593f) Importer(2089858483,b0f066a214c2f5e87bad3c948f4d605d) (ScriptedImporter) -> (artifact id: '6a272ddad859ed95c121810c744c2426') in 0.0212839 seconds
Number of updated asset objects reloaded before import = 0Number of asset objects unloaded after import = 0

========================================================================
Received Import Request.
  Time since last request: 0.000014 seconds.
  path: Assets/Skybox/Utils/Editor/StyledMaterial/StyledMessageDrawer.cs
  artifactKey: Guid(d01ce91280120de49b931b40f9e16f6b) Importer(2089858483,b0f066a214c2f5e87bad3c948f4d605d)
Start importing Assets/Skybox/Utils/Editor/StyledMaterial/StyledMessageDrawer.cs using Guid(d01ce91280120de49b931b40f9e16f6b) Importer(2089858483,b0f066a214c2f5e87bad3c948f4d605d) (ScriptedImporter) -> (artifact id: '6bd640c2efd1cf9259c89a8b20db7ee0') in 0.0246897 seconds
Number of updated asset objects reloaded before import = 0Number of asset objects unloaded after import = 0

========================================================================
Received Import Request.
  Time since last request: 0.000016 seconds.
  path: Assets/Skybox/Utils/Editor/StyledMaterial/StyledIndentDrawer.cs
  artifactKey: Guid(ae4fb3d8081065c47860724ea515c97c) Importer(2089858483,b0f066a214c2f5e87bad3c948f4d605d)
Start importing Assets/Skybox/Utils/Editor/StyledMaterial/StyledIndentDrawer.cs using Guid(ae4fb3d8081065c47860724ea515c97c) Importer(2089858483,b0f066a214c2f5e87bad3c948f4d605d) (ScriptedImporter) -> (artifact id: 'e957429cb4ee6023b9442668801d53f0') in 0.015972 seconds
Number of updated asset objects reloaded before import = 0Number of asset objects unloaded after import = 0

========================================================================
Received Import Request.
  Time since last request: 0.000013 seconds.
  path: Assets/Skybox/Utils/Editor/StyledMaterial/StyledVectorDrawer.cs
  artifactKey: Guid(ebb397dcd33e7cb48a6c3c5b9d928c05) Importer(2089858483,b0f066a214c2f5e87bad3c948f4d605d)
Start importing Assets/Skybox/Utils/Editor/StyledMaterial/StyledVectorDrawer.cs using Guid(ebb397dcd33e7cb48a6c3c5b9d928c05) Importer(2089858483,b0f066a214c2f5e87bad3c948f4d605d) (ScriptedImporter) -> (artifact id: '13d61a03b2189ccdb496f0d00977680c') in 0.0192172 seconds
Number of updated asset objects reloaded before import = 0Number of asset objects unloaded after import = 0

========================================================================
Received Import Request.
  Time since last request: 0.000015 seconds.
  path: Assets/Skybox/Utils/Editor/StyledMaterial/StyledTextureSingleLineDrawer.cs
  artifactKey: Guid(561b67406eee81948baf13ee752ae801) Importer(2089858483,b0f066a214c2f5e87bad3c948f4d605d)
Start importing Assets/Skybox/Utils/Editor/StyledMaterial/StyledTextureSingleLineDrawer.cs using Guid(561b67406eee81948baf13ee752ae801) Importer(2089858483,b0f066a214c2f5e87bad3c948f4d605d) (ScriptedImporter) -> (artifact id: 'dc0777212ab8b30510794434cc3b3012') in 0.014447 seconds
Number of updated asset objects reloaded before import = 0Number of asset objects unloaded after import = 0

========================================================================
Received Import Request.
  Time since last request: 0.000016 seconds.
  path: Assets/Skybox/Utils/Editor/StyledMaterial/StyledSpaceDrawer.cs
  artifactKey: Guid(1f2f57e67392e5b41af1a4cecc3a6c04) Importer(2089858483,b0f066a214c2f5e87bad3c948f4d605d)
Start importing Assets/Skybox/Utils/Editor/StyledMaterial/StyledSpaceDrawer.cs using Guid(1f2f57e67392e5b41af1a4cecc3a6c04) Importer(2089858483,b0f066a214c2f5e87bad3c948f4d605d) (ScriptedImporter) -> (artifact id: '7e482eab7068959db07a87007c68c845') in 0.0206065 seconds
Number of updated asset objects reloaded before import = 0Number of asset objects unloaded after import = 0

========================================================================
Received Import Request.
  Time since last request: 0.000023 seconds.
  path: Assets/Skybox/Utils/Editor/StyledMaterial/StyledTextureDrawer.cs
  artifactKey: Guid(ab83955dedb2aed428447d90cf62c81b) Importer(2089858483,b0f066a214c2f5e87bad3c948f4d605d)
Start importing Assets/Skybox/Utils/Editor/StyledMaterial/StyledTextureDrawer.cs using Guid(ab83955dedb2aed428447d90cf62c81b) Importer(2089858483,b0f066a214c2f5e87bad3c948f4d605d) (ScriptedImporter) -> (artifact id: 'c2f3972cebfaaff773ee84dc0ddaf3f2') in 0.0160397 seconds
Number of updated asset objects reloaded before import = 0Number of asset objects unloaded after import = 0

========================================================================
Received Import Request.
  Time since last request: 0.000016 seconds.
  path: Assets/Skybox/Utils/Editor/StyledMaterial/StyledEnumDrawer.cs
  artifactKey: Guid(a5dbd5cf6c68f1d4ebd1369f8795ee3a) Importer(2089858483,b0f066a214c2f5e87bad3c948f4d605d)
Start importing Assets/Skybox/Utils/Editor/StyledMaterial/StyledEnumDrawer.cs using Guid(a5dbd5cf6c68f1d4ebd1369f8795ee3a) Importer(2089858483,b0f066a214c2f5e87bad3c948f4d605d) (ScriptedImporter) -> (artifact id: '8352379a2d285db78cf6db33b8b7b7df') in 0.0175799 seconds
Number of updated asset objects reloaded before import = 0Number of asset objects unloaded after import = 0

========================================================================
Received Import Request.
  Time since last request: 0.000017 seconds.
  path: Assets/Skybox/Utils/Editor/StyledMaterial/StyledMaskDrawer.cs
  artifactKey: Guid(fd2d7ee86763017438ae71ea6a9800f6) Importer(2089858483,b0f066a214c2f5e87bad3c948f4d605d)
Start importing Assets/Skybox/Utils/Editor/StyledMaterial/StyledMaskDrawer.cs using Guid(fd2d7ee86763017438ae71ea6a9800f6) Importer(2089858483,b0f066a214c2f5e87bad3c948f4d605d) (ScriptedImporter) -> (artifact id: '9076c7c8b7512fceba1600ce5b0e8d2f') in 0.0159848 seconds
Number of updated asset objects reloaded before import = 0Number of asset objects unloaded after import = 0

========================================================================
Received Import Request.
  Time since last request: 0.000014 seconds.
  path: Assets/Skybox/Utils/Editor/StyledMaterial/StyledInteractiveDrawer.cs
  artifactKey: Guid(7cc33d297d20daa40a9b09fbb8e59502) Importer(2089858483,b0f066a214c2f5e87bad3c948f4d605d)
Start importing Assets/Skybox/Utils/Editor/StyledMaterial/StyledInteractiveDrawer.cs using Guid(7cc33d297d20daa40a9b09fbb8e59502) Importer(2089858483,b0f066a214c2f5e87bad3c948f4d605d) (ScriptedImporter) -> (artifact id: '5398c1e537169c3313641923a6e398e8') in 0.0240935 seconds
Number of updated asset objects reloaded before import = 0Number of asset objects unloaded after import = 0

========================================================================
Received Import Request.
  Time since last request: 0.000018 seconds.
  path: Assets/Skybox/Utils/Scripts/SettingsUtils/SettingsData.cs
  artifactKey: Guid(93308045fbb3c5e42ba5ccb66d848632) Importer(2089858483,b0f066a214c2f5e87bad3c948f4d605d)
Start importing Assets/Skybox/Utils/Scripts/SettingsUtils/SettingsData.cs using Guid(93308045fbb3c5e42ba5ccb66d848632) Importer(2089858483,b0f066a214c2f5e87bad3c948f4d605d) (ScriptedImporter) -> (artifact id: 'fb7bc2ba38601c33dd255ae595b4de0d') in 0.0150245 seconds
Number of updated asset objects reloaded before import = 0Number of asset objects unloaded after import = 0

========================================================================
Received Import Request.
  Time since last request: 0.000026 seconds.
  path: Assets/Skybox/Utils/Scripts/StyledInspector/StyledBanner.cs
  artifactKey: Guid(0fb089d68a8e4634390e299256c8eec7) Importer(2089858483,b0f066a214c2f5e87bad3c948f4d605d)
Start importing Assets/Skybox/Utils/Scripts/StyledInspector/StyledBanner.cs using Guid(0fb089d68a8e4634390e299256c8eec7) Importer(2089858483,b0f066a214c2f5e87bad3c948f4d605d) (ScriptedImporter) -> (artifact id: 'ef36a1d14e22f51304fc08eee0edbcd6') in 0.0229363 seconds
Number of updated asset objects reloaded before import = 0Number of asset objects unloaded after import = 0

========================================================================
Received Import Request.
  Time since last request: 0.000014 seconds.
  path: Assets/Skybox/Utils/Scripts/StyledInspector/StyledEnum.cs
  artifactKey: Guid(c65df615eedc39d41bcf5191b9429056) Importer(2089858483,b0f066a214c2f5e87bad3c948f4d605d)
Start importing Assets/Skybox/Utils/Scripts/StyledInspector/StyledEnum.cs using Guid(c65df615eedc39d41bcf5191b9429056) Importer(2089858483,b0f066a214c2f5e87bad3c948f4d605d) (ScriptedImporter) -> (artifact id: '993a7187a1dd09c2131397289be2b6c9') in 0.014126 seconds
Number of updated asset objects reloaded before import = 0Number of asset objects unloaded after import = 0

========================================================================
Received Import Request.
  Time since last request: 0.000014 seconds.
  path: Assets/Skybox/Utils/Scripts/StyledInspector/StyledCategory.cs
  artifactKey: Guid(6dfd994aa3f6b3944a0bd6effc2b3102) Importer(2089858483,b0f066a214c2f5e87bad3c948f4d605d)
Start importing Assets/Skybox/Utils/Scripts/StyledInspector/StyledCategory.cs using Guid(6dfd994aa3f6b3944a0bd6effc2b3102) Importer(2089858483,b0f066a214c2f5e87bad3c948f4d605d) (ScriptedImporter) -> (artifact id: '103510cef5323e36c159607db80461bb') in 0.0165337 seconds
Number of updated asset objects reloaded before import = 0Number of asset objects unloaded after import = 0

========================================================================
Received Import Request.
  Time since last request: 0.000014 seconds.
  path: Assets/Skybox/Utils/Scripts/StyledInspector/StyledRangeOptions.cs
  artifactKey: Guid(896f8a6be3053ff4a8f322a960986af1) Importer(2089858483,b0f066a214c2f5e87bad3c948f4d605d)
Start importing Assets/Skybox/Utils/Scripts/StyledInspector/StyledRangeOptions.cs using Guid(896f8a6be3053ff4a8f322a960986af1) Importer(2089858483,b0f066a214c2f5e87bad3c948f4d605d) (ScriptedImporter) -> (artifact id: '4152c872b3f790d267b81171354bbd86') in 0.0203315 seconds
Number of updated asset objects reloaded before import = 0Number of asset objects unloaded after import = 0

========================================================================
Received Import Request.
  Time since last request: 0.000014 seconds.
  path: Assets/Skybox/Utils/Scripts/StyledInspector/StyledText.cs
  artifactKey: Guid(df9ee7b5ab129dd4991f424a8d93430b) Importer(2089858483,b0f066a214c2f5e87bad3c948f4d605d)
Start importing Assets/Skybox/Utils/Scripts/StyledInspector/StyledText.cs using Guid(df9ee7b5ab129dd4991f424a8d93430b) Importer(2089858483,b0f066a214c2f5e87bad3c948f4d605d) (ScriptedImporter) -> (artifact id: 'bdfb74e81de2c22047c8e84b887e5fbd') in 0.0188108 seconds
Number of updated asset objects reloaded before import = 0Number of asset objects unloaded after import = 0

========================================================================
Received Import Request.
  Time since last request: 0.000025 seconds.
  path: Assets/Skybox/Utils/Scripts/StyledInspector/StyledTexturePreview.cs
  artifactKey: Guid(b33fc29a1077eff40880c4d54b57136c) Importer(2089858483,b0f066a214c2f5e87bad3c948f4d605d)
Start importing Assets/Skybox/Utils/Scripts/StyledInspector/StyledTexturePreview.cs using Guid(b33fc29a1077eff40880c4d54b57136c) Importer(2089858483,b0f066a214c2f5e87bad3c948f4d605d) (ScriptedImporter) -> (artifact id: '73627d56978bd478dcd8073479bc0df8') in 0.0146814 seconds
Number of updated asset objects reloaded before import = 0Number of asset objects unloaded after import = 0

========================================================================
Received Import Request.
  Time since last request: 0.000016 seconds.
  path: Assets/Skybox/Utils/Scripts/StyledInspector/StyledMask.cs
  artifactKey: Guid(e4362c0144e8a5b45be782723d2c956f) Importer(2089858483,b0f066a214c2f5e87bad3c948f4d605d)
Start importing Assets/Skybox/Utils/Scripts/StyledInspector/StyledMask.cs using Guid(e4362c0144e8a5b45be782723d2c956f) Importer(2089858483,b0f066a214c2f5e87bad3c948f4d605d) (ScriptedImporter) -> (artifact id: 'f7f835928ba6c83707dbd1b9cdffbcd6') in 0.0201475 seconds
Number of updated asset objects reloaded before import = 0Number of asset objects unloaded after import = 0

========================================================================
Received Import Request.
  Time since last request: 0.000014 seconds.
  path: Assets/Bahrain International Circuit/Noise.mat
  artifactKey: Guid(a9a8ff866252443418a217bb747e8c36) Importer(2089858483,b0f066a214c2f5e87bad3c948f4d605d)
Start importing Assets/Bahrain International Circuit/Noise.mat using Guid(a9a8ff866252443418a217bb747e8c36) Importer(2089858483,b0f066a214c2f5e87bad3c948f4d605d) (ScriptedImporter) -> (artifact id: '9a85a6f53ccb237ea19b1ac0419defed') in 0.0236591 seconds
Number of updated asset objects reloaded before import = 0Number of asset objects unloaded after import = 4

========================================================================
Received Import Request.
  Time since last request: 0.000017 seconds.
  path: Assets/UI/UI Asset/Assets/UX/HeathenEngineering.UX.asmdef
  artifactKey: Guid(f5702ca0318eb1942af8daf18131f44d) Importer(2089858483,b0f066a214c2f5e87bad3c948f4d605d)
Start importing Assets/UI/UI Asset/Assets/UX/HeathenEngineering.UX.asmdef using Guid(f5702ca0318eb1942af8daf18131f44d) Importer(2089858483,b0f066a214c2f5e87bad3c948f4d605d) (ScriptedImporter) -> (artifact id: '81628e695648f91122482e613411476e') in 0.0299313 seconds
Number of updated asset objects reloaded before import = 0Number of asset objects unloaded after import = 1

========================================================================
Received Import Request.
  Time since last request: 0.000048 seconds.
  path: Assets/Plugins & Utilities/DA-Shared/Assembly/SVGMeshUnity/Internals/Curve.cs
  artifactKey: Guid(6d1543b2c42a4cf6a556b45007e9a7d7) Importer(2089858483,b0f066a214c2f5e87bad3c948f4d605d)
Start importing Assets/Plugins & Utilities/DA-Shared/Assembly/SVGMeshUnity/Internals/Curve.cs using Guid(6d1543b2c42a4cf6a556b45007e9a7d7) Importer(2089858483,b0f066a214c2f5e87bad3c948f4d605d) (ScriptedImporter) -> (artifact id: '0a3626ab77ef2a5ba5af17cd3346e8cc') in 0.0177095 seconds
Number of updated asset objects reloaded before import = 0Number of asset objects unloaded after import = 0

========================================================================
Received Import Request.
  Time since last request: 0.000020 seconds.
  path: Assets/UI/TextMesh Pro/Resources/Fonts & Materials/LiberationSans SDF - Drop Shadow.mat
  artifactKey: Guid(e73a58f6e2794ae7b1b7e50b7fb811b0) Importer(2089858483,b0f066a214c2f5e87bad3c948f4d605d)
Start importing Assets/UI/TextMesh Pro/Resources/Fonts & Materials/LiberationSans SDF - Drop Shadow.mat using Guid(e73a58f6e2794ae7b1b7e50b7fb811b0) Importer(2089858483,b0f066a214c2f5e87bad3c948f4d605d) (ScriptedImporter) -> (artifact id: '7271b028aca2384483e61822441e47a6') in 0.0315174 seconds
Number of updated asset objects reloaded before import = 0Number of asset objects unloaded after import = 2

========================================================================
Received Import Request.
  Time since last request: 0.000016 seconds.
  path: Assets/UI/TextMesh Pro/Resources/Fonts & Materials/LiberationSans SDF.asset
  artifactKey: Guid(8f586378b4e144a9851e7b34d9b748ee) Importer(2089858483,b0f066a214c2f5e87bad3c948f4d605d)
Start importing Assets/UI/TextMesh Pro/Resources/Fonts & Materials/LiberationSans SDF.asset using Guid(8f586378b4e144a9851e7b34d9b748ee) Importer(2089858483,b0f066a214c2f5e87bad3c948f4d605d) (ScriptedImporter) -> (artifact id: '22addc99487b6dba584f38ecb3e8e7df') in 0.0511328 seconds
Number of updated asset objects reloaded before import = 0Number of asset objects unloaded after import = 8

========================================================================
Received Import Request.
  Time since last request: 0.000016 seconds.
  path: Assets/UI/TextMesh Pro/Resources/Sprite Assets/EmojiOne.asset
  artifactKey: Guid(c41005c129ba4d66911b75229fd70b45) Importer(2089858483,b0f066a214c2f5e87bad3c948f4d605d)
Start importing Assets/UI/TextMesh Pro/Resources/Sprite Assets/EmojiOne.asset using Guid(c41005c129ba4d66911b75229fd70b45) Importer(2089858483,b0f066a214c2f5e87bad3c948f4d605d) (ScriptedImporter) -> (artifact id: '4f3889dc3204652c5bdce58dcd3cc203') in 0.0248393 seconds
Number of updated asset objects reloaded before import = 0Number of asset objects unloaded after import = 3

========================================================================
Received Import Request.
  Time since last request: 0.000023 seconds.
  path: Assets/UI/TextMesh Pro/Resources/Fonts & Materials/LiberationSans SDF - Fallback.asset
  artifactKey: Guid(2e498d1c8094910479dc3e1b768306a4) Importer(2089858483,b0f066a214c2f5e87bad3c948f4d605d)
Start importing Assets/UI/TextMesh Pro/Resources/Fonts & Materials/LiberationSans SDF - Fallback.asset using Guid(2e498d1c8094910479dc3e1b768306a4) Importer(2089858483,b0f066a214c2f5e87bad3c948f4d605d) (ScriptedImporter) -> (artifact id: '5bd5b77f36d66dce2f3b94e46f3bac08') in 0.0270696 seconds
Number of updated asset objects reloaded before import = 0Number of asset objects unloaded after import = 5

========================================================================
Received Import Request.
  Time since last request: 0.000038 seconds.
  path: Assets/Plugins & Utilities/DA-Shared/Assembly/SVGMeshUnity/Internals/WorkBuffer.cs
  artifactKey: Guid(c9f5042ad1d1418ebe4901c4d1a76acf) Importer(2089858483,b0f066a214c2f5e87bad3c948f4d605d)
Start importing Assets/Plugins & Utilities/DA-Shared/Assembly/SVGMeshUnity/Internals/WorkBuffer.cs using Guid(c9f5042ad1d1418ebe4901c4d1a76acf) Importer(2089858483,b0f066a214c2f5e87bad3c948f4d605d) (ScriptedImporter) -> (artifact id: 'b2ffc98f8079ccaf3ca3a4b5e2ab8d40') in 0.0151116 seconds
Number of updated asset objects reloaded before import = 0Number of asset objects unloaded after import = 0

========================================================================
Received Import Request.
  Time since last request: 0.000015 seconds.
  path: Assets/UI/TextMesh Pro/Resources/Sprite Assets/MixedIndexTest.asset
  artifactKey: Guid(8a731a09451cba54096a9002cd9b9be5) Importer(2089858483,b0f066a214c2f5e87bad3c948f4d605d)
Start importing Assets/UI/TextMesh Pro/Resources/Sprite Assets/MixedIndexTest.asset using Guid(8a731a09451cba54096a9002cd9b9be5) Importer(2089858483,b0f066a214c2f5e87bad3c948f4d605d) (ScriptedImporter) -> (artifact id: 'c59da724d759b36662c3ee7b0d1aa5f8') in 0.0232915 seconds
Number of updated asset objects reloaded before import = 0Number of asset objects unloaded after import = 208

========================================================================
Received Import Request.
  Time since last request: 0.000017 seconds.
  path: Assets/Plugins & Utilities/DA-Shared/Assembly/SVGMeshUnity/Internals/MeshData.cs
  artifactKey: Guid(71c31466ffeb411f87eeb5849aaf19b2) Importer(2089858483,b0f066a214c2f5e87bad3c948f4d605d)
Start importing Assets/Plugins & Utilities/DA-Shared/Assembly/SVGMeshUnity/Internals/MeshData.cs using Guid(71c31466ffeb411f87eeb5849aaf19b2) Importer(2089858483,b0f066a214c2f5e87bad3c948f4d605d) (ScriptedImporter) -> (artifact id: '203397f21784284cda1ec9ae055442be') in 0.0177326 seconds
Number of updated asset objects reloaded before import = 0Number of asset objects unloaded after import = 0

========================================================================
Received Import Request.
  Time since last request: 0.000015 seconds.
  path: Assets/Bahrain International Circuit/Textures/Solid Colors/Solid - 4.png
  artifactKey: Guid(cf20c1bb9b21ba5409f85e339e6ecb92) Importer(2089858483,b0f066a214c2f5e87bad3c948f4d605d)
Start importing Assets/Bahrain International Circuit/Textures/Solid Colors/Solid - 4.png using Guid(cf20c1bb9b21ba5409f85e339e6ecb92) Importer(2089858483,b0f066a214c2f5e87bad3c948f4d605d) (ScriptedImporter) -> (artifact id: '376bffc1a0277f42932e35540c034900') in 0.0218494 seconds
Number of updated asset objects reloaded before import = 0Number of asset objects unloaded after import = 1

========================================================================
Received Import Request.
  Time since last request: 0.000013 seconds.
  path: Assets/Plugins & Utilities/DA-Shared/Assembly/SVGMeshUnity/LICENSES/two-product.txt
  artifactKey: Guid(e28a45c2e0c50e649af6a4bc635b01cc) Importer(2089858483,b0f066a214c2f5e87bad3c948f4d605d)
Start importing Assets/Plugins & Utilities/DA-Shared/Assembly/SVGMeshUnity/LICENSES/two-product.txt using Guid(e28a45c2e0c50e649af6a4bc635b01cc) Importer(2089858483,b0f066a214c2f5e87bad3c948f4d605d) (ScriptedImporter) -> (artifact id: '8ecef6fdc6353a208175ef55ad1ef5d6') in 0.0286088 seconds
Number of updated asset objects reloaded before import = 0Number of asset objects unloaded after import = 1

========================================================================
Received Import Request.
  Time since last request: 0.000020 seconds.
  path: Assets/Plugins & Utilities/DA-Shared/Assembly/SVGMeshUnity/LICENSES/robust-scale.txt
  artifactKey: Guid(02f41ba2eacf22c40b748e00a62156e7) Importer(2089858483,b0f066a214c2f5e87bad3c948f4d605d)
Start importing Assets/Plugins & Utilities/DA-Shared/Assembly/SVGMeshUnity/LICENSES/robust-scale.txt using Guid(02f41ba2eacf22c40b748e00a62156e7) Importer(2089858483,b0f066a214c2f5e87bad3c948f4d605d) (ScriptedImporter) -> (artifact id: '129fd27357a83d22c51df844bb7a31ac') in 0.0355476 seconds
Number of updated asset objects reloaded before import = 0Number of asset objects unloaded after import = 1

========================================================================
Received Import Request.
  Time since last request: 0.000022 seconds.
  path: Assets/Plugins & Utilities/DA-Shared/Assembly/SVGMeshUnity/LICENSES/robust-in-sphere.txt
  artifactKey: Guid(2142f66657efe4d47a78f8dce8b161dd) Importer(2089858483,b0f066a214c2f5e87bad3c948f4d605d)
Start importing Assets/Plugins & Utilities/DA-Shared/Assembly/SVGMeshUnity/LICENSES/robust-in-sphere.txt using Guid(2142f66657efe4d47a78f8dce8b161dd) Importer(2089858483,b0f066a214c2f5e87bad3c948f4d605d) (ScriptedImporter) -> (artifact id: '2c85e783b122bbf1f94460df8c7c186f') in 0.0308295 seconds
Number of updated asset objects reloaded before import = 0Number of asset objects unloaded after import = 1

========================================================================
Received Import Request.
  Time since last request: 0.000015 seconds.
  path: Assets/Plugins & Utilities/DA-Shared/Assembly/SVGMeshUnity/Internals/Int2.cs
  artifactKey: Guid(d8e3039a00c54f89a570bbde07b4932d) Importer(2089858483,b0f066a214c2f5e87bad3c948f4d605d)
Start importing Assets/Plugins & Utilities/DA-Shared/Assembly/SVGMeshUnity/Internals/Int2.cs using Guid(d8e3039a00c54f89a570bbde07b4932d) Importer(2089858483,b0f066a214c2f5e87bad3c948f4d605d) (ScriptedImporter) -> (artifact id: '4c8676b9da783180e7d8ea7452e80178') in 0.0154575 seconds
Number of updated asset objects reloaded before import = 0Number of asset objects unloaded after import = 0

========================================================================
Received Import Request.
  Time since last request: 0.000016 seconds.
  path: Assets/Plugins & Utilities/DA-Shared/Assembly/SVGMeshUnity/LICENSES/SVGMeshUnity.txt
  artifactKey: Guid(f34a9ac8ecf93654383cf477618f5a4d) Importer(2089858483,b0f066a214c2f5e87bad3c948f4d605d)
Start importing Assets/Plugins & Utilities/DA-Shared/Assembly/SVGMeshUnity/LICENSES/SVGMeshUnity.txt using Guid(f34a9ac8ecf93654383cf477618f5a4d) Importer(2089858483,b0f066a214c2f5e87bad3c948f4d605d) (ScriptedImporter) -> (artifact id: '1ad86909c2331805848a06aa29e52297') in 0.030707 seconds
Number of updated asset objects reloaded before import = 0Number of asset objects unloaded after import = 1

========================================================================
Received Import Request.
  Time since last request: 0.000014 seconds.
  path: Assets/Plugins & Utilities/DA-Shared/Assembly/SVGMeshUnity/Internals/BezierToVertex.cs
  artifactKey: Guid(d0446926ab40486abe8a0e4ab9380186) Importer(2089858483,b0f066a214c2f5e87bad3c948f4d605d)
Start importing Assets/Plugins & Utilities/DA-Shared/Assembly/SVGMeshUnity/Internals/BezierToVertex.cs using Guid(d0446926ab40486abe8a0e4ab9380186) Importer(2089858483,b0f066a214c2f5e87bad3c948f4d605d) (ScriptedImporter) -> (artifact id: '71448c559ef7b102d4ebf1d48335a488') in 0.0204803 seconds
Number of updated asset objects reloaded before import = 0Number of asset objects unloaded after import = 0

========================================================================
Received Import Request.
  Time since last request: 0.000016 seconds.
  path: Assets/Plugins & Utilities/DA-Shared/Assembly/SVGMeshUnity/LICENSES/cdt2d.txt
  artifactKey: Guid(90d113c990aa0db4990c9edb659d2eb7) Importer(2089858483,b0f066a214c2f5e87bad3c948f4d605d)
Start importing Assets/Plugins & Utilities/DA-Shared/Assembly/SVGMeshUnity/LICENSES/cdt2d.txt using Guid(90d113c990aa0db4990c9edb659d2eb7) Importer(2089858483,b0f066a214c2f5e87bad3c948f4d605d) (ScriptedImporter) -> (artifact id: 'fa004cc6a2c42d70b1da7af386d94f39') in 0.0281587 seconds
Number of updated asset objects reloaded before import = 0Number of asset objects unloaded after import = 1

========================================================================
Received Import Request.
  Time since last request: 0.000023 seconds.
  path: Assets/Plugins & Utilities/DA-Shared/Editor/DAInspector/Sprites/icon_component.png
  artifactKey: Guid(5ba475abc1549864cb5ac369605079c8) Importer(2089858483,b0f066a214c2f5e87bad3c948f4d605d)
Start importing Assets/Plugins & Utilities/DA-Shared/Editor/DAInspector/Sprites/icon_component.png using Guid(5ba475abc1549864cb5ac369605079c8) Importer(2089858483,b0f066a214c2f5e87bad3c948f4d605d) (ScriptedImporter) -> (artifact id: 'ae5263374523885cc6b7eca2fdf028d5') in 0.0248304 seconds
Number of updated asset objects reloaded before import = 0Number of asset objects unloaded after import = 1

========================================================================
Received Import Request.
  Time since last request: 0.000014 seconds.
  path: Assets/Plugins & Utilities/DA-Shared/Editor/DAInspector/Sprites/icon_expand_closed.png
  artifactKey: Guid(a19262a26536c554680b25a0ce338e33) Importer(2089858483,b0f066a214c2f5e87bad3c948f4d605d)
Start importing Assets/Plugins & Utilities/DA-Shared/Editor/DAInspector/Sprites/icon_expand_closed.png using Guid(a19262a26536c554680b25a0ce338e33) Importer(2089858483,b0f066a214c2f5e87bad3c948f4d605d) (ScriptedImporter) -> (artifact id: '04ed94c8d8034ba7bca44edf60d45f11') in 0.0210029 seconds
Number of updated asset objects reloaded before import = 0Number of asset objects unloaded after import = 1

========================================================================
Received Import Request.
  Time since last request: 0.000023 seconds.
  path: Assets/Plugins & Utilities/DA-Shared/Editor/DAInspector/Sprites/icon_corner_bottom_left.png
  artifactKey: Guid(f18f6f2b2bfbf1146a7b1f9b2ffb0066) Importer(2089858483,b0f066a214c2f5e87bad3c948f4d605d)
Start importing Assets/Plugins & Utilities/DA-Shared/Editor/DAInspector/Sprites/icon_corner_bottom_left.png using Guid(f18f6f2b2bfbf1146a7b1f9b2ffb0066) Importer(2089858483,b0f066a214c2f5e87bad3c948f4d605d) (ScriptedImporter) -> (artifact id: '98ed7788ddf7e76c48a74fe2cd75c3a9') in 0.0206304 seconds
Number of updated asset objects reloaded before import = 0Number of asset objects unloaded after import = 1

========================================================================
Received Import Request.
  Time since last request: 0.000013 seconds.
  path: Assets/Plugins & Utilities/DA-Shared/Editor/DAInspector/Sprites/icon_corner_top_right.png
  artifactKey: Guid(2cd8ce091fb8dce4a85d1578ef706c55) Importer(2089858483,b0f066a214c2f5e87bad3c948f4d605d)
Start importing Assets/Plugins & Utilities/DA-Shared/Editor/DAInspector/Sprites/icon_corner_top_right.png using Guid(2cd8ce091fb8dce4a85d1578ef706c55) Importer(2089858483,b0f066a214c2f5e87bad3c948f4d605d) (ScriptedImporter) -> (artifact id: 'd7dbfada61586f2f9ced6855a24b74ce') in 0.0190534 seconds
Number of updated asset objects reloaded before import = 0Number of asset objects unloaded after import = 1

========================================================================
Received Import Request.
  Time since last request: 0.000013 seconds.
  path: Assets/Plugins & Utilities/DA-Shared/Editor/DAInspector/Sprites/icon_click.png
  artifactKey: Guid(5c4670904faa5254cb3b35769ec70b1e) Importer(2089858483,b0f066a214c2f5e87bad3c948f4d605d)
Start importing Assets/Plugins & Utilities/DA-Shared/Editor/DAInspector/Sprites/icon_click.png using Guid(5c4670904faa5254cb3b35769ec70b1e) Importer(2089858483,b0f066a214c2f5e87bad3c948f4d605d) (ScriptedImporter) -> (artifact id: '8ddaeb7d63dd926be06d43276b397552') in 0.0183977 seconds
Number of updated asset objects reloaded before import = 0Number of asset objects unloaded after import = 1

========================================================================
Received Import Request.
  Time since last request: 0.000022 seconds.
  path: Assets/Plugins & Utilities/DA-Shared/Editor/DAInspector/Sprites/icon_corner_bottom_right.png
  artifactKey: Guid(d92a99038cd091b44958b6f580de7ef1) Importer(2089858483,b0f066a214c2f5e87bad3c948f4d605d)
Start importing Assets/Plugins & Utilities/DA-Shared/Editor/DAInspector/Sprites/icon_corner_bottom_right.png using Guid(d92a99038cd091b44958b6f580de7ef1) Importer(2089858483,b0f066a214c2f5e87bad3c948f4d605d) (ScriptedImporter) -> (artifact id: 'a2564a0b5dabef2918842edcd3711616') in 0.0211245 seconds
Number of updated asset objects reloaded before import = 0Number of asset objects unloaded after import = 1

========================================================================
Received Import Request.
  Time since last request: 0.000014 seconds.
  path: Assets/Plugins & Utilities/DA-Shared/Editor/DAInspector/Sprites/icon_expand_window.png
  artifactKey: Guid(17d4ca1991e396d4abf7d125d68b1a99) Importer(2089858483,b0f066a214c2f5e87bad3c948f4d605d)
Start importing Assets/Plugins & Utilities/DA-Shared/Editor/DAInspector/Sprites/icon_expand_window.png using Guid(17d4ca1991e396d4abf7d125d68b1a99) Importer(2089858483,b0f066a214c2f5e87bad3c948f4d605d) (ScriptedImporter) -> (artifact id: '537d4b3a9e4ffa9458cf13708b8de509') in 0.0233477 seconds
Number of updated asset objects reloaded before import = 0Number of asset objects unloaded after import = 1

========================================================================
Received Import Request.
  Time since last request: 0.000012 seconds.
  path: Assets/Plugins & Utilities/DA-Shared/Editor/DAInspector/DAIEditor.cs
  artifactKey: Guid(0caa70052b449b941b8bdb3228b250f5) Importer(2089858483,b0f066a214c2f5e87bad3c948f4d605d)
Start importing Assets/Plugins & Utilities/DA-Shared/Editor/DAInspector/DAIEditor.cs using Guid(0caa70052b449b941b8bdb3228b250f5) Importer(2089858483,b0f066a214c2f5e87bad3c948f4d605d) (ScriptedImporter) -> (artifact id: 'cb9188ce1fd3293d100d8cac8cb7b2ab') in 0.0167787 seconds
Number of updated asset objects reloaded before import = 0Number of asset objects unloaded after import = 0

========================================================================
Received Import Request.
  Time since last request: 0.000014 seconds.
  path: Assets/Plugins & Utilities/DA-Shared/Editor/DAInspector/Sprites/box_frame.png
  artifactKey: Guid(0de7d4f08a6ada44cb8f55ec6e85e9f9) Importer(2089858483,b0f066a214c2f5e87bad3c948f4d605d)
Start importing Assets/Plugins & Utilities/DA-Shared/Editor/DAInspector/Sprites/box_frame.png using Guid(0de7d4f08a6ada44cb8f55ec6e85e9f9) Importer(2089858483,b0f066a214c2f5e87bad3c948f4d605d) (ScriptedImporter) -> (artifact id: '2b2e4c338c0143c836ac1e8c039d62fd') in 0.0321206 seconds
Number of updated asset objects reloaded before import = 0Number of asset objects unloaded after import = 1

========================================================================
Received Import Request.
  Time since last request: 0.000024 seconds.
  path: Assets/Plugins & Utilities/DA-Shared/Editor/DAInspector/Sprites/view_recent.png
  artifactKey: Guid(c5969960e1e4115419e4637b3150f937) Importer(2089858483,b0f066a214c2f5e87bad3c948f4d605d)
Start importing Assets/Plugins & Utilities/DA-Shared/Editor/DAInspector/Sprites/view_recent.png using Guid(c5969960e1e4115419e4637b3150f937) Importer(2089858483,b0f066a214c2f5e87bad3c948f4d605d) (ScriptedImporter) -> (artifact id: '2ba6ed1c0e63780b6feea878c53fab66') in 0.0185969 seconds
Number of updated asset objects reloaded before import = 0Number of asset objects unloaded after import = 1

========================================================================
Received Import Request.
  Time since last request: 0.000026 seconds.
  path: Assets/Plugins & Utilities/FMOD/addons/ResonanceAudio/Editor/FmodResonanceAudioRoomEditor.cs
  artifactKey: Guid(935c6716e27bd481e97897dd9e1de595) Importer(2089858483,b0f066a214c2f5e87bad3c948f4d605d)
Start importing Assets/Plugins & Utilities/FMOD/addons/ResonanceAudio/Editor/FmodResonanceAudioRoomEditor.cs using Guid(935c6716e27bd481e97897dd9e1de595) Importer(2089858483,b0f066a214c2f5e87bad3c948f4d605d) (ScriptedImporter) -> (artifact id: '2ff64b4a1f0b83eb851d05745e2d88c2') in 0.0152478 seconds
Number of updated asset objects reloaded before import = 0Number of asset objects unloaded after import = 0

========================================================================
Received Import Request.
  Time since last request: 0.000015 seconds.
  path: Assets/Plugins & Utilities/DA-Shared/Editor/DAInspector/Sprites/icon_settings.png
  artifactKey: Guid(84c1e5d966ac4a84d97fb7015b30c202) Importer(2089858483,b0f066a214c2f5e87bad3c948f4d605d)
Start importing Assets/Plugins & Utilities/DA-Shared/Editor/DAInspector/Sprites/icon_settings.png using Guid(84c1e5d966ac4a84d97fb7015b30c202) Importer(2089858483,b0f066a214c2f5e87bad3c948f4d605d) (ScriptedImporter) -> (artifact id: 'f335946ed9cc1e7e74fbe048bbaa72b6') in 0.0173473 seconds
Number of updated asset objects reloaded before import = 0Number of asset objects unloaded after import = 1

========================================================================
Received Import Request.
  Time since last request: 0.000012 seconds.
  path: Assets/Plugins & Utilities/DA-Shared/Editor/DAInspector/Sprites/icon_import.png
  artifactKey: Guid(9d4a17359d253ea4ea2cfde81d124e20) Importer(2089858483,b0f066a214c2f5e87bad3c948f4d605d)
Start importing Assets/Plugins & Utilities/DA-Shared/Editor/DAInspector/Sprites/icon_import.png using Guid(9d4a17359d253ea4ea2cfde81d124e20) Importer(2089858483,b0f066a214c2f5e87bad3c948f4d605d) (ScriptedImporter) -> (artifact id: 'cfff15ecf87b1574e0451f50afeb445a') in 0.019205 seconds
Number of updated asset objects reloaded before import = 0Number of asset objects unloaded after import = 1

========================================================================
Received Import Request.
  Time since last request: 0.000020 seconds.
  path: Assets/Plugins & Utilities/FMOD/addons/ResonanceAudio/Scripts/FmodResonanceAudio.cs
  artifactKey: Guid(6794e6301575a445d8588930a0752568) Importer(2089858483,b0f066a214c2f5e87bad3c948f4d605d)
Start importing Assets/Plugins & Utilities/FMOD/addons/ResonanceAudio/Scripts/FmodResonanceAudio.cs using Guid(6794e6301575a445d8588930a0752568) Importer(2089858483,b0f066a214c2f5e87bad3c948f4d605d) (ScriptedImporter) -> (artifact id: '6f79caa45787f8b05d206238a82eb042') in 0.0153099 seconds
Number of updated asset objects reloaded before import = 0Number of asset objects unloaded after import = 0

========================================================================
Received Import Request.
  Time since last request: 0.000015 seconds.
  path: Assets/Plugins & Utilities/DA-Shared/Editor/DAInspector/Sprites/pbar_bar.png
  artifactKey: Guid(c4420008571ebb0468088711f81ee947) Importer(2089858483,b0f066a214c2f5e87bad3c948f4d605d)
Start importing Assets/Plugins & Utilities/DA-Shared/Editor/DAInspector/Sprites/pbar_bar.png using Guid(c4420008571ebb0468088711f81ee947) Importer(2089858483,b0f066a214c2f5e87bad3c948f4d605d) (ScriptedImporter) -> (artifact id: '8fe4fa75cab27a6a481658335fae436b') in 0.0326319 seconds
Number of updated asset objects reloaded before import = 0Number of asset objects unloaded after import = 1

========================================================================
Received Import Request.
  Time since last request: 0.000023 seconds.
  path: Assets/Plugins & Utilities/DA-Shared/Editor/DAInspector/Sprites/pressed_button.png
  artifactKey: Guid(983d757bb5e1445409a2d78b449c3359) Importer(2089858483,b0f066a214c2f5e87bad3c948f4d605d)
Start importing Assets/Plugins & Utilities/DA-Shared/Editor/DAInspector/Sprites/pressed_button.png using Guid(983d757bb5e1445409a2d78b449c3359) Importer(2089858483,b0f066a214c2f5e87bad3c948f4d605d) (ScriptedImporter) -> (artifact id: 'aab3c2de659845bac4e323a115488816') in 0.0330617 seconds
Number of updated asset objects reloaded before import = 0Number of asset objects unloaded after import = 1

========================================================================
Received Import Request.
  Time since last request: 0.000015 seconds.
  path: Assets/Plugins & Utilities/FMOD/addons/ResonanceAudio/Editor/FMODUnityResonanceEditor.asmdef
  artifactKey: Guid(194213485063a984b98ce9410892267a) Importer(2089858483,b0f066a214c2f5e87bad3c948f4d605d)
Start importing Assets/Plugins & Utilities/FMOD/addons/ResonanceAudio/Editor/FMODUnityResonanceEditor.asmdef using Guid(194213485063a984b98ce9410892267a) Importer(2089858483,b0f066a214c2f5e87bad3c948f4d605d) (ScriptedImporter) -> (artifact id: 'de04a82136cc8d31b7be6e86025d1659') in 0.0336681 seconds
Number of updated asset objects reloaded before import = 0Number of asset objects unloaded after import = 1

========================================================================
Received Import Request.
  Time since last request: 0.000014 seconds.
  path: Assets/Plugins & Utilities/DA-Shared/Editor/DAInspector/Sprites/icon_download.png
  artifactKey: Guid(7293127380304744d89df74cdade597b) Importer(2089858483,b0f066a214c2f5e87bad3c948f4d605d)
Start importing Assets/Plugins & Utilities/DA-Shared/Editor/DAInspector/Sprites/icon_download.png using Guid(7293127380304744d89df74cdade597b) Importer(2089858483,b0f066a214c2f5e87bad3c948f4d605d) (ScriptedImporter) -> (artifact id: 'a51aef90617ae35ba67eabf19cf39a42') in 0.0208765 seconds
Number of updated asset objects reloaded before import = 0Number of asset objects unloaded after import = 1

========================================================================
Received Import Request.
  Time since last request: 0.000015 seconds.
  path: Assets/Plugins & Utilities/FMOD/platforms/mac/src/PlatformMac.cs
  artifactKey: Guid(d92d0baf34dae0e4ea032a42bd6107c0) Importer(2089858483,b0f066a214c2f5e87bad3c948f4d605d)
Start importing Assets/Plugins & Utilities/FMOD/platforms/mac/src/PlatformMac.cs using Guid(d92d0baf34dae0e4ea032a42bd6107c0) Importer(2089858483,b0f066a214c2f5e87bad3c948f4d605d) (ScriptedImporter) -> (artifact id: '0807afe65d59eb72c70e7cb9ea3945cc') in 0.0197807 seconds
Number of updated asset objects reloaded before import = 0Number of asset objects unloaded after import = 0

========================================================================
Received Import Request.
  Time since last request: 0.000021 seconds.
  path: Assets/Plugins & Utilities/FMOD/platforms/linux/src/PlatformLinux.cs
  artifactKey: Guid(73549a74f689f0849a8271d9e908c514) Importer(2089858483,b0f066a214c2f5e87bad3c948f4d605d)
Start importing Assets/Plugins & Utilities/FMOD/platforms/linux/src/PlatformLinux.cs using Guid(73549a74f689f0849a8271d9e908c514) Importer(2089858483,b0f066a214c2f5e87bad3c948f4d605d) (ScriptedImporter) -> (artifact id: 'd59d47934ed4f360c5f95e865c2f0c05') in 0.0201897 seconds
Number of updated asset objects reloaded before import = 0Number of asset objects unloaded after import = 0

========================================================================
Received Import Request.
  Time since last request: 0.000033 seconds.
  path: Assets/Plugins & Utilities/FMOD/platforms/android/src/PlatformAndroid.cs
  artifactKey: Guid(97ba6cc2660c0ca498540d254701057a) Importer(2089858483,b0f066a214c2f5e87bad3c948f4d605d)
Start importing Assets/Plugins & Utilities/FMOD/platforms/android/src/PlatformAndroid.cs using Guid(97ba6cc2660c0ca498540d254701057a) Importer(2089858483,b0f066a214c2f5e87bad3c948f4d605d) (ScriptedImporter) -> (artifact id: '586297feb3c234aefd3c519d2ce2b24d') in 0.0219421 seconds
Number of updated asset objects reloaded before import = 0Number of asset objects unloaded after import = 0

========================================================================
Received Import Request.
  Time since last request: 0.000022 seconds.
  path: Assets/Plugins & Utilities/FMOD/platforms/html5/src/PlatformWebGL.cs
  artifactKey: Guid(b87314b32fbe18943af496e4b47136c6) Importer(2089858483,b0f066a214c2f5e87bad3c948f4d605d)
Start importing Assets/Plugins & Utilities/FMOD/platforms/html5/src/PlatformWebGL.cs using Guid(b87314b32fbe18943af496e4b47136c6) Importer(2089858483,b0f066a214c2f5e87bad3c948f4d605d) (ScriptedImporter) -> (artifact id: 'b78c5d2152c833eca6ebd7e31fc20fd4') in 0.0194162 seconds
Number of updated asset objects reloaded before import = 0Number of asset objects unloaded after import = 0

========================================================================
Received Import Request.
  Time since last request: 0.000021 seconds.
  path: Assets/Plugins & Utilities/FMOD/addons/ResonanceAudio/Scripts/FmodResonanceAudioRoom.cs
  artifactKey: Guid(6b0c5e63920ee4f55b7ec5248525af4b) Importer(2089858483,b0f066a214c2f5e87bad3c948f4d605d)
Start importing Assets/Plugins & Utilities/FMOD/addons/ResonanceAudio/Scripts/FmodResonanceAudioRoom.cs using Guid(6b0c5e63920ee4f55b7ec5248525af4b) Importer(2089858483,b0f066a214c2f5e87bad3c948f4d605d) (ScriptedImporter) -> (artifact id: '88091b4448f95921a4ddf2ba2c14cf9b') in 0.0163637 seconds
Number of updated asset objects reloaded before import = 0Number of asset objects unloaded after import = 0

========================================================================
Received Import Request.
  Time since last request: 0.000016 seconds.
  path: Assets/Plugins & Utilities/FMOD/platforms/ios/lib/libfmodstudiounityplugin.a
  artifactKey: Guid(79c89db1833831740aee981c0d90d2d4) Importer(2089858483,b0f066a214c2f5e87bad3c948f4d605d)
Start importing Assets/Plugins & Utilities/FMOD/platforms/ios/lib/libfmodstudiounityplugin.a using Guid(79c89db1833831740aee981c0d90d2d4) Importer(2089858483,b0f066a214c2f5e87bad3c948f4d605d) (ScriptedImporter) -> (artifact id: '8e642ba93481085006e404ec164c3934') in 0.0191054 seconds
Number of updated asset objects reloaded before import = 0Number of asset objects unloaded after import = 0

========================================================================
Received Import Request.
  Time since last request: 0.000025 seconds.
  path: Assets/Plugins & Utilities/FMOD/platforms/ios/lib/libresonanceaudio.a
  artifactKey: Guid(bc5d15d8f7607af478126b815040cbd2) Importer(2089858483,b0f066a214c2f5e87bad3c948f4d605d)
Start importing Assets/Plugins & Utilities/FMOD/platforms/ios/lib/libresonanceaudio.a using Guid(bc5d15d8f7607af478126b815040cbd2) Importer(2089858483,b0f066a214c2f5e87bad3c948f4d605d) (ScriptedImporter) -> (artifact id: 'e66a2f6e2c6c41e4266653e2992d1459') in 0.0192134 seconds
Number of updated asset objects reloaded before import = 0Number of asset objects unloaded after import = 0

========================================================================
Received Import Request.
  Time since last request: 0.000015 seconds.
  path: Assets/Plugins & Utilities/FMOD/platforms/visionos/src/PlatformVisionOS.cs
  artifactKey: Guid(8f591a193113347409efedcc618e83d6) Importer(2089858483,b0f066a214c2f5e87bad3c948f4d605d)
Start importing Assets/Plugins & Utilities/FMOD/platforms/visionos/src/PlatformVisionOS.cs using Guid(8f591a193113347409efedcc618e83d6) Importer(2089858483,b0f066a214c2f5e87bad3c948f4d605d) (ScriptedImporter) -> (artifact id: '0c40b245d6fa7a15479e7f59e662c7fc') in 0.0194176 seconds
Number of updated asset objects reloaded before import = 0Number of asset objects unloaded after import = 0

========================================================================
Received Import Request.
  Time since last request: 0.000013 seconds.
  path: Assets/Plugins & Utilities/FMOD/platforms/visionos/lib/libresonanceaudio_xrsimulator.a
  artifactKey: Guid(ab84f09ed56d54cd3867c72395f7658c) Importer(2089858483,b0f066a214c2f5e87bad3c948f4d605d)
Start importing Assets/Plugins & Utilities/FMOD/platforms/visionos/lib/libresonanceaudio_xrsimulator.a using Guid(ab84f09ed56d54cd3867c72395f7658c) Importer(2089858483,b0f066a214c2f5e87bad3c948f4d605d) (ScriptedImporter) -> (artifact id: '9b645b17744ce795994cf7645a0f0f06') in 0.0208467 seconds
Number of updated asset objects reloaded before import = 0Number of asset objects unloaded after import = 0

========================================================================
Received Import Request.
  Time since last request: 0.000014 seconds.
  path: Assets/UI/UI Asset/Samples/UX Examples/Flat Icons [Free]/Image Preview Scene.unity
  artifactKey: Guid(1cf45fbd2eabfdc4a9c5ca5ccbd5d721) Importer(2089858483,b0f066a214c2f5e87bad3c948f4d605d)
Start importing Assets/UI/UI Asset/Samples/UX Examples/Flat Icons [Free]/Image Preview Scene.unity using Guid(1cf45fbd2eabfdc4a9c5ca5ccbd5d721) Importer(2089858483,b0f066a214c2f5e87bad3c948f4d605d) (ScriptedImporter) -> (artifact id: 'e320ce0fc91f7c49ac9c666fdfa3351f') in 0.0410556 seconds
Number of updated asset objects reloaded before import = 0Number of asset objects unloaded after import = 1

========================================================================
Received Import Request.
  Time since last request: 0.000022 seconds.
  path: Assets/Plugins & Utilities/FMOD/platforms/visionos/lib/libfmodstudioL_xros.a
  artifactKey: Guid(240b87501d4c14726b85b03230183106) Importer(2089858483,b0f066a214c2f5e87bad3c948f4d605d)
Start importing Assets/Plugins & Utilities/FMOD/platforms/visionos/lib/libfmodstudioL_xros.a using Guid(240b87501d4c14726b85b03230183106) Importer(2089858483,b0f066a214c2f5e87bad3c948f4d605d) (ScriptedImporter) -> (artifact id: '34dd0b2cea2c5d1cf01b9994f28b9754') in 0.0178572 seconds
Number of updated asset objects reloaded before import = 0Number of asset objects unloaded after import = 0

========================================================================
Received Import Request.
  Time since last request: 0.000028 seconds.
  path: Assets/Plugins & Utilities/FMOD/platforms/tvos/lib/libfmodstudiounitypluginsimulatorL.a
  artifactKey: Guid(649598f6abf894e128aa33102756da99) Importer(2089858483,b0f066a214c2f5e87bad3c948f4d605d)
Start importing Assets/Plugins & Utilities/FMOD/platforms/tvos/lib/libfmodstudiounitypluginsimulatorL.a using Guid(649598f6abf894e128aa33102756da99) Importer(2089858483,b0f066a214c2f5e87bad3c948f4d605d) (ScriptedImporter) -> (artifact id: '983a2f5a9a0edd703cc2d94aa894e3b9') in 0.0193708 seconds
Number of updated asset objects reloaded before import = 0Number of asset objects unloaded after import = 0

========================================================================
Received Import Request.
  Time since last request: 0.000014 seconds.
  path: Assets/Plugins & Utilities/FMOD/platforms/tvos/src/PlatformAppleTV.cs
  artifactKey: Guid(17eea195bdfbf014e91ba7620ee491f8) Importer(2089858483,b0f066a214c2f5e87bad3c948f4d605d)
Start importing Assets/Plugins & Utilities/FMOD/platforms/tvos/src/PlatformAppleTV.cs using Guid(17eea195bdfbf014e91ba7620ee491f8) Importer(2089858483,b0f066a214c2f5e87bad3c948f4d605d) (ScriptedImporter) -> (artifact id: '4a22c31077fbca34d2f3f3f7674081ca') in 0.0167308 seconds
Number of updated asset objects reloaded before import = 0Number of asset objects unloaded after import = 0

========================================================================
Received Import Request.
  Time since last request: 0.000012 seconds.
  path: Assets/Plugins & Utilities/FMOD/platforms/tvos/lib/libfmodstudiounitypluginsimulator.a
  artifactKey: Guid(86d28a38815714041bf19dc4cc59ce65) Importer(2089858483,b0f066a214c2f5e87bad3c948f4d605d)
Start importing Assets/Plugins & Utilities/FMOD/platforms/tvos/lib/libfmodstudiounitypluginsimulator.a using Guid(86d28a38815714041bf19dc4cc59ce65) Importer(2089858483,b0f066a214c2f5e87bad3c948f4d605d) (ScriptedImporter) -> (artifact id: '4b885b2c4d2437a7e601d317da00abe5') in 0.0209026 seconds
Number of updated asset objects reloaded before import = 0Number of asset objects unloaded after import = 0

========================================================================
Received Import Request.
  Time since last request: 0.000014 seconds.
  path: Assets/Plugins & Utilities/FMOD/platforms/ios/lib/libfmodstudiounitypluginsimulator.a
  artifactKey: Guid(26235204f425d41479c8e41c99e96f50) Importer(2089858483,b0f066a214c2f5e87bad3c948f4d605d)
Start importing Assets/Plugins & Utilities/FMOD/platforms/ios/lib/libfmodstudiounitypluginsimulator.a using Guid(26235204f425d41479c8e41c99e96f50) Importer(2089858483,b0f066a214c2f5e87bad3c948f4d605d) (ScriptedImporter) -> (artifact id: 'a9e89fe16bd14a65fcb1e4c991b4fc3e') in 0.0203677 seconds
Number of updated asset objects reloaded before import = 0Number of asset objects unloaded after import = 0

========================================================================
Received Import Request.
  Time since last request: 0.000012 seconds.
  path: Assets/Plugins & Utilities/FMOD/platforms/ios/src/PlatformIOS.cs
  artifactKey: Guid(bc1f51bc35d549941904cf062bae93a3) Importer(2089858483,b0f066a214c2f5e87bad3c948f4d605d)
Start importing Assets/Plugins & Utilities/FMOD/platforms/ios/src/PlatformIOS.cs using Guid(bc1f51bc35d549941904cf062bae93a3) Importer(2089858483,b0f066a214c2f5e87bad3c948f4d605d) (ScriptedImporter) -> (artifact id: 'fb11c3c5aad0d7bc39b915efb69fa7d6') in 0.0189912 seconds
Number of updated asset objects reloaded before import = 0Number of asset objects unloaded after import = 0

========================================================================
Received Import Request.
  Time since last request: 0.000016 seconds.
  path: Assets/UI/UI Asset/Samples/UX Examples/Flat Icons [Free]/ToggleSetAnimatorBoolean.cs
  artifactKey: Guid(594a516382058e2419589605c02e7a7d) Importer(2089858483,b0f066a214c2f5e87bad3c948f4d605d)
Start importing Assets/UI/UI Asset/Samples/UX Examples/Flat Icons [Free]/ToggleSetAnimatorBoolean.cs using Guid(594a516382058e2419589605c02e7a7d) Importer(2089858483,b0f066a214c2f5e87bad3c948f4d605d) (ScriptedImporter) -> (artifact id: '8437ee85e7f1d6203579feba5fb506e8') in 0.0206042 seconds
Number of updated asset objects reloaded before import = 0Number of asset objects unloaded after import = 0

========================================================================
Received Import Request.
  Time since last request: 0.000022 seconds.
  path: Assets/Plugins & Utilities/FMOD/platforms/android/lib/armeabi-v7a/libfmod.so
  artifactKey: Guid(f71c8f89be7646142baed6d482d5e89c) Importer(2089858483,b0f066a214c2f5e87bad3c948f4d605d)
Start importing Assets/Plugins & Utilities/FMOD/platforms/android/lib/armeabi-v7a/libfmod.so using Guid(f71c8f89be7646142baed6d482d5e89c) Importer(2089858483,b0f066a214c2f5e87bad3c948f4d605d) (ScriptedImporter) -> (artifact id: '6607047b991cb4bb6cab3ea69f795ae7') in 0.0270007 seconds
Number of updated asset objects reloaded before import = 0Number of asset objects unloaded after import = 0

========================================================================
Received Import Request.
  Time since last request: 0.000014 seconds.
  path: Assets/Plugins & Utilities/DA-Shared/Assembly/SVGMeshUnity/Internals/Cdt2d/Triangles.cs
  artifactKey: Guid(0ae927e5d9354637b7361e1a99ac6aa9) Importer(2089858483,b0f066a214c2f5e87bad3c948f4d605d)
Start importing Assets/Plugins & Utilities/DA-Shared/Assembly/SVGMeshUnity/Internals/Cdt2d/Triangles.cs using Guid(0ae927e5d9354637b7361e1a99ac6aa9) Importer(2089858483,b0f066a214c2f5e87bad3c948f4d605d) (ScriptedImporter) -> (artifact id: '671360a38ac6185db54dd4374965a8df') in 0.0217179 seconds
Number of updated asset objects reloaded before import = 0Number of asset objects unloaded after import = 0

========================================================================
Received Import Request.
  Time since last request: 0.000018 seconds.
  path: Assets/UI/UI Asset/Samples/UX Examples/Flat Icons [Free]/ToggleOn.anim
  artifactKey: Guid(d02591cdcda765b479c159359cf6d30e) Importer(2089858483,b0f066a214c2f5e87bad3c948f4d605d)
Start importing Assets/UI/UI Asset/Samples/UX Examples/Flat Icons [Free]/ToggleOn.anim using Guid(d02591cdcda765b479c159359cf6d30e) Importer(2089858483,b0f066a214c2f5e87bad3c948f4d605d) (ScriptedImporter) -> (artifact id: '6caab317b4af6c4fe65eb9b6025610bc') in 0.0523455 seconds
Number of updated asset objects reloaded before import = 0Number of asset objects unloaded after import = 1

========================================================================
Received Import Request.
  Time since last request: 0.000015 seconds.
  path: Assets/UI/UI Asset/Samples/UX Examples/Flat Icons [Free]/Simple Slide Toggle.controller
  artifactKey: Guid(ca60e80279919664f94326999d57c53d) Importer(2089858483,b0f066a214c2f5e87bad3c948f4d605d)
Start importing Assets/UI/UI Asset/Samples/UX Examples/Flat Icons [Free]/Simple Slide Toggle.controller using Guid(ca60e80279919664f94326999d57c53d) Importer(2089858483,b0f066a214c2f5e87bad3c948f4d605d) (ScriptedImporter) -> (artifact id: 'cea306ab5132e3458ae5b2f9bc1ea46b') in 0.0449015 seconds
Number of updated asset objects reloaded before import = 0Number of asset objects unloaded after import = 8

========================================================================
Received Import Request.
  Time since last request: 0.000021 seconds.
  path: Assets/UI/UI Asset/Samples/UX Examples/Flat Icons [Free]/ToggleOff.anim
  artifactKey: Guid(f22bfd896848b5945a55143bd2d21492) Importer(2089858483,b0f066a214c2f5e87bad3c948f4d605d)
Start importing Assets/UI/UI Asset/Samples/UX Examples/Flat Icons [Free]/ToggleOff.anim using Guid(f22bfd896848b5945a55143bd2d21492) Importer(2089858483,b0f066a214c2f5e87bad3c948f4d605d) (ScriptedImporter) -> (artifact id: '171f15f99f843af990a4b61a14849018') in 0.0171874 seconds
Number of updated asset objects reloaded before import = 0Number of asset objects unloaded after import = 1

========================================================================
Received Import Request.
  Time since last request: 0.000021 seconds.
  path: Assets/Plugins & Utilities/DA-Shared/Assembly/SVGMeshUnity/Internals/Cdt2d/Triangulation.cs
  artifactKey: Guid(781d3a8656524a829b4205bab46ef8de) Importer(2089858483,b0f066a214c2f5e87bad3c948f4d605d)
Start importing Assets/Plugins & Utilities/DA-Shared/Assembly/SVGMeshUnity/Internals/Cdt2d/Triangulation.cs using Guid(781d3a8656524a829b4205bab46ef8de) Importer(2089858483,b0f066a214c2f5e87bad3c948f4d605d) (ScriptedImporter) -> (artifact id: 'd1d3f5f7d71ccc258ebd3fbee9483f98') in 0.0201018 seconds
Number of updated asset objects reloaded before import = 0Number of asset objects unloaded after import = 0

========================================================================
Received Import Request.
  Time since last request: 0.000013 seconds.
  path: Assets/Plugins & Utilities/FMOD/platforms/android/lib/armeabi-v7a/libfmodL.so
  artifactKey: Guid(0e95029f987dfa248934eaa63745b504) Importer(2089858483,b0f066a214c2f5e87bad3c948f4d605d)
Start importing Assets/Plugins & Utilities/FMOD/platforms/android/lib/armeabi-v7a/libfmodL.so using Guid(0e95029f987dfa248934eaa63745b504) Importer(2089858483,b0f066a214c2f5e87bad3c948f4d605d) (ScriptedImporter) -> (artifact id: '4f470ed79473568dbf5f29bac10caed5') in 0.0186535 seconds
Number of updated asset objects reloaded before import = 0Number of asset objects unloaded after import = 0

========================================================================
Received Import Request.
  Time since last request: 0.000014 seconds.
  path: Assets/UI/UI Asset/Free/Info.png
  artifactKey: Guid(c0d66557e6e886446b2af17220906a63) Importer(2089858483,b0f066a214c2f5e87bad3c948f4d605d)
Start importing Assets/UI/UI Asset/Free/Info.png using Guid(c0d66557e6e886446b2af17220906a63) Importer(2089858483,b0f066a214c2f5e87bad3c948f4d605d) (ScriptedImporter) -> (artifact id: 'f943dc7e1e4dfcd965f17ff9aee0c66d') in 0.032193 seconds
Number of updated asset objects reloaded before import = 0Number of asset objects unloaded after import = 3

========================================================================
Received Import Request.
  Time since last request: 0.000020 seconds.
  path: Assets/Plugins & Utilities/FMOD/platforms/android/lib/armeabi-v7a/libfmodstudioL.so
  artifactKey: Guid(8de47c7524234f64fb6a7d661154b1a3) Importer(2089858483,b0f066a214c2f5e87bad3c948f4d605d)
Start importing Assets/Plugins & Utilities/FMOD/platforms/android/lib/armeabi-v7a/libfmodstudioL.so using Guid(8de47c7524234f64fb6a7d661154b1a3) Importer(2089858483,b0f066a214c2f5e87bad3c948f4d605d) (ScriptedImporter) -> (artifact id: 'e45ca7d428fb16a2e45c3dc8ad8bf294') in 0.0197813 seconds
Number of updated asset objects reloaded before import = 0Number of asset objects unloaded after import = 0

========================================================================
Received Import Request.
  Time since last request: 0.000022 seconds.
  path: Assets/Plugins & Utilities/FMOD/platforms/html5/lib/2.0.19/libfmodstudio.a
  artifactKey: Guid(18569240b868e8b44a20d32b2df12f5c) Importer(2089858483,b0f066a214c2f5e87bad3c948f4d605d)
Start importing Assets/Plugins & Utilities/FMOD/platforms/html5/lib/2.0.19/libfmodstudio.a using Guid(18569240b868e8b44a20d32b2df12f5c) Importer(2089858483,b0f066a214c2f5e87bad3c948f4d605d) (ScriptedImporter) -> (artifact id: '48c00b8e2989e12a9a8a91ef54fcc213') in 0.016202 seconds
Number of updated asset objects reloaded before import = 0Number of asset objects unloaded after import = 0

========================================================================
Received Import Request.
  Time since last request: 0.000022 seconds.
  path: Assets/Plugins & Utilities/FMOD/platforms/android/lib/x86_64/libresonanceaudio.so
  artifactKey: Guid(295b4c80a560c81409d44c273128b743) Importer(2089858483,b0f066a214c2f5e87bad3c948f4d605d)
Start importing Assets/Plugins & Utilities/FMOD/platforms/android/lib/x86_64/libresonanceaudio.so using Guid(295b4c80a560c81409d44c273128b743) Importer(2089858483,b0f066a214c2f5e87bad3c948f4d605d) (ScriptedImporter) -> (artifact id: '55679123db8ee97cf4f14a35a19b14cd') in 0.021624 seconds
Number of updated asset objects reloaded before import = 0Number of asset objects unloaded after import = 0

========================================================================
Received Import Request.
  Time since last request: 0.000019 seconds.
  path: Assets/Plugins & Utilities/FMOD/platforms/android/lib/x86/libfmodL.so
  artifactKey: Guid(54236e4c5b88f494598efb4d226b44f0) Importer(2089858483,b0f066a214c2f5e87bad3c948f4d605d)
Start importing Assets/Plugins & Utilities/FMOD/platforms/android/lib/x86/libfmodL.so using Guid(54236e4c5b88f494598efb4d226b44f0) Importer(2089858483,b0f066a214c2f5e87bad3c948f4d605d) (ScriptedImporter) -> (artifact id: 'befc4599a2f5a76dd9a9efb216f72774') in 0.0199142 seconds
Number of updated asset objects reloaded before import = 0Number of asset objects unloaded after import = 0

========================================================================
Received Import Request.
  Time since last request: 0.000039 seconds.
  path: Assets/Plugins & Utilities/FMOD/platforms/uwp/lib/arm/fmod.dll
  artifactKey: Guid(907f4331811d73442b58d50627a775d4) Importer(2089858483,b0f066a214c2f5e87bad3c948f4d605d)
Start importing Assets/Plugins & Utilities/FMOD/platforms/uwp/lib/arm/fmod.dll using Guid(907f4331811d73442b58d50627a775d4) Importer(2089858483,b0f066a214c2f5e87bad3c948f4d605d) (ScriptedImporter) -> (artifact id: '12b3afbfc17d86d8d9512a2bb66126b7') in 0.0193706 seconds
Number of updated asset objects reloaded before import = 0Number of asset objects unloaded after import = 0

========================================================================
Received Import Request.
  Time since last request: 0.000016 seconds.
  path: Assets/Plugins & Utilities/FMOD/platforms/linux/lib/x86_64/libfmodstudioL.so
  artifactKey: Guid(55419f11aa5d7204eb9d67c70c92fb89) Importer(2089858483,b0f066a214c2f5e87bad3c948f4d605d)
Start importing Assets/Plugins & Utilities/FMOD/platforms/linux/lib/x86_64/libfmodstudioL.so using Guid(55419f11aa5d7204eb9d67c70c92fb89) Importer(2089858483,b0f066a214c2f5e87bad3c948f4d605d) (ScriptedImporter) -> (artifact id: '1b29208e9b533b89e93aba573ede763e') in 0.0211624 seconds
Number of updated asset objects reloaded before import = 0Number of asset objects unloaded after import = 0

========================================================================
Received Import Request.
  Time since last request: 0.000019 seconds.
  path: Assets/Plugins & Utilities/FMOD/platforms/linux/lib/x86_64/libfmodstudio.so
  artifactKey: Guid(9063aa11b1fcfcf4cb6030a076d14a30) Importer(2089858483,b0f066a214c2f5e87bad3c948f4d605d)
Start importing Assets/Plugins & Utilities/FMOD/platforms/linux/lib/x86_64/libfmodstudio.so using Guid(9063aa11b1fcfcf4cb6030a076d14a30) Importer(2089858483,b0f066a214c2f5e87bad3c948f4d605d) (ScriptedImporter) -> (artifact id: 'ccdda28954034acf4593b7ff2452abea') in 0.0222443 seconds
Number of updated asset objects reloaded before import = 0Number of asset objects unloaded after import = 0

========================================================================
Received Import Request.
  Time since last request: 0.000053 seconds.
  path: Assets/Plugins & Utilities/FMOD/platforms/android/lib/x86_64/libfmodstudioL.so
  artifactKey: Guid(9a5fc9953c8c261488bf0cb6c202e04b) Importer(2089858483,b0f066a214c2f5e87bad3c948f4d605d)
Start importing Assets/Plugins & Utilities/FMOD/platforms/android/lib/x86_64/libfmodstudioL.so using Guid(9a5fc9953c8c261488bf0cb6c202e04b) Importer(2089858483,b0f066a214c2f5e87bad3c948f4d605d) (ScriptedImporter) -> (artifact id: '23c946de26b07fe2222ed2d81b489a75') in 0.0159815 seconds
Number of updated asset objects reloaded before import = 0Number of asset objects unloaded after import = 0

========================================================================
Received Import Request.
  Time since last request: 0.000027 seconds.
  path: Assets/Plugins & Utilities/FMOD/platforms/uwp/lib/x86/fmod.dll
  artifactKey: Guid(39f9a761a2a032045a853a069db31081) Importer(2089858483,b0f066a214c2f5e87bad3c948f4d605d)
Start importing Assets/Plugins & Utilities/FMOD/platforms/uwp/lib/x86/fmod.dll using Guid(39f9a761a2a032045a853a069db31081) Importer(2089858483,b0f066a214c2f5e87bad3c948f4d605d) (ScriptedImporter) -> (artifact id: '43120c392fffad050fad3082683eaa7a') in 0.0220822 seconds
Number of updated asset objects reloaded before import = 0Number of asset objects unloaded after import = 0

========================================================================
Received Import Request.
  Time since last request: 0.000016 seconds.
  path: Assets/Plugins & Utilities/FMOD/platforms/win/lib/x86_64/fmodstudio.dll
  artifactKey: Guid(684d4d47a018ed14080e15f4c99b8e86) Importer(2089858483,b0f066a214c2f5e87bad3c948f4d605d)
Start importing Assets/Plugins & Utilities/FMOD/platforms/win/lib/x86_64/fmodstudio.dll using Guid(684d4d47a018ed14080e15f4c99b8e86) Importer(2089858483,b0f066a214c2f5e87bad3c948f4d605d) (ScriptedImporter) -> (artifact id: 'b9697a91539ce1ca9bccb9cdd9f869b6') in 0.0206835 seconds
Number of updated asset objects reloaded before import = 0Number of asset objects unloaded after import = 0

========================================================================
Received Import Request.
  Time since last request: 0.000083 seconds.
  path: Assets/Plugins & Utilities/FMOD/platforms/win/lib/x86/fmodstudioL.dll
  artifactKey: Guid(f86784a4286f78744bc94eed7ccfdc09) Importer(2089858483,b0f066a214c2f5e87bad3c948f4d605d)
Start importing Assets/Plugins & Utilities/FMOD/platforms/win/lib/x86/fmodstudioL.dll using Guid(f86784a4286f78744bc94eed7ccfdc09) Importer(2089858483,b0f066a214c2f5e87bad3c948f4d605d) (ScriptedImporter) -> (artifact id: '485f738410ed46429bf11f732ee1c249') in 0.0195358 seconds
Number of updated asset objects reloaded before import = 0Number of asset objects unloaded after import = 0

========================================================================
Received Import Request.
  Time since last request: 0.000023 seconds.
  path: Assets/Plugins & Utilities/FMOD/platforms/uwp/lib/arm/fmodstudio.dll
  artifactKey: Guid(a7c1eb40b6cc0b8468c161b5ba9a6df6) Importer(2089858483,b0f066a214c2f5e87bad3c948f4d605d)
Start importing Assets/Plugins & Utilities/FMOD/platforms/uwp/lib/arm/fmodstudio.dll using Guid(a7c1eb40b6cc0b8468c161b5ba9a6df6) Importer(2089858483,b0f066a214c2f5e87bad3c948f4d605d) (ScriptedImporter) -> (artifact id: '52867da4e4ae6488a802d39225c6f582') in 0.0162412 seconds
Number of updated asset objects reloaded before import = 0Number of asset objects unloaded after import = 0

========================================================================
Received Import Request.
  Time since last request: 0.000024 seconds.
  path: Assets/Plugins & Utilities/FMOD/platforms/win/lib/x86/resonanceaudio.dll
  artifactKey: Guid(b2c11f1e03736f748bd861d7bf4f8952) Importer(2089858483,b0f066a214c2f5e87bad3c948f4d605d)
Start importing Assets/Plugins & Utilities/FMOD/platforms/win/lib/x86/resonanceaudio.dll using Guid(b2c11f1e03736f748bd861d7bf4f8952) Importer(2089858483,b0f066a214c2f5e87bad3c948f4d605d) (ScriptedImporter) -> (artifact id: '6ddb406b66e3766a02365d9e05b99239') in 0.0201577 seconds
Number of updated asset objects reloaded before import = 0Number of asset objects unloaded after import = 0

========================================================================
Received Import Request.
  Time since last request: 0.000018 seconds.
  path: Assets/Plugins & Utilities/FMOD/platforms/uwp/lib/arm/fmodstudioL.dll
  artifactKey: Guid(5476dd86ee3260f4bb2283aef1d9a883) Importer(2089858483,b0f066a214c2f5e87bad3c948f4d605d)
Start importing Assets/Plugins & Utilities/FMOD/platforms/uwp/lib/arm/fmodstudioL.dll using Guid(5476dd86ee3260f4bb2283aef1d9a883) Importer(2089858483,b0f066a214c2f5e87bad3c948f4d605d) (ScriptedImporter) -> (artifact id: '4928f6a0d5268368485b7d7674156129') in 0.0225208 seconds
Number of updated asset objects reloaded before import = 0Number of asset objects unloaded after import = 0

========================================================================
Received Import Request.
  Time since last request: 0.000016 seconds.
  path: Assets/Plugins & Utilities/FMOD/platforms/win/lib/x86_64/fmodstudioL.dll
  artifactKey: Guid(857f00daf28cde04dbeb6c6f9195c993) Importer(2089858483,b0f066a214c2f5e87bad3c948f4d605d)
Start importing Assets/Plugins & Utilities/FMOD/platforms/win/lib/x86_64/fmodstudioL.dll using Guid(857f00daf28cde04dbeb6c6f9195c993) Importer(2089858483,b0f066a214c2f5e87bad3c948f4d605d) (ScriptedImporter) -> (artifact id: 'd58009e69e4337e2beb2316a6045d9b3') in 0.0178407 seconds
Number of updated asset objects reloaded before import = 0Number of asset objects unloaded after import = 0

========================================================================
Received Import Request.
  Time since last request: 0.000026 seconds.
  path: Assets/Plugins & Utilities/FMOD/platforms/uwp/lib/x86/fmodstudio.dll
  artifactKey: Guid(ecb0cc0019197154b9baeef623b6ec0a) Importer(2089858483,b0f066a214c2f5e87bad3c948f4d605d)
Start importing Assets/Plugins & Utilities/FMOD/platforms/uwp/lib/x86/fmodstudio.dll using Guid(ecb0cc0019197154b9baeef623b6ec0a) Importer(2089858483,b0f066a214c2f5e87bad3c948f4d605d) (ScriptedImporter) -> (artifact id: 'fc5d65278d2a769cdf7cd318b40f0bb2') in 0.0195946 seconds
Number of updated asset objects reloaded before import = 0Number of asset objects unloaded after import = 0

========================================================================
Received Import Request.
  Time since last request: 0.000015 seconds.
  path: Assets/UI/UI Asset/Assets/Common/Images/Heathen Corporate/Heathen Logo With ShortName.png
  artifactKey: Guid(8c3da12796561974389dc214061914cc) Importer(2089858483,b0f066a214c2f5e87bad3c948f4d605d)
Start importing Assets/UI/UI Asset/Assets/Common/Images/Heathen Corporate/Heathen Logo With ShortName.png using Guid(8c3da12796561974389dc214061914cc) Importer(2089858483,b0f066a214c2f5e87bad3c948f4d605d) (ScriptedImporter) -> (artifact id: 'be7ef78e52955598a0daf6dd1b30537f') in 0.0370121 seconds
Number of updated asset objects reloaded before import = 0Number of asset objects unloaded after import = 1

========================================================================
Received Import Request.
  Time since last request: 0.000024 seconds.
  path: Assets/UI/UI Asset/Assets/Common/Images/Heathen Corporate/Heathen Logo With FullName.png
  artifactKey: Guid(cf617b713155f6941bab066aab8710ef) Importer(2089858483,b0f066a214c2f5e87bad3c948f4d605d)
Start importing Assets/UI/UI Asset/Assets/Common/Images/Heathen Corporate/Heathen Logo With FullName.png using Guid(cf617b713155f6941bab066aab8710ef) Importer(2089858483,b0f066a214c2f5e87bad3c948f4d605d) (ScriptedImporter) -> (artifact id: '06c9500e9401a5bc2df398d223cbdf1f') in 0.0351286 seconds
Number of updated asset objects reloaded before import = 0Number of asset objects unloaded after import = 1

========================================================================
Received Import Request.
  Time since last request: 0.000016 seconds.
  path: Assets/Plugins & Utilities/FMOD/platforms/win/lib/x86/fmodstudio.dll
  artifactKey: Guid(1550e5c882b8c2445a1f14f8b1b23d41) Importer(2089858483,b0f066a214c2f5e87bad3c948f4d605d)
Start importing Assets/Plugins & Utilities/FMOD/platforms/win/lib/x86/fmodstudio.dll using Guid(1550e5c882b8c2445a1f14f8b1b23d41) Importer(2089858483,b0f066a214c2f5e87bad3c948f4d605d) (ScriptedImporter) -> (artifact id: 'bb47949bad076253137d7d60f459513f') in 0.0210933 seconds
Number of updated asset objects reloaded before import = 0Number of asset objects unloaded after import = 0

========================================================================
Received Import Request.
  Time since last request: 0.000015 seconds.
  path: Assets/Skybox/Utils/Editor/StyledInspector/StyledInteractiveDrawer.cs
  artifactKey: Guid(80229de18cd73624b8181a9db49a304f) Importer(2089858483,b0f066a214c2f5e87bad3c948f4d605d)
Start importing Assets/Skybox/Utils/Editor/StyledInspector/StyledInteractiveDrawer.cs using Guid(80229de18cd73624b8181a9db49a304f) Importer(2089858483,b0f066a214c2f5e87bad3c948f4d605d) (ScriptedImporter) -> (artifact id: '3c5e663c3781dc73e38398058648b39d') in 0.0184826 seconds
Number of updated asset objects reloaded before import = 0Number of asset objects unloaded after import = 0

========================================================================
Received Import Request.
  Time since last request: 0.000017 seconds.
  path: Assets/UI/UI Asset/Free/Add Icon.png
  artifactKey: Guid(25534d7e0c9de5646aee54d576a28388) Importer(2089858483,b0f066a214c2f5e87bad3c948f4d605d)
Start importing Assets/UI/UI Asset/Free/Add Icon.png using Guid(25534d7e0c9de5646aee54d576a28388) Importer(2089858483,b0f066a214c2f5e87bad3c948f4d605d) (ScriptedImporter) -> (artifact id: 'b22c79a4182d4ae010879399aa14758c') in 0.031961 seconds
Number of updated asset objects reloaded before import = 0Number of asset objects unloaded after import = 3

========================================================================
Received Import Request.
  Time since last request: 0.000022 seconds.
  path: Assets/UI/UI Asset/Free/X.png
  artifactKey: Guid(af19b810ad81d8741ba1583f72a9d93c) Importer(2089858483,b0f066a214c2f5e87bad3c948f4d605d)
Start importing Assets/UI/UI Asset/Free/X.png using Guid(af19b810ad81d8741ba1583f72a9d93c) Importer(2089858483,b0f066a214c2f5e87bad3c948f4d605d) (ScriptedImporter) -> (artifact id: '3dca61eca45f6c5e78152817b273675a') in 0.0414101 seconds
Number of updated asset objects reloaded before import = 0Number of asset objects unloaded after import = 3

========================================================================
Received Import Request.
  Time since last request: 0.000024 seconds.
  path: Assets/Plugins & Utilities/DA-Shared/Assembly/SVGMeshUnity/SVGMesh.cs
  artifactKey: Guid(3646afd5fb564c6b914c04b46d4417c8) Importer(2089858483,b0f066a214c2f5e87bad3c948f4d605d)
Start importing Assets/Plugins & Utilities/DA-Shared/Assembly/SVGMeshUnity/SVGMesh.cs using Guid(3646afd5fb564c6b914c04b46d4417c8) Importer(2089858483,b0f066a214c2f5e87bad3c948f4d605d) (ScriptedImporter) -> (artifact id: '93f323e6adb059eebae3a2ba86a6be23') in 0.0192029 seconds
Number of updated asset objects reloaded before import = 0Number of asset objects unloaded after import = 0

========================================================================
Received Import Request.
  Time since last request: 0.000016 seconds.
  path: Assets/UI/TextMesh Pro/Shaders/TMP_Sprite.shader
  artifactKey: Guid(cf81c85f95fe47e1a27f6ae460cf182c) Importer(2089858483,b0f066a214c2f5e87bad3c948f4d605d)
Start importing Assets/UI/TextMesh Pro/Shaders/TMP_Sprite.shader using Guid(cf81c85f95fe47e1a27f6ae460cf182c) Importer(2089858483,b0f066a214c2f5e87bad3c948f4d605d) (ScriptedImporter) -> (artifact id: '41b73e3b7a92e2c34d0babaed26ab646') in 0.0199996 seconds
Number of updated asset objects reloaded before import = 0Number of asset objects unloaded after import = 1

========================================================================
Received Import Request.
  Time since last request: 0.000013 seconds.
  path: Assets/Bahrain International Circuit/Bahrain Circuit.fbx
  artifactKey: Guid(40a9c7029d550ce4bba4c67d144edd91) Importer(2089858483,b0f066a214c2f5e87bad3c948f4d605d)
Start importing Assets/Bahrain International Circuit/Bahrain Circuit.fbx using Guid(40a9c7029d550ce4bba4c67d144edd91) Importer(2089858483,b0f066a214c2f5e87bad3c948f4d605d) (ScriptedImporter) -> (artifact id: 'b1ffe24e012d97eb100d6873eb79b1e9') in 0.1835545 seconds
Number of updated asset objects reloaded before import = 0Number of asset objects unloaded after import = 130

========================================================================
Received Import Request.
  Time since last request: 0.000025 seconds.
  path: Assets/Plugins & Utilities/DA-Shared/Assembly/CornerRounder/ShaderSetup.cginc
  artifactKey: Guid(c8b27b6dc4af4c65a0d1531a5c3a9880) Importer(2089858483,b0f066a214c2f5e87bad3c948f4d605d)
Start importing Assets/Plugins & Utilities/DA-Shared/Assembly/CornerRounder/ShaderSetup.cginc using Guid(c8b27b6dc4af4c65a0d1531a5c3a9880) Importer(2089858483,b0f066a214c2f5e87bad3c948f4d605d) (ScriptedImporter) -> (artifact id: '4c841f8eeb7af5fc628a2a47670839c9') in 0.0299644 seconds
Number of updated asset objects reloaded before import = 0Number of asset objects unloaded after import = 1

========================================================================
Received Import Request.
  Time since last request: 0.000026 seconds.
  path: Assets/UI/UI Asset/Free/E.png
  artifactKey: Guid(8199e973785f2184594e575e5967e818) Importer(2089858483,b0f066a214c2f5e87bad3c948f4d605d)
Start importing Assets/UI/UI Asset/Free/E.png using Guid(8199e973785f2184594e575e5967e818) Importer(2089858483,b0f066a214c2f5e87bad3c948f4d605d) (ScriptedImporter) -> (artifact id: 'de551d5fd4ba257b55225e420c5c3cee') in 0.0373289 seconds
Number of updated asset objects reloaded before import = 0Number of asset objects unloaded after import = 3

========================================================================
Received Import Request.
  Time since last request: 0.000014 seconds.
  path: Assets/Skybox/Skybox Cubemap Extended/Skybox Cubemap Extended.pdf
  artifactKey: Guid(5cbce0d58b9d6d147bde7b2601194b85) Importer(2089858483,b0f066a214c2f5e87bad3c948f4d605d)
Start importing Assets/Skybox/Skybox Cubemap Extended/Skybox Cubemap Extended.pdf using Guid(5cbce0d58b9d6d147bde7b2601194b85) Importer(2089858483,b0f066a214c2f5e87bad3c948f4d605d) (ScriptedImporter) -> (artifact id: '32d1464e17a8afd6406f76569aba6588') in 0.0177838 seconds
Number of updated asset objects reloaded before import = 0Number of asset objects unloaded after import = 1

========================================================================
Received Import Request.
  Time since last request: 0.000017 seconds.
  path: Assets/UI/TextMesh Pro/Shaders/TMP_Bitmap-Mobile.shader
  artifactKey: Guid(1e3b057af24249748ff873be7fafee47) Importer(2089858483,b0f066a214c2f5e87bad3c948f4d605d)
Start importing Assets/UI/TextMesh Pro/Shaders/TMP_Bitmap-Mobile.shader using Guid(1e3b057af24249748ff873be7fafee47) Importer(2089858483,b0f066a214c2f5e87bad3c948f4d605d) (ScriptedImporter) -> (artifact id: 'a1e1b87ece12a9b2c88dc3ea1e7d10f3') in 0.0171312 seconds
Number of updated asset objects reloaded before import = 0Number of asset objects unloaded after import = 1

========================================================================
Received Import Request.
  Time since last request: 0.000015 seconds.
  path: Assets/Plugins & Utilities/FMOD/src/Editor/CreateEventPopup.cs
  artifactKey: Guid(9c9773a32ed4a2b429fd42645175c32b) Importer(2089858483,b0f066a214c2f5e87bad3c948f4d605d)
Start importing Assets/Plugins & Utilities/FMOD/src/Editor/CreateEventPopup.cs using Guid(9c9773a32ed4a2b429fd42645175c32b) Importer(2089858483,b0f066a214c2f5e87bad3c948f4d605d) (ScriptedImporter) -> (artifact id: '8bf04046e8a5301da65bb4b000619ba1') in 0.0168514 seconds
Number of updated asset objects reloaded before import = 0Number of asset objects unloaded after import = 0

========================================================================
Received Import Request.
  Time since last request: 0.000019 seconds.
  path: Assets/Materials/Sun.mat
  artifactKey: Guid(165e0df0c52a3834d9eaae546e2cba70) Importer(2089858483,b0f066a214c2f5e87bad3c948f4d605d)
Start importing Assets/Materials/Sun.mat using Guid(165e0df0c52a3834d9eaae546e2cba70) Importer(2089858483,b0f066a214c2f5e87bad3c948f4d605d) (ScriptedImporter) -> (artifact id: 'fba87bf8960521cdeca52f5ce07127fe') in 0.023415 seconds
Number of updated asset objects reloaded before import = 0Number of asset objects unloaded after import = 1

========================================================================
Received Import Request.
  Time since last request: 0.000025 seconds.
  path: Assets/Models/Car.fbx
  artifactKey: Guid(78e3359ed707b724d823501733597bb8) Importer(2089858483,b0f066a214c2f5e87bad3c948f4d605d)
Start importing Assets/Models/Car.fbx using Guid(78e3359ed707b724d823501733597bb8) Importer(2089858483,b0f066a214c2f5e87bad3c948f4d605d) (ScriptedImporter) -> (artifact id: 'e8cefdc520239084500aad03e31a2ade') in 0.0691762 seconds
Number of updated asset objects reloaded before import = 0Number of asset objects unloaded after import = 35

========================================================================
Received Import Request.
  Time since last request: 0.000025 seconds.
  path: Assets/Plugins & Utilities/FMOD/platforms/android/lib/x86_64/libfmodL.so
  artifactKey: Guid(51dea0d403c47f345a6efe70b23fe6e3) Importer(2089858483,b0f066a214c2f5e87bad3c948f4d605d)
Start importing Assets/Plugins & Utilities/FMOD/platforms/android/lib/x86_64/libfmodL.so using Guid(51dea0d403c47f345a6efe70b23fe6e3) Importer(2089858483,b0f066a214c2f5e87bad3c948f4d605d) (ScriptedImporter) -> (artifact id: '9dbc8e17177806e150b195acfcd7f945') in 0.0207325 seconds
Number of updated asset objects reloaded before import = 0Number of asset objects unloaded after import = 0

========================================================================
Received Import Request.
  Time since last request: 0.000023 seconds.
  path: Assets/Materials/GhostBody.mat
  artifactKey: Guid(fc2aedafaf753d44c87da4f26fd06336) Importer(2089858483,b0f066a214c2f5e87bad3c948f4d605d)
Start importing Assets/Materials/GhostBody.mat using Guid(fc2aedafaf753d44c87da4f26fd06336) Importer(2089858483,b0f066a214c2f5e87bad3c948f4d605d) (ScriptedImporter) -> (artifact id: 'ca58168edd66c081c915f666fcc932de') in 0.0220906 seconds
Number of updated asset objects reloaded before import = 0Number of asset objects unloaded after import = 1

========================================================================
Received Import Request.
  Time since last request: 0.000017 seconds.
  path: Assets/Prefabs/CheckpointAI.prefab
  artifactKey: Guid(cfadb44761a55f340a05afefa8e3a3a8) Importer(2089858483,b0f066a214c2f5e87bad3c948f4d605d)
Start importing Assets/Prefabs/CheckpointAI.prefab using Guid(cfadb44761a55f340a05afefa8e3a3a8) Importer(2089858483,b0f066a214c2f5e87bad3c948f4d605d) (ScriptedImporter) -> (artifact id: '88e9e7ddd83f90fe4162cc738a2e881c') in 0.0354021 seconds
Number of updated asset objects reloaded before import = 0Number of asset objects unloaded after import = 9

========================================================================
Received Import Request.
  Time since last request: 0.000033 seconds.
  path: Assets/Plugins & Utilities/FMOD/images/SnapshotIcon.png
  artifactKey: Guid(cf2bba5fb8be7e64ca39979f18eb372a) Importer(2089858483,b0f066a214c2f5e87bad3c948f4d605d)
Start importing Assets/Plugins & Utilities/FMOD/images/SnapshotIcon.png using Guid(cf2bba5fb8be7e64ca39979f18eb372a) Importer(2089858483,b0f066a214c2f5e87bad3c948f4d605d) (ScriptedImporter) -> (artifact id: '2ccc0e7bce9a90670e9d3febb1c4c2dc') in 0.0328378 seconds
Number of updated asset objects reloaded before import = 0Number of asset objects unloaded after import = 1

========================================================================
Received Import Request.
  Time since last request: 0.000016 seconds.
  path: Assets/Plugins & Utilities/FMOD/src/RuntimeManager.cs
  artifactKey: Guid(5e5fb8ce07f0ce84b9d1852869527ea5) Importer(2089858483,b0f066a214c2f5e87bad3c948f4d605d)
Start importing Assets/Plugins & Utilities/FMOD/src/RuntimeManager.cs using Guid(5e5fb8ce07f0ce84b9d1852869527ea5) Importer(2089858483,b0f066a214c2f5e87bad3c948f4d605d) (ScriptedImporter) -> (artifact id: 'd74f45a142b9dd4ace75ad69ae2362de') in 0.0175616 seconds
Number of updated asset objects reloaded before import = 0Number of asset objects unloaded after import = 0

========================================================================
Received Import Request.
  Time since last request: 0.000016 seconds.
  path: Assets/Skybox/Skybox Cubemap Extended/Demo/Meshes/LowPoly - Fence A.FBX
  artifactKey: Guid(719d923d0fff4604dad00bd968b563b2) Importer(2089858483,b0f066a214c2f5e87bad3c948f4d605d)
Start importing Assets/Skybox/Skybox Cubemap Extended/Demo/Meshes/LowPoly - Fence A.FBX using Guid(719d923d0fff4604dad00bd968b563b2) Importer(2089858483,b0f066a214c2f5e87bad3c948f4d605d) (ScriptedImporter) -> (artifact id: '9e0e2bc7943045421610c73e4a7091bf') in 0.0189694 seconds
Number of updated asset objects reloaded before import = 0Number of asset objects unloaded after import = 9

========================================================================
Received Import Request.
  Time since last request: 0.000020 seconds.
  path: Assets/Models/FNIL - Body.mat
  artifactKey: Guid(8f1ecedb0b4fbf741bf0c46f627aba51) Importer(2089858483,b0f066a214c2f5e87bad3c948f4d605d)
Start importing Assets/Models/FNIL - Body.mat using Guid(8f1ecedb0b4fbf741bf0c46f627aba51) Importer(2089858483,b0f066a214c2f5e87bad3c948f4d605d) (ScriptedImporter) -> (artifact id: 'afc7efda0b5bb5a5374d2c5eabeaae1d') in 0.0218319 seconds
Number of updated asset objects reloaded before import = 0Number of asset objects unloaded after import = 1

========================================================================
Received Import Request.
  Time since last request: 0.000019 seconds.
  path: Assets/UI/UI Asset/Free/Button_Small_A.png
  artifactKey: Guid(5ed7b78422faa044695989e1108c5d63) Importer(2089858483,b0f066a214c2f5e87bad3c948f4d605d)
Start importing Assets/UI/UI Asset/Free/Button_Small_A.png using Guid(5ed7b78422faa044695989e1108c5d63) Importer(2089858483,b0f066a214c2f5e87bad3c948f4d605d) (ScriptedImporter) -> (artifact id: '8e25488df075ccef5edeb384702899ec') in 0.0367945 seconds
Number of updated asset objects reloaded before import = 0Number of asset objects unloaded after import = 3

========================================================================
Received Import Request.
  Time since last request: 0.000028 seconds.
  path: Assets/UI/TextMesh Pro/Shaders/TMPro.cginc
  artifactKey: Guid(407bc68d299748449bbf7f48ee690f8d) Importer(2089858483,b0f066a214c2f5e87bad3c948f4d605d)
Start importing Assets/UI/TextMesh Pro/Shaders/TMPro.cginc using Guid(407bc68d299748449bbf7f48ee690f8d) Importer(2089858483,b0f066a214c2f5e87bad3c948f4d605d) (ScriptedImporter) -> (artifact id: '91d26d15d0db80a96bbee7f417d4db61') in 0.0304272 seconds
Number of updated asset objects reloaded before import = 0Number of asset objects unloaded after import = 1

========================================================================
Received Import Request.
  Time since last request: 0.000017 seconds.
  path: Assets/UI/TextMesh Pro/Shaders/TMP_SDF Overlay.shader
  artifactKey: Guid(dd89cf5b9246416f84610a006f916af7) Importer(2089858483,b0f066a214c2f5e87bad3c948f4d605d)
Start importing Assets/UI/TextMesh Pro/Shaders/TMP_SDF Overlay.shader using Guid(dd89cf5b9246416f84610a006f916af7) Importer(2089858483,b0f066a214c2f5e87bad3c948f4d605d) (ScriptedImporter) -> (artifact id: '0eb251aeba6810344f80dd7d9cf0c15a') in 0.0192328 seconds
Number of updated asset objects reloaded before import = 0Number of asset objects unloaded after import = 1

========================================================================
Received Import Request.
  Time since last request: 0.000015 seconds.
  path: Assets/UI/UI Asset/Free/Sound.png
  artifactKey: Guid(a0993af277162934b9f02610f6f941f2) Importer(2089858483,b0f066a214c2f5e87bad3c948f4d605d)
Start importing Assets/UI/UI Asset/Free/Sound.png using Guid(a0993af277162934b9f02610f6f941f2) Importer(2089858483,b0f066a214c2f5e87bad3c948f4d605d) (ScriptedImporter) -> (artifact id: '3000c737eb569ae74429d7454aa74b8c') in 0.0411873 seconds
Number of updated asset objects reloaded before import = 0Number of asset objects unloaded after import = 3

========================================================================
Received Import Request.
  Time since last request: 0.000024 seconds.
  path: Assets/Plugins & Utilities/FMOD/src/Editor/EditorParamRef.cs
  artifactKey: Guid(fecb8ef7f94ca804a8ab72049b86782e) Importer(2089858483,b0f066a214c2f5e87bad3c948f4d605d)
Start importing Assets/Plugins & Utilities/FMOD/src/Editor/EditorParamRef.cs using Guid(fecb8ef7f94ca804a8ab72049b86782e) Importer(2089858483,b0f066a214c2f5e87bad3c948f4d605d) (ScriptedImporter) -> (artifact id: '7a50f14e0c8f95a166516537f76252ac') in 0.0217574 seconds
Number of updated asset objects reloaded before import = 0Number of asset objects unloaded after import = 0

========================================================================
Received Import Request.
  Time since last request: 0.000042 seconds.
  path: Assets/Plugins & Utilities/FMOD/src/Editor/StudioParameterTriggerEditor.cs
  artifactKey: Guid(dc94d213814ef1a42b0ca8ee00dd4728) Importer(2089858483,b0f066a214c2f5e87bad3c948f4d605d)
Start importing Assets/Plugins & Utilities/FMOD/src/Editor/StudioParameterTriggerEditor.cs using Guid(dc94d213814ef1a42b0ca8ee00dd4728) Importer(2089858483,b0f066a214c2f5e87bad3c948f4d605d) (ScriptedImporter) -> (artifact id: '90b12fc68795e89974c1644a1145d861') in 0.0151508 seconds
Number of updated asset objects reloaded before import = 0Number of asset objects unloaded after import = 0

========================================================================
Received Import Request.
  Time since last request: 0.000026 seconds.
  path: Assets/UI/TextMesh Pro/Resources/TMP Settings.asset
  artifactKey: Guid(3f5b5dff67a942289a9defa416b206f3) Importer(2089858483,b0f066a214c2f5e87bad3c948f4d605d)
Start importing Assets/UI/TextMesh Pro/Resources/TMP Settings.asset using Guid(3f5b5dff67a942289a9defa416b206f3) Importer(2089858483,b0f066a214c2f5e87bad3c948f4d605d) (ScriptedImporter) -> (artifact id: '6acd258ec127d3aafd462a6292b18ad6') in 0.0329608 seconds
Number of updated asset objects reloaded before import = 0Number of asset objects unloaded after import = 15

========================================================================
Received Import Request.
  Time since last request: 0.000021 seconds.
  path: Assets/Models/FNIL - Metal.mat
  artifactKey: Guid(47373c1295639c14499185cf95053f80) Importer(2089858483,b0f066a214c2f5e87bad3c948f4d605d)
Start importing Assets/Models/FNIL - Metal.mat using Guid(47373c1295639c14499185cf95053f80) Importer(2089858483,b0f066a214c2f5e87bad3c948f4d605d) (ScriptedImporter) -> (artifact id: '3e45602f9f4e848336f9b1d7394278f4') in 0.0161585 seconds
Number of updated asset objects reloaded before import = 0Number of asset objects unloaded after import = 1

========================================================================
Received Import Request.
  Time since last request: 0.000019 seconds.
  path: Assets/UI/UI Asset/Free/CIRCLE2PXSMALL.png
  artifactKey: Guid(9e64140fa412af443b31a21fedffc096) Importer(2089858483,b0f066a214c2f5e87bad3c948f4d605d)
Start importing Assets/UI/UI Asset/Free/CIRCLE2PXSMALL.png using Guid(9e64140fa412af443b31a21fedffc096) Importer(2089858483,b0f066a214c2f5e87bad3c948f4d605d) (ScriptedImporter) -> (artifact id: 'db70575cb982b1b3d520cf476fef8ebd') in 0.0380223 seconds
Number of updated asset objects reloaded before import = 0Number of asset objects unloaded after import = 3

========================================================================
Received Import Request.
  Time since last request: 0.000018 seconds.
  path: Assets/Plugins & Utilities/DA-Shared/Editor/DAInspector/Group.cs
  artifactKey: Guid(ac9c5e720e69e584abb36ea2b3ff8223) Importer(2089858483,b0f066a214c2f5e87bad3c948f4d605d)
Start importing Assets/Plugins & Utilities/DA-Shared/Editor/DAInspector/Group.cs using Guid(ac9c5e720e69e584abb36ea2b3ff8223) Importer(2089858483,b0f066a214c2f5e87bad3c948f4d605d) (ScriptedImporter) -> (artifact id: '7bcc084373a1df7076603c56e4c64f5c') in 0.0188722 seconds
Number of updated asset objects reloaded before import = 0Number of asset objects unloaded after import = 0

========================================================================
Received Import Request.
  Time since last request: 0.000025 seconds.
  path: Assets/UI/UI Asset/Free/BTN_A2.png
  artifactKey: Guid(0d6987b955d79574a92ef79c006ad418) Importer(2089858483,b0f066a214c2f5e87bad3c948f4d605d)
Start importing Assets/UI/UI Asset/Free/BTN_A2.png using Guid(0d6987b955d79574a92ef79c006ad418) Importer(2089858483,b0f066a214c2f5e87bad3c948f4d605d) (ScriptedImporter) -> (artifact id: '398931d03b0df3ddba4287d65f8172a1') in 0.0385348 seconds
Number of updated asset objects reloaded before import = 0Number of asset objects unloaded after import = 3

========================================================================
Received Import Request.
  Time since last request: 0.000019 seconds.
  path: Assets/Plugins & Utilities/FMOD/Resources/FMODStudioSettings.asset
  artifactKey: Guid(22577abdbd1988045bb263865138ae15) Importer(2089858483,b0f066a214c2f5e87bad3c948f4d605d)
Start importing Assets/Plugins & Utilities/FMOD/Resources/FMODStudioSettings.asset using Guid(22577abdbd1988045bb263865138ae15) Importer(2089858483,b0f066a214c2f5e87bad3c948f4d605d) (ScriptedImporter) -> (artifact id: 'a371f88a05f2e385373cefb978b03893') in 0.0680897 seconds
Number of updated asset objects reloaded before import = 0Number of asset objects unloaded after import = 13

========================================================================
Received Import Request.
  Time since last request: 0.000016 seconds.
  path: Assets/Bahrain International Circuit/Colors.mat
  artifactKey: Guid(27a11e085265968439ec2840149d36da) Importer(2089858483,b0f066a214c2f5e87bad3c948f4d605d)
Start importing Assets/Bahrain International Circuit/Colors.mat using Guid(27a11e085265968439ec2840149d36da) Importer(2089858483,b0f066a214c2f5e87bad3c948f4d605d) (ScriptedImporter) -> (artifact id: '03e771fd9d8da535163f3b257aa83ef1') in 0.0266179 seconds
Number of updated asset objects reloaded before import = 0Number of asset objects unloaded after import = 4

========================================================================
Received Import Request.
  Time since last request: 0.000036 seconds.
  path: Assets/UI/TextMesh Pro/Sprites/EmojiOne.json
  artifactKey: Guid(8f05276190cf498a8153f6cbe761d4e6) Importer(2089858483,b0f066a214c2f5e87bad3c948f4d605d)
Start importing Assets/UI/TextMesh Pro/Sprites/EmojiOne.json using Guid(8f05276190cf498a8153f6cbe761d4e6) Importer(2089858483,b0f066a214c2f5e87bad3c948f4d605d) (ScriptedImporter) -> (artifact id: '901f8055cd2aaff79b3ac05b04dc5692') in 0.0305724 seconds
Number of updated asset objects reloaded before import = 0Number of asset objects unloaded after import = 1

========================================================================
Received Import Request.
  Time since last request: 0.000023 seconds.
  path: Assets/UI/UI Asset/Free/CIRCLE4PXLAR.png
  artifactKey: Guid(1d02c027313a6514a849aa45aed65be6) Importer(2089858483,b0f066a214c2f5e87bad3c948f4d605d)
Start importing Assets/UI/UI Asset/Free/CIRCLE4PXLAR.png using Guid(1d02c027313a6514a849aa45aed65be6) Importer(2089858483,b0f066a214c2f5e87bad3c948f4d605d) (ScriptedImporter) -> (artifact id: '57317caf725a4ac75e266b4d8a98817c') in 0.043534 seconds
Number of updated asset objects reloaded before import = 0Number of asset objects unloaded after import = 3

========================================================================
Received Import Request.
  Time since last request: 0.000038 seconds.
  path: Assets/Bahrain International Circuit/Textures/Solid Colors/Solid - 6.png
  artifactKey: Guid(2c78ab350b051f44489817bf674296f6) Importer(2089858483,b0f066a214c2f5e87bad3c948f4d605d)
Start importing Assets/Bahrain International Circuit/Textures/Solid Colors/Solid - 6.png using Guid(2c78ab350b051f44489817bf674296f6) Importer(2089858483,b0f066a214c2f5e87bad3c948f4d605d) (ScriptedImporter) -> (artifact id: '7a9635ef3ec005df230f2efc39bd6ba3') in 0.0212778 seconds
Number of updated asset objects reloaded before import = 0Number of asset objects unloaded after import = 1

========================================================================
Received Import Request.
  Time since last request: 0.000014 seconds.
  path: Assets/Prefabs/F1-Car (Player).prefab
  artifactKey: Guid(8ac94b171fd1a04448ca4b7c43879403) Importer(2089858483,b0f066a214c2f5e87bad3c948f4d605d)
Start importing Assets/Prefabs/F1-Car (Player).prefab using Guid(8ac94b171fd1a04448ca4b7c43879403) Importer(2089858483,b0f066a214c2f5e87bad3c948f4d605d) (ScriptedImporter) -> (artifact id: '0e160f4974e46624da9f964d912dcccf') in 0.0682151 seconds
Number of updated asset objects reloaded before import = 0Number of asset objects unloaded after import = 78

========================================================================
Received Import Request.
  Time since last request: 0.000026 seconds.
  path: Assets/Skybox/Utils/Editor/StyledMaterial/StyledButtonDrawer.cs
  artifactKey: Guid(b40d7a397aa055b46a1651ee9f9bdd03) Importer(2089858483,b0f066a214c2f5e87bad3c948f4d605d)
Start importing Assets/Skybox/Utils/Editor/StyledMaterial/StyledButtonDrawer.cs using Guid(b40d7a397aa055b46a1651ee9f9bdd03) Importer(2089858483,b0f066a214c2f5e87bad3c948f4d605d) (ScriptedImporter) -> (artifact id: '29e4929792aebdd11b60fc673a8bee1a') in 0.0174629 seconds
Number of updated asset objects reloaded before import = 0Number of asset objects unloaded after import = 0

