[Licensing::Module] Trying to connect to existing licensing client channel...
Built from '6000.5/staging' branch; Version is '6000.5.2f1 (eb73d3b415a1) revision 15430611'; Using compiler version '194234433'; Build Type 'Release'
[Licensing::IpcConnector] Successfully connected to: "LicenseClient-moham" at "2026-08-24T15:03:43.6174762Z"
OS: 'Windows 11  (10.0.26200) Core' Language: 'en' Physical Memory: 16077 MB
BatchMode: 1, IsHumanControllingUs: 0, StartBugReporterOnCrash: 0, Is64bit: 1
System  architecture: x64
Process architecture: x64
Date: 2026-08-24T15:03:43Z

COMMAND LINE ARGUMENTS:
C:\Program Files\Unity\Hub\Editor\6000.5.2f1\Editor\Unity.exe
-adb2
-batchMode
-noUpm
-name
AssetImportWorkerHW1
-projectPath
C:/Users/moham/My Stuff/Development/Formula-NIL
-logFile
Logs/AssetImportWorkerHW1.log
-srvPort
56278
-parentPid
5076
-analyticsCloudUserId
anonymous
-analyticsCloudProjectId
3f2af847-aea3-45f8-9d64-bb1a2c8a2b7a
-analyticsLocalProjectId
5f1a6e8988baa1b4da0580bced24706b
-licensingIpc
LicenseClient-moham
-noDiagnosticSwitchPersistentStore
-job-worker-count
9
-background-job-worker-count
8
-asset-garbage-collectors
1
-force-d3d12
-name
AssetImport
Successfully changed project path to: C:/Users/moham/My Stuff/Development/Formula-NIL
C:/Users/moham/My Stuff/Development/Formula-NIL
[UnityMemory] Configuration Parameters - Can be set up in boot.config
    "memorysetup-temp-allocator-size-gi-baking-worker=262144"
    "memorysetup-temp-allocator-size-gi-baking-worker=262144"
    "memorysetup-temp-allocator-size-gi-baking-worker=262144"
    "memorysetup-temp-allocator-size-gi-baking-worker=262144"
    "memorysetup-temp-allocator-size-gi-baking-worker=262144"
    "memorysetup-temp-allocator-size-nav-mesh-worker=65536"
    "memorysetup-temp-allocator-size-audio-worker=65536"
    "memorysetup-temp-allocator-size-cloud-worker=32768"
    "memorysetup-temp-allocator-size-gfx=262144"
    "memorysetup-temp-allocator-size-preload-manager=33554432"
    "memorysetup-allocator-temp-initial-block-size-main=262144"
    "memorysetup-allocator-temp-initial-block-size-worker=262144"
    "memorysetup-temp-allocator-size-job-worker=262144"
    "memorysetup-temp-allocator-size-background-worker=32768"
    "memorysetup-bucket-allocator-granularity=16"
    "memorysetup-bucket-allocator-bucket-count=8"
    "memorysetup-bucket-allocator-block-size=33554432"
    "memorysetup-bucket-allocator-block-count=8"
    "memorysetup-main-allocator-block-size=16777216"
    "memorysetup-thread-allocator-block-size=16777216"
    "memorysetup-main-allocator-mimalloc-enabled=0"
    "memorysetup-gfx-main-allocator-block-size=16777216"
    "memorysetup-gfx-thread-allocator-block-size=16777216"
    "memorysetup-cache-allocator-block-size=4194304"
    "memorysetup-typetree-allocator-block-size=2097152"
    "memorysetup-profiler-bucket-allocator-granularity=16"
    "memorysetup-profiler-bucket-allocator-bucket-count=8"
    "memorysetup-profiler-bucket-allocator-block-size=33554432"
    "memorysetup-profiler-bucket-allocator-block-count=8"
    "memorysetup-profiler-allocator-block-size=16777216"
    "memorysetup-profiler-editor-allocator-block-size=1048576"
    "memorysetup-temp-allocator-size-main=16777216"
    "memorysetup-job-temp-allocator-block-size=2097152"
    "memorysetup-job-temp-allocator-block-size-background=1048576"
    "memorysetup-job-temp-allocator-reduction-small-platforms=262144"
Player connection [16900]  Target information:

Player connection [16900]  * "[IP] 192.168.0.106 [Port] 0 [Flags] 2 [Guid] 3457066661 [EditorId] 3457066661 [Version] 1048832 [Id] WindowsEditor(7,WINTER) [Debug] 1 [PackageName] WindowsEditor [ProjectName] Editor" 

Player connection [16900] Host joined multi-casting on [225.0.0.222:54997]...
Player connection [16900] Host joined alternative multi-casting on [225.0.0.222:34997]...
JobSystem: Creating JobQueue using job-worker-count value 9
Input System module state changed to: Initialized.
[Physics::Module] Initialized fallback backend.
[Physics::Module] Id: 0xdecafbad
Library Redirect Path: Library/
[Physics::Module] Selected backend.
[Physics::Module] Name: PhysX
[Physics::Module] Id: 0xf2b8ea05
[Physics::Module] SDK Version: 4.1.2
[Physics::Module] Integration Version: 1.0.0
[Physics::Module] Threading Mode: Multi-Threaded
Refreshing native plugins compatible for Editor in 93.71 ms, found 6 plugins.
Initialize engine version: 6000.5.2f1 (eb73d3b415a1)
[Subsystems] Discovering subsystems at path C:/Program Files/Unity/Hub/Editor/6000.5.2f1/Editor/Data/Resources/UnitySubsystems
[Subsystems] Discovering subsystems at path C:/Users/moham/My Stuff/Development/Formula-NIL/Assets
Forcing GfxDevice: Direct3D 12
GfxDevice: creating device client; kGfxThreadingModeNonThreaded
d3d12: failed to query info queue interface (0x80004002).
Direct3D:
    Version:         Direct3D 12 [level 12.2]
    Renderer:        NVIDIA GeForce RTX 4060 Laptop GPU (ID=0x28a0)
    Vendor:          NVIDIA
    VRAM:            7956 MB
    App VRAM Budget: 7188 MB
    Driver:          32.0.16.1074
Initialize mono
Mono path[0] = 'C:/Program Files/Unity/Hub/Editor/6000.5.2f1/Editor/Data/Managed'
Mono path[1] = 'C:/Program Files/Unity/Hub/Editor/6000.5.2f1/Editor/Data/BCLExtensions/runtime/netstandard2.1'
Mono path[2] = 'C:/Program Files/Unity/Hub/Editor/6000.5.2f1/Editor/Data/MonoBleedingEdge/lib/mono/unityjit-win32'
Mono config path = 'C:/Program Files/Unity/Hub/Editor/6000.5.2f1/Editor/Data/MonoBleedingEdge/etc'
Using monoOptions --debugger-agent=transport=dt_socket,embedding=1,server=y,suspend=n,address=127.0.0.1:56172
CodeReloadManager initialized
Begin MonoManager ReloadAssembly
Registering precompiled unity dll's ...
Register platform support module: C:/Program Files/Unity/Hub/Editor/6000.5.2f1/Editor/Data/PlaybackEngines/WindowsStandaloneSupport/UnityEditor.WindowsStandalone.Extensions.dll
Registered in 0.009058 seconds.
Native extension for WindowsStandalone target not found
[Licensing::Client] Error: HandshakeResponse reported an error:
	ResponseCode: 505
	ResponseStatus: Unsupported protocol version '1.18.1'.
[Licensing::Module] Error: Failed to handshake to channel: "LicenseClient-moham"
[Licensing::IpcConnector] LicenseClient-moham channel disconnected successfully.
[Licensing::IpcConnector] Successfully connected to: "LicenseClient-moham-6000.5.2" at "2026-08-24T15:03:48.1397997Z"
[Licensing::Client] Code 10 while verifying Licensing Client signature (process Id: 13928, path: "C:/Program Files/Unity/Hub/Editor/6000.5.2f1/Editor/Data/Resources/Licensing/Client/Unity.Licensing.Client.exe")
[Licensing::Module] LicensingClient has failed validation; ignoring
Package Manager log level set to [2]
[Package Manager] Failed to launch server process. Reason: Unity was launched with the -noUpm command-line argument
[Package Manager] Unable to send message (not connected to server process).
[Package Manager] Cannot connect to Unity Package Manager local server
[Licensing::Client] Handshaking with LicensingClient:
  Version:                 1.18.1+9fbee8e
  Session Id:              82cd3e6b045e4dcf9f71e149cade1338
  Correlation Id:          53686563a8c3862ad5eae2fee58d6650
  External correlation Id: 6393629078931255757
  Machine Id:              TfOZK2I1D07pOdZHp7282DMlXO4=
[Licensing::Module] Successfully connected to LicensingClient on channel: "LicenseClient-moham-6000.5.2" (connect: 0.00s, validation: 0.01s, handshake: 0.03s)
[Licensing::IpcConnector] Successfully connected to: "LicenseClient-moham-6000.5.2-notifications" at "2026-08-24T15:03:48.1872336Z"
[Licensing::Module] Licensing Background thread has ended after 4.57s
ScheduleIndexationOnStartup MainProcess:False IndexOnStartup:True
Mono: successfully reloaded assembly
- Finished resetting the current domain, in  1.024 seconds
Domain Reload Profiling: 2930ms
	BeginReloadAssembly (481ms)
	RebuildCommonClasses (11ms)
	RebuildNativeTypeToScriptingClass (32ms)
	initialDomainReloadingComplete (417ms)
	LoadAllAssembliesAndSetupDomain (961ms)
		LoadAssemblies (481ms)
		AnalyzeDomain (763ms)
			TypeCache.Refresh (760ms)
				TypeCache.ScanAssembly (726ms)
	FinalizeReload (1029ms)
		SetupLoadedEditorAssemblies (0ms)
			InitializePlatformSupportModulesInManaged (4ms)
			BeforeProcessingInitializeOnLoad (200ms)
			ProcessInitializeOnLoadAttributes (269ms)
			ProcessInitializeOnLoadMethodAttributes (372ms)
Initializing Unity extensions:
[Licensing::Client] Successfully resolved entitlement details
[Licensing::Module] License group:
  Id: 18966972188191-UnityPersXXXX
  Product: Unity Personal
  Type: Assigned
  Expiration: Unlimited
========================================================================
Worker process is ready to serve import requests
Import Worker Mode flag is 0x00
Duplicate assembly 'log4net.dll' with different versions detected, using 'Packages/com.unity.package-validation-suite/Lib/Editor/log4net.dll, AssemblyName=log4net, Version=2.0.8.0, Culture=neutral, PublicKeyToken=669e0ddf0bb1aa2a' and ignoring 'Packages/com.unity.collab-proxy/Lib/Editor/log4netPlastic.dll, AssemblyName=log4net, Version=1.2.15.0, Culture=neutral, PublicKeyToken=669e0ddf0bb1aa2a'.Begin MonoManager ReloadAssembly
Duplicate assembly 'log4net.dll' with different versions detected, using 'Packages/com.unity.package-validation-suite/Lib/Editor/log4net.dll, AssemblyName=log4net, Version=2.0.8.0, Culture=neutral, PublicKeyToken=669e0ddf0bb1aa2a' and ignoring 'Packages/com.unity.collab-proxy/Lib/Editor/log4netPlastic.dll, AssemblyName=log4net, Version=1.2.15.0, Culture=neutral, PublicKeyToken=669e0ddf0bb1aa2a'.Symbol file LoadedFromMemory is not a mono symbol file
Refreshing native plugins compatible for Editor in 64.94 ms, found 6 plugins.
Native extension for WindowsStandalone target not found
[Package Manager] Failed to launch server process. Reason: Unity was launched with the -noUpm command-line argument
[Package Manager] Unable to send message (not connected to server process).
[Package Manager] Cannot connect to Unity Package Manager local server
Refreshing native plugins compatible for Editor in 48.29 ms, found 6 plugins.
[Package Manager] Failed to launch server process. Reason: Unity was launched with the -noUpm command-line argument
[Package Manager] Unable to send message (not connected to server process).
[Package Manager] Cannot connect to Unity Package Manager local server
ScheduleIndexationOnStartup MainProcess:False IndexOnStartup:True
Mono: successfully reloaded assembly
- Finished resetting the current domain, in  2.153 seconds
Domain Reload Profiling: 5017ms
	BeginReloadAssembly (602ms)
		DisableScriptedObjects (18ms)
		CreateAndSetChildDomain (81ms)
	RebuildCommonClasses (19ms)
	RebuildNativeTypeToScriptingClass (43ms)
	initialDomainReloadingComplete (192ms)
	LoadAllAssembliesAndSetupDomain (2006ms)
		LoadAssemblies (1233ms)
		AnalyzeDomain (796ms)
			TypeCache.Refresh (554ms)
				TypeCache.ScanAssembly (510ms)
			BuildScriptInfoCaches (215ms)
			ResolveRequiredComponents (23ms)
	FinalizeReload (2155ms)
		SetupLoadedEditorAssemblies (0ms)
			InitializePlatformSupportModulesInManaged (5ms)
			BeforeProcessingInitializeOnLoad (296ms)
			ProcessInitializeOnLoadAttributes (867ms)
			ProcessInitializeOnLoadMethodAttributes (290ms)
			AfterProcessingInitializeOnLoad (28ms)
		AwakeInstancesAfterBackupRestoration (8ms)
AcceleratorClientConnectionCallback - disconnected - :0
Launched and connected shader compiler UnityShaderCompiler.exe after 0.03 seconds
Refreshing native plugins compatible for Editor in 44.00 ms, found 6 plugins.
Unloading 22 Unused Serialized files (Serialized files now loaded: 0)
Curl error 3: URL rejected: Malformed input to a URL function
Unloading 6915 unused Assets / (5.9 MB). Loaded Objects now: 7693.
Memory consumption went from 324.1 MB to 318.2 MB.
Total: 24.219000 ms (FindLiveObjects: 1.496300 ms CreateObjectMapping: 5.224900 ms MarkObjects: 11.879400 ms  DeleteObjects: 5.613600 ms)

========================================================================
Received Import Request.
  Time of request: 2026-08-24T15:03:56.8134786Z
  Time since last request: 25582.54457550000006 seconds.
  importAddress: GUID: 505e0d1ff306f054c9fb6c6660045988 - Path: Assets/UI/Circuit Details UI/Lap Time Details/Delta 1x 237124479.png - Importer: ScriptedImporter/UnityEditor.QuickSearchModule:UnityEditor.Search:ASIAI0B
Importing 'GUID: 505e0d1ff306f054c9fb6c6660045988 - Path: Assets/UI/Circuit Details UI/Lap Time Details/Delta 1x 237124479.png - Importer: ScriptedImporter/UnityEditor.QuickSearchModule:UnityEditor.Search:ASIAI0B' with importer (ScriptedImporter : UnityEditor.QuickSearchModule:UnityEditor.Search:ASIAI0B)
Imported 'GUID: 505e0d1ff306f054c9fb6c6660045988' -> (Import Result ID: 'ee28156c6319b22a34a30bacec89210b') in 0.380 seconds [static and dynamic dependencies]. Details - ImportResultOutputID=37085faa020a2d97e4aab33f8e987672 DependenciesID=8874a05c47d63a37f0ab4c92b4dd7a3a StaticDependenciesID=0c708946f1bbc19abf2900d0b38a9416 
Number of updated asset objects reloaded before import = 0
Number of asset objects unloaded after import = 3
========================================================================
Received Import Request.
  Time of request: 2026-08-24T15:03:57.2254179Z
  Time since last request: 0.0004825 seconds.
  importAddress: GUID: d82c1b31c7e74239bff1220585707d2b - Path: Assets/UI/TextMesh Pro/Resources/LineBreaking Leading Characters.txt - Importer: ScriptedImporter/UnityEditor.QuickSearchModule:UnityEditor.Search:ASIAI0B
Importing 'GUID: d82c1b31c7e74239bff1220585707d2b - Path: Assets/UI/TextMesh Pro/Resources/LineBreaking Leading Characters.txt - Importer: ScriptedImporter/UnityEditor.QuickSearchModule:UnityEditor.Search:ASIAI0B' with importer (ScriptedImporter : UnityEditor.QuickSearchModule:UnityEditor.Search:ASIAI0B)
Imported 'GUID: d82c1b31c7e74239bff1220585707d2b' -> (Import Result ID: 'c3e6a14e094c3fbd1992abcc8c1a42a6') in 0.011 seconds [static and dynamic dependencies]. Details - ImportResultOutputID=173ec4a4485d603064ea1858ab4fe4db DependenciesID=2c925af56d828385ff20f45b981e5f1f StaticDependenciesID=9a916de63bf17b7677528b5125828789 
Number of updated asset objects reloaded before import = 0
Number of asset objects unloaded after import = 1
========================================================================
Received Import Request.
  Time of request: 2026-08-24T15:03:57.2569434Z
  Time since last request: 0.0003827 seconds.
  importAddress: GUID: 825ad574da7360d4e8aea558f272972e - Path: Assets/Skybox/Utils/Scripts/Boxophobic.Utils.Scripts.asmdef - Importer: ScriptedImporter/UnityEditor.QuickSearchModule:UnityEditor.Search:ASIAI0B
Importing 'GUID: 825ad574da7360d4e8aea558f272972e - Path: Assets/Skybox/Utils/Scripts/Boxophobic.Utils.Scripts.asmdef - Importer: ScriptedImporter/UnityEditor.QuickSearchModule:UnityEditor.Search:ASIAI0B' with importer (ScriptedImporter : UnityEditor.QuickSearchModule:UnityEditor.Search:ASIAI0B)
Imported 'GUID: 825ad574da7360d4e8aea558f272972e' -> (Import Result ID: '491135b072e80ac94479ad25002d0c44') in 0.024 seconds [static and dynamic dependencies]. Details - ImportResultOutputID=cf0cc31f14f08ac809e5ba46c5166b38 DependenciesID=3ab4b77c88c12c0f01d93c5714a9a9db StaticDependenciesID=a8384a2a317426889e8778b4bfd4510d 
Number of updated asset objects reloaded before import = 0
Number of asset objects unloaded after import = 1
========================================================================
Received Import Request.
  Time of request: 2026-08-24T15:03:57.3052184Z
  Time since last request: 0.0006167 seconds.
  importAddress: GUID: 3f5b5dff67a942289a9defa416b206f3 - Path: Assets/UI/TextMesh Pro/Resources/TMP Settings.asset - Importer: ScriptedImporter/UnityEditor.QuickSearchModule:UnityEditor.Search:ASIAI0B
Importing 'GUID: 3f5b5dff67a942289a9defa416b206f3 - Path: Assets/UI/TextMesh Pro/Resources/TMP Settings.asset - Importer: ScriptedImporter/UnityEditor.QuickSearchModule:UnityEditor.Search:ASIAI0B' with importer (ScriptedImporter : UnityEditor.QuickSearchModule:UnityEditor.Search:ASIAI0B)
Imported 'GUID: 3f5b5dff67a942289a9defa416b206f3' -> (Import Result ID: 'eca47825c1b94e545325028a26d41551') in 0.116 seconds [static and dynamic dependencies]. Details - ImportResultOutputID=c8b06f87bc75e4acd0df04b348a6f0d5 DependenciesID=235fb0962c70438dfbb02da911ed2522 StaticDependenciesID=02a3a5ba903b2af2ad166c5a104eb70b 
Number of updated asset objects reloaded before import = 0
Number of asset objects unloaded after import = 15
========================================================================
Received Import Request.
  Time of request: 2026-08-24T15:03:57.5042231Z
  Time since last request: 0.0606521 seconds.
  importAddress: GUID: 1bf101c8c2b8aab4484cd2ff08be047b - Path: Assets/UI/UI Asset/Free/64 Light.png - Importer: ScriptedImporter/UnityEditor.QuickSearchModule:UnityEditor.Search:ASIAI0B
Importing 'GUID: 1bf101c8c2b8aab4484cd2ff08be047b - Path: Assets/UI/UI Asset/Free/64 Light.png - Importer: ScriptedImporter/UnityEditor.QuickSearchModule:UnityEditor.Search:ASIAI0B' with importer (ScriptedImporter : UnityEditor.QuickSearchModule:UnityEditor.Search:ASIAI0B)
Imported 'GUID: 1bf101c8c2b8aab4484cd2ff08be047b' -> (Import Result ID: '06e0836ecabce98c9b06d799ed5ff065') in 0.026 seconds [static and dynamic dependencies]. Details - ImportResultOutputID=4bded7d8ccb797ad2d7670c0f71a9e82 DependenciesID=59eeb510733f88a7287372dbc1a8ee80 StaticDependenciesID=d0a9c75b50b32fb245bd1e31dd2b9b81 
Number of updated asset objects reloaded before import = 0
Number of asset objects unloaded after import = 3
========================================================================
Received Import Request.
  Time of request: 2026-08-24T15:03:57.5420804Z
  Time since last request: 0.0003383 seconds.
  importAddress: GUID: 604d5ed6f532a5146bf48201437881ee - Path: Assets/UI/UI Asset/Free/BTN_A1.png - Importer: ScriptedImporter/UnityEditor.QuickSearchModule:UnityEditor.Search:ASIAI0B
Importing 'GUID: 604d5ed6f532a5146bf48201437881ee - Path: Assets/UI/UI Asset/Free/BTN_A1.png - Importer: ScriptedImporter/UnityEditor.QuickSearchModule:UnityEditor.Search:ASIAI0B' with importer (ScriptedImporter : UnityEditor.QuickSearchModule:UnityEditor.Search:ASIAI0B)
Imported 'GUID: 604d5ed6f532a5146bf48201437881ee' -> (Import Result ID: '7452e4ba5d12279a12d7c115f2c9f57b') in 0.023 seconds [static and dynamic dependencies]. Details - ImportResultOutputID=72627960f0ff8d347d73af2cacd6c6c4 DependenciesID=e0c9ed795de03c161b15b38f09542095 StaticDependenciesID=d080eedd9ac313b86930b4d37fd8b828 
Number of updated asset objects reloaded before import = 0
Number of asset objects unloaded after import = 3
========================================================================
Received Import Request.
  Time of request: 2026-08-24T15:03:57.5781391Z
  Time since last request: 0.0006388 seconds.
  importAddress: GUID: 91db8970c28d4a344beff5618f7a0ca3 - Path: Assets/UI/UI Asset/Free/64 Light 2.png - Importer: ScriptedImporter/UnityEditor.QuickSearchModule:UnityEditor.Search:ASIAI0B
Importing 'GUID: 91db8970c28d4a344beff5618f7a0ca3 - Path: Assets/UI/UI Asset/Free/64 Light 2.png - Importer: ScriptedImporter/UnityEditor.QuickSearchModule:UnityEditor.Search:ASIAI0B' with importer (ScriptedImporter : UnityEditor.QuickSearchModule:UnityEditor.Search:ASIAI0B)
Imported 'GUID: 91db8970c28d4a344beff5618f7a0ca3' -> (Import Result ID: 'fa139f680932a8dcdb7fa4c56c9ea5cb') in 0.031 seconds [static and dynamic dependencies]. Details - ImportResultOutputID=2e976b266946d73926fc85efdfc38bad DependenciesID=667217f7806b920ec5c2ac9453482258 StaticDependenciesID=bb80c50193228e4ab8d8a2afebfc241a 
Number of updated asset objects reloaded before import = 0
Number of asset objects unloaded after import = 3
========================================================================
Received Import Request.
  Time of request: 2026-08-24T15:03:57.6213722Z
  Time since last request: 0.0004349 seconds.
  importAddress: GUID: 67d26aedff211d940a0a479f8a01fdc2 - Path: Assets/UI/UI Asset/Free/CIRCLE2PXMED.png - Importer: ScriptedImporter/UnityEditor.QuickSearchModule:UnityEditor.Search:ASIAI0B
Importing 'GUID: 67d26aedff211d940a0a479f8a01fdc2 - Path: Assets/UI/UI Asset/Free/CIRCLE2PXMED.png - Importer: ScriptedImporter/UnityEditor.QuickSearchModule:UnityEditor.Search:ASIAI0B' with importer (ScriptedImporter : UnityEditor.QuickSearchModule:UnityEditor.Search:ASIAI0B)
Imported 'GUID: 67d26aedff211d940a0a479f8a01fdc2' -> (Import Result ID: '5fc6260d089084cd203e7cbfd4d46591') in 0.030 seconds [static and dynamic dependencies]. Details - ImportResultOutputID=59348112353c46d077345f34a22f5f31 DependenciesID=8277b8673df4c23c621ed8609f9c4f61 StaticDependenciesID=15304e18b0f2de49c88f8301fc984ffb 
Number of updated asset objects reloaded before import = 0
Number of asset objects unloaded after import = 3
========================================================================
Received Import Request.
  Time of request: 2026-08-24T15:03:57.6663877Z
  Time since last request: 0.0003275 seconds.
  importAddress: GUID: f63d574838ccfb44f84acc05fed0af48 - Path: Assets/UI/TextMesh Pro/Shaders/TMP_SDF-HDRP UNLIT.shadergraph - Importer: ScriptedImporter/UnityEditor.QuickSearchModule:UnityEditor.Search:ASIAI0B
Importing 'GUID: f63d574838ccfb44f84acc05fed0af48 - Path: Assets/UI/TextMesh Pro/Shaders/TMP_SDF-HDRP UNLIT.shadergraph - Importer: ScriptedImporter/UnityEditor.QuickSearchModule:UnityEditor.Search:ASIAI0B' with importer (ScriptedImporter : UnityEditor.QuickSearchModule:UnityEditor.Search:ASIAI0B)
Imported 'GUID: f63d574838ccfb44f84acc05fed0af48' -> (Import Result ID: '087ad6d4f6b829644556e1071d6bf6d9') in 0.039 seconds [static and dynamic dependencies]. Details - ImportResultOutputID=934ff86233b0b2a0bb59e51d42b5c280 DependenciesID=55d3760afa45260c96abe959bd70b01e StaticDependenciesID=cbf5246fea0d831fd874f06bf400147b 
Number of updated asset objects reloaded before import = 0
Number of asset objects unloaded after import = 4
========================================================================
Received Import Request.
  Time of request: 2026-08-24T15:03:57.7195514Z
  Time since last request: 0.0003949 seconds.
  importAddress: GUID: ca2ed216f98028c4dae6c5224a952b3c - Path: Assets/UI/TextMesh Pro/Shaders/TMP_SDF-HDRP LIT.shadergraph - Importer: ScriptedImporter/UnityEditor.QuickSearchModule:UnityEditor.Search:ASIAI0B
Importing 'GUID: ca2ed216f98028c4dae6c5224a952b3c - Path: Assets/UI/TextMesh Pro/Shaders/TMP_SDF-HDRP LIT.shadergraph - Importer: ScriptedImporter/UnityEditor.QuickSearchModule:UnityEditor.Search:ASIAI0B' with importer (ScriptedImporter : UnityEditor.QuickSearchModule:UnityEditor.Search:ASIAI0B)
Imported 'GUID: ca2ed216f98028c4dae6c5224a952b3c' -> (Import Result ID: 'ec49f6fa32535737376cde8afec79df2') in 0.012 seconds [static and dynamic dependencies]. Details - ImportResultOutputID=7424177dcf2bec6fdc39cbf5c0e40d62 DependenciesID=6980ad054a06267021e2f5b84717c8d7 StaticDependenciesID=f535fd396364d9b4a623d5486dae0455 
Number of updated asset objects reloaded before import = 0
Number of asset objects unloaded after import = 4
========================================================================
Received Import Request.
  Time of request: 2026-08-24T15:03:57.7445585Z
  Time since last request: 0.0003115 seconds.
  importAddress: GUID: a2d6a7e9df0789d4eaf8dbbac47eb1f6 - Path: Assets/UI/UI Asset/Free/BTN_Line_4PX_Small.png - Importer: ScriptedImporter/UnityEditor.QuickSearchModule:UnityEditor.Search:ASIAI0B
Importing 'GUID: a2d6a7e9df0789d4eaf8dbbac47eb1f6 - Path: Assets/UI/UI Asset/Free/BTN_Line_4PX_Small.png - Importer: ScriptedImporter/UnityEditor.QuickSearchModule:UnityEditor.Search:ASIAI0B' with importer (ScriptedImporter : UnityEditor.QuickSearchModule:UnityEditor.Search:ASIAI0B)
Imported 'GUID: a2d6a7e9df0789d4eaf8dbbac47eb1f6' -> (Import Result ID: '998656a907a1a7fa20e4984606f6b361') in 0.025 seconds [static and dynamic dependencies]. Details - ImportResultOutputID=e99b576f799c99cc5af6bb89a5399a88 DependenciesID=4ee9d7047cfa620cbb67ee7fc47e3307 StaticDependenciesID=faa74426f58bce4e95707d02ca42f685 
Number of updated asset objects reloaded before import = 0
Number of asset objects unloaded after import = 3
========================================================================
Received Import Request.
  Time of request: 2026-08-24T15:03:57.7817894Z
  Time since last request: 0.0002755 seconds.
  importAddress: GUID: a689281f545979940b5cedad12ec31a8 - Path: Assets/UI/UI Asset/Free/32 Light.png - Importer: ScriptedImporter/UnityEditor.QuickSearchModule:UnityEditor.Search:ASIAI0B
Importing 'GUID: a689281f545979940b5cedad12ec31a8 - Path: Assets/UI/UI Asset/Free/32 Light.png - Importer: ScriptedImporter/UnityEditor.QuickSearchModule:UnityEditor.Search:ASIAI0B' with importer (ScriptedImporter : UnityEditor.QuickSearchModule:UnityEditor.Search:ASIAI0B)
Imported 'GUID: a689281f545979940b5cedad12ec31a8' -> (Import Result ID: '18a88aebc70cc904a62c0730c1f32ed8') in 0.012 seconds [static and dynamic dependencies]. Details - ImportResultOutputID=ba74daafcb495ecb02a49a4f13134f76 DependenciesID=e0f8eb25557f43b1a21aa23a24578dd7 StaticDependenciesID=0971c5fde1d7dc1b7e1a97d942d707a7 
Number of updated asset objects reloaded before import = 0
Number of asset objects unloaded after import = 3
========================================================================
Received Import Request.
  Time of request: 2026-08-24T15:03:57.8075089Z
  Time since last request: 0.0004513 seconds.
  importAddress: GUID: fe60e9801e85e2e47a31a90354f6add9 - Path: Assets/UI/UI Asset/Free/C.png - Importer: ScriptedImporter/UnityEditor.QuickSearchModule:UnityEditor.Search:ASIAI0B
Importing 'GUID: fe60e9801e85e2e47a31a90354f6add9 - Path: Assets/UI/UI Asset/Free/C.png - Importer: ScriptedImporter/UnityEditor.QuickSearchModule:UnityEditor.Search:ASIAI0B' with importer (ScriptedImporter : UnityEditor.QuickSearchModule:UnityEditor.Search:ASIAI0B)
Imported 'GUID: fe60e9801e85e2e47a31a90354f6add9' -> (Import Result ID: '73b100269f4044d76afb883627a67a20') in 0.014 seconds [static and dynamic dependencies]. Details - ImportResultOutputID=d099968ccc14dee4837505208ae81699 DependenciesID=90e45aee4de46724513bd604b334cb3e StaticDependenciesID=afabca5eb7741f80ba712a98fef73e53 
Number of updated asset objects reloaded before import = 0
Number of asset objects unloaded after import = 3
========================================================================
Received Import Request.
  Time of request: 2026-08-24T15:03:57.8350826Z
  Time since last request: 0.0004355 seconds.
  importAddress: GUID: bfdc84f127b8607479e3fe35cd51157a - Path: Assets/UI/UI Asset/Free/D.png - Importer: ScriptedImporter/UnityEditor.QuickSearchModule:UnityEditor.Search:ASIAI0B
Importing 'GUID: bfdc84f127b8607479e3fe35cd51157a - Path: Assets/UI/UI Asset/Free/D.png - Importer: ScriptedImporter/UnityEditor.QuickSearchModule:UnityEditor.Search:ASIAI0B' with importer (ScriptedImporter : UnityEditor.QuickSearchModule:UnityEditor.Search:ASIAI0B)
Imported 'GUID: bfdc84f127b8607479e3fe35cd51157a' -> (Import Result ID: '1cc45f046cf5d6cbc857725770d57357') in 0.015 seconds [static and dynamic dependencies]. Details - ImportResultOutputID=d3115959e3fb662a720aebd377b8d9cd DependenciesID=da90b6c8fbc270bd72f77ce72ee9a570 StaticDependenciesID=5610bc70f53ee21784d5d1a6c990e25b 
Number of updated asset objects reloaded before import = 0
Number of asset objects unloaded after import = 3
========================================================================
Received Import Request.
  Time of request: 2026-08-24T15:03:57.8634413Z
  Time since last request: 0.0004766 seconds.
  importAddress: GUID: b631b747eaea1bb40a188fdced546dd2 - Path: Assets/UI/UI Asset/Free/BTN_Line_4PX_Medium.png - Importer: ScriptedImporter/UnityEditor.QuickSearchModule:UnityEditor.Search:ASIAI0B
Importing 'GUID: b631b747eaea1bb40a188fdced546dd2 - Path: Assets/UI/UI Asset/Free/BTN_Line_4PX_Medium.png - Importer: ScriptedImporter/UnityEditor.QuickSearchModule:UnityEditor.Search:ASIAI0B' with importer (ScriptedImporter : UnityEditor.QuickSearchModule:UnityEditor.Search:ASIAI0B)
Imported 'GUID: b631b747eaea1bb40a188fdced546dd2' -> (Import Result ID: '4d8aa0a5fa77d0816482f97f5fa5152e') in 0.030 seconds [static and dynamic dependencies]. Details - ImportResultOutputID=eba8b9e6be69011b64b7153fe4ade301 DependenciesID=c3d4171c90a0c2cc938a82c43065d1ce StaticDependenciesID=fc4044b65b7ef8eb7f49e5b770b36529 
Number of updated asset objects reloaded before import = 0
Number of asset objects unloaded after import = 3
========================================================================
Received Import Request.
  Time of request: 2026-08-24T15:03:57.9065665Z
  Time since last request: 0.0006509 seconds.
  importAddress: GUID: 14eb328de4b8eb245bb7cea29e4ac00b - Path: Assets/UI/TextMesh Pro/Shaders/TMP_SDF SSD.shader - Importer: ScriptedImporter/UnityEditor.QuickSearchModule:UnityEditor.Search:ASIAI0B
Importing 'GUID: 14eb328de4b8eb245bb7cea29e4ac00b - Path: Assets/UI/TextMesh Pro/Shaders/TMP_SDF SSD.shader - Importer: ScriptedImporter/UnityEditor.QuickSearchModule:UnityEditor.Search:ASIAI0B' with importer (ScriptedImporter : UnityEditor.QuickSearchModule:UnityEditor.Search:ASIAI0B)
Imported 'GUID: 14eb328de4b8eb245bb7cea29e4ac00b' -> (Import Result ID: 'a3432ca290f360992b794f9999f8f43b') in 0.008 seconds [static and dynamic dependencies]. Details - ImportResultOutputID=f03406d16897e814e16408f0bb322813 DependenciesID=69e2f3135b05cd6cf80a23e3cd92ced5 StaticDependenciesID=c9b40b85c22091c05b625d09a5daa650 
Number of updated asset objects reloaded before import = 0
Number of asset objects unloaded after import = 1
========================================================================
Received Import Request.
  Time of request: 2026-08-24T15:03:57.9279557Z
  Time since last request: 0.0005247 seconds.
  importAddress: GUID: 04c64e19d8f8f0140837c8a6b21c358d - Path: Assets/UI/UI Asset/Free/ButtonSmallRound.png - Importer: ScriptedImporter/UnityEditor.QuickSearchModule:UnityEditor.Search:ASIAI0B
Importing 'GUID: 04c64e19d8f8f0140837c8a6b21c358d - Path: Assets/UI/UI Asset/Free/ButtonSmallRound.png - Importer: ScriptedImporter/UnityEditor.QuickSearchModule:UnityEditor.Search:ASIAI0B' with importer (ScriptedImporter : UnityEditor.QuickSearchModule:UnityEditor.Search:ASIAI0B)
Imported 'GUID: 04c64e19d8f8f0140837c8a6b21c358d' -> (Import Result ID: '3de704e72a745fe737862b81ea6c7f04') in 0.029 seconds [static and dynamic dependencies]. Details - ImportResultOutputID=14f49b641e193bbbb9cb4b37654bef21 DependenciesID=b9e8bc8726286a0898082e063123c17c StaticDependenciesID=3bdf8c01908bcfe24ab1d68d191ebe08 
Number of updated asset objects reloaded before import = 0
Number of asset objects unloaded after import = 3
========================================================================
Received Import Request.
  Time of request: 2026-08-24T15:03:57.9707386Z
  Time since last request: 0.0005077 seconds.
  importAddress: GUID: a11d716ada219fe4683e6147d610043e - Path: Assets/UI/UI Asset/Free/Close BTN.png - Importer: ScriptedImporter/UnityEditor.QuickSearchModule:UnityEditor.Search:ASIAI0B
Importing 'GUID: a11d716ada219fe4683e6147d610043e - Path: Assets/UI/UI Asset/Free/Close BTN.png - Importer: ScriptedImporter/UnityEditor.QuickSearchModule:UnityEditor.Search:ASIAI0B' with importer (ScriptedImporter : UnityEditor.QuickSearchModule:UnityEditor.Search:ASIAI0B)
Imported 'GUID: a11d716ada219fe4683e6147d610043e' -> (Import Result ID: 'd270f0c75936db1341540af5c4e5fdda') in 0.028 seconds [static and dynamic dependencies]. Details - ImportResultOutputID=62d73420953af65b3ff2f7a690a2690a DependenciesID=0d269428ca94c92230359c43e32c7e4d StaticDependenciesID=a14cde01234f189b0860b545659d3fd3 
Number of updated asset objects reloaded before import = 0
Number of asset objects unloaded after import = 3
========================================================================
Received Import Request.
  Time of request: 2026-08-24T15:03:58.0135219Z
  Time since last request: 0.0006851 seconds.
  importAddress: GUID: 4c5a0d6878b96be4f9f82216b59eca51 - Path: Assets/UI/UI Asset/Free/128 Light 2.png - Importer: ScriptedImporter/UnityEditor.QuickSearchModule:UnityEditor.Search:ASIAI0B
Importing 'GUID: 4c5a0d6878b96be4f9f82216b59eca51 - Path: Assets/UI/UI Asset/Free/128 Light 2.png - Importer: ScriptedImporter/UnityEditor.QuickSearchModule:UnityEditor.Search:ASIAI0B' with importer (ScriptedImporter : UnityEditor.QuickSearchModule:UnityEditor.Search:ASIAI0B)
Imported 'GUID: 4c5a0d6878b96be4f9f82216b59eca51' -> (Import Result ID: '25c48741d9460889f4fc21ffa1ffbebd') in 0.027 seconds [static and dynamic dependencies]. Details - ImportResultOutputID=02f143d0ee33e342adb1a68b8af2da2f DependenciesID=ecf775f48d44ee23f9f2ebcf6151732c StaticDependenciesID=1f18782ee84a6fbcea2253af3feabf87 
Number of updated asset objects reloaded before import = 0
Number of asset objects unloaded after import = 3
========================================================================
Received Import Request.
  Time of request: 2026-08-24T15:03:58.0548766Z
  Time since last request: 0.0005003 seconds.
  importAddress: GUID: 864f00a7055893d45b093ac179e35237 - Path: Assets/UI/UI Asset/Free/BTN_A3.png - Importer: ScriptedImporter/UnityEditor.QuickSearchModule:UnityEditor.Search:ASIAI0B
Importing 'GUID: 864f00a7055893d45b093ac179e35237 - Path: Assets/UI/UI Asset/Free/BTN_A3.png - Importer: ScriptedImporter/UnityEditor.QuickSearchModule:UnityEditor.Search:ASIAI0B' with importer (ScriptedImporter : UnityEditor.QuickSearchModule:UnityEditor.Search:ASIAI0B)
Imported 'GUID: 864f00a7055893d45b093ac179e35237' -> (Import Result ID: 'adba41831bd6d2f13458831a09e158c0') in 0.027 seconds [static and dynamic dependencies]. Details - ImportResultOutputID=68f67ae83138dc7ac849200325bfe243 DependenciesID=1f3e0ab7b8a7619e1cb4295137350fa4 StaticDependenciesID=08923f90bc0d7650f3915fd5bc219936 
Number of updated asset objects reloaded before import = 0
Number of asset objects unloaded after import = 3
========================================================================
Received Import Request.
  Time of request: 2026-08-24T15:03:58.0970969Z
  Time since last request: 0.0018444 seconds.
  importAddress: GUID: 48bb5f55d8670e349b6e614913f9d910 - Path: Assets/UI/TextMesh Pro/Shaders/TMP_Bitmap-Custom-Atlas.shader - Importer: ScriptedImporter/UnityEditor.QuickSearchModule:UnityEditor.Search:ASIAI0B
Importing 'GUID: 48bb5f55d8670e349b6e614913f9d910 - Path: Assets/UI/TextMesh Pro/Shaders/TMP_Bitmap-Custom-Atlas.shader - Importer: ScriptedImporter/UnityEditor.QuickSearchModule:UnityEditor.Search:ASIAI0B' with importer (ScriptedImporter : UnityEditor.QuickSearchModule:UnityEditor.Search:ASIAI0B)
Imported 'GUID: 48bb5f55d8670e349b6e614913f9d910' -> (Import Result ID: '84918d15cc082eec75f74f8eed750c8a') in 0.013 seconds [static and dynamic dependencies]. Details - ImportResultOutputID=2dbebb2dfd040a11f5673a1fc8dbd33b DependenciesID=f12f4fa57e1823e3d6f794318ccd41a2 StaticDependenciesID=14ac2b200ba546a0f8844faea218a54a 
Number of updated asset objects reloaded before import = 0
Number of asset objects unloaded after import = 1
========================================================================
Received Import Request.
  Time of request: 2026-08-24T15:03:58.1236275Z
  Time since last request: 0.0005276 seconds.
  importAddress: GUID: 2e43f0691f0d7404eae8d01381da65a0 - Path: Assets/UI/UI Asset/Free/Coin.png - Importer: ScriptedImporter/UnityEditor.QuickSearchModule:UnityEditor.Search:ASIAI0B
Importing 'GUID: 2e43f0691f0d7404eae8d01381da65a0 - Path: Assets/UI/UI Asset/Free/Coin.png - Importer: ScriptedImporter/UnityEditor.QuickSearchModule:UnityEditor.Search:ASIAI0B' with importer (ScriptedImporter : UnityEditor.QuickSearchModule:UnityEditor.Search:ASIAI0B)
Imported 'GUID: 2e43f0691f0d7404eae8d01381da65a0' -> (Import Result ID: 'b5bc395687de021701223a0cdce98f43') in 0.027 seconds [static and dynamic dependencies]. Details - ImportResultOutputID=22fbabb1feb26eb5f5b8c425d0a090d6 DependenciesID=f41033fcd02c2eed74f3b41c368e28cb StaticDependenciesID=c7d9a7f1457d085d8a39de6524302c25 
Number of updated asset objects reloaded before import = 0
Number of asset objects unloaded after import = 3
========================================================================
Received Import Request.
  Time of request: 2026-08-24T15:03:58.1655068Z
  Time since last request: 0.0004781 seconds.
  importAddress: GUID: a05d49e5687fd3c4380912ac00e2db9c - Path: Assets/UI/UI Asset/Free/CIRCLE2PXLAR.png - Importer: ScriptedImporter/UnityEditor.QuickSearchModule:UnityEditor.Search:ASIAI0B
Importing 'GUID: a05d49e5687fd3c4380912ac00e2db9c - Path: Assets/UI/UI Asset/Free/CIRCLE2PXLAR.png - Importer: ScriptedImporter/UnityEditor.QuickSearchModule:UnityEditor.Search:ASIAI0B' with importer (ScriptedImporter : UnityEditor.QuickSearchModule:UnityEditor.Search:ASIAI0B)
Imported 'GUID: a05d49e5687fd3c4380912ac00e2db9c' -> (Import Result ID: '42ea679c96e1e67cf67b3a6c27c7bb72') in 0.027 seconds [static and dynamic dependencies]. Details - ImportResultOutputID=607addd8df9f6d4a6d19af8d8f9c344c DependenciesID=5d1b919d96384ea6ac1750d91a0bcf50 StaticDependenciesID=10994c9bce60dfe6380eb788abc9e65b 
Number of updated asset objects reloaded before import = 0
Number of asset objects unloaded after import = 3
========================================================================
Received Import Request.
  Time of request: 2026-08-24T15:03:58.206839Z
  Time since last request: 0.0004441 seconds.
  importAddress: GUID: dd89cf5b9246416f84610a006f916af7 - Path: Assets/UI/TextMesh Pro/Shaders/TMP_SDF Overlay.shader - Importer: ScriptedImporter/UnityEditor.QuickSearchModule:UnityEditor.Search:ASIAI0B
Importing 'GUID: dd89cf5b9246416f84610a006f916af7 - Path: Assets/UI/TextMesh Pro/Shaders/TMP_SDF Overlay.shader - Importer: ScriptedImporter/UnityEditor.QuickSearchModule:UnityEditor.Search:ASIAI0B' with importer (ScriptedImporter : UnityEditor.QuickSearchModule:UnityEditor.Search:ASIAI0B)
Imported 'GUID: dd89cf5b9246416f84610a006f916af7' -> (Import Result ID: '4a12c45b5fc6b0b64373f2b368b23703') in 0.008 seconds [static and dynamic dependencies]. Details - ImportResultOutputID=02fa497f65c1880aefa9f8b890514930 DependenciesID=4b015cf0b3fed7f86f5eb19786bb46c3 StaticDependenciesID=0bc112dc4c44dec58d079bf792910266 
Number of updated asset objects reloaded before import = 0
Number of asset objects unloaded after import = 1
========================================================================
Received Import Request.
  Time of request: 2026-08-24T15:03:58.2296251Z
  Time since last request: 0.0009143 seconds.
  importAddress: GUID: 0d6987b955d79574a92ef79c006ad418 - Path: Assets/UI/UI Asset/Free/BTN_A2.png - Importer: ScriptedImporter/UnityEditor.QuickSearchModule:UnityEditor.Search:ASIAI0B
Importing 'GUID: 0d6987b955d79574a92ef79c006ad418 - Path: Assets/UI/UI Asset/Free/BTN_A2.png - Importer: ScriptedImporter/UnityEditor.QuickSearchModule:UnityEditor.Search:ASIAI0B' with importer (ScriptedImporter : UnityEditor.QuickSearchModule:UnityEditor.Search:ASIAI0B)
Imported 'GUID: 0d6987b955d79574a92ef79c006ad418' -> (Import Result ID: '1c78869d27c5d595bbb0d2064532eaeb') in 0.027 seconds [static and dynamic dependencies]. Details - ImportResultOutputID=6490b1c4b0f2a5206d1ba246a2c64074 DependenciesID=d02ab7c23c88e2f04ecb2d647c7bf322 StaticDependenciesID=e43b0a1289d05e8196eca305caec67db 
Number of updated asset objects reloaded before import = 0
Number of asset objects unloaded after import = 3
========================================================================
Received Import Request.
  Time of request: 2026-08-24T15:03:58.2713778Z
  Time since last request: 0.0003877 seconds.
  importAddress: GUID: 68e6db2ebdc24f95958faec2be5558d6 - Path: Assets/UI/TextMesh Pro/Shaders/TMP_SDF.shader - Importer: ScriptedImporter/UnityEditor.QuickSearchModule:UnityEditor.Search:ASIAI0B
Importing 'GUID: 68e6db2ebdc24f95958faec2be5558d6 - Path: Assets/UI/TextMesh Pro/Shaders/TMP_SDF.shader - Importer: ScriptedImporter/UnityEditor.QuickSearchModule:UnityEditor.Search:ASIAI0B' with importer (ScriptedImporter : UnityEditor.QuickSearchModule:UnityEditor.Search:ASIAI0B)
Imported 'GUID: 68e6db2ebdc24f95958faec2be5558d6' -> (Import Result ID: '76e0d2a90af580facd22e95b1a62c204') in 0.008 seconds [static and dynamic dependencies]. Details - ImportResultOutputID=ead7452029a71e0fd1fb7d4ea30be859 DependenciesID=d7e8c39ff92802510555a79bb7c10d65 StaticDependenciesID=076b904dcdbc3d1b9484129d40829c77 
Number of updated asset objects reloaded before import = 0
Number of asset objects unloaded after import = 1
========================================================================
Received Import Request.
  Time of request: 2026-08-24T15:03:58.2935596Z
  Time since last request: 0.0007301 seconds.
  importAddress: GUID: 9c22439f7b2eadb41b70e5385d667660 - Path: Assets/UI/UI Asset/Free/32 Light 2.png - Importer: ScriptedImporter/UnityEditor.QuickSearchModule:UnityEditor.Search:ASIAI0B
Importing 'GUID: 9c22439f7b2eadb41b70e5385d667660 - Path: Assets/UI/UI Asset/Free/32 Light 2.png - Importer: ScriptedImporter/UnityEditor.QuickSearchModule:UnityEditor.Search:ASIAI0B' with importer (ScriptedImporter : UnityEditor.QuickSearchModule:UnityEditor.Search:ASIAI0B)
Imported 'GUID: 9c22439f7b2eadb41b70e5385d667660' -> (Import Result ID: '12438ba032ad70e87d7103eb7dabfbce') in 0.029 seconds [static and dynamic dependencies]. Details - ImportResultOutputID=c70fa5a3bef1501ff3bed4c25fc92598 DependenciesID=7472c5eb5438a349c31da5a9d4a668ff StaticDependenciesID=1fdb61b3afd3f73afd150819e89fb093 
Number of updated asset objects reloaded before import = 0
Number of asset objects unloaded after import = 3
========================================================================
Received Import Request.
  Time of request: 2026-08-24T15:03:58.337721Z
  Time since last request: 0.0009563 seconds.
  importAddress: GUID: 381dcb09d5029d14897e55f98031fca5 - Path: Assets/UI/TextMesh Pro/Sprites/EmojiOne Attribution.txt - Importer: ScriptedImporter/UnityEditor.QuickSearchModule:UnityEditor.Search:ASIAI0B
Importing 'GUID: 381dcb09d5029d14897e55f98031fca5 - Path: Assets/UI/TextMesh Pro/Sprites/EmojiOne Attribution.txt - Importer: ScriptedImporter/UnityEditor.QuickSearchModule:UnityEditor.Search:ASIAI0B' with importer (ScriptedImporter : UnityEditor.QuickSearchModule:UnityEditor.Search:ASIAI0B)
Imported 'GUID: 381dcb09d5029d14897e55f98031fca5' -> (Import Result ID: '551e17e95fa472e68d132d15f6fb18b1') in 0.007 seconds [static and dynamic dependencies]. Details - ImportResultOutputID=c2e9c977bfc940aad20e84f88387c281 DependenciesID=af684a1cf2bfa35713c316e7cd98d2a4 StaticDependenciesID=8368459625dc0839383f255342274a0d 
Number of updated asset objects reloaded before import = 0
Number of asset objects unloaded after import = 1
========================================================================
Received Import Request.
  Time of request: 2026-08-24T15:03:58.3588418Z
  Time since last request: 0.0005323 seconds.
  importAddress: GUID: c8d12adcee749c344b8117cf7c7eb912 - Path: Assets/UI/TextMesh Pro/Shaders/TMP_SDF-Mobile SSD.shader - Importer: ScriptedImporter/UnityEditor.QuickSearchModule:UnityEditor.Search:ASIAI0B
Importing 'GUID: c8d12adcee749c344b8117cf7c7eb912 - Path: Assets/UI/TextMesh Pro/Shaders/TMP_SDF-Mobile SSD.shader - Importer: ScriptedImporter/UnityEditor.QuickSearchModule:UnityEditor.Search:ASIAI0B' with importer (ScriptedImporter : UnityEditor.QuickSearchModule:UnityEditor.Search:ASIAI0B)
Imported 'GUID: c8d12adcee749c344b8117cf7c7eb912' -> (Import Result ID: '9249024fea54a1bc7c20eed0315dac6d') in 0.007 seconds [static and dynamic dependencies]. Details - ImportResultOutputID=2e2cbeb1059f830e72966073ad34b56e DependenciesID=468d69874f9d63a8661550cb7a27fdce StaticDependenciesID=0f4921562b61fab98b870224a254f957 
Number of updated asset objects reloaded before import = 0
Number of asset objects unloaded after import = 1
========================================================================
Received Import Request.
  Time of request: 2026-08-24T15:03:58.3799279Z
  Time since last request: 0.0004951 seconds.
  importAddress: GUID: ec6eebcb88fa2314796ef9605c6a43e7 - Path: Assets/UI/UI Asset/Free/CIRCLE4PXMED.png - Importer: ScriptedImporter/UnityEditor.QuickSearchModule:UnityEditor.Search:ASIAI0B
Importing 'GUID: ec6eebcb88fa2314796ef9605c6a43e7 - Path: Assets/UI/UI Asset/Free/CIRCLE4PXMED.png - Importer: ScriptedImporter/UnityEditor.QuickSearchModule:UnityEditor.Search:ASIAI0B' with importer (ScriptedImporter : UnityEditor.QuickSearchModule:UnityEditor.Search:ASIAI0B)
Imported 'GUID: ec6eebcb88fa2314796ef9605c6a43e7' -> (Import Result ID: '4e350c52d4b4c6ea0dce4e34e078abc5') in 0.026 seconds [static and dynamic dependencies]. Details - ImportResultOutputID=3a6aa1b31661f83ed185c2a9901fc490 DependenciesID=76586b49097b6427acff9d74f5498aa3 StaticDependenciesID=7ee05bbd42d420a8af161abd1a9992e2 
Number of updated asset objects reloaded before import = 0
Number of asset objects unloaded after import = 3
========================================================================
Received Import Request.
  Time of request: 2026-08-24T15:03:58.4200485Z
  Time since last request: 0.0005069 seconds.
  importAddress: GUID: 240ae01ad665c6d4798249cbec763ce8 - Path: Assets/UI/UI Asset/Free/128 Light.png - Importer: ScriptedImporter/UnityEditor.QuickSearchModule:UnityEditor.Search:ASIAI0B
Importing 'GUID: 240ae01ad665c6d4798249cbec763ce8 - Path: Assets/UI/UI Asset/Free/128 Light.png - Importer: ScriptedImporter/UnityEditor.QuickSearchModule:UnityEditor.Search:ASIAI0B' with importer (ScriptedImporter : UnityEditor.QuickSearchModule:UnityEditor.Search:ASIAI0B)
Imported 'GUID: 240ae01ad665c6d4798249cbec763ce8' -> (Import Result ID: '77b380ac24113d11912ff9819e9c3781') in 0.029 seconds [static and dynamic dependencies]. Details - ImportResultOutputID=f2ed2c0dea2702c14db247999053b957 DependenciesID=e7bd66744591fbc7f5df0c75322e50e8 StaticDependenciesID=e3a10b1ea59a74632a259aa149238ea9 
Number of updated asset objects reloaded before import = 0
Number of asset objects unloaded after import = 3
========================================================================
Received Import Request.
  Time of request: 2026-08-24T15:03:58.4620288Z
  Time since last request: 0.000459 seconds.
  importAddress: GUID: f7ada0af4f174f0694ca6a487b8f543d - Path: Assets/UI/TextMesh Pro/Shaders/TMP_SDF-Surface.shader - Importer: ScriptedImporter/UnityEditor.QuickSearchModule:UnityEditor.Search:ASIAI0B
Importing 'GUID: f7ada0af4f174f0694ca6a487b8f543d - Path: Assets/UI/TextMesh Pro/Shaders/TMP_SDF-Surface.shader - Importer: ScriptedImporter/UnityEditor.QuickSearchModule:UnityEditor.Search:ASIAI0B' with importer (ScriptedImporter : UnityEditor.QuickSearchModule:UnityEditor.Search:ASIAI0B)
Imported 'GUID: f7ada0af4f174f0694ca6a487b8f543d' -> (Import Result ID: 'd05840368ddc2469b5f386ed3ca74ae0') in 0.008 seconds [static and dynamic dependencies]. Details - ImportResultOutputID=83626c2d12b28ea20825c517e3545f72 DependenciesID=715687a9257e485917c3540c2b08dd87 StaticDependenciesID=e8dab8fe310e4585891dd187a64ebb83 
Number of updated asset objects reloaded before import = 0
Number of asset objects unloaded after import = 1
========================================================================
Received Import Request.
  Time of request: 2026-08-24T15:03:58.4843278Z
  Time since last request: 0.0005395 seconds.
  importAddress: GUID: fe393ace9b354375a9cb14cdbbc28be4 - Path: Assets/UI/TextMesh Pro/Shaders/TMP_SDF-Mobile.shader - Importer: ScriptedImporter/UnityEditor.QuickSearchModule:UnityEditor.Search:ASIAI0B
Importing 'GUID: fe393ace9b354375a9cb14cdbbc28be4 - Path: Assets/UI/TextMesh Pro/Shaders/TMP_SDF-Mobile.shader - Importer: ScriptedImporter/UnityEditor.QuickSearchModule:UnityEditor.Search:ASIAI0B' with importer (ScriptedImporter : UnityEditor.QuickSearchModule:UnityEditor.Search:ASIAI0B)
Imported 'GUID: fe393ace9b354375a9cb14cdbbc28be4' -> (Import Result ID: '594816f2e525f65dfbb1f481c4f990a8') in 0.007 seconds [static and dynamic dependencies]. Details - ImportResultOutputID=c6ac603b1c2df00ba4490f5047a85bc3 DependenciesID=a87c592773b30ec5f967b0ba73e98b1b StaticDependenciesID=b7628abb8e9cec1579849da6fb77c441 
Number of updated asset objects reloaded before import = 0
Number of asset objects unloaded after import = 1
========================================================================
Received Import Request.
  Time of request: 2026-08-24T15:03:58.505576Z
  Time since last request: 0.0004777 seconds.
  importAddress: GUID: 87ea2079a91b3e74f84b5cb700abb4d6 - Path: Assets/UI/UI Asset/Free/128.png - Importer: ScriptedImporter/UnityEditor.QuickSearchModule:UnityEditor.Search:ASIAI0B
Importing 'GUID: 87ea2079a91b3e74f84b5cb700abb4d6 - Path: Assets/UI/UI Asset/Free/128.png - Importer: ScriptedImporter/UnityEditor.QuickSearchModule:UnityEditor.Search:ASIAI0B' with importer (ScriptedImporter : UnityEditor.QuickSearchModule:UnityEditor.Search:ASIAI0B)
Imported 'GUID: 87ea2079a91b3e74f84b5cb700abb4d6' -> (Import Result ID: '0ef20f9e735792bcf7826a31cc4a8653') in 0.030 seconds [static and dynamic dependencies]. Details - ImportResultOutputID=6933d938c3a01c1e70e12636946832bc DependenciesID=f7439f4c75431272499e7d48278ede74 StaticDependenciesID=c002f91ff30eeceefd3c8a36fd105f3c 
Number of updated asset objects reloaded before import = 0
Number of asset objects unloaded after import = 3
========================================================================
Received Import Request.
  Time of request: 2026-08-24T15:03:58.5492546Z
  Time since last request: 0.0005083 seconds.
  importAddress: GUID: 3e33bda025a5e1d4eae51ae3933d9954 - Path: Assets/UI/UI Asset/Free/Divider.png - Importer: ScriptedImporter/UnityEditor.QuickSearchModule:UnityEditor.Search:ASIAI0B
Importing 'GUID: 3e33bda025a5e1d4eae51ae3933d9954 - Path: Assets/UI/UI Asset/Free/Divider.png - Importer: ScriptedImporter/UnityEditor.QuickSearchModule:UnityEditor.Search:ASIAI0B' with importer (ScriptedImporter : UnityEditor.QuickSearchModule:UnityEditor.Search:ASIAI0B)
Imported 'GUID: 3e33bda025a5e1d4eae51ae3933d9954' -> (Import Result ID: '56081d82a967152f80d53777a872faeb') in 0.024 seconds [static and dynamic dependencies]. Details - ImportResultOutputID=3270b1f903dbf8e600da76761eac324f DependenciesID=41ba84353bd290cb750c71b4634c6eaf StaticDependenciesID=5542a8c807d42c745b83e4413493abb4 
Number of updated asset objects reloaded before import = 0
Number of asset objects unloaded after import = 3
========================================================================
Received Import Request.
  Time of request: 2026-08-24T15:03:58.5881788Z
  Time since last request: 0.0007563 seconds.
  importAddress: GUID: 8f05276190cf498a8153f6cbe761d4e6 - Path: Assets/UI/TextMesh Pro/Sprites/EmojiOne.json - Importer: ScriptedImporter/UnityEditor.QuickSearchModule:UnityEditor.Search:ASIAI0B
Importing 'GUID: 8f05276190cf498a8153f6cbe761d4e6 - Path: Assets/UI/TextMesh Pro/Sprites/EmojiOne.json - Importer: ScriptedImporter/UnityEditor.QuickSearchModule:UnityEditor.Search:ASIAI0B' with importer (ScriptedImporter : UnityEditor.QuickSearchModule:UnityEditor.Search:ASIAI0B)
Imported 'GUID: 8f05276190cf498a8153f6cbe761d4e6' -> (Import Result ID: '4286c474373ba6d67b6d1930c1be74ae') in 0.006 seconds [static and dynamic dependencies]. Details - ImportResultOutputID=87a4065a25a35509b1a5a57726cc4d7f DependenciesID=c307754df73108149e4549726122dd5f StaticDependenciesID=1777fc2c118099bc8f008574293ea9be 
Number of updated asset objects reloaded before import = 0
Number of asset objects unloaded after import = 1
========================================================================
Received Import Request.
  Time of request: 2026-08-24T15:03:58.6282416Z
  Time since last request: 0.0205421 seconds.
  importAddress: GUID: 669ac4ffc496af642a9b57da9b9c74c8 - Path: Assets/Plugins & Utilities/DA-Shared/Editor/GUI/Footer.cs - Importer: ScriptedImporter/UnityEditor.QuickSearchModule:UnityEditor.Search:ASIAI0B
Importing 'GUID: 669ac4ffc496af642a9b57da9b9c74c8 - Path: Assets/Plugins & Utilities/DA-Shared/Editor/GUI/Footer.cs - Importer: ScriptedImporter/UnityEditor.QuickSearchModule:UnityEditor.Search:ASIAI0B' with importer (ScriptedImporter : UnityEditor.QuickSearchModule:UnityEditor.Search:ASIAI0B)
Imported 'GUID: 669ac4ffc496af642a9b57da9b9c74c8' -> (Import Result ID: 'c8ac901d17b2e36dc2b9340d125dfbc4') in 0.005 seconds [static and dynamic dependencies]. Details - ImportResultOutputID=7213d6195aa43181fa7c4e27912d8b24 DependenciesID=96b1aae9cbc430c2e37f3c8c4b649b56 StaticDependenciesID=d42778adceaa733f3c90996ce6062526 
Number of updated asset objects reloaded before import = 0
Number of asset objects unloaded after import = 0
========================================================================
Received Import Request.
  Time of request: 2026-08-24T15:03:58.6462794Z
  Time since last request: 0.0006364 seconds.
  importAddress: GUID: f5f3ad8f35c709e4dabc990b16fd52e9 - Path: Assets/UI/UI Asset/Free/Music.png - Importer: ScriptedImporter/UnityEditor.QuickSearchModule:UnityEditor.Search:ASIAI0B
Importing 'GUID: f5f3ad8f35c709e4dabc990b16fd52e9 - Path: Assets/UI/UI Asset/Free/Music.png - Importer: ScriptedImporter/UnityEditor.QuickSearchModule:UnityEditor.Search:ASIAI0B' with importer (ScriptedImporter : UnityEditor.QuickSearchModule:UnityEditor.Search:ASIAI0B)
Imported 'GUID: f5f3ad8f35c709e4dabc990b16fd52e9' -> (Import Result ID: '08326fe1c74e0c713aed763b29e195aa') in 0.025 seconds [static and dynamic dependencies]. Details - ImportResultOutputID=f4f443ce9978639259f427ad69be89a0 DependenciesID=7b0505e5000c14808187e34ec273b41a StaticDependenciesID=93f6bfed3b220474dabe422ebde9c2ed 
Number of updated asset objects reloaded before import = 0
Number of asset objects unloaded after import = 3
========================================================================
Received Import Request.
  Time of request: 2026-08-24T15:03:58.6838598Z
  Time since last request: 0.0003016 seconds.
  importAddress: GUID: 6cbf273c77eba1a448f3c04ff4292030 - Path: Assets/UI/UI Asset/Free/InputField.png - Importer: ScriptedImporter/UnityEditor.QuickSearchModule:UnityEditor.Search:ASIAI0B
Importing 'GUID: 6cbf273c77eba1a448f3c04ff4292030 - Path: Assets/UI/UI Asset/Free/InputField.png - Importer: ScriptedImporter/UnityEditor.QuickSearchModule:UnityEditor.Search:ASIAI0B' with importer (ScriptedImporter : UnityEditor.QuickSearchModule:UnityEditor.Search:ASIAI0B)
Imported 'GUID: 6cbf273c77eba1a448f3c04ff4292030' -> (Import Result ID: '4ab31da876b5114d7e4292b4885ea9a7') in 0.029 seconds [static and dynamic dependencies]. Details - ImportResultOutputID=c2a7306616f00937034a8982ab1f55ec DependenciesID=c61f470a5ce9284bf01ba02ccc8801e4 StaticDependenciesID=179a755111aff2994871fdbe7119c6ad 
Number of updated asset objects reloaded before import = 0
Number of asset objects unloaded after import = 3
========================================================================
Received Import Request.
  Time of request: 2026-08-24T15:03:58.7259015Z
  Time since last request: 0.0004075 seconds.
  importAddress: GUID: cb0be92a1645a7c48a26aa4a8ebdb7d8 - Path: Assets/UI/UI Asset/Free/World.png - Importer: ScriptedImporter/UnityEditor.QuickSearchModule:UnityEditor.Search:ASIAI0B
Importing 'GUID: cb0be92a1645a7c48a26aa4a8ebdb7d8 - Path: Assets/UI/UI Asset/Free/World.png - Importer: ScriptedImporter/UnityEditor.QuickSearchModule:UnityEditor.Search:ASIAI0B' with importer (ScriptedImporter : UnityEditor.QuickSearchModule:UnityEditor.Search:ASIAI0B)
Imported 'GUID: cb0be92a1645a7c48a26aa4a8ebdb7d8' -> (Import Result ID: '2313399e1d066489ae248d453242d99e') in 0.025 seconds [static and dynamic dependencies]. Details - ImportResultOutputID=8735602e9691ab87a05cba7fc6429eae DependenciesID=720bb9044462bb977e2ded1b03ce1c59 StaticDependenciesID=0bbb71268fc3affd42a102b63feb80f9 
Number of updated asset objects reloaded before import = 0
Number of asset objects unloaded after import = 3
========================================================================
Received Import Request.
  Time of request: 2026-08-24T15:03:58.7641855Z
  Time since last request: 0.0005263 seconds.
  importAddress: GUID: cfad8ef0b5f68ac46bd02b3156b377a4 - Path: Assets/UI/UI Asset/Free/Heart.png - Importer: ScriptedImporter/UnityEditor.QuickSearchModule:UnityEditor.Search:ASIAI0B
Importing 'GUID: cfad8ef0b5f68ac46bd02b3156b377a4 - Path: Assets/UI/UI Asset/Free/Heart.png - Importer: ScriptedImporter/UnityEditor.QuickSearchModule:UnityEditor.Search:ASIAI0B' with importer (ScriptedImporter : UnityEditor.QuickSearchModule:UnityEditor.Search:ASIAI0B)
Imported 'GUID: cfad8ef0b5f68ac46bd02b3156b377a4' -> (Import Result ID: 'cd8134151ff9fd02d52a50cd6e987c43') in 0.010 seconds [static and dynamic dependencies]. Details - ImportResultOutputID=56e30928a417b41539e4661b631d25b5 DependenciesID=3f523aa18d604fd361db16f6335dc880 StaticDependenciesID=e82d5857b99ca3b6b7aa86fbd1bf68b0 
Number of updated asset objects reloaded before import = 0
Number of asset objects unloaded after import = 3
========================================================================
Received Import Request.
  Time of request: 2026-08-24T15:03:58.7911459Z
  Time since last request: 0.0023846 seconds.
  importAddress: GUID: 407e6426373c5fe41a34e806c9a303c9 - Path: Assets/Plugins & Utilities/DA-Shared/Assembly/DAGradient/DAColorBlendMode.cs - Importer: ScriptedImporter/UnityEditor.QuickSearchModule:UnityEditor.Search:ASIAI0B
Importing 'GUID: 407e6426373c5fe41a34e806c9a303c9 - Path: Assets/Plugins & Utilities/DA-Shared/Assembly/DAGradient/DAColorBlendMode.cs - Importer: ScriptedImporter/UnityEditor.QuickSearchModule:UnityEditor.Search:ASIAI0B' with importer (ScriptedImporter : UnityEditor.QuickSearchModule:UnityEditor.Search:ASIAI0B)
Imported 'GUID: 407e6426373c5fe41a34e806c9a303c9' -> (Import Result ID: '45be914b4644575bcbd175c8aa92250a') in 0.004 seconds [static and dynamic dependencies]. Details - ImportResultOutputID=2e3d1d31b43f22c15a9641ef11b42430 DependenciesID=9d506f58898161e9f8a4f2d066160eed StaticDependenciesID=65d5c6be95d136426fa3104ae4cd7b11 
Number of updated asset objects reloaded before import = 0
Number of asset objects unloaded after import = 0
========================================================================
Received Import Request.
  Time of request: 2026-08-24T15:03:58.809946Z
  Time since last request: 0.0010094 seconds.
  importAddress: GUID: 18faf426d460ece49970252ef5e8a56d - Path: Assets/UI/UI Asset/Free/Shop.png - Importer: ScriptedImporter/UnityEditor.QuickSearchModule:UnityEditor.Search:ASIAI0B
Importing 'GUID: 18faf426d460ece49970252ef5e8a56d - Path: Assets/UI/UI Asset/Free/Shop.png - Importer: ScriptedImporter/UnityEditor.QuickSearchModule:UnityEditor.Search:ASIAI0B' with importer (ScriptedImporter : UnityEditor.QuickSearchModule:UnityEditor.Search:ASIAI0B)
Imported 'GUID: 18faf426d460ece49970252ef5e8a56d' -> (Import Result ID: 'a06994b01e55c7658367da1b62b8aa90') in 0.027 seconds [static and dynamic dependencies]. Details - ImportResultOutputID=6b35acd1c1376c8feed92c46359aade2 DependenciesID=e7c9154a4a1ebc0828fa57486c9b4baa StaticDependenciesID=f24053be75568d54894b6709bcdccde4 
Number of updated asset objects reloaded before import = 0
Number of asset objects unloaded after import = 3
========================================================================
Received Import Request.
  Time of request: 2026-08-24T15:03:58.852108Z
  Time since last request: 0.0005172 seconds.
  importAddress: GUID: 58077e7d7c1f69e448677d19dddcbc9c - Path: Assets/UI/UI Asset/Free/Star.png - Importer: ScriptedImporter/UnityEditor.QuickSearchModule:UnityEditor.Search:ASIAI0B
Importing 'GUID: 58077e7d7c1f69e448677d19dddcbc9c - Path: Assets/UI/UI Asset/Free/Star.png - Importer: ScriptedImporter/UnityEditor.QuickSearchModule:UnityEditor.Search:ASIAI0B' with importer (ScriptedImporter : UnityEditor.QuickSearchModule:UnityEditor.Search:ASIAI0B)
Imported 'GUID: 58077e7d7c1f69e448677d19dddcbc9c' -> (Import Result ID: 'c0e43abbf8ea78a90eaa0b41e4d6b44e') in 0.028 seconds [static and dynamic dependencies]. Details - ImportResultOutputID=b59fa503242db48fa73a94d96291f501 DependenciesID=c042d41f7c6de9a8ef4227a8c74a11ce StaticDependenciesID=127865b20765c6255574b0d77c714463 
Number of updated asset objects reloaded before import = 0
Number of asset objects unloaded after import = 3
========================================================================
Received Import Request.
  Time of request: 2026-08-24T15:03:58.8938355Z
  Time since last request: 0.0010356 seconds.
  importAddress: GUID: 209beda86bef4cdf945cf90c8999e832 - Path: Assets/Plugins & Utilities/DA-Shared/Assembly/CornerRounder/SDFUtils.cginc - Importer: ScriptedImporter/UnityEditor.QuickSearchModule:UnityEditor.Search:ASIAI0B
Importing 'GUID: 209beda86bef4cdf945cf90c8999e832 - Path: Assets/Plugins & Utilities/DA-Shared/Assembly/CornerRounder/SDFUtils.cginc - Importer: ScriptedImporter/UnityEditor.QuickSearchModule:UnityEditor.Search:ASIAI0B' with importer (ScriptedImporter : UnityEditor.QuickSearchModule:UnityEditor.Search:ASIAI0B)
Imported 'GUID: 209beda86bef4cdf945cf90c8999e832' -> (Import Result ID: '7c0ac13dfb262126c4068682648ac13b') in 0.007 seconds [static and dynamic dependencies]. Details - ImportResultOutputID=2a8897e5cbcb709d3b69de508c9a3d81 DependenciesID=80cfd95c5696d7c7b4936ed5a39cbce8 StaticDependenciesID=95b7e8606c43a8e72d000303d5cf4c80 
Number of updated asset objects reloaded before import = 0
Number of asset objects unloaded after import = 1
========================================================================
Received Import Request.
  Time of request: 2026-08-24T15:03:58.915366Z
  Time since last request: 0.0006898 seconds.
  importAddress: GUID: a551bf3edbe49704a99e4114483bcdbb - Path: Assets/UI/UI Asset/Free/Inventory.png - Importer: ScriptedImporter/UnityEditor.QuickSearchModule:UnityEditor.Search:ASIAI0B
Importing 'GUID: a551bf3edbe49704a99e4114483bcdbb - Path: Assets/UI/UI Asset/Free/Inventory.png - Importer: ScriptedImporter/UnityEditor.QuickSearchModule:UnityEditor.Search:ASIAI0B' with importer (ScriptedImporter : UnityEditor.QuickSearchModule:UnityEditor.Search:ASIAI0B)
Imported 'GUID: a551bf3edbe49704a99e4114483bcdbb' -> (Import Result ID: '5392bbf00876a0b5fc3f7efebf6988a2') in 0.022 seconds [static and dynamic dependencies]. Details - ImportResultOutputID=128e61435df29afb1874f0ca7e427d17 DependenciesID=eb66d8d1711556d890c78e794b1ccc72 StaticDependenciesID=58038fd129fdddac5aa744919da050b3 
Number of updated asset objects reloaded before import = 0
Number of asset objects unloaded after import = 3
========================================================================
Received Import Request.
  Time of request: 2026-08-24T15:03:58.951649Z
  Time since last request: 0.0005329 seconds.
  importAddress: GUID: 2f5621ced47967649819ed28fc802c35 - Path: Assets/UI/UI Asset/Free/Left BTN.png - Importer: ScriptedImporter/UnityEditor.QuickSearchModule:UnityEditor.Search:ASIAI0B
Importing 'GUID: 2f5621ced47967649819ed28fc802c35 - Path: Assets/UI/UI Asset/Free/Left BTN.png - Importer: ScriptedImporter/UnityEditor.QuickSearchModule:UnityEditor.Search:ASIAI0B' with importer (ScriptedImporter : UnityEditor.QuickSearchModule:UnityEditor.Search:ASIAI0B)
Imported 'GUID: 2f5621ced47967649819ed28fc802c35' -> (Import Result ID: '36eda2fbb2f81ce71e6d5744d042a0c7') in 0.010 seconds [static and dynamic dependencies]. Details - ImportResultOutputID=3197bebfc169cffdcbd7252282fb4366 DependenciesID=c0784ac59d438402aae7b6c5a57313ae StaticDependenciesID=31f9c127734e07d56ff6313e2bc06b2e 
Number of updated asset objects reloaded before import = 0
Number of asset objects unloaded after import = 3
========================================================================
Received Import Request.
  Time of request: 2026-08-24T15:03:58.975771Z
  Time since last request: 0.0007021 seconds.
  importAddress: GUID: 1a79a62ba2cad6e438b6fa824d28b66f - Path: Assets/Plugins & Utilities/DA-Shared/Editor/DAInspector/DaiResources.cs - Importer: ScriptedImporter/UnityEditor.QuickSearchModule:UnityEditor.Search:ASIAI0B
Importing 'GUID: 1a79a62ba2cad6e438b6fa824d28b66f - Path: Assets/Plugins & Utilities/DA-Shared/Editor/DAInspector/DaiResources.cs - Importer: ScriptedImporter/UnityEditor.QuickSearchModule:UnityEditor.Search:ASIAI0B' with importer (ScriptedImporter : UnityEditor.QuickSearchModule:UnityEditor.Search:ASIAI0B)
Imported 'GUID: 1a79a62ba2cad6e438b6fa824d28b66f' -> (Import Result ID: '8de3be9e757420669ffd05731c20df90') in 0.005 seconds [static and dynamic dependencies]. Details - ImportResultOutputID=87ba013caa7e49af84ae39a2b19ea25a DependenciesID=9eb146440ea2936811664aafe04cd56d StaticDependenciesID=53d42d3d4cb6df400e7caff0908100a4 
Number of updated asset objects reloaded before import = 0
Number of asset objects unloaded after import = 0
========================================================================
Received Import Request.
  Time of request: 2026-08-24T15:03:58.9957134Z
  Time since last request: 0.0009336 seconds.
  importAddress: GUID: 0caa70052b449b941b8bdb3228b250f5 - Path: Assets/Plugins & Utilities/DA-Shared/Editor/DAInspector/DAIEditor.cs - Importer: ScriptedImporter/UnityEditor.QuickSearchModule:UnityEditor.Search:ASIAI0B
Importing 'GUID: 0caa70052b449b941b8bdb3228b250f5 - Path: Assets/Plugins & Utilities/DA-Shared/Editor/DAInspector/DAIEditor.cs - Importer: ScriptedImporter/UnityEditor.QuickSearchModule:UnityEditor.Search:ASIAI0B' with importer (ScriptedImporter : UnityEditor.QuickSearchModule:UnityEditor.Search:ASIAI0B)
Imported 'GUID: 0caa70052b449b941b8bdb3228b250f5' -> (Import Result ID: '79bc47ed121e7b241f2d76c123a45c76') in 0.006 seconds [static and dynamic dependencies]. Details - ImportResultOutputID=c9fd64197b6359b708cd1844239acb2d DependenciesID=8ad5fe9ed4006227aa6ab16a1a3480e7 StaticDependenciesID=9813ce2780158d520005b8a49373028e 
Number of updated asset objects reloaded before import = 0
Number of asset objects unloaded after import = 0
========================================================================
Received Import Request.
  Time of request: 2026-08-24T15:03:59.0178174Z
  Time since last request: 0.000953 seconds.
  importAddress: GUID: af19b810ad81d8741ba1583f72a9d93c - Path: Assets/UI/UI Asset/Free/X.png - Importer: ScriptedImporter/UnityEditor.QuickSearchModule:UnityEditor.Search:ASIAI0B
Importing 'GUID: af19b810ad81d8741ba1583f72a9d93c - Path: Assets/UI/UI Asset/Free/X.png - Importer: ScriptedImporter/UnityEditor.QuickSearchModule:UnityEditor.Search:ASIAI0B' with importer (ScriptedImporter : UnityEditor.QuickSearchModule:UnityEditor.Search:ASIAI0B)
Imported 'GUID: af19b810ad81d8741ba1583f72a9d93c' -> (Import Result ID: '38f36f911d5608e97832be6232e0ee10') in 0.014 seconds [static and dynamic dependencies]. Details - ImportResultOutputID=b026b19255b169d4383d5bebaf6f6256 DependenciesID=be0181f08afbde9104aea6bd7c9b8854 StaticDependenciesID=e9c7220dec9121164b1c52736326cc39 
Number of updated asset objects reloaded before import = 0
Number of asset objects unloaded after import = 3
========================================================================
Received Import Request.
  Time of request: 2026-08-24T15:03:59.0456711Z
  Time since last request: 0.0003901 seconds.
  importAddress: GUID: bcfcbb6fdb2dcf64796f367078d7722b - Path: Assets/Plugins & Utilities/DA-Shared/Assembly/Coroutine/DARunner.cs - Importer: ScriptedImporter/UnityEditor.QuickSearchModule:UnityEditor.Search:ASIAI0B
Importing 'GUID: bcfcbb6fdb2dcf64796f367078d7722b - Path: Assets/Plugins & Utilities/DA-Shared/Assembly/Coroutine/DARunner.cs - Importer: ScriptedImporter/UnityEditor.QuickSearchModule:UnityEditor.Search:ASIAI0B' with importer (ScriptedImporter : UnityEditor.QuickSearchModule:UnityEditor.Search:ASIAI0B)
Imported 'GUID: bcfcbb6fdb2dcf64796f367078d7722b' -> (Import Result ID: 'f66cbaa305c98b501c64eb0fe02a4ec1') in 0.004 seconds [static and dynamic dependencies]. Details - ImportResultOutputID=cd59afb2edc55e01b51c22654517d7db DependenciesID=34845bf11f63c48475ec8a356615b5c0 StaticDependenciesID=2b197b5edc06ff54a693e5474f48968f 
Number of updated asset objects reloaded before import = 0
Number of asset objects unloaded after import = 0
========================================================================
Received Import Request.
  Time of request: 2026-08-24T15:03:59.0663997Z
  Time since last request: 0.0006246 seconds.
  importAddress: GUID: ac9c5e720e69e584abb36ea2b3ff8223 - Path: Assets/Plugins & Utilities/DA-Shared/Editor/DAInspector/Group.cs - Importer: ScriptedImporter/UnityEditor.QuickSearchModule:UnityEditor.Search:ASIAI0B
Importing 'GUID: ac9c5e720e69e584abb36ea2b3ff8223 - Path: Assets/Plugins & Utilities/DA-Shared/Editor/DAInspector/Group.cs - Importer: ScriptedImporter/UnityEditor.QuickSearchModule:UnityEditor.Search:ASIAI0B' with importer (ScriptedImporter : UnityEditor.QuickSearchModule:UnityEditor.Search:ASIAI0B)
Imported 'GUID: ac9c5e720e69e584abb36ea2b3ff8223' -> (Import Result ID: '62300b79183aba4edf7ee7358b8470a3') in 0.006 seconds [static and dynamic dependencies]. Details - ImportResultOutputID=03760d338f204dfcedc486239a3c6f67 DependenciesID=28fa71738772e9664c9d40d179abeb4d StaticDependenciesID=8a8cd8bf13d6e9a52b9577e91fc955c3 
Number of updated asset objects reloaded before import = 0
Number of asset objects unloaded after import = 0
========================================================================
Received Import Request.
  Time of request: 2026-08-24T15:03:59.0864284Z
  Time since last request: 0.0004336 seconds.
  importAddress: GUID: 7747227fc69607f46833ce90b8776f0d - Path: Assets/UI/UI Asset/Free/Icon Sets.png - Importer: ScriptedImporter/UnityEditor.QuickSearchModule:UnityEditor.Search:ASIAI0B
Importing 'GUID: 7747227fc69607f46833ce90b8776f0d - Path: Assets/UI/UI Asset/Free/Icon Sets.png - Importer: ScriptedImporter/UnityEditor.QuickSearchModule:UnityEditor.Search:ASIAI0B' with importer (ScriptedImporter : UnityEditor.QuickSearchModule:UnityEditor.Search:ASIAI0B)
Imported 'GUID: 7747227fc69607f46833ce90b8776f0d' -> (Import Result ID: '824a9434536d131c03b28c94c45b5714') in 0.028 seconds [static and dynamic dependencies]. Details - ImportResultOutputID=b4a0eb0bfd3c437ca74e6b186be5d059 DependenciesID=c8d335f63297cd6d942e87b874d9cd99 StaticDependenciesID=f58cd6d494b678e8fbd1dd6bdfd61568 
Number of updated asset objects reloaded before import = 0
Number of asset objects unloaded after import = 3
========================================================================
Received Import Request.
  Time of request: 2026-08-24T15:03:59.1291094Z
  Time since last request: 0.0007878 seconds.
  importAddress: GUID: f7d38f396b24c174d8cb981e92dc9d93 - Path: Assets/Plugins & Utilities/DA-Shared/Assembly/Extensions/MathExtensions.cs - Importer: ScriptedImporter/UnityEditor.QuickSearchModule:UnityEditor.Search:ASIAI0B
Importing 'GUID: f7d38f396b24c174d8cb981e92dc9d93 - Path: Assets/Plugins & Utilities/DA-Shared/Assembly/Extensions/MathExtensions.cs - Importer: ScriptedImporter/UnityEditor.QuickSearchModule:UnityEditor.Search:ASIAI0B' with importer (ScriptedImporter : UnityEditor.QuickSearchModule:UnityEditor.Search:ASIAI0B)
Imported 'GUID: f7d38f396b24c174d8cb981e92dc9d93' -> (Import Result ID: 'a0126bc7a82faa585057c2053d6f19a8') in 0.005 seconds [static and dynamic dependencies]. Details - ImportResultOutputID=54e8b993ca801d025f555dc608ac7f54 DependenciesID=05d989ccfafe2fc84e1c6d0e4eb0d501 StaticDependenciesID=fbb07530354bf93dbdaad118513401b1 
Number of updated asset objects reloaded before import = 0
Number of asset objects unloaded after import = 0
========================================================================
Received Import Request.
  Time of request: 2026-08-24T15:03:59.1509824Z
  Time since last request: 0.0004296 seconds.
  importAddress: GUID: 49ebe6fea5e4bfc4bb492bba062b2afe - Path: Assets/Plugins & Utilities/FMOD/src/Editor/BankRefDrawer.cs - Importer: ScriptedImporter/UnityEditor.QuickSearchModule:UnityEditor.Search:ASIAI0B
Importing 'GUID: 49ebe6fea5e4bfc4bb492bba062b2afe - Path: Assets/Plugins & Utilities/FMOD/src/Editor/BankRefDrawer.cs - Importer: ScriptedImporter/UnityEditor.QuickSearchModule:UnityEditor.Search:ASIAI0B' with importer (ScriptedImporter : UnityEditor.QuickSearchModule:UnityEditor.Search:ASIAI0B)
Imported 'GUID: 49ebe6fea5e4bfc4bb492bba062b2afe' -> (Import Result ID: '9e869d0556be4adb535675e1c1b28686') in 0.005 seconds [static and dynamic dependencies]. Details - ImportResultOutputID=2de7ff0c359faf17e707581d657d4544 DependenciesID=4cfad8018491cae6acb1305345e6b162 StaticDependenciesID=ad79afa71b33186a047a2861e7a26d6e 
Number of updated asset objects reloaded before import = 0
Number of asset objects unloaded after import = 0
========================================================================
Received Import Request.
  Time of request: 2026-08-24T15:03:59.1703807Z
  Time since last request: 0.0004967 seconds.
  importAddress: GUID: b52130bb79a23344aa8c335cecb91eb0 - Path: Assets/UI/UI Asset/Free/Missions.png - Importer: ScriptedImporter/UnityEditor.QuickSearchModule:UnityEditor.Search:ASIAI0B
Importing 'GUID: b52130bb79a23344aa8c335cecb91eb0 - Path: Assets/UI/UI Asset/Free/Missions.png - Importer: ScriptedImporter/UnityEditor.QuickSearchModule:UnityEditor.Search:ASIAI0B' with importer (ScriptedImporter : UnityEditor.QuickSearchModule:UnityEditor.Search:ASIAI0B)
Imported 'GUID: b52130bb79a23344aa8c335cecb91eb0' -> (Import Result ID: '2dffee275a76e911c1d57c9500c98ccd') in 0.026 seconds [static and dynamic dependencies]. Details - ImportResultOutputID=5e642b78153daa007e816246a492bf16 DependenciesID=378dcc91dc795cbe0556122e400b1475 StaticDependenciesID=719c0208665dfa7520b2cb550ab87b6f 
Number of updated asset objects reloaded before import = 0
Number of asset objects unloaded after import = 3
========================================================================
Received Import Request.
  Time of request: 2026-08-24T15:03:59.2126027Z
  Time since last request: 0.0004353 seconds.
  importAddress: GUID: aa0397d7a72f2ee41a595f0630b50b49 - Path: Assets/Plugins & Utilities/DA-Shared/Editor/DAInspector/DAInspector.cs - Importer: ScriptedImporter/UnityEditor.QuickSearchModule:UnityEditor.Search:ASIAI0B
Importing 'GUID: aa0397d7a72f2ee41a595f0630b50b49 - Path: Assets/Plugins & Utilities/DA-Shared/Editor/DAInspector/DAInspector.cs - Importer: ScriptedImporter/UnityEditor.QuickSearchModule:UnityEditor.Search:ASIAI0B' with importer (ScriptedImporter : UnityEditor.QuickSearchModule:UnityEditor.Search:ASIAI0B)
Imported 'GUID: aa0397d7a72f2ee41a595f0630b50b49' -> (Import Result ID: '615255300a823aa9f65686af00848d90') in 0.005 seconds [static and dynamic dependencies]. Details - ImportResultOutputID=062f119b2ae3ff328d7b4d8e249a2f28 DependenciesID=a8a4b226dcd2d96aa44f16b9ecfb15a1 StaticDependenciesID=bd3dc244045f559ab2bed24e08e6919e 
Number of updated asset objects reloaded before import = 0
Number of asset objects unloaded after import = 0
========================================================================
Received Import Request.
  Time of request: 2026-08-24T15:03:59.2307713Z
  Time since last request: 0.0004681 seconds.
  importAddress: GUID: bdfcd00e719df654886a535178587f29 - Path: Assets/UI/UI Asset/Free/Up Arrow.png - Importer: ScriptedImporter/UnityEditor.QuickSearchModule:UnityEditor.Search:ASIAI0B
Importing 'GUID: bdfcd00e719df654886a535178587f29 - Path: Assets/UI/UI Asset/Free/Up Arrow.png - Importer: ScriptedImporter/UnityEditor.QuickSearchModule:UnityEditor.Search:ASIAI0B' with importer (ScriptedImporter : UnityEditor.QuickSearchModule:UnityEditor.Search:ASIAI0B)
Imported 'GUID: bdfcd00e719df654886a535178587f29' -> (Import Result ID: '22417a06aaeede5f36a34f3af2c65e78') in 0.026 seconds [static and dynamic dependencies]. Details - ImportResultOutputID=614676401203fe6bf9524ff8b77c20ba DependenciesID=9825fbb042734d56143650818d7f76a4 StaticDependenciesID=ef116149c1772a28b01111885c88e3a4 
Number of updated asset objects reloaded before import = 0
Number of asset objects unloaded after import = 3
========================================================================
Received Import Request.
  Time of request: 2026-08-24T15:03:59.2706362Z
  Time since last request: 0.0001536 seconds.
  importAddress: GUID: 25232d524c949524e8a16ae3f042e3d6 - Path: Assets/Plugins & Utilities/DA-Shared/Editor/DAInspector/DaiExtensions.cs - Importer: ScriptedImporter/UnityEditor.QuickSearchModule:UnityEditor.Search:ASIAI0B
Importing 'GUID: 25232d524c949524e8a16ae3f042e3d6 - Path: Assets/Plugins & Utilities/DA-Shared/Editor/DAInspector/DaiExtensions.cs - Importer: ScriptedImporter/UnityEditor.QuickSearchModule:UnityEditor.Search:ASIAI0B' with importer (ScriptedImporter : UnityEditor.QuickSearchModule:UnityEditor.Search:ASIAI0B)
Imported 'GUID: 25232d524c949524e8a16ae3f042e3d6' -> (Import Result ID: 'a869763373269265bd4cfffe6061c30a') in 0.004 seconds [static and dynamic dependencies]. Details - ImportResultOutputID=2da2c16335cccdc6b14d631c97676a64 DependenciesID=f385990181785cef29ab56880577b807 StaticDependenciesID=ca134db884ef8b9ef2cd2596de1494b0 
Number of updated asset objects reloaded before import = 0
Number of asset objects unloaded after import = 0
========================================================================
Received Import Request.
  Time of request: 2026-08-24T15:03:59.2883648Z
  Time since last request: 0.0005913 seconds.
  importAddress: GUID: e149b3160b291ac48a1c9e3c7915e597 - Path: Assets/Plugins & Utilities/DA-Shared/Assembly/DAGradient/DAColorBlender.cs - Importer: ScriptedImporter/UnityEditor.QuickSearchModule:UnityEditor.Search:ASIAI0B
Importing 'GUID: e149b3160b291ac48a1c9e3c7915e597 - Path: Assets/Plugins & Utilities/DA-Shared/Assembly/DAGradient/DAColorBlender.cs - Importer: ScriptedImporter/UnityEditor.QuickSearchModule:UnityEditor.Search:ASIAI0B' with importer (ScriptedImporter : UnityEditor.QuickSearchModule:UnityEditor.Search:ASIAI0B)
Imported 'GUID: e149b3160b291ac48a1c9e3c7915e597' -> (Import Result ID: '8c3087e068239689784048ef1112148c') in 0.004 seconds [static and dynamic dependencies]. Details - ImportResultOutputID=c79180a15c44b5b88cb073c9c735da68 DependenciesID=5d79877bc1b1b21e721e77225df06094 StaticDependenciesID=c780d5934d2e784bc0d1a8b448dbaa10 
Number of updated asset objects reloaded before import = 0
Number of asset objects unloaded after import = 0
========================================================================
Received Import Request.
  Time of request: 2026-08-24T15:03:59.3087585Z
  Time since last request: 0.0010452 seconds.
  importAddress: GUID: aea7d5692c682424fb32a2154337fe32 - Path: Assets/Plugins & Utilities/DA-Shared/Editor/DAInspector/GuiExtensions.cs - Importer: ScriptedImporter/UnityEditor.QuickSearchModule:UnityEditor.Search:ASIAI0B
Importing 'GUID: aea7d5692c682424fb32a2154337fe32 - Path: Assets/Plugins & Utilities/DA-Shared/Editor/DAInspector/GuiExtensions.cs - Importer: ScriptedImporter/UnityEditor.QuickSearchModule:UnityEditor.Search:ASIAI0B' with importer (ScriptedImporter : UnityEditor.QuickSearchModule:UnityEditor.Search:ASIAI0B)
Imported 'GUID: aea7d5692c682424fb32a2154337fe32' -> (Import Result ID: '6ac9992e41ba363aae4114c0283433b6') in 0.006 seconds [static and dynamic dependencies]. Details - ImportResultOutputID=7da6abddc2eed017667d72dd6cb31fea DependenciesID=d76f5286c79cdbc181ecf01d34c9c653 StaticDependenciesID=e4ed701d942c950e46ecdfec124a6227 
Number of updated asset objects reloaded before import = 0
Number of asset objects unloaded after import = 0
========================================================================
Received Import Request.
  Time of request: 2026-08-24T15:03:59.3289958Z
  Time since last request: 0.0004871 seconds.
  importAddress: GUID: b5383ae9ce4ca6f4fa1a4f0d6b352bf1 - Path: Assets/Plugins & Utilities/DA-Shared/Editor/DAInspector/DAInspectorWindow.cs - Importer: ScriptedImporter/UnityEditor.QuickSearchModule:UnityEditor.Search:ASIAI0B
Importing 'GUID: b5383ae9ce4ca6f4fa1a4f0d6b352bf1 - Path: Assets/Plugins & Utilities/DA-Shared/Editor/DAInspector/DAInspectorWindow.cs - Importer: ScriptedImporter/UnityEditor.QuickSearchModule:UnityEditor.Search:ASIAI0B' with importer (ScriptedImporter : UnityEditor.QuickSearchModule:UnityEditor.Search:ASIAI0B)
Imported 'GUID: b5383ae9ce4ca6f4fa1a4f0d6b352bf1' -> (Import Result ID: '67e901388fcffe139dd8cfa9719dda5c') in 0.004 seconds [static and dynamic dependencies]. Details - ImportResultOutputID=4d92601eb8fd95294c98f36022222ba2 DependenciesID=a63c8a38af0602af7b12d1dde4f41045 StaticDependenciesID=a56e392ce8fd42542dc382beeb396592 
Number of updated asset objects reloaded before import = 0
Number of asset objects unloaded after import = 0
========================================================================
Received Import Request.
  Time of request: 2026-08-24T15:03:59.3483683Z
  Time since last request: 0.0004403 seconds.
  importAddress: GUID: 539feb6c22d8e6b48af68de0c78a604c - Path: Assets/Plugins & Utilities/DA-Shared/Assembly/Coroutine/DAResult.cs - Importer: ScriptedImporter/UnityEditor.QuickSearchModule:UnityEditor.Search:ASIAI0B
Importing 'GUID: 539feb6c22d8e6b48af68de0c78a604c - Path: Assets/Plugins & Utilities/DA-Shared/Assembly/Coroutine/DAResult.cs - Importer: ScriptedImporter/UnityEditor.QuickSearchModule:UnityEditor.Search:ASIAI0B' with importer (ScriptedImporter : UnityEditor.QuickSearchModule:UnityEditor.Search:ASIAI0B)
Imported 'GUID: 539feb6c22d8e6b48af68de0c78a604c' -> (Import Result ID: '2ec50465255be858c89f694d532ccf97') in 0.005 seconds [static and dynamic dependencies]. Details - ImportResultOutputID=724d97194632df59b6d42c36f348907a DependenciesID=c86e2d671e4cdfb795727b7444ad143e StaticDependenciesID=dd30c6dee8ac79eb92f7b5dbb7d89b9c 
Number of updated asset objects reloaded before import = 0
Number of asset objects unloaded after import = 0
========================================================================
Received Import Request.
  Time of request: 2026-08-24T15:03:59.3671281Z
  Time since last request: 0.0004351 seconds.
  importAddress: GUID: 156c51bba7cc9d24496e86f11d08bbaf - Path: Assets/UI/UI Asset/Free/Up BTN.png - Importer: ScriptedImporter/UnityEditor.QuickSearchModule:UnityEditor.Search:ASIAI0B
Importing 'GUID: 156c51bba7cc9d24496e86f11d08bbaf - Path: Assets/UI/UI Asset/Free/Up BTN.png - Importer: ScriptedImporter/UnityEditor.QuickSearchModule:UnityEditor.Search:ASIAI0B' with importer (ScriptedImporter : UnityEditor.QuickSearchModule:UnityEditor.Search:ASIAI0B)
Imported 'GUID: 156c51bba7cc9d24496e86f11d08bbaf' -> (Import Result ID: '5f3a72420afcf0dad98fe74ab657df93') in 0.024 seconds [static and dynamic dependencies]. Details - ImportResultOutputID=4d0b2414afcacf991d6b2fead1e3eb5b DependenciesID=99ed26c914ed8689d52076dfd8614e7f StaticDependenciesID=c2f918e20c5de07700d9bf7f9491366c 
Number of updated asset objects reloaded before import = 0
Number of asset objects unloaded after import = 3
========================================================================
Received Import Request.
  Time of request: 2026-08-24T15:03:59.4058059Z
  Time since last request: 0.0006575 seconds.
  importAddress: GUID: eed2732e3b885384f89b0955115f3f84 - Path: Assets/Plugins & Utilities/DA-Shared/Assembly/Extensions/OtherExtensions.cs - Importer: ScriptedImporter/UnityEditor.QuickSearchModule:UnityEditor.Search:ASIAI0B
Importing 'GUID: eed2732e3b885384f89b0955115f3f84 - Path: Assets/Plugins & Utilities/DA-Shared/Assembly/Extensions/OtherExtensions.cs - Importer: ScriptedImporter/UnityEditor.QuickSearchModule:UnityEditor.Search:ASIAI0B' with importer (ScriptedImporter : UnityEditor.QuickSearchModule:UnityEditor.Search:ASIAI0B)
Imported 'GUID: eed2732e3b885384f89b0955115f3f84' -> (Import Result ID: 'ab9d12cb77ff91006e929d1201ac8f1e') in 0.006 seconds [static and dynamic dependencies]. Details - ImportResultOutputID=ef6cfcda91b2261514a1a074807b1705 DependenciesID=6417153e0dbfad4a84f3f4e3ecdd083e StaticDependenciesID=8fe0ba9fb98df52b03ef8a91b8b63698 
Number of updated asset objects reloaded before import = 0
Number of asset objects unloaded after import = 0
========================================================================
Received Import Request.
  Time of request: 2026-08-24T15:03:59.4261395Z
  Time since last request: 0.0004275 seconds.
  importAddress: GUID: 8f9d08c374e181d49afb02c1a050a934 - Path: Assets/Plugins & Utilities/DA-Shared/Assembly/Coroutine/DACoroutine.cs - Importer: ScriptedImporter/UnityEditor.QuickSearchModule:UnityEditor.Search:ASIAI0B
Importing 'GUID: 8f9d08c374e181d49afb02c1a050a934 - Path: Assets/Plugins & Utilities/DA-Shared/Assembly/Coroutine/DACoroutine.cs - Importer: ScriptedImporter/UnityEditor.QuickSearchModule:UnityEditor.Search:ASIAI0B' with importer (ScriptedImporter : UnityEditor.QuickSearchModule:UnityEditor.Search:ASIAI0B)
Imported 'GUID: 8f9d08c374e181d49afb02c1a050a934' -> (Import Result ID: '7103e227ca4f0c3a5cbe8a8af26ecca8') in 0.005 seconds [static and dynamic dependencies]. Details - ImportResultOutputID=68182aa3558bd026a979ad050204cfe6 DependenciesID=73e6cd964d2c6c8544bb810b3146214c StaticDependenciesID=b0069d205b29c8dfd22f8bd9d722683a 
Number of updated asset objects reloaded before import = 0
Number of asset objects unloaded after import = 0
========================================================================
Received Import Request.
  Time of request: 2026-08-24T15:03:59.4453225Z
  Time since last request: 0.0007508 seconds.
  importAddress: GUID: c0d66557e6e886446b2af17220906a63 - Path: Assets/UI/UI Asset/Free/Info.png - Importer: ScriptedImporter/UnityEditor.QuickSearchModule:UnityEditor.Search:ASIAI0B
Importing 'GUID: c0d66557e6e886446b2af17220906a63 - Path: Assets/UI/UI Asset/Free/Info.png - Importer: ScriptedImporter/UnityEditor.QuickSearchModule:UnityEditor.Search:ASIAI0B' with importer (ScriptedImporter : UnityEditor.QuickSearchModule:UnityEditor.Search:ASIAI0B)
Imported 'GUID: c0d66557e6e886446b2af17220906a63' -> (Import Result ID: '3e52521f211eb1d6004e5301093dc709') in 0.026 seconds [static and dynamic dependencies]. Details - ImportResultOutputID=1ab7055e4cf1903b735ed8982b534742 DependenciesID=950e79d9860ecc5206cd9967f0acea44 StaticDependenciesID=dbcfe07b149c925ebf5073409cde6ff3 
Number of updated asset objects reloaded before import = 0
Number of asset objects unloaded after import = 3
========================================================================
Received Import Request.
  Time of request: 2026-08-24T15:03:59.5252764Z
  Time since last request: 0.0404307 seconds.
  importAddress: GUID: 847f8505c25f5cf42adba68a26f2cda6 - Path: Assets/Plugins & Utilities/FMOD/src/Editor/StudioListenerEditor.cs - Importer: ScriptedImporter/UnityEditor.QuickSearchModule:UnityEditor.Search:ASIAI0B
Importing 'GUID: 847f8505c25f5cf42adba68a26f2cda6 - Path: Assets/Plugins & Utilities/FMOD/src/Editor/StudioListenerEditor.cs - Importer: ScriptedImporter/UnityEditor.QuickSearchModule:UnityEditor.Search:ASIAI0B' with importer (ScriptedImporter : UnityEditor.QuickSearchModule:UnityEditor.Search:ASIAI0B)
Imported 'GUID: 847f8505c25f5cf42adba68a26f2cda6' -> (Import Result ID: '760d590e40323de50de2e5e4424920f6') in 0.005 seconds [static and dynamic dependencies]. Details - ImportResultOutputID=96f05a87cb689edcd3e4c5a5d8b77248 DependenciesID=35c0dc7427c7686035236568ddcd6144 StaticDependenciesID=1ee00026ad6124732c96c3b3f0c7e820 
Number of updated asset objects reloaded before import = 0
Number of asset objects unloaded after import = 0
========================================================================
Received Import Request.
  Time of request: 2026-08-24T15:03:59.5439763Z
  Time since last request: 0.0007935 seconds.
  importAddress: GUID: 40a1ca322d08d704eacd449863718b31 - Path: Assets/Plugins & Utilities/FMOD/src/Editor/BankRefreshWindow.cs - Importer: ScriptedImporter/UnityEditor.QuickSearchModule:UnityEditor.Search:ASIAI0B
Importing 'GUID: 40a1ca322d08d704eacd449863718b31 - Path: Assets/Plugins & Utilities/FMOD/src/Editor/BankRefreshWindow.cs - Importer: ScriptedImporter/UnityEditor.QuickSearchModule:UnityEditor.Search:ASIAI0B' with importer (ScriptedImporter : UnityEditor.QuickSearchModule:UnityEditor.Search:ASIAI0B)
Imported 'GUID: 40a1ca322d08d704eacd449863718b31' -> (Import Result ID: '33e97ea4e8a5a342b2792838b3d976f9') in 0.005 seconds [static and dynamic dependencies]. Details - ImportResultOutputID=6ac802e2bbfcceea9765f99cccd1b854 DependenciesID=aa136729a0790a58d40cbc068e50e170 StaticDependenciesID=f1b19fa663978a9b2582c86a635066b3 
Number of updated asset objects reloaded before import = 0
Number of asset objects unloaded after import = 0
========================================================================
Received Import Request.
  Time of request: 2026-08-24T15:03:59.5613744Z
  Time since last request: 0.0006089 seconds.
  importAddress: GUID: 2557d3f1d341fdb4e9d53179c053ffd5 - Path: Assets/Skybox/Skybox Cubemap Extended/Demo/Materials/LowPoly - Terrain.mat - Importer: ScriptedImporter/UnityEditor.QuickSearchModule:UnityEditor.Search:ASIAI0B
Importing 'GUID: 2557d3f1d341fdb4e9d53179c053ffd5 - Path: Assets/Skybox/Skybox Cubemap Extended/Demo/Materials/LowPoly - Terrain.mat - Importer: ScriptedImporter/UnityEditor.QuickSearchModule:UnityEditor.Search:ASIAI0B' with importer (ScriptedImporter : UnityEditor.QuickSearchModule:UnityEditor.Search:ASIAI0B)
Imported 'GUID: 2557d3f1d341fdb4e9d53179c053ffd5' -> (Import Result ID: 'ec35bfe75175b308b7b77315407b597c') in 0.019 seconds [static and dynamic dependencies]. Details - ImportResultOutputID=907811e6662136dee1a311b315cd66b1 DependenciesID=ba7cb78bbe3f5cc651ea5a2e1f903e09 StaticDependenciesID=66cfc4ecd5c32f21ae153b2c60129b27 
Number of updated asset objects reloaded before import = 0
Number of asset objects unloaded after import = 2
========================================================================
Received Import Request.
  Time of request: 2026-08-24T15:03:59.5942197Z
  Time since last request: 0.0004883 seconds.
  importAddress: GUID: f7f61e03a350e1e428dba6c562f3d64a - Path: Assets/Plugins & Utilities/FMOD/src/Editor/StudioBankLoaderEditor.cs - Importer: ScriptedImporter/UnityEditor.QuickSearchModule:UnityEditor.Search:ASIAI0B
Importing 'GUID: f7f61e03a350e1e428dba6c562f3d64a - Path: Assets/Plugins & Utilities/FMOD/src/Editor/StudioBankLoaderEditor.cs - Importer: ScriptedImporter/UnityEditor.QuickSearchModule:UnityEditor.Search:ASIAI0B' with importer (ScriptedImporter : UnityEditor.QuickSearchModule:UnityEditor.Search:ASIAI0B)
Imported 'GUID: f7f61e03a350e1e428dba6c562f3d64a' -> (Import Result ID: '8de73df6c0d1a06a788c6ae1459cf94b') in 0.005 seconds [static and dynamic dependencies]. Details - ImportResultOutputID=bcf429704e226450e80dadd180bad258 DependenciesID=e0852967a756dcf5950cc327dc3aaf33 StaticDependenciesID=f3bbe67590679d86706fd898840b36c7 
Number of updated asset objects reloaded before import = 0
Number of asset objects unloaded after import = 0
========================================================================
Received Import Request.
  Time of request: 2026-08-24T15:03:59.6125345Z
  Time since last request: 0.0005997 seconds.
  importAddress: GUID: 2bb4068641d1f71478f95a9b73533f51 - Path: Assets/Plugins & Utilities/FMOD/src/Editor/EditorUtils.cs - Importer: ScriptedImporter/UnityEditor.QuickSearchModule:UnityEditor.Search:ASIAI0B
Importing 'GUID: 2bb4068641d1f71478f95a9b73533f51 - Path: Assets/Plugins & Utilities/FMOD/src/Editor/EditorUtils.cs - Importer: ScriptedImporter/UnityEditor.QuickSearchModule:UnityEditor.Search:ASIAI0B' with importer (ScriptedImporter : UnityEditor.QuickSearchModule:UnityEditor.Search:ASIAI0B)
Imported 'GUID: 2bb4068641d1f71478f95a9b73533f51' -> (Import Result ID: 'bf82e8d511c4b2b12ec9ce1d73177850') in 0.004 seconds [static and dynamic dependencies]. Details - ImportResultOutputID=d082b8a9b82f4c3bd9951884650ef569 DependenciesID=36bfece16284949b81b181aca867c2e3 StaticDependenciesID=1930fab71417e5f8e4f543139ef0a3c8 
Number of updated asset objects reloaded before import = 0
Number of asset objects unloaded after import = 0
========================================================================
Received Import Request.
  Time of request: 2026-08-24T15:03:59.63056Z
  Time since last request: 0.0005206 seconds.
  importAddress: GUID: c18180ecb35941f4682ae60107b85b7c - Path: Assets/Plugins & Utilities/FMOD/src/Editor/EditorBankRef.cs - Importer: ScriptedImporter/UnityEditor.QuickSearchModule:UnityEditor.Search:ASIAI0B
Importing 'GUID: c18180ecb35941f4682ae60107b85b7c - Path: Assets/Plugins & Utilities/FMOD/src/Editor/EditorBankRef.cs - Importer: ScriptedImporter/UnityEditor.QuickSearchModule:UnityEditor.Search:ASIAI0B' with importer (ScriptedImporter : UnityEditor.QuickSearchModule:UnityEditor.Search:ASIAI0B)
Imported 'GUID: c18180ecb35941f4682ae60107b85b7c' -> (Import Result ID: 'c5ce302dd1ece2d7ef6970e0b8a7953a') in 0.005 seconds [static and dynamic dependencies]. Details - ImportResultOutputID=88a43b8a6d333955c7d5dde44ee328ee DependenciesID=f6e3356ccd639382fee29e5c97927ec5 StaticDependenciesID=2d0152408cea889ec7109ffb00fbd877 
Number of updated asset objects reloaded before import = 0
Number of asset objects unloaded after import = 0
========================================================================
Received Import Request.
  Time of request: 2026-08-24T15:03:59.6498736Z
  Time since last request: 0.0008935 seconds.
  importAddress: GUID: 6b444276162548b4e9107350b71e775a - Path: Assets/Skybox/Skybox Cubemap Extended/Demo/Prefabs/LowPoly - FirTree A.prefab - Importer: ScriptedImporter/UnityEditor.QuickSearchModule:UnityEditor.Search:ASIAI0B
Importing 'GUID: 6b444276162548b4e9107350b71e775a - Path: Assets/Skybox/Skybox Cubemap Extended/Demo/Prefabs/LowPoly - FirTree A.prefab - Importer: ScriptedImporter/UnityEditor.QuickSearchModule:UnityEditor.Search:ASIAI0B' with importer (ScriptedImporter : UnityEditor.QuickSearchModule:UnityEditor.Search:ASIAI0B)
Imported 'GUID: 6b444276162548b4e9107350b71e775a' -> (Import Result ID: 'ef1aee2e3452af8c618355019f5926d8') in 0.044 seconds [static and dynamic dependencies]. Details - ImportResultOutputID=ab3979beb369e45528a12216b214cac5 DependenciesID=b123c021d598d489e405e2effca9c32a StaticDependenciesID=25892e1dab91c515dbf741c912456ee7 
Number of updated asset objects reloaded before import = 0
Number of asset objects unloaded after import = 9
========================================================================
Received Import Request.
  Time of request: 2026-08-24T15:03:59.7131174Z
  Time since last request: 0.0008684 seconds.
  importAddress: GUID: 6c41d268699e27248a4354335b2a76ee - Path: Assets/Skybox/Skybox Cubemap Extended/Demo/Meshes/LowPoly - Fence B.FBX - Importer: ScriptedImporter/UnityEditor.QuickSearchModule:UnityEditor.Search:ASIAI0B
Importing 'GUID: 6c41d268699e27248a4354335b2a76ee - Path: Assets/Skybox/Skybox Cubemap Extended/Demo/Meshes/LowPoly - Fence B.FBX - Importer: ScriptedImporter/UnityEditor.QuickSearchModule:UnityEditor.Search:ASIAI0B' with importer (ScriptedImporter : UnityEditor.QuickSearchModule:UnityEditor.Search:ASIAI0B)
Imported 'GUID: 6c41d268699e27248a4354335b2a76ee' -> (Import Result ID: 'fb56018d3a4b0b1f8edca3c1adb20b0f') in 0.039 seconds [static and dynamic dependencies]. Details - ImportResultOutputID=87783fc6a2808c0914e4adab7a93043f DependenciesID=70e489079baad792cfcb341d9e591f64 StaticDependenciesID=0ce42f9f8dbe7ba10b84b4c2d10dd8e2 
Number of updated asset objects reloaded before import = 0
Number of asset objects unloaded after import = 9
========================================================================
Received Import Request.
  Time of request: 2026-08-24T15:03:59.7674688Z
  Time since last request: 0.0008086 seconds.
  importAddress: GUID: 9c9773a32ed4a2b429fd42645175c32b - Path: Assets/Plugins & Utilities/FMOD/src/Editor/CreateEventPopup.cs - Importer: ScriptedImporter/UnityEditor.QuickSearchModule:UnityEditor.Search:ASIAI0B
Importing 'GUID: 9c9773a32ed4a2b429fd42645175c32b - Path: Assets/Plugins & Utilities/FMOD/src/Editor/CreateEventPopup.cs - Importer: ScriptedImporter/UnityEditor.QuickSearchModule:UnityEditor.Search:ASIAI0B' with importer (ScriptedImporter : UnityEditor.QuickSearchModule:UnityEditor.Search:ASIAI0B)
Imported 'GUID: 9c9773a32ed4a2b429fd42645175c32b' -> (Import Result ID: 'ac698771a40fda4ff4abe6c9eb648b3b') in 0.005 seconds [static and dynamic dependencies]. Details - ImportResultOutputID=ff46ad888932e223ecac961d9530672d DependenciesID=444d23c7df37da36c1b392eb54172b1c StaticDependenciesID=19225e425a09e46e6677302181328667 
Number of updated asset objects reloaded before import = 0
Number of asset objects unloaded after import = 0
========================================================================
Received Import Request.
  Time of request: 2026-08-24T15:03:59.7862189Z
  Time since last request: 0.0006156 seconds.
  importAddress: GUID: dc94d213814ef1a42b0ca8ee00dd4728 - Path: Assets/Plugins & Utilities/FMOD/src/Editor/StudioParameterTriggerEditor.cs - Importer: ScriptedImporter/UnityEditor.QuickSearchModule:UnityEditor.Search:ASIAI0B
Importing 'GUID: dc94d213814ef1a42b0ca8ee00dd4728 - Path: Assets/Plugins & Utilities/FMOD/src/Editor/StudioParameterTriggerEditor.cs - Importer: ScriptedImporter/UnityEditor.QuickSearchModule:UnityEditor.Search:ASIAI0B' with importer (ScriptedImporter : UnityEditor.QuickSearchModule:UnityEditor.Search:ASIAI0B)
Imported 'GUID: dc94d213814ef1a42b0ca8ee00dd4728' -> (Import Result ID: 'd759e27b43581956cef9cd40653d5072') in 0.005 seconds [static and dynamic dependencies]. Details - ImportResultOutputID=ee3f79eb01faded6e31b2f6dc918127d DependenciesID=1fb548a05ec46480dfdb27cd99e738b1 StaticDependenciesID=f21e500dd0760fbefa085bd459a9b062 
Number of updated asset objects reloaded before import = 0
Number of asset objects unloaded after import = 0
========================================================================
Received Import Request.
  Time of request: 2026-08-24T15:03:59.8048268Z
  Time since last request: 0.0005416 seconds.
  importAddress: GUID: 769d335a9d1fc3948bfb71adea34202c - Path: Assets/Skybox/Skybox Cubemap Extended/Demo/Meshes/LowPoly - FirTree B.FBX - Importer: ScriptedImporter/UnityEditor.QuickSearchModule:UnityEditor.Search:ASIAI0B
Importing 'GUID: 769d335a9d1fc3948bfb71adea34202c - Path: Assets/Skybox/Skybox Cubemap Extended/Demo/Meshes/LowPoly - FirTree B.FBX - Importer: ScriptedImporter/UnityEditor.QuickSearchModule:UnityEditor.Search:ASIAI0B' with importer (ScriptedImporter : UnityEditor.QuickSearchModule:UnityEditor.Search:ASIAI0B)
Imported 'GUID: 769d335a9d1fc3948bfb71adea34202c' -> (Import Result ID: 'a00c4bd03548bc439c5e8f8b74618773') in 0.123 seconds [static and dynamic dependencies]. Details - ImportResultOutputID=e9f5c5176772872df6b591917c8265bd DependenciesID=c536c84cd1ff8c59adbb64f93f33829a StaticDependenciesID=afb86adc6bf5d92206bcca8636be2bc4 
Number of updated asset objects reloaded before import = 0
Number of asset objects unloaded after import = 9
========================================================================
Received Import Request.
  Time of request: 2026-08-24T15:03:59.9432829Z
  Time since last request: 0.0008607 seconds.
  importAddress: GUID: 138b35dd321622a4d93635b532ae8b8e - Path: Assets/Skybox/Skybox Cubemap Extended/Demo/Materials/LowPoly - FirTree.mat - Importer: ScriptedImporter/UnityEditor.QuickSearchModule:UnityEditor.Search:ASIAI0B
Importing 'GUID: 138b35dd321622a4d93635b532ae8b8e - Path: Assets/Skybox/Skybox Cubemap Extended/Demo/Materials/LowPoly - FirTree.mat - Importer: ScriptedImporter/UnityEditor.QuickSearchModule:UnityEditor.Search:ASIAI0B' with importer (ScriptedImporter : UnityEditor.QuickSearchModule:UnityEditor.Search:ASIAI0B)
Imported 'GUID: 138b35dd321622a4d93635b532ae8b8e' -> (Import Result ID: 'b70020627048fd7f571d2a31e26d8f4b') in 0.006 seconds [static and dynamic dependencies]. Details - ImportResultOutputID=43695ee8faa617c039d8b8d54092fdb5 DependenciesID=8833d1afa31d1e1935d8f6ca646031e3 StaticDependenciesID=7bd1e05dab7c77fe3d7dfc8bf1da5595 
Number of updated asset objects reloaded before import = 0
Number of asset objects unloaded after import = 2
========================================================================
Received Import Request.
  Time of request: 2026-08-24T15:03:59.9626571Z
  Time since last request: 0.0004643 seconds.
  importAddress: GUID: f3dd2dace832efa4fa391170674edcc1 - Path: Assets/Skybox/Skybox Cubemap Extended/Demo/Meshes/LowPoly - Terrain.FBX - Importer: ScriptedImporter/UnityEditor.QuickSearchModule:UnityEditor.Search:ASIAI0B
Importing 'GUID: f3dd2dace832efa4fa391170674edcc1 - Path: Assets/Skybox/Skybox Cubemap Extended/Demo/Meshes/LowPoly - Terrain.FBX - Importer: ScriptedImporter/UnityEditor.QuickSearchModule:UnityEditor.Search:ASIAI0B' with importer (ScriptedImporter : UnityEditor.QuickSearchModule:UnityEditor.Search:ASIAI0B)
Imported 'GUID: f3dd2dace832efa4fa391170674edcc1' -> (Import Result ID: 'bd53e428c2cd2c9479ddd510e7e87875') in 0.015 seconds [static and dynamic dependencies]. Details - ImportResultOutputID=639d3fd094870bb5c479e82640e41a70 DependenciesID=f6415a1ff0286468027bcc4fffb05a33 StaticDependenciesID=394a82967ab77df716a32ae672b4ca38 
Number of updated asset objects reloaded before import = 0
Number of asset objects unloaded after import = 7
========================================================================
Received Import Request.
  Time of request: 2026-08-24T15:03:59.9909704Z
  Time since last request: 0.0002633 seconds.
  importAddress: GUID: 3c9e3e2137498d343a2e31906a12dec2 - Path: Assets/Plugins & Utilities/FMOD/src/Editor/EditorSettings.cs - Importer: ScriptedImporter/UnityEditor.QuickSearchModule:UnityEditor.Search:ASIAI0B
Importing 'GUID: 3c9e3e2137498d343a2e31906a12dec2 - Path: Assets/Plugins & Utilities/FMOD/src/Editor/EditorSettings.cs - Importer: ScriptedImporter/UnityEditor.QuickSearchModule:UnityEditor.Search:ASIAI0B' with importer (ScriptedImporter : UnityEditor.QuickSearchModule:UnityEditor.Search:ASIAI0B)
Imported 'GUID: 3c9e3e2137498d343a2e31906a12dec2' -> (Import Result ID: '89fe092e80ce4771e1b64958c4c50297') in 0.005 seconds [static and dynamic dependencies]. Details - ImportResultOutputID=8730799a1e3cf5d8abd53ce72dd9a1e5 DependenciesID=653f516bcf4fd4d8ccdb51a5e73cea3e StaticDependenciesID=8c79f3693372b66411a867bdadfcfd7c 
Number of updated asset objects reloaded before import = 0
Number of asset objects unloaded after import = 0
========================================================================
Received Import Request.
  Time of request: 2026-08-24T15:04:00.0120504Z
  Time since last request: 0.0005915 seconds.
  importAddress: GUID: ea88808aa26cd614db1c5c1dcbb14d4e - Path: Assets/Plugins & Utilities/FMOD/src/Editor/ParamRefDrawer.cs - Importer: ScriptedImporter/UnityEditor.QuickSearchModule:UnityEditor.Search:ASIAI0B
Importing 'GUID: ea88808aa26cd614db1c5c1dcbb14d4e - Path: Assets/Plugins & Utilities/FMOD/src/Editor/ParamRefDrawer.cs - Importer: ScriptedImporter/UnityEditor.QuickSearchModule:UnityEditor.Search:ASIAI0B' with importer (ScriptedImporter : UnityEditor.QuickSearchModule:UnityEditor.Search:ASIAI0B)
Imported 'GUID: ea88808aa26cd614db1c5c1dcbb14d4e' -> (Import Result ID: '0c8026494bf94564c395aab7683921c3') in 0.005 seconds [static and dynamic dependencies]. Details - ImportResultOutputID=6e59c8a0831cf2e495c1bc735835225f DependenciesID=6268e7454bd71dcc593b22d2498db579 StaticDependenciesID=c6741f249f8189ea80b0d240b6f7fecc 
Number of updated asset objects reloaded before import = 0
Number of asset objects unloaded after import = 0
========================================================================
Received Import Request.
  Time of request: 2026-08-24T15:04:00.0354079Z
  Time since last request: 0.0005914 seconds.
  importAddress: GUID: 0f74119e82d3b3a4d9b2842dbaa2a6ee - Path: Assets/Skybox/Skybox Cubemap Extended/Demo/Materials/LowPoly - FirTreeVariation.mat - Importer: ScriptedImporter/UnityEditor.QuickSearchModule:UnityEditor.Search:ASIAI0B
Importing 'GUID: 0f74119e82d3b3a4d9b2842dbaa2a6ee - Path: Assets/Skybox/Skybox Cubemap Extended/Demo/Materials/LowPoly - FirTreeVariation.mat - Importer: ScriptedImporter/UnityEditor.QuickSearchModule:UnityEditor.Search:ASIAI0B' with importer (ScriptedImporter : UnityEditor.QuickSearchModule:UnityEditor.Search:ASIAI0B)
Imported 'GUID: 0f74119e82d3b3a4d9b2842dbaa2a6ee' -> (Import Result ID: '08a49df809e323ece29e86a9d0b12021') in 0.011 seconds [static and dynamic dependencies]. Details - ImportResultOutputID=e67494db764ff1aba9cea2acadc87fe1 DependenciesID=fbb47b525e34e1b184cab3671f2000a1 StaticDependenciesID=b9991f0849876af21e9129200e096e10 
Number of updated asset objects reloaded before import = 0
Number of asset objects unloaded after import = 2
========================================================================
Received Import Request.
  Time of request: 2026-08-24T15:04:00.0600533Z
  Time since last request: 0.0006955 seconds.
  importAddress: GUID: 3ecc1e70424b33546b2dc73bb30a5163 - Path: Assets/Skybox/Skybox Cubemap Extended/Demo/Meshes/LowPoly - Rock B.FBX - Importer: ScriptedImporter/UnityEditor.QuickSearchModule:UnityEditor.Search:ASIAI0B
Importing 'GUID: 3ecc1e70424b33546b2dc73bb30a5163 - Path: Assets/Skybox/Skybox Cubemap Extended/Demo/Meshes/LowPoly - Rock B.FBX - Importer: ScriptedImporter/UnityEditor.QuickSearchModule:UnityEditor.Search:ASIAI0B' with importer (ScriptedImporter : UnityEditor.QuickSearchModule:UnityEditor.Search:ASIAI0B)
Imported 'GUID: 3ecc1e70424b33546b2dc73bb30a5163' -> (Import Result ID: 'a0cd9eac94c10584654963bfb9766e7e') in 0.015 seconds [static and dynamic dependencies]. Details - ImportResultOutputID=41a7f700725863ff1389e8d73639896a DependenciesID=ddbb566f248e5b8d17faef2c8906fe64 StaticDependenciesID=aef14537211002d064d04ba2234a22eb 
Number of updated asset objects reloaded before import = 0
Number of asset objects unloaded after import = 9
========================================================================
Received Import Request.
  Time of request: 2026-08-24T15:04:00.08899Z
  Time since last request: 0.0006878 seconds.
  importAddress: GUID: 39b7f3695c062924983675fcef51f7f8 - Path: Assets/Skybox/Skybox Cubemap Extended/Core/Editor/SkyboxExtendedShaderGUI.cs - Importer: ScriptedImporter/UnityEditor.QuickSearchModule:UnityEditor.Search:ASIAI0B
Importing 'GUID: 39b7f3695c062924983675fcef51f7f8 - Path: Assets/Skybox/Skybox Cubemap Extended/Core/Editor/SkyboxExtendedShaderGUI.cs - Importer: ScriptedImporter/UnityEditor.QuickSearchModule:UnityEditor.Search:ASIAI0B' with importer (ScriptedImporter : UnityEditor.QuickSearchModule:UnityEditor.Search:ASIAI0B)
Imported 'GUID: 39b7f3695c062924983675fcef51f7f8' -> (Import Result ID: '9a471c3514d46d3a9aebbd64a394414a') in 0.006 seconds [static and dynamic dependencies]. Details - ImportResultOutputID=0901aabd0aee9bac43a3af9873cf5047 DependenciesID=8ce4e5fd1ddfa19e6c0f031b6268772d StaticDependenciesID=2f20b604e08c2bc646b97bf90ff3a5ce 
Number of updated asset objects reloaded before import = 0
Number of asset objects unloaded after import = 0
========================================================================
Received Import Request.
  Time of request: 2026-08-24T15:04:00.1113703Z
  Time since last request: 0.0011557 seconds.
  importAddress: GUID: 1573bef36bd46e34f8f2b4dad628a461 - Path: Assets/Plugins & Utilities/FMOD/src/Editor/ListView.cs - Importer: ScriptedImporter/UnityEditor.QuickSearchModule:UnityEditor.Search:ASIAI0B
Importing 'GUID: 1573bef36bd46e34f8f2b4dad628a461 - Path: Assets/Plugins & Utilities/FMOD/src/Editor/ListView.cs - Importer: ScriptedImporter/UnityEditor.QuickSearchModule:UnityEditor.Search:ASIAI0B' with importer (ScriptedImporter : UnityEditor.QuickSearchModule:UnityEditor.Search:ASIAI0B)
Imported 'GUID: 1573bef36bd46e34f8f2b4dad628a461' -> (Import Result ID: '09fd7e9fdbe8843695c439d5a5bc7bab') in 0.005 seconds [static and dynamic dependencies]. Details - ImportResultOutputID=5aad7b7690e39d461d29b49082b486d3 DependenciesID=d41f3046a505a473dd778dbde2171353 StaticDependenciesID=36b8bfbc9cac034c658528613c86938f 
Number of updated asset objects reloaded before import = 0
Number of asset objects unloaded after import = 0
========================================================================
Received Import Request.
  Time of request: 2026-08-24T15:04:00.1305352Z
  Time since last request: 0.0005667 seconds.
  importAddress: GUID: 6fc6652ed834922468cdd63bb95f7fe2 - Path: Assets/Skybox/Skybox Cubemap Extended/Demo/Materials/LowPoly - Grass.mat - Importer: ScriptedImporter/UnityEditor.QuickSearchModule:UnityEditor.Search:ASIAI0B
Importing 'GUID: 6fc6652ed834922468cdd63bb95f7fe2 - Path: Assets/Skybox/Skybox Cubemap Extended/Demo/Materials/LowPoly - Grass.mat - Importer: ScriptedImporter/UnityEditor.QuickSearchModule:UnityEditor.Search:ASIAI0B' with importer (ScriptedImporter : UnityEditor.QuickSearchModule:UnityEditor.Search:ASIAI0B)
Imported 'GUID: 6fc6652ed834922468cdd63bb95f7fe2' -> (Import Result ID: '002ac94476030aaf229871655dfc915e') in 0.009 seconds [static and dynamic dependencies]. Details - ImportResultOutputID=de1cafdfc3ad6278a06429335ec17be3 DependenciesID=80736495f7afb24f67352abe13a82f4c StaticDependenciesID=2e091ac11251cc14e4706aa86d9262a4 
Number of updated asset objects reloaded before import = 0
Number of asset objects unloaded after import = 2
========================================================================
Received Import Request.
  Time of request: 2026-08-24T15:04:00.1531333Z
  Time since last request: 0.0004156 seconds.
  importAddress: GUID: 29a86a77bf7568e499243d9b47b7e88e - Path: Assets/Plugins & Utilities/FMOD/src/Editor/EventRefDrawer.cs - Importer: ScriptedImporter/UnityEditor.QuickSearchModule:UnityEditor.Search:ASIAI0B
Importing 'GUID: 29a86a77bf7568e499243d9b47b7e88e - Path: Assets/Plugins & Utilities/FMOD/src/Editor/EventRefDrawer.cs - Importer: ScriptedImporter/UnityEditor.QuickSearchModule:UnityEditor.Search:ASIAI0B' with importer (ScriptedImporter : UnityEditor.QuickSearchModule:UnityEditor.Search:ASIAI0B)
Imported 'GUID: 29a86a77bf7568e499243d9b47b7e88e' -> (Import Result ID: '6f66a65434b46066265d65bc11377f80') in 0.005 seconds [static and dynamic dependencies]. Details - ImportResultOutputID=71e5c847267491d4d657c2d307e0468a DependenciesID=e0742f10acdc08ecf101ee5a72123f9d StaticDependenciesID=8a2b202eac8f799843a6a20279c64c42 
Number of updated asset objects reloaded before import = 0
Number of asset objects unloaded after import = 0
========================================================================
Received Import Request.
  Time of request: 2026-08-24T15:04:00.1720219Z
  Time since last request: 0.0005927 seconds.
  importAddress: GUID: 0860e6fc68e57ae48b5ae6e854f8f6b1 - Path: Assets/Skybox/Skybox Cubemap Extended/Demo/Meshes/LowPoly - Grass B.FBX - Importer: ScriptedImporter/UnityEditor.QuickSearchModule:UnityEditor.Search:ASIAI0B
Importing 'GUID: 0860e6fc68e57ae48b5ae6e854f8f6b1 - Path: Assets/Skybox/Skybox Cubemap Extended/Demo/Meshes/LowPoly - Grass B.FBX - Importer: ScriptedImporter/UnityEditor.QuickSearchModule:UnityEditor.Search:ASIAI0B' with importer (ScriptedImporter : UnityEditor.QuickSearchModule:UnityEditor.Search:ASIAI0B)
Imported 'GUID: 0860e6fc68e57ae48b5ae6e854f8f6b1' -> (Import Result ID: '6a8bc6e873a69fb7690e35f25f7a395b') in 0.014 seconds [static and dynamic dependencies]. Details - ImportResultOutputID=b28feee9f72e87ef7569227ab2e2e192 DependenciesID=b6dd707b44100e7e63de591e9019f266 StaticDependenciesID=21869f46e09c247be75d95577eb06d39 
Number of updated asset objects reloaded before import = 0
Number of asset objects unloaded after import = 9
========================================================================
Received Import Request.
  Time of request: 2026-08-24T15:04:00.2004943Z
  Time since last request: 0.0004025 seconds.
  importAddress: GUID: cc421da483ed06c49933077a621bff25 - Path: Assets/Skybox/Skybox Cubemap Extended/Demo/Materials/Skybox Cubemap Extended Night.mat - Importer: ScriptedImporter/UnityEditor.QuickSearchModule:UnityEditor.Search:ASIAI0B
Importing 'GUID: cc421da483ed06c49933077a621bff25 - Path: Assets/Skybox/Skybox Cubemap Extended/Demo/Materials/Skybox Cubemap Extended Night.mat - Importer: ScriptedImporter/UnityEditor.QuickSearchModule:UnityEditor.Search:ASIAI0B' with importer (ScriptedImporter : UnityEditor.QuickSearchModule:UnityEditor.Search:ASIAI0B)
d3d12: upload buffer was too small for the requested resource! Size: 16777216. Requested: 33554432.
Imported 'GUID: cc421da483ed06c49933077a621bff25' -> (Import Result ID: '42e93e3ff6562b151364f019ddc3af9a') in 0.188 seconds [static and dynamic dependencies]. Details - ImportResultOutputID=6f4cb07e695b52f5749c0896de25b917 DependenciesID=acc1c39aa5d435400021c3054ddc8405 StaticDependenciesID=b1d0d873b0f69dc5b4abd9fe52679c37 
Number of updated asset objects reloaded before import = 0
Number of asset objects unloaded after import = 2
========================================================================
Received Import Request.
  Time of request: 2026-08-24T15:04:00.4189939Z
  Time since last request: 0.0000322 seconds.
  importAddress: GUID: 438155f6a2d689e45b5cc7701d412b80 - Path: Assets/Plugins & Utilities/FMOD/src/Editor/CodeGeneration.cs - Importer: ScriptedImporter/UnityEditor.QuickSearchModule:UnityEditor.Search:ASIAI0B
Importing 'GUID: 438155f6a2d689e45b5cc7701d412b80 - Path: Assets/Plugins & Utilities/FMOD/src/Editor/CodeGeneration.cs - Importer: ScriptedImporter/UnityEditor.QuickSearchModule:UnityEditor.Search:ASIAI0B' with importer (ScriptedImporter : UnityEditor.QuickSearchModule:UnityEditor.Search:ASIAI0B)
Imported 'GUID: 438155f6a2d689e45b5cc7701d412b80' -> (Import Result ID: '5bb06946802a46173ff3e5f954b8b359') in 0.005 seconds [static and dynamic dependencies]. Details - ImportResultOutputID=5ce100e3d8183d051451dd1cdd1f6c67 DependenciesID=9094de2549160832319fbbc3225b969e StaticDependenciesID=60c599b9e2c9e873af9a2a0cf4f19e6e 
Number of updated asset objects reloaded before import = 0
Number of asset objects unloaded after import = 0
========================================================================
Received Import Request.
  Time of request: 2026-08-24T15:04:00.4358797Z
  Time since last request: 0.0003887 seconds.
  importAddress: GUID: d32cf7c32a3ed8347bac48ef5ed56d82 - Path: Assets/Plugins & Utilities/FMOD/src/Editor/EventCache.cs - Importer: ScriptedImporter/UnityEditor.QuickSearchModule:UnityEditor.Search:ASIAI0B
Importing 'GUID: d32cf7c32a3ed8347bac48ef5ed56d82 - Path: Assets/Plugins & Utilities/FMOD/src/Editor/EventCache.cs - Importer: ScriptedImporter/UnityEditor.QuickSearchModule:UnityEditor.Search:ASIAI0B' with importer (ScriptedImporter : UnityEditor.QuickSearchModule:UnityEditor.Search:ASIAI0B)
Imported 'GUID: d32cf7c32a3ed8347bac48ef5ed56d82' -> (Import Result ID: '1df02b2992eba0cd6a7054a81f196d24') in 0.004 seconds [static and dynamic dependencies]. Details - ImportResultOutputID=9423590892c374ca76ba44e2efd67558 DependenciesID=dd9ccf0ca5b21d9774adb1f21c71502a StaticDependenciesID=c81cb45742f5a9faf7c82011919c5605 
Number of updated asset objects reloaded before import = 0
Number of asset objects unloaded after import = 0
========================================================================
Received Import Request.
  Time of request: 2026-08-24T15:04:00.4531345Z
  Time since last request: 0.0015166 seconds.
  importAddress: GUID: 31e1c5e7d70e58f45ae86764f7c3ec2f - Path: Assets/Plugins & Utilities/FMOD/src/Editor/FMODEventTrackEditor.cs - Importer: ScriptedImporter/UnityEditor.QuickSearchModule:UnityEditor.Search:ASIAI0B
Importing 'GUID: 31e1c5e7d70e58f45ae86764f7c3ec2f - Path: Assets/Plugins & Utilities/FMOD/src/Editor/FMODEventTrackEditor.cs - Importer: ScriptedImporter/UnityEditor.QuickSearchModule:UnityEditor.Search:ASIAI0B' with importer (ScriptedImporter : UnityEditor.QuickSearchModule:UnityEditor.Search:ASIAI0B)
Imported 'GUID: 31e1c5e7d70e58f45ae86764f7c3ec2f' -> (Import Result ID: 'a88d6e31f009cc71e4dfb0fa5d954c06') in 0.007 seconds [static and dynamic dependencies]. Details - ImportResultOutputID=67eb318172ba563b9903106bbb914422 DependenciesID=32414cb39dc41a8bd01ec7b25c6528a3 StaticDependenciesID=5196edf7ebba720fbf2c9b1c32f12081 
Number of updated asset objects reloaded before import = 0
Number of asset objects unloaded after import = 0
========================================================================
Received Import Request.
  Time of request: 2026-08-24T15:04:00.4733594Z
  Time since last request: 0.0004615 seconds.
  importAddress: GUID: 3349615af02d64e4e8d1026e228c4a25 - Path: Assets/Plugins & Utilities/FMOD/src/Editor/FileReorganizer.cs - Importer: ScriptedImporter/UnityEditor.QuickSearchModule:UnityEditor.Search:ASIAI0B
Importing 'GUID: 3349615af02d64e4e8d1026e228c4a25 - Path: Assets/Plugins & Utilities/FMOD/src/Editor/FileReorganizer.cs - Importer: ScriptedImporter/UnityEditor.QuickSearchModule:UnityEditor.Search:ASIAI0B' with importer (ScriptedImporter : UnityEditor.QuickSearchModule:UnityEditor.Search:ASIAI0B)
Imported 'GUID: 3349615af02d64e4e8d1026e228c4a25' -> (Import Result ID: 'a3a547bb530319fc601722ccfcab16e0') in 0.004 seconds [static and dynamic dependencies]. Details - ImportResultOutputID=25e0152af8a5de35bf0b88709dd76714 DependenciesID=95a4aaf311739a7546056c2ef6043119 StaticDependenciesID=d9ebb748b03bb03f9eb23bec8f370f7e 
Number of updated asset objects reloaded before import = 0
Number of asset objects unloaded after import = 0
========================================================================
Received Import Request.
  Time of request: 2026-08-24T15:04:00.4900139Z
  Time since last request: 0.0004925 seconds.
  importAddress: GUID: 7f9b57a02a16e55429c68854f45a8801 - Path: Assets/Skybox/Skybox Cubemap Extended/Demo/Meshes/LowPoly - FirTree A.FBX - Importer: ScriptedImporter/UnityEditor.QuickSearchModule:UnityEditor.Search:ASIAI0B
Importing 'GUID: 7f9b57a02a16e55429c68854f45a8801 - Path: Assets/Skybox/Skybox Cubemap Extended/Demo/Meshes/LowPoly - FirTree A.FBX - Importer: ScriptedImporter/UnityEditor.QuickSearchModule:UnityEditor.Search:ASIAI0B' with importer (ScriptedImporter : UnityEditor.QuickSearchModule:UnityEditor.Search:ASIAI0B)
Imported 'GUID: 7f9b57a02a16e55429c68854f45a8801' -> (Import Result ID: '38f2fd2ecc8770178086b6642cef1602') in 0.012 seconds [static and dynamic dependencies]. Details - ImportResultOutputID=2b6686cc9eb096865365eecb84ba6b62 DependenciesID=561f3cf02130f2f8bfcc9d822ce0c327 StaticDependenciesID=b80a11eb084bfde43261ae418244d09d 
Number of updated asset objects reloaded before import = 0
Number of asset objects unloaded after import = 9
========================================================================
Received Import Request.
  Time of request: 2026-08-24T15:04:00.5155803Z
  Time since last request: 0.0003632 seconds.
  importAddress: GUID: 2a8f9a878cb7cff45b00339938d945ce - Path: Assets/Skybox/Skybox Cubemap Extended/Demo/Materials/LowPoly - TreeTrunk.mat - Importer: ScriptedImporter/UnityEditor.QuickSearchModule:UnityEditor.Search:ASIAI0B
Importing 'GUID: 2a8f9a878cb7cff45b00339938d945ce - Path: Assets/Skybox/Skybox Cubemap Extended/Demo/Materials/LowPoly - TreeTrunk.mat - Importer: ScriptedImporter/UnityEditor.QuickSearchModule:UnityEditor.Search:ASIAI0B' with importer (ScriptedImporter : UnityEditor.QuickSearchModule:UnityEditor.Search:ASIAI0B)
Imported 'GUID: 2a8f9a878cb7cff45b00339938d945ce' -> (Import Result ID: 'bb2a28f020e83d974330618f5d38d17a') in 0.007 seconds [static and dynamic dependencies]. Details - ImportResultOutputID=e8d3e7ad930a72137cf67b8f0915128b DependenciesID=360a42b639682701918da5f87cd8fa8c StaticDependenciesID=8e1aaa9ab903871dcf675ddbbdea6080 
Number of updated asset objects reloaded before import = 0
Number of asset objects unloaded after import = 2
========================================================================
Received Import Request.
  Time of request: 2026-08-24T15:04:00.5358982Z
  Time since last request: 0.0008338 seconds.
  importAddress: GUID: 0b58df65bd3bb6649801b24a7a942ccb - Path: Assets/Plugins & Utilities/FMOD/src/Editor/EventReferenceUpdater.cs - Importer: ScriptedImporter/UnityEditor.QuickSearchModule:UnityEditor.Search:ASIAI0B
Importing 'GUID: 0b58df65bd3bb6649801b24a7a942ccb - Path: Assets/Plugins & Utilities/FMOD/src/Editor/EventReferenceUpdater.cs - Importer: ScriptedImporter/UnityEditor.QuickSearchModule:UnityEditor.Search:ASIAI0B' with importer (ScriptedImporter : UnityEditor.QuickSearchModule:UnityEditor.Search:ASIAI0B)
Imported 'GUID: 0b58df65bd3bb6649801b24a7a942ccb' -> (Import Result ID: 'ddc2bffc99352f61ecbffaa310ba163f') in 0.006 seconds [static and dynamic dependencies]. Details - ImportResultOutputID=ad219ecd675402d822a3277c2ef22ea7 DependenciesID=41d9391ddb075822ee61518ca866be4b StaticDependenciesID=0f110b632bd93c45834f85858f9d871d 
Number of updated asset objects reloaded before import = 0
Number of asset objects unloaded after import = 0
========================================================================
Received Import Request.
  Time of request: 2026-08-24T15:04:00.5543182Z
  Time since last request: 0.0005553 seconds.
  importAddress: GUID: 2b044fd4ebf2c42468e1f41d5e2b879c - Path: Assets/Plugins & Utilities/FMOD/src/Editor/StudioEventEmitterEditor.cs - Importer: ScriptedImporter/UnityEditor.QuickSearchModule:UnityEditor.Search:ASIAI0B
Importing 'GUID: 2b044fd4ebf2c42468e1f41d5e2b879c - Path: Assets/Plugins & Utilities/FMOD/src/Editor/StudioEventEmitterEditor.cs - Importer: ScriptedImporter/UnityEditor.QuickSearchModule:UnityEditor.Search:ASIAI0B' with importer (ScriptedImporter : UnityEditor.QuickSearchModule:UnityEditor.Search:ASIAI0B)
Imported 'GUID: 2b044fd4ebf2c42468e1f41d5e2b879c' -> (Import Result ID: '331a6b2a208c9bdc259a1cd3f1662f65') in 0.005 seconds [static and dynamic dependencies]. Details - ImportResultOutputID=7954bf1d1ba01d08add862af2b8de87a DependenciesID=cd7277d846f803cb2ee787a2d1a9b376 StaticDependenciesID=89eb9af325bf13413aabb7683729d67d 
Number of updated asset objects reloaded before import = 0
Number of asset objects unloaded after import = 0
========================================================================
Received Import Request.
  Time of request: 2026-08-24T15:04:00.5724989Z
  Time since last request: 0.0004303 seconds.
  importAddress: GUID: c23a5db78ca1a5b4f921e0109f33128c - Path: Assets/Skybox/Skybox Cubemap Extended/Demo/Prefabs/LowPoly - Grass B.prefab - Importer: ScriptedImporter/UnityEditor.QuickSearchModule:UnityEditor.Search:ASIAI0B
Importing 'GUID: c23a5db78ca1a5b4f921e0109f33128c - Path: Assets/Skybox/Skybox Cubemap Extended/Demo/Prefabs/LowPoly - Grass B.prefab - Importer: ScriptedImporter/UnityEditor.QuickSearchModule:UnityEditor.Search:ASIAI0B' with importer (ScriptedImporter : UnityEditor.QuickSearchModule:UnityEditor.Search:ASIAI0B)
Imported 'GUID: c23a5db78ca1a5b4f921e0109f33128c' -> (Import Result ID: '2684bb4c7046946b6a06f7ad9a78973a') in 0.009 seconds [static and dynamic dependencies]. Details - ImportResultOutputID=6bb4dcf8f12405e12e68e9a12938b142 DependenciesID=7e5522791620b3164fa6ee3b30ad800c StaticDependenciesID=72d190aae2e22e6e874fbb718c465f37 
Number of updated asset objects reloaded before import = 0
Number of asset objects unloaded after import = 8
========================================================================
Received Import Request.
  Time of request: 2026-08-24T15:04:00.5952972Z
  Time since last request: 0.0002913 seconds.
  importAddress: GUID: 7705790d9e8e16344ad5d7960c568904 - Path: Assets/Skybox/Skybox Cubemap Extended/Core/Shaders/Skybox Cubemap Blend.shader - Importer: ScriptedImporter/UnityEditor.QuickSearchModule:UnityEditor.Search:ASIAI0B
Importing 'GUID: 7705790d9e8e16344ad5d7960c568904 - Path: Assets/Skybox/Skybox Cubemap Extended/Core/Shaders/Skybox Cubemap Blend.shader - Importer: ScriptedImporter/UnityEditor.QuickSearchModule:UnityEditor.Search:ASIAI0B' with importer (ScriptedImporter : UnityEditor.QuickSearchModule:UnityEditor.Search:ASIAI0B)
Imported 'GUID: 7705790d9e8e16344ad5d7960c568904' -> (Import Result ID: '44b426168a2bca09288b6b0fb09e0262') in 0.007 seconds [static and dynamic dependencies]. Details - ImportResultOutputID=bba46df70c291148c1b3b0371eb97f5b DependenciesID=f21d1314882f8c01847c6a5d2466d6c7 StaticDependenciesID=286ef95c9248173a3a5838439a3a83e9 
Number of updated asset objects reloaded before import = 0
Number of asset objects unloaded after import = 1
========================================================================
Received Import Request.
  Time of request: 2026-08-24T15:04:00.6151759Z
  Time since last request: 0.0006588 seconds.
  importAddress: GUID: 1fc38201a5edb994c874a4a61e96053b - Path: Assets/Plugins & Utilities/FMOD/src/Editor/EventManager.cs - Importer: ScriptedImporter/UnityEditor.QuickSearchModule:UnityEditor.Search:ASIAI0B
Importing 'GUID: 1fc38201a5edb994c874a4a61e96053b - Path: Assets/Plugins & Utilities/FMOD/src/Editor/EventManager.cs - Importer: ScriptedImporter/UnityEditor.QuickSearchModule:UnityEditor.Search:ASIAI0B' with importer (ScriptedImporter : UnityEditor.QuickSearchModule:UnityEditor.Search:ASIAI0B)
Imported 'GUID: 1fc38201a5edb994c874a4a61e96053b' -> (Import Result ID: '927bd55706988fb34d0c85aead4116f1') in 0.005 seconds [static and dynamic dependencies]. Details - ImportResultOutputID=690c01328aa2574029835d61997e6805 DependenciesID=ad7af69d5922e4aa31715e69bc5b35b4 StaticDependenciesID=640006090ee7ffdcf52f9f42f4b73ac9 
Number of updated asset objects reloaded before import = 0
Number of asset objects unloaded after import = 0
========================================================================
Received Import Request.
  Time of request: 2026-08-24T15:04:00.6323532Z
  Time since last request: 0.0005203 seconds.
  importAddress: GUID: 26fb55e8ae34728499f6f45cd0527c73 - Path: Assets/Skybox/Skybox Cubemap Extended/Demo/Meshes/LowPoly - Rock A.FBX - Importer: ScriptedImporter/UnityEditor.QuickSearchModule:UnityEditor.Search:ASIAI0B
Importing 'GUID: 26fb55e8ae34728499f6f45cd0527c73 - Path: Assets/Skybox/Skybox Cubemap Extended/Demo/Meshes/LowPoly - Rock A.FBX - Importer: ScriptedImporter/UnityEditor.QuickSearchModule:UnityEditor.Search:ASIAI0B' with importer (ScriptedImporter : UnityEditor.QuickSearchModule:UnityEditor.Search:ASIAI0B)
Imported 'GUID: 26fb55e8ae34728499f6f45cd0527c73' -> (Import Result ID: '43b772badd19b95653e11813eaa27881') in 0.013 seconds [static and dynamic dependencies]. Details - ImportResultOutputID=7918fe9ed1cd9d8b87496309d8388f00 DependenciesID=4a9e8d1f1a3fd43ff91bb513c54ad8a5 StaticDependenciesID=c6e88d1c4b8f7242275bfe721e9c993b 
Number of updated asset objects reloaded before import = 0
Number of asset objects unloaded after import = 9
========================================================================
Received Import Request.
  Time of request: 2026-08-24T15:04:00.6591009Z
  Time since last request: 0.0003445 seconds.
  importAddress: GUID: 82881a2d011b0964696411c822cdd00b - Path: Assets/Skybox/Skybox Cubemap Extended/Core/Shaders/Skybox Cubemap Extended.shader - Importer: ScriptedImporter/UnityEditor.QuickSearchModule:UnityEditor.Search:ASIAI0B
Importing 'GUID: 82881a2d011b0964696411c822cdd00b - Path: Assets/Skybox/Skybox Cubemap Extended/Core/Shaders/Skybox Cubemap Extended.shader - Importer: ScriptedImporter/UnityEditor.QuickSearchModule:UnityEditor.Search:ASIAI0B' with importer (ScriptedImporter : UnityEditor.QuickSearchModule:UnityEditor.Search:ASIAI0B)
Imported 'GUID: 82881a2d011b0964696411c822cdd00b' -> (Import Result ID: '8465192f0f2966e7d303735fdb047018') in 0.006 seconds [static and dynamic dependencies]. Details - ImportResultOutputID=52edd7f9381cb004db3908fd3d196af1 DependenciesID=984f8f3b8b48af81de8719bbebd870f0 StaticDependenciesID=c8d7cff3c1d9855ca94e1fc245da1f18 
Number of updated asset objects reloaded before import = 0
Number of asset objects unloaded after import = 1
========================================================================
Received Import Request.
  Time of request: 2026-08-24T15:04:00.6780283Z
  Time since last request: 0.0005733 seconds.
  importAddress: GUID: e564c074e96205b49b91ff80126983c5 - Path: Assets/Plugins & Utilities/FMOD/src/Editor/BankRefresher.cs - Importer: ScriptedImporter/UnityEditor.QuickSearchModule:UnityEditor.Search:ASIAI0B
Importing 'GUID: e564c074e96205b49b91ff80126983c5 - Path: Assets/Plugins & Utilities/FMOD/src/Editor/BankRefresher.cs - Importer: ScriptedImporter/UnityEditor.QuickSearchModule:UnityEditor.Search:ASIAI0B' with importer (ScriptedImporter : UnityEditor.QuickSearchModule:UnityEditor.Search:ASIAI0B)
Imported 'GUID: e564c074e96205b49b91ff80126983c5' -> (Import Result ID: 'd4259099e3f0932ebc403d1a5f46ee49') in 0.004 seconds [static and dynamic dependencies]. Details - ImportResultOutputID=cce38df4c17423323c7740be8d7a1130 DependenciesID=55161b1575b010698b62a7903fad94b8 StaticDependenciesID=61360786fdbcc938fa74d9d917eab67f 
Number of updated asset objects reloaded before import = 0
Number of asset objects unloaded after import = 0
========================================================================
Received Import Request.
  Time of request: 2026-08-24T15:04:00.6946186Z
  Time since last request: 0.0004372 seconds.
  importAddress: GUID: ceb653cd98e289a4e8697a1af55201f2 - Path: Assets/Plugins & Utilities/FMOD/src/Editor/EditorEventRef.cs - Importer: ScriptedImporter/UnityEditor.QuickSearchModule:UnityEditor.Search:ASIAI0B
Importing 'GUID: ceb653cd98e289a4e8697a1af55201f2 - Path: Assets/Plugins & Utilities/FMOD/src/Editor/EditorEventRef.cs - Importer: ScriptedImporter/UnityEditor.QuickSearchModule:UnityEditor.Search:ASIAI0B' with importer (ScriptedImporter : UnityEditor.QuickSearchModule:UnityEditor.Search:ASIAI0B)
Imported 'GUID: ceb653cd98e289a4e8697a1af55201f2' -> (Import Result ID: 'f7b7889a5a6acf971ff675eb519a20df') in 0.005 seconds [static and dynamic dependencies]. Details - ImportResultOutputID=f89f3957b90dc76c735a751543f34e1c DependenciesID=0afe133f8cc8ade8ed35c8af1563a3db StaticDependenciesID=bbfa928df091e7ee0efd3891ba09bb57 
Number of updated asset objects reloaded before import = 0
Number of asset objects unloaded after import = 0
========================================================================
Received Import Request.
  Time of request: 2026-08-24T15:04:00.7122606Z
  Time since last request: 0.0004741 seconds.
  importAddress: GUID: d2cd02263a1e8084abf81f1324b929be - Path: Assets/Skybox/Skybox Cubemap Extended/Demo/Prefabs/LowPoly - FirTree B.prefab - Importer: ScriptedImporter/UnityEditor.QuickSearchModule:UnityEditor.Search:ASIAI0B
Importing 'GUID: d2cd02263a1e8084abf81f1324b929be - Path: Assets/Skybox/Skybox Cubemap Extended/Demo/Prefabs/LowPoly - FirTree B.prefab - Importer: ScriptedImporter/UnityEditor.QuickSearchModule:UnityEditor.Search:ASIAI0B' with importer (ScriptedImporter : UnityEditor.QuickSearchModule:UnityEditor.Search:ASIAI0B)
Imported 'GUID: d2cd02263a1e8084abf81f1324b929be' -> (Import Result ID: '99b595c8df0f90499fca30f6a933e697') in 0.009 seconds [static and dynamic dependencies]. Details - ImportResultOutputID=702b1821b2341c4c107a1713eba7cb9e DependenciesID=b1ca5dd37f343ad3c1824b4ff88ecde2 StaticDependenciesID=b371e43d5fc03e06c48a9bc4f9e75800 
Number of updated asset objects reloaded before import = 0
Number of asset objects unloaded after import = 9
========================================================================
Received Import Request.
  Time of request: 2026-08-24T15:04:00.7345736Z
  Time since last request: 0.000268 seconds.
  importAddress: GUID: 37524ae4594222f4f8acd7b76234f79a - Path: Assets/Skybox/Skybox Cubemap Extended/Demo/Materials/LowPoly - Rock.mat - Importer: ScriptedImporter/UnityEditor.QuickSearchModule:UnityEditor.Search:ASIAI0B
Importing 'GUID: 37524ae4594222f4f8acd7b76234f79a - Path: Assets/Skybox/Skybox Cubemap Extended/Demo/Materials/LowPoly - Rock.mat - Importer: ScriptedImporter/UnityEditor.QuickSearchModule:UnityEditor.Search:ASIAI0B' with importer (ScriptedImporter : UnityEditor.QuickSearchModule:UnityEditor.Search:ASIAI0B)
Imported 'GUID: 37524ae4594222f4f8acd7b76234f79a' -> (Import Result ID: '771dc21900493dedd002a9d4a3133108') in 0.007 seconds [static and dynamic dependencies]. Details - ImportResultOutputID=1bb5871a7663fd3a916d5e24a51fdb5b DependenciesID=a3b35e2484c009e6c6915160d26a9d05 StaticDependenciesID=3568737da3caa19637ba3712b0711bb7 
Number of updated asset objects reloaded before import = 0
Number of asset objects unloaded after import = 2
========================================================================
Received Import Request.
  Time of request: 2026-08-24T15:04:00.7638622Z
  Time since last request: 0.0093913 seconds.
  importAddress: GUID: 0003a5bea05764747b05fa096a075848 - Path: Assets/Skybox/Utils/Scripts/StyledMono/StyledMonoBehaviour.cs - Importer: ScriptedImporter/UnityEditor.QuickSearchModule:UnityEditor.Search:ASIAI0B
Importing 'GUID: 0003a5bea05764747b05fa096a075848 - Path: Assets/Skybox/Utils/Scripts/StyledMono/StyledMonoBehaviour.cs - Importer: ScriptedImporter/UnityEditor.QuickSearchModule:UnityEditor.Search:ASIAI0B' with importer (ScriptedImporter : UnityEditor.QuickSearchModule:UnityEditor.Search:ASIAI0B)
Imported 'GUID: 0003a5bea05764747b05fa096a075848' -> (Import Result ID: 'a19ac098f49dd9565ae6c499633da556') in 0.005 seconds [static and dynamic dependencies]. Details - ImportResultOutputID=b0e1aac1a68ffb978de22a79e1390a02 DependenciesID=130b17c96b9b4649694c8df004e5da43 StaticDependenciesID=2e9e74982d65e030a2041b534da338b6 
Number of updated asset objects reloaded before import = 0
Number of asset objects unloaded after import = 0
========================================================================
Received Import Request.
  Time of request: 2026-08-24T15:04:00.7844265Z
  Time since last request: 0.0010138 seconds.
  importAddress: GUID: f13faeb510c3cb54ba5d051ecaad26e3 - Path: Assets/Skybox/Utils/Editor/StyledMaterial/StyledDiffusionMaterialDrawer.cs - Importer: ScriptedImporter/UnityEditor.QuickSearchModule:UnityEditor.Search:ASIAI0B
Importing 'GUID: f13faeb510c3cb54ba5d051ecaad26e3 - Path: Assets/Skybox/Utils/Editor/StyledMaterial/StyledDiffusionMaterialDrawer.cs - Importer: ScriptedImporter/UnityEditor.QuickSearchModule:UnityEditor.Search:ASIAI0B' with importer (ScriptedImporter : UnityEditor.QuickSearchModule:UnityEditor.Search:ASIAI0B)
Imported 'GUID: f13faeb510c3cb54ba5d051ecaad26e3' -> (Import Result ID: '05c598c154201b34bdf80605cfc5fc4e') in 0.004 seconds [static and dynamic dependencies]. Details - ImportResultOutputID=9a395d14be84bc0d36531688552756a5 DependenciesID=b753cb0bf11996adefbdf944c8dff4c6 StaticDependenciesID=4c55ba6b24aee938dc038f604ccf1e8b 
Number of updated asset objects reloaded before import = 0
Number of asset objects unloaded after import = 0
========================================================================
Received Import Request.
  Time of request: 2026-08-24T15:04:00.8018802Z
  Time since last request: 0.0003022 seconds.
  importAddress: GUID: 6dfd994aa3f6b3944a0bd6effc2b3102 - Path: Assets/Skybox/Utils/Scripts/StyledInspector/StyledCategory.cs - Importer: ScriptedImporter/UnityEditor.QuickSearchModule:UnityEditor.Search:ASIAI0B
Importing 'GUID: 6dfd994aa3f6b3944a0bd6effc2b3102 - Path: Assets/Skybox/Utils/Scripts/StyledInspector/StyledCategory.cs - Importer: ScriptedImporter/UnityEditor.QuickSearchModule:UnityEditor.Search:ASIAI0B' with importer (ScriptedImporter : UnityEditor.QuickSearchModule:UnityEditor.Search:ASIAI0B)
Imported 'GUID: 6dfd994aa3f6b3944a0bd6effc2b3102' -> (Import Result ID: '7d51c0adacad95be9dad786d7fef8ce3') in 0.022 seconds [static and dynamic dependencies]. Details - ImportResultOutputID=1b271891d9dd620bba6ca734e8a53406 DependenciesID=7d99b27632482dc8398452fcdb55769d StaticDependenciesID=1db16b64c52099823eccb8e51d1b62d1 
Number of updated asset objects reloaded before import = 0
Number of asset objects unloaded after import = 0
========================================================================
Received Import Request.
  Time of request: 2026-08-24T15:04:00.8364916Z
  Time since last request: 0.0006789 seconds.
  importAddress: GUID: b351b243374f2d948a9e9943abe174bf - Path: Assets/Skybox/Utils/Editor/StyledInspector/StyledLayersDrawer.cs - Importer: ScriptedImporter/UnityEditor.QuickSearchModule:UnityEditor.Search:ASIAI0B
Importing 'GUID: b351b243374f2d948a9e9943abe174bf - Path: Assets/Skybox/Utils/Editor/StyledInspector/StyledLayersDrawer.cs - Importer: ScriptedImporter/UnityEditor.QuickSearchModule:UnityEditor.Search:ASIAI0B' with importer (ScriptedImporter : UnityEditor.QuickSearchModule:UnityEditor.Search:ASIAI0B)
Imported 'GUID: b351b243374f2d948a9e9943abe174bf' -> (Import Result ID: '59b7144e03d62b93c74c225678e69775') in 0.005 seconds [static and dynamic dependencies]. Details - ImportResultOutputID=69e6277120691d85e7b352bb559dd3ea DependenciesID=24cb5ef646c7ca2b9e36662702cec92f StaticDependenciesID=67bd886761901eeb80f33d0cbc31bf9f 
Number of updated asset objects reloaded before import = 0
Number of asset objects unloaded after import = 0
========================================================================
Received Import Request.
  Time of request: 2026-08-24T15:04:00.8549158Z
  Time since last request: 0.0005391 seconds.
  importAddress: GUID: fd0e43229939f8b45bd79345e699dfcd - Path: Assets/Skybox/Utils/Scripts/StyledInspector/StyledIndent.cs - Importer: ScriptedImporter/UnityEditor.QuickSearchModule:UnityEditor.Search:ASIAI0B
Importing 'GUID: fd0e43229939f8b45bd79345e699dfcd - Path: Assets/Skybox/Utils/Scripts/StyledInspector/StyledIndent.cs - Importer: ScriptedImporter/UnityEditor.QuickSearchModule:UnityEditor.Search:ASIAI0B' with importer (ScriptedImporter : UnityEditor.QuickSearchModule:UnityEditor.Search:ASIAI0B)
Imported 'GUID: fd0e43229939f8b45bd79345e699dfcd' -> (Import Result ID: '3f2720a590439bb8bcf14c562b912b57') in 0.007 seconds [static and dynamic dependencies]. Details - ImportResultOutputID=da7910c31ce0df6eb4ef8229c3fa3be8 DependenciesID=681c1ba756b8404ceba0f84b4d16d2e5 StaticDependenciesID=be8b33d1db39ff6508c7bbd70599b3e3 
Number of updated asset objects reloaded before import = 0
Number of asset objects unloaded after import = 0
========================================================================
Received Import Request.
  Time of request: 2026-08-24T15:04:00.8754399Z
  Time since last request: 0.0016306 seconds.
  importAddress: GUID: b33fc29a1077eff40880c4d54b57136c - Path: Assets/Skybox/Utils/Scripts/StyledInspector/StyledTexturePreview.cs - Importer: ScriptedImporter/UnityEditor.QuickSearchModule:UnityEditor.Search:ASIAI0B
Importing 'GUID: b33fc29a1077eff40880c4d54b57136c - Path: Assets/Skybox/Utils/Scripts/StyledInspector/StyledTexturePreview.cs - Importer: ScriptedImporter/UnityEditor.QuickSearchModule:UnityEditor.Search:ASIAI0B' with importer (ScriptedImporter : UnityEditor.QuickSearchModule:UnityEditor.Search:ASIAI0B)
Imported 'GUID: b33fc29a1077eff40880c4d54b57136c' -> (Import Result ID: '5f03e5c2dd10268d1cf01e166ad7ac4a') in 0.007 seconds [static and dynamic dependencies]. Details - ImportResultOutputID=548ee7eb42a4e3ea41c5575c5e58c934 DependenciesID=623bda66df6ebe26644d18b4738aed4f StaticDependenciesID=5968be15c82a8111eab8151c15edcc1d 
Number of updated asset objects reloaded before import = 0
Number of asset objects unloaded after import = 0
========================================================================
Received Import Request.
  Time of request: 2026-08-24T15:04:00.8948166Z
  Time since last request: 0.0009052 seconds.
  importAddress: GUID: e137daebc2f7e0c4aa0ee5c5b140e8fd - Path: Assets/Skybox/Utils/Editor/StyledMaterial/StyledTextDrawer.cs - Importer: ScriptedImporter/UnityEditor.QuickSearchModule:UnityEditor.Search:ASIAI0B
Importing 'GUID: e137daebc2f7e0c4aa0ee5c5b140e8fd - Path: Assets/Skybox/Utils/Editor/StyledMaterial/StyledTextDrawer.cs - Importer: ScriptedImporter/UnityEditor.QuickSearchModule:UnityEditor.Search:ASIAI0B' with importer (ScriptedImporter : UnityEditor.QuickSearchModule:UnityEditor.Search:ASIAI0B)
Imported 'GUID: e137daebc2f7e0c4aa0ee5c5b140e8fd' -> (Import Result ID: 'bd2c40595332329159f908d9d8ff9a48') in 0.005 seconds [static and dynamic dependencies]. Details - ImportResultOutputID=a32c608d7b72ba83fe4c8d7e92f618c2 DependenciesID=4d878e004eb5fc9930359e1e234076a8 StaticDependenciesID=dd69feeb1636d6880276b9e713c0ae74 
Number of updated asset objects reloaded before import = 0
Number of asset objects unloaded after import = 0
========================================================================
Received Import Request.
  Time of request: 2026-08-24T15:04:00.9136556Z
  Time since last request: 0.0006277 seconds.
  importAddress: GUID: 87b94a9c1333f074e8c24cd5a2fe1d73 - Path: Assets/Skybox/Utils/Editor/StyledGUI/DrawInspectorCategory.cs - Importer: ScriptedImporter/UnityEditor.QuickSearchModule:UnityEditor.Search:ASIAI0B
Importing 'GUID: 87b94a9c1333f074e8c24cd5a2fe1d73 - Path: Assets/Skybox/Utils/Editor/StyledGUI/DrawInspectorCategory.cs - Importer: ScriptedImporter/UnityEditor.QuickSearchModule:UnityEditor.Search:ASIAI0B' with importer (ScriptedImporter : UnityEditor.QuickSearchModule:UnityEditor.Search:ASIAI0B)
Imported 'GUID: 87b94a9c1333f074e8c24cd5a2fe1d73' -> (Import Result ID: 'a0cfb75d3c1f2d8071436ec0ca24a9cd') in 0.005 seconds [static and dynamic dependencies]. Details - ImportResultOutputID=410a9a8575685b0fa13e6c8bd9c51b1c DependenciesID=0d8641149db398e30f9960451998ac40 StaticDependenciesID=b853ccae0beb27c56a2ad8ed7aaad325 
Number of updated asset objects reloaded before import = 0
Number of asset objects unloaded after import = 0
========================================================================
Received Import Request.
  Time of request: 2026-08-24T15:04:00.934359Z
  Time since last request: 0.0006003 seconds.
  importAddress: GUID: db0457065a494f34aa3b619f240d8bda - Path: Assets/Skybox/Utils/Editor/StyledInspector/StyledSpaceDrawer.cs - Importer: ScriptedImporter/UnityEditor.QuickSearchModule:UnityEditor.Search:ASIAI0B
Importing 'GUID: db0457065a494f34aa3b619f240d8bda - Path: Assets/Skybox/Utils/Editor/StyledInspector/StyledSpaceDrawer.cs - Importer: ScriptedImporter/UnityEditor.QuickSearchModule:UnityEditor.Search:ASIAI0B' with importer (ScriptedImporter : UnityEditor.QuickSearchModule:UnityEditor.Search:ASIAI0B)
Imported 'GUID: db0457065a494f34aa3b619f240d8bda' -> (Import Result ID: '1c6347b7db6f65aaae1c74882842f2a9') in 0.006 seconds [static and dynamic dependencies]. Details - ImportResultOutputID=64b513276e621619537b990f24bd6238 DependenciesID=b72c114b08fbe0096891f1371e985bcb StaticDependenciesID=dc7972ef7ba2469d4352b5a27d86b4e1 
Number of updated asset objects reloaded before import = 0
Number of asset objects unloaded after import = 0
========================================================================
Received Import Request.
  Time of request: 2026-08-24T15:04:00.9556629Z
  Time since last request: 0.0005139 seconds.
  importAddress: GUID: 388415cfa9bb69041a8281bc567acec5 - Path: Assets/Skybox/Utils/Scripts/StyledInspector/StyledInteractive.cs - Importer: ScriptedImporter/UnityEditor.QuickSearchModule:UnityEditor.Search:ASIAI0B
Importing 'GUID: 388415cfa9bb69041a8281bc567acec5 - Path: Assets/Skybox/Utils/Scripts/StyledInspector/StyledInteractive.cs - Importer: ScriptedImporter/UnityEditor.QuickSearchModule:UnityEditor.Search:ASIAI0B' with importer (ScriptedImporter : UnityEditor.QuickSearchModule:UnityEditor.Search:ASIAI0B)
Imported 'GUID: 388415cfa9bb69041a8281bc567acec5' -> (Import Result ID: '8cf792ed5c1af8628c412a964fc6c0ba') in 0.005 seconds [static and dynamic dependencies]. Details - ImportResultOutputID=cb3cea5d0bff462aefb078fb2209f2d4 DependenciesID=772229ae1dd076b6e49238f49f4fefda StaticDependenciesID=984681dd2e0b447de9e5c4b0a55cc130 
Number of updated asset objects reloaded before import = 0
Number of asset objects unloaded after import = 0
========================================================================
Received Import Request.
  Time of request: 2026-08-24T15:04:00.9749929Z
  Time since last request: 0.0004681 seconds.
  importAddress: GUID: 896f8a6be3053ff4a8f322a960986af1 - Path: Assets/Skybox/Utils/Scripts/StyledInspector/StyledRangeOptions.cs - Importer: ScriptedImporter/UnityEditor.QuickSearchModule:UnityEditor.Search:ASIAI0B
Importing 'GUID: 896f8a6be3053ff4a8f322a960986af1 - Path: Assets/Skybox/Utils/Scripts/StyledInspector/StyledRangeOptions.cs - Importer: ScriptedImporter/UnityEditor.QuickSearchModule:UnityEditor.Search:ASIAI0B' with importer (ScriptedImporter : UnityEditor.QuickSearchModule:UnityEditor.Search:ASIAI0B)
Imported 'GUID: 896f8a6be3053ff4a8f322a960986af1' -> (Import Result ID: 'c8936b517c1174127d35645d266b2c50') in 0.005 seconds [static and dynamic dependencies]. Details - ImportResultOutputID=656f331f404de4bf76d9fa0dea1f7b74 DependenciesID=6d5e9b5cdc9c9baeda0a9ab2379c7671 StaticDependenciesID=d8b435b0f4300e607288e5debc045f32 
Number of updated asset objects reloaded before import = 0
Number of asset objects unloaded after import = 0
========================================================================
Received Import Request.
  Time of request: 2026-08-24T15:04:00.9942989Z
  Time since last request: 0.0006503 seconds.
  importAddress: GUID: 7c167590d9d480e438111f555c3a9d09 - Path: Assets/Skybox/Utils/Scripts/StyledInspector/StyledButton.cs - Importer: ScriptedImporter/UnityEditor.QuickSearchModule:UnityEditor.Search:ASIAI0B
Importing 'GUID: 7c167590d9d480e438111f555c3a9d09 - Path: Assets/Skybox/Utils/Scripts/StyledInspector/StyledButton.cs - Importer: ScriptedImporter/UnityEditor.QuickSearchModule:UnityEditor.Search:ASIAI0B' with importer (ScriptedImporter : UnityEditor.QuickSearchModule:UnityEditor.Search:ASIAI0B)
Imported 'GUID: 7c167590d9d480e438111f555c3a9d09' -> (Import Result ID: '891bc17c83ef207cfb14f271c4d80085') in 0.004 seconds [static and dynamic dependencies]. Details - ImportResultOutputID=fbdfb614802229552883a35c98845982 DependenciesID=9a823cd79d9963e1cdc7977b5e0db691 StaticDependenciesID=9fcdb05afacb95ba69bbbd39dc671f64 
Number of updated asset objects reloaded before import = 0
Number of asset objects unloaded after import = 0
========================================================================
Received Import Request.
  Time of request: 2026-08-24T15:04:01.0117879Z
  Time since last request: 0.0005578 seconds.
  importAddress: GUID: a832b9f47ccef214e81c89efe6bf31dd - Path: Assets/Skybox/Utils/Editor/StyledInspector/StyledBannerDrawer.cs - Importer: ScriptedImporter/UnityEditor.QuickSearchModule:UnityEditor.Search:ASIAI0B
Importing 'GUID: a832b9f47ccef214e81c89efe6bf31dd - Path: Assets/Skybox/Utils/Editor/StyledInspector/StyledBannerDrawer.cs - Importer: ScriptedImporter/UnityEditor.QuickSearchModule:UnityEditor.Search:ASIAI0B' with importer (ScriptedImporter : UnityEditor.QuickSearchModule:UnityEditor.Search:ASIAI0B)
Imported 'GUID: a832b9f47ccef214e81c89efe6bf31dd' -> (Import Result ID: 'aec43c5672bc8e6e0e92957b63294b0f') in 0.006 seconds [static and dynamic dependencies]. Details - ImportResultOutputID=b91ed57332862dcfb354606ea4db2ae2 DependenciesID=ae37ca88a308c5c99fcd2bd22d1dfd8b StaticDependenciesID=be51ba8f2f49c21dbe881113cd7a354c 
Number of updated asset objects reloaded before import = 0
Number of asset objects unloaded after import = 0
========================================================================
Received Import Request.
  Time of request: 2026-08-24T15:04:01.0328503Z
  Time since last request: 0.0005991 seconds.
  importAddress: GUID: 1f2f57e67392e5b41af1a4cecc3a6c04 - Path: Assets/Skybox/Utils/Editor/StyledMaterial/StyledSpaceDrawer.cs - Importer: ScriptedImporter/UnityEditor.QuickSearchModule:UnityEditor.Search:ASIAI0B
Importing 'GUID: 1f2f57e67392e5b41af1a4cecc3a6c04 - Path: Assets/Skybox/Utils/Editor/StyledMaterial/StyledSpaceDrawer.cs - Importer: ScriptedImporter/UnityEditor.QuickSearchModule:UnityEditor.Search:ASIAI0B' with importer (ScriptedImporter : UnityEditor.QuickSearchModule:UnityEditor.Search:ASIAI0B)
Imported 'GUID: 1f2f57e67392e5b41af1a4cecc3a6c04' -> (Import Result ID: '810474ebbc13a5134f5ab9bed4263c82') in 0.007 seconds [static and dynamic dependencies]. Details - ImportResultOutputID=7fd6c70d353758efe6ceb838dd19f216 DependenciesID=835942885c46559c46f766ba5fa33d2b StaticDependenciesID=c4129ee83b5f1e2df2e386c50455254f 
Number of updated asset objects reloaded before import = 0
Number of asset objects unloaded after import = 0
========================================================================
Received Import Request.
  Time of request: 2026-08-24T15:04:01.0535743Z
  Time since last request: 0.0004835 seconds.
  importAddress: GUID: c837d89f6f4cd574595a810c5fcc15f8 - Path: Assets/Skybox/Utils/Editor/StyledMaterial/StyledLayersDrawer.cs - Importer: ScriptedImporter/UnityEditor.QuickSearchModule:UnityEditor.Search:ASIAI0B
Importing 'GUID: c837d89f6f4cd574595a810c5fcc15f8 - Path: Assets/Skybox/Utils/Editor/StyledMaterial/StyledLayersDrawer.cs - Importer: ScriptedImporter/UnityEditor.QuickSearchModule:UnityEditor.Search:ASIAI0B' with importer (ScriptedImporter : UnityEditor.QuickSearchModule:UnityEditor.Search:ASIAI0B)
Imported 'GUID: c837d89f6f4cd574595a810c5fcc15f8' -> (Import Result ID: 'edd31eb538f0b1e70b997f121c492ce1') in 0.004 seconds [static and dynamic dependencies]. Details - ImportResultOutputID=b7448481e078b62d86e2ee482be6bee4 DependenciesID=7b44aa1fbae6bca5a5259162d5a8349f StaticDependenciesID=70b55889181fef28cc16e2779ad3f555 
Number of updated asset objects reloaded before import = 0
Number of asset objects unloaded after import = 0
========================================================================
Received Import Request.
  Time of request: 2026-08-24T15:04:01.0715969Z
  Time since last request: 0.0004959 seconds.
  importAddress: GUID: beb1457d375110e468b8d8e1f29fccea - Path: Assets/Skybox/Skybox Cubemap Extended/Demo/Textures/Polyverse Skies - Blue Sky.png - Importer: ScriptedImporter/UnityEditor.QuickSearchModule:UnityEditor.Search:ASIAI0B
Importing 'GUID: beb1457d375110e468b8d8e1f29fccea - Path: Assets/Skybox/Skybox Cubemap Extended/Demo/Textures/Polyverse Skies - Blue Sky.png - Importer: ScriptedImporter/UnityEditor.QuickSearchModule:UnityEditor.Search:ASIAI0B' with importer (ScriptedImporter : UnityEditor.QuickSearchModule:UnityEditor.Search:ASIAI0B)
Imported 'GUID: beb1457d375110e468b8d8e1f29fccea' -> (Import Result ID: '59fabb22c1b6d9c09236673c0a0497bd') in 0.126 seconds [static and dynamic dependencies]. Details - ImportResultOutputID=9a981da1ec5101403542e6d306f4e1ed DependenciesID=b2bdb4c83552134b538dfd76f7e1aa9b StaticDependenciesID=3a99b8f64e69a388b57966ddc4200da5 
Number of updated asset objects reloaded before import = 0
Number of asset objects unloaded after import = 1
========================================================================
Received Import Request.
  Time of request: 2026-08-24T15:04:01.2123148Z
  Time since last request: 0.0007273 seconds.
  importAddress: GUID: 30afcd86dad75504ebd5516adf73ad08 - Path: Assets/Skybox/Utils/Editor/StyledMaterial/StyledColoringDrawer.cs - Importer: ScriptedImporter/UnityEditor.QuickSearchModule:UnityEditor.Search:ASIAI0B
Importing 'GUID: 30afcd86dad75504ebd5516adf73ad08 - Path: Assets/Skybox/Utils/Editor/StyledMaterial/StyledColoringDrawer.cs - Importer: ScriptedImporter/UnityEditor.QuickSearchModule:UnityEditor.Search:ASIAI0B' with importer (ScriptedImporter : UnityEditor.QuickSearchModule:UnityEditor.Search:ASIAI0B)
Imported 'GUID: 30afcd86dad75504ebd5516adf73ad08' -> (Import Result ID: '2fd4bcef3cae326bbd369d6b0fd8ab31') in 0.006 seconds [static and dynamic dependencies]. Details - ImportResultOutputID=1876f25e516285360afcf491afa84c7f DependenciesID=15b2eaa2eb4e7c8e2953e04ce8eaf5bb StaticDependenciesID=2fa5e044ad273ca1764dd0b29c187c8d 
Number of updated asset objects reloaded before import = 0
Number of asset objects unloaded after import = 0
========================================================================
Received Import Request.
  Time of request: 2026-08-24T15:04:01.232808Z
  Time since last request: 0.0005782 seconds.
  importAddress: GUID: 0fb089d68a8e4634390e299256c8eec7 - Path: Assets/Skybox/Utils/Scripts/StyledInspector/StyledBanner.cs - Importer: ScriptedImporter/UnityEditor.QuickSearchModule:UnityEditor.Search:ASIAI0B
Importing 'GUID: 0fb089d68a8e4634390e299256c8eec7 - Path: Assets/Skybox/Utils/Scripts/StyledInspector/StyledBanner.cs - Importer: ScriptedImporter/UnityEditor.QuickSearchModule:UnityEditor.Search:ASIAI0B' with importer (ScriptedImporter : UnityEditor.QuickSearchModule:UnityEditor.Search:ASIAI0B)
Imported 'GUID: 0fb089d68a8e4634390e299256c8eec7' -> (Import Result ID: '9d17f0d21b2beb468f682dc002298bb3') in 0.005 seconds [static and dynamic dependencies]. Details - ImportResultOutputID=43461f45f605926b888832e8a9e8a3ff DependenciesID=a8c3f75350e26e262474cd38c6451f93 StaticDependenciesID=c94e9fef1249af188acba30e082dd89e 
Number of updated asset objects reloaded before import = 0
Number of asset objects unloaded after import = 0
========================================================================
Received Import Request.
  Time of request: 2026-08-24T15:04:01.252424Z
  Time since last request: 0.0008196 seconds.
  importAddress: GUID: fa41734a337674542975482c8fe96ea1 - Path: Assets/Skybox/Skybox Cubemap Extended/Demo/Textures/Polyverse Skies - Night Sky.exr - Importer: ScriptedImporter/UnityEditor.QuickSearchModule:UnityEditor.Search:ASIAI0B
Importing 'GUID: fa41734a337674542975482c8fe96ea1 - Path: Assets/Skybox/Skybox Cubemap Extended/Demo/Textures/Polyverse Skies - Night Sky.exr - Importer: ScriptedImporter/UnityEditor.QuickSearchModule:UnityEditor.Search:ASIAI0B' with importer (ScriptedImporter : UnityEditor.QuickSearchModule:UnityEditor.Search:ASIAI0B)
Imported 'GUID: fa41734a337674542975482c8fe96ea1' -> (Import Result ID: '41a96472023ff375106ec3e0ee7124f8') in 0.172 seconds [static and dynamic dependencies]. Details - ImportResultOutputID=a9d7d178732ad58255b8ead7092d134c DependenciesID=46d0145ef0884ffb24be8ff35f4b2dad StaticDependenciesID=9c9805a94a7af843b43e2e6a92ba556d 
Number of updated asset objects reloaded before import = 0
Number of asset objects unloaded after import = 1
========================================================================
Received Import Request.
  Time of request: 2026-08-24T15:04:01.439133Z
  Time since last request: 0.0005457 seconds.
  importAddress: GUID: fd2d7ee86763017438ae71ea6a9800f6 - Path: Assets/Skybox/Utils/Editor/StyledMaterial/StyledMaskDrawer.cs - Importer: ScriptedImporter/UnityEditor.QuickSearchModule:UnityEditor.Search:ASIAI0B
Importing 'GUID: fd2d7ee86763017438ae71ea6a9800f6 - Path: Assets/Skybox/Utils/Editor/StyledMaterial/StyledMaskDrawer.cs - Importer: ScriptedImporter/UnityEditor.QuickSearchModule:UnityEditor.Search:ASIAI0B' with importer (ScriptedImporter : UnityEditor.QuickSearchModule:UnityEditor.Search:ASIAI0B)
Imported 'GUID: fd2d7ee86763017438ae71ea6a9800f6' -> (Import Result ID: '3f8d12b9421c1ee718bf7cd8b28d6469') in 0.004 seconds [static and dynamic dependencies]. Details - ImportResultOutputID=9b8ff65b3d55c9ee9ac3d9b62ea608dc DependenciesID=9e5070c950cba67d505d58e82dc1c711 StaticDependenciesID=7fe143c150f6e2126267b18ad6ee2b8a 
Number of updated asset objects reloaded before import = 0
Number of asset objects unloaded after import = 0
========================================================================
Received Import Request.
  Time of request: 2026-08-24T15:04:01.4588958Z
  Time since last request: 0.000489 seconds.
  importAddress: GUID: e3a24ffac8f074c4f8765c1844bb5e90 - Path: Assets/Skybox/Utils/Scripts/StyledGizmos/StyledLabelGizmo.cs - Importer: ScriptedImporter/UnityEditor.QuickSearchModule:UnityEditor.Search:ASIAI0B
Importing 'GUID: e3a24ffac8f074c4f8765c1844bb5e90 - Path: Assets/Skybox/Utils/Scripts/StyledGizmos/StyledLabelGizmo.cs - Importer: ScriptedImporter/UnityEditor.QuickSearchModule:UnityEditor.Search:ASIAI0B' with importer (ScriptedImporter : UnityEditor.QuickSearchModule:UnityEditor.Search:ASIAI0B)
Imported 'GUID: e3a24ffac8f074c4f8765c1844bb5e90' -> (Import Result ID: 'c9656c9b682e8d79f46ec724073729f8') in 0.006 seconds [static and dynamic dependencies]. Details - ImportResultOutputID=5547f684a1f4d5e0d8b67f65ae8198ae DependenciesID=14b5376deaf57717f4eb9b35145cf6ad StaticDependenciesID=e07268b57a4aa4ba1ea05516124ebf25 
Number of updated asset objects reloaded before import = 0
Number of asset objects unloaded after import = 0
========================================================================
Received Import Request.
  Time of request: 2026-08-24T15:04:01.4803385Z
  Time since last request: 0.0010101 seconds.
  importAddress: GUID: 7cc33d297d20daa40a9b09fbb8e59502 - Path: Assets/Skybox/Utils/Editor/StyledMaterial/StyledInteractiveDrawer.cs - Importer: ScriptedImporter/UnityEditor.QuickSearchModule:UnityEditor.Search:ASIAI0B
Importing 'GUID: 7cc33d297d20daa40a9b09fbb8e59502 - Path: Assets/Skybox/Utils/Editor/StyledMaterial/StyledInteractiveDrawer.cs - Importer: ScriptedImporter/UnityEditor.QuickSearchModule:UnityEditor.Search:ASIAI0B' with importer (ScriptedImporter : UnityEditor.QuickSearchModule:UnityEditor.Search:ASIAI0B)
Imported 'GUID: 7cc33d297d20daa40a9b09fbb8e59502' -> (Import Result ID: '0c2ece7d01fea53c7d671aa308f1e5d2') in 0.005 seconds [static and dynamic dependencies]. Details - ImportResultOutputID=755bb7ec9b1123aaf67e4c02d8603353 DependenciesID=316675cbd6a3dfbca9e8e2a05f8a5831 StaticDependenciesID=8321e4a756d632e7ccb05fd309a76eb1 
Number of updated asset objects reloaded before import = 0
Number of asset objects unloaded after import = 0
========================================================================
Received Import Request.
  Time of request: 2026-08-24T15:04:01.4994816Z
  Time since last request: 0.000459 seconds.
  importAddress: GUID: e0cf8ff3bbc97374f88272f686fb80e5 - Path: Assets/Skybox/Utils/Editor/Constants/Constants.cs - Importer: ScriptedImporter/UnityEditor.QuickSearchModule:UnityEditor.Search:ASIAI0B
Importing 'GUID: e0cf8ff3bbc97374f88272f686fb80e5 - Path: Assets/Skybox/Utils/Editor/Constants/Constants.cs - Importer: ScriptedImporter/UnityEditor.QuickSearchModule:UnityEditor.Search:ASIAI0B' with importer (ScriptedImporter : UnityEditor.QuickSearchModule:UnityEditor.Search:ASIAI0B)
Imported 'GUID: e0cf8ff3bbc97374f88272f686fb80e5' -> (Import Result ID: 'a03afdea26ab8d74e44c0133b5bf73b2') in 0.005 seconds [static and dynamic dependencies]. Details - ImportResultOutputID=44af7c265f21083416f0c770cc35439f DependenciesID=2a3fb5027139a751965b3548500e8c31 StaticDependenciesID=291bae3cb8261bd138477fc66e7d88b9 
Number of updated asset objects reloaded before import = 0
Number of asset objects unloaded after import = 0
========================================================================
Received Import Request.
  Time of request: 2026-08-24T15:04:01.5185629Z
  Time since last request: 0.000588 seconds.
  importAddress: GUID: ebb397dcd33e7cb48a6c3c5b9d928c05 - Path: Assets/Skybox/Utils/Editor/StyledMaterial/StyledVectorDrawer.cs - Importer: ScriptedImporter/UnityEditor.QuickSearchModule:UnityEditor.Search:ASIAI0B
Importing 'GUID: ebb397dcd33e7cb48a6c3c5b9d928c05 - Path: Assets/Skybox/Utils/Editor/StyledMaterial/StyledVectorDrawer.cs - Importer: ScriptedImporter/UnityEditor.QuickSearchModule:UnityEditor.Search:ASIAI0B' with importer (ScriptedImporter : UnityEditor.QuickSearchModule:UnityEditor.Search:ASIAI0B)
Imported 'GUID: ebb397dcd33e7cb48a6c3c5b9d928c05' -> (Import Result ID: '7d331a5ce7a982331c55c56cab5347d5') in 0.006 seconds [static and dynamic dependencies]. Details - ImportResultOutputID=2d063954fc00ed56ecdd4bfd7a4d84e4 DependenciesID=0ab45b9d2ebbcbbc6d9aa9920effa2f6 StaticDependenciesID=32f3ba00a5f5ab0a6c8da366231cf640 
Number of updated asset objects reloaded before import = 0
Number of asset objects unloaded after import = 0
========================================================================
Received Import Request.
  Time of request: 2026-08-24T15:04:01.5415575Z
  Time since last request: 0.0006284 seconds.
  importAddress: GUID: 2c9ebc5b5de64494eb66e1f3eb755731 - Path: Assets/Skybox/Skybox Cubemap Extended/Demo/Settings/Demo.asset - Importer: ScriptedImporter/UnityEditor.QuickSearchModule:UnityEditor.Search:ASIAI0B
Importing 'GUID: 2c9ebc5b5de64494eb66e1f3eb755731 - Path: Assets/Skybox/Skybox Cubemap Extended/Demo/Settings/Demo.asset - Importer: ScriptedImporter/UnityEditor.QuickSearchModule:UnityEditor.Search:ASIAI0B' with importer (ScriptedImporter : UnityEditor.QuickSearchModule:UnityEditor.Search:ASIAI0B)
Imported 'GUID: 2c9ebc5b5de64494eb66e1f3eb755731' -> (Import Result ID: '91f58947e7e030eb7c17686691565da9') in 0.005 seconds [static and dynamic dependencies]. Details - ImportResultOutputID=28648e92e37ad1787c33cb42eed82ee7 DependenciesID=d4ae66fd5593c1945f453eb26c372545 StaticDependenciesID=95844427227186319fbba668ef7eac5e 
Number of updated asset objects reloaded before import = 0
Number of asset objects unloaded after import = 1
========================================================================
Received Import Request.
  Time of request: 2026-08-24T15:04:01.581909Z
  Time since last request: 0.0198061 seconds.
  importAddress: GUID: 6135bab8d3d57a642b2158eb4fb11427 - Path: Assets/Plugins & Utilities/DA-Shared/Editor/DAInspector/Sprites/logo_dab.png - Importer: ScriptedImporter/UnityEditor.QuickSearchModule:UnityEditor.Search:ASIAI0B
Importing 'GUID: 6135bab8d3d57a642b2158eb4fb11427 - Path: Assets/Plugins & Utilities/DA-Shared/Editor/DAInspector/Sprites/logo_dab.png - Importer: ScriptedImporter/UnityEditor.QuickSearchModule:UnityEditor.Search:ASIAI0B' with importer (ScriptedImporter : UnityEditor.QuickSearchModule:UnityEditor.Search:ASIAI0B)
Imported 'GUID: 6135bab8d3d57a642b2158eb4fb11427' -> (Import Result ID: 'c96a456e7f3f1c6dceb9fd680d0010f0') in 0.032 seconds [static and dynamic dependencies]. Details - ImportResultOutputID=cff7e28820aef1dabdaeb9d1e7cfa950 DependenciesID=c152f91f4128752ec0b39fcac7229c27 StaticDependenciesID=a2658d7e6350bc957877f0aabcf08ac2 
Number of updated asset objects reloaded before import = 0
Number of asset objects unloaded after import = 3
========================================================================
Received Import Request.
  Time of request: 2026-08-24T15:04:01.6276982Z
  Time since last request: 0.0005128 seconds.
  importAddress: GUID: d8e3039a00c54f89a570bbde07b4932d - Path: Assets/Plugins & Utilities/DA-Shared/Assembly/SVGMeshUnity/Internals/Int2.cs - Importer: ScriptedImporter/UnityEditor.QuickSearchModule:UnityEditor.Search:ASIAI0B
Importing 'GUID: d8e3039a00c54f89a570bbde07b4932d - Path: Assets/Plugins & Utilities/DA-Shared/Assembly/SVGMeshUnity/Internals/Int2.cs - Importer: ScriptedImporter/UnityEditor.QuickSearchModule:UnityEditor.Search:ASIAI0B' with importer (ScriptedImporter : UnityEditor.QuickSearchModule:UnityEditor.Search:ASIAI0B)
Imported 'GUID: d8e3039a00c54f89a570bbde07b4932d' -> (Import Result ID: '848c452620e39f2f32bd0df2e70ff606') in 0.006 seconds [static and dynamic dependencies]. Details - ImportResultOutputID=6f52d772ce9545315e261e5bd949a9f8 DependenciesID=cd166d79fac389dcbde613355edd805a StaticDependenciesID=c94cba5ec3b02b10a2fef22316f22941 
Number of updated asset objects reloaded before import = 0
Number of asset objects unloaded after import = 0
========================================================================
Received Import Request.
  Time of request: 2026-08-24T15:04:01.6482481Z
  Time since last request: 0.0005917 seconds.
  importAddress: GUID: 9c519ff7a76c605449d54377aa8c940f - Path: Assets/Plugins & Utilities/DA-Shared/Editor/DAInspector/Sprites/icon_search.png - Importer: ScriptedImporter/UnityEditor.QuickSearchModule:UnityEditor.Search:ASIAI0B
Importing 'GUID: 9c519ff7a76c605449d54377aa8c940f - Path: Assets/Plugins & Utilities/DA-Shared/Editor/DAInspector/Sprites/icon_search.png - Importer: ScriptedImporter/UnityEditor.QuickSearchModule:UnityEditor.Search:ASIAI0B' with importer (ScriptedImporter : UnityEditor.QuickSearchModule:UnityEditor.Search:ASIAI0B)
Imported 'GUID: 9c519ff7a76c605449d54377aa8c940f' -> (Import Result ID: 'dd41af6f2c9abde2452c77e83c8a550e') in 0.027 seconds [static and dynamic dependencies]. Details - ImportResultOutputID=51a5a3c982a11760cfded46cf39fdc5b DependenciesID=f16ebd6e12accf0d36236f9936ae18b8 StaticDependenciesID=98a5b6ceea9a63fd1751a878c42b3382 
Number of updated asset objects reloaded before import = 0
Number of asset objects unloaded after import = 1
========================================================================
Received Import Request.
  Time of request: 2026-08-24T15:04:01.6902567Z
  Time since last request: 0.0005255 seconds.
  importAddress: GUID: 927c82ee9d3e8484093b5f8a7219f179 - Path: Assets/Plugins & Utilities/DA-Shared/Editor/DAInspector/Sprites/img_star.png - Importer: ScriptedImporter/UnityEditor.QuickSearchModule:UnityEditor.Search:ASIAI0B
Importing 'GUID: 927c82ee9d3e8484093b5f8a7219f179 - Path: Assets/Plugins & Utilities/DA-Shared/Editor/DAInspector/Sprites/img_star.png - Importer: ScriptedImporter/UnityEditor.QuickSearchModule:UnityEditor.Search:ASIAI0B' with importer (ScriptedImporter : UnityEditor.QuickSearchModule:UnityEditor.Search:ASIAI0B)
Imported 'GUID: 927c82ee9d3e8484093b5f8a7219f179' -> (Import Result ID: '7c44e1a3983d9ca410e46aadef2c6323') in 0.022 seconds [static and dynamic dependencies]. Details - ImportResultOutputID=559363766c4c61ceac585a77c705bfdd DependenciesID=3f7c140668ed8c4c0da5330f8705c2be StaticDependenciesID=0836e6d20f03009d39a7156f907ea98d 
Number of updated asset objects reloaded before import = 0
Number of asset objects unloaded after import = 1
========================================================================
Received Import Request.
  Time of request: 2026-08-24T15:04:01.727743Z
  Time since last request: 0.0004648 seconds.
  importAddress: GUID: e28a45c2e0c50e649af6a4bc635b01cc - Path: Assets/Plugins & Utilities/DA-Shared/Assembly/SVGMeshUnity/LICENSES/two-product.txt - Importer: ScriptedImporter/UnityEditor.QuickSearchModule:UnityEditor.Search:ASIAI0B
Importing 'GUID: e28a45c2e0c50e649af6a4bc635b01cc - Path: Assets/Plugins & Utilities/DA-Shared/Assembly/SVGMeshUnity/LICENSES/two-product.txt - Importer: ScriptedImporter/UnityEditor.QuickSearchModule:UnityEditor.Search:ASIAI0B' with importer (ScriptedImporter : UnityEditor.QuickSearchModule:UnityEditor.Search:ASIAI0B)
Imported 'GUID: e28a45c2e0c50e649af6a4bc635b01cc' -> (Import Result ID: '592d0fba0d4bbd92354c7ade84794ff8') in 0.005 seconds [static and dynamic dependencies]. Details - ImportResultOutputID=386d7f14f0cbec5e9c1b6643e7c9c600 DependenciesID=7d1f055524ca7978cbbf7e03203c431b StaticDependenciesID=9e420a60a4479b037ccc13ffddaa5b8e 
Number of updated asset objects reloaded before import = 0
Number of asset objects unloaded after import = 1
========================================================================
Received Import Request.
  Time of request: 2026-08-24T15:04:01.7475302Z
  Time since last request: 0.0004801 seconds.
  importAddress: GUID: 4e9185cc3eef4289807b77668196dd7f - Path: Assets/Plugins & Utilities/DA-Shared/Assembly/SVGMeshUnity/Internals/WorkBufferPool.cs - Importer: ScriptedImporter/UnityEditor.QuickSearchModule:UnityEditor.Search:ASIAI0B
Importing 'GUID: 4e9185cc3eef4289807b77668196dd7f - Path: Assets/Plugins & Utilities/DA-Shared/Assembly/SVGMeshUnity/Internals/WorkBufferPool.cs - Importer: ScriptedImporter/UnityEditor.QuickSearchModule:UnityEditor.Search:ASIAI0B' with importer (ScriptedImporter : UnityEditor.QuickSearchModule:UnityEditor.Search:ASIAI0B)
Imported 'GUID: 4e9185cc3eef4289807b77668196dd7f' -> (Import Result ID: 'f808264c6b57814bc3c67566c9bf7615') in 0.005 seconds [static and dynamic dependencies]. Details - ImportResultOutputID=c48f65502a81bcb5173763357ddd03b9 DependenciesID=9ae8e2af9f04f7345998e5e6cd6a731d StaticDependenciesID=69b5f96a4ca6e73f677d2c65039612c4 
Number of updated asset objects reloaded before import = 0
Number of asset objects unloaded after import = 0
========================================================================
Received Import Request.
  Time of request: 2026-08-24T15:04:01.7660448Z
  Time since last request: 0.0005486 seconds.
  importAddress: GUID: 518c1f26691e43c3a27c0837c39e25f4 - Path: Assets/Plugins & Utilities/DA-Shared/Assembly/SVGMeshUnity/Internals/Int3.cs - Importer: ScriptedImporter/UnityEditor.QuickSearchModule:UnityEditor.Search:ASIAI0B
Importing 'GUID: 518c1f26691e43c3a27c0837c39e25f4 - Path: Assets/Plugins & Utilities/DA-Shared/Assembly/SVGMeshUnity/Internals/Int3.cs - Importer: ScriptedImporter/UnityEditor.QuickSearchModule:UnityEditor.Search:ASIAI0B' with importer (ScriptedImporter : UnityEditor.QuickSearchModule:UnityEditor.Search:ASIAI0B)
Imported 'GUID: 518c1f26691e43c3a27c0837c39e25f4' -> (Import Result ID: 'fdeaeb2258e10c703f5a92ad9250530c') in 0.005 seconds [static and dynamic dependencies]. Details - ImportResultOutputID=b27590f601937fa200bb6f1ce257f0c5 DependenciesID=741198f65569d7646e5ad9f595f9f0a5 StaticDependenciesID=935798246595a457ab9ade9c1e29203e 
Number of updated asset objects reloaded before import = 0
Number of asset objects unloaded after import = 0
========================================================================
Received Import Request.
  Time of request: 2026-08-24T15:04:01.7849817Z
  Time since last request: 0.0004384 seconds.
  importAddress: GUID: 02d5a40d3919ea449bd59bcd76fa4322 - Path: Assets/Plugins & Utilities/DA-Shared/Editor/DAInspector/Sprites/ham_tabs_bg.png - Importer: ScriptedImporter/UnityEditor.QuickSearchModule:UnityEditor.Search:ASIAI0B
Importing 'GUID: 02d5a40d3919ea449bd59bcd76fa4322 - Path: Assets/Plugins & Utilities/DA-Shared/Editor/DAInspector/Sprites/ham_tabs_bg.png - Importer: ScriptedImporter/UnityEditor.QuickSearchModule:UnityEditor.Search:ASIAI0B' with importer (ScriptedImporter : UnityEditor.QuickSearchModule:UnityEditor.Search:ASIAI0B)
Imported 'GUID: 02d5a40d3919ea449bd59bcd76fa4322' -> (Import Result ID: '80f6935f6717d9c45f1b005ed9dc69bb') in 0.022 seconds [static and dynamic dependencies]. Details - ImportResultOutputID=ef840e110ffe71f623a6eff171ebe5c4 DependenciesID=7982dca33b08112a2254722ade55ffb9 StaticDependenciesID=3a8ec6d737c6c0d8836966fa884a14fa 
Number of updated asset objects reloaded before import = 0
Number of asset objects unloaded after import = 1
========================================================================
Received Import Request.
  Time of request: 2026-08-24T15:04:01.8204382Z
  Time since last request: 0.0005844 seconds.
  importAddress: GUID: c41005c129ba4d66911b75229fd70b45 - Path: Assets/UI/TextMesh Pro/Resources/Sprite Assets/EmojiOne.asset - Importer: ScriptedImporter/UnityEditor.QuickSearchModule:UnityEditor.Search:ASIAI0B
Importing 'GUID: c41005c129ba4d66911b75229fd70b45 - Path: Assets/UI/TextMesh Pro/Resources/Sprite Assets/EmojiOne.asset - Importer: ScriptedImporter/UnityEditor.QuickSearchModule:UnityEditor.Search:ASIAI0B' with importer (ScriptedImporter : UnityEditor.QuickSearchModule:UnityEditor.Search:ASIAI0B)
Imported 'GUID: c41005c129ba4d66911b75229fd70b45' -> (Import Result ID: '20847bc1a496e8d6a56a37219967c2a8') in 0.012 seconds [static and dynamic dependencies]. Details - ImportResultOutputID=8f059af6f7eb4d2fe66ecfb420e13234 DependenciesID=bd117673ff257470eabe1455c6ce4966 StaticDependenciesID=d51c0572793661d99252effd7f9be4ec 
Number of updated asset objects reloaded before import = 0
Number of asset objects unloaded after import = 3
========================================================================
Received Import Request.
  Time of request: 2026-08-24T15:04:01.847067Z
  Time since last request: 0.0004905 seconds.
  importAddress: GUID: 2e498d1c8094910479dc3e1b768306a4 - Path: Assets/UI/TextMesh Pro/Resources/Fonts & Materials/LiberationSans SDF - Fallback.asset - Importer: ScriptedImporter/UnityEditor.QuickSearchModule:UnityEditor.Search:ASIAI0B
Importing 'GUID: 2e498d1c8094910479dc3e1b768306a4 - Path: Assets/UI/TextMesh Pro/Resources/Fonts & Materials/LiberationSans SDF - Fallback.asset - Importer: ScriptedImporter/UnityEditor.QuickSearchModule:UnityEditor.Search:ASIAI0B' with importer (ScriptedImporter : UnityEditor.QuickSearchModule:UnityEditor.Search:ASIAI0B)
Imported 'GUID: 2e498d1c8094910479dc3e1b768306a4' -> (Import Result ID: '93af10a3f1a319be042fd9920ff4c1fb') in 0.022 seconds [static and dynamic dependencies]. Details - ImportResultOutputID=749e325ce67a57b755ab9519f7fab30d DependenciesID=fa13bef3f3b92ebc3cc9a4c65c0735ea StaticDependenciesID=efd93c0481d76f2ed47f609de1a4cd10 
Number of updated asset objects reloaded before import = 0
Number of asset objects unloaded after import = 5
========================================================================
Received Import Request.
  Time of request: 2026-08-24T15:04:01.8828625Z
  Time since last request: 0.0005152 seconds.
  importAddress: GUID: 79459efec17a4d00a321bdcc27bbc385 - Path: Assets/UI/TextMesh Pro/Resources/Fonts & Materials/LiberationSans SDF - Outline.mat - Importer: ScriptedImporter/UnityEditor.QuickSearchModule:UnityEditor.Search:ASIAI0B
Importing 'GUID: 79459efec17a4d00a321bdcc27bbc385 - Path: Assets/UI/TextMesh Pro/Resources/Fonts & Materials/LiberationSans SDF - Outline.mat - Importer: ScriptedImporter/UnityEditor.QuickSearchModule:UnityEditor.Search:ASIAI0B' with importer (ScriptedImporter : UnityEditor.QuickSearchModule:UnityEditor.Search:ASIAI0B)
Imported 'GUID: 79459efec17a4d00a321bdcc27bbc385' -> (Import Result ID: '4bd702fee6efc1a53286652cbd38e96e') in 0.017 seconds [static and dynamic dependencies]. Details - ImportResultOutputID=15d7395852b2b977c34a08c2f3212f68 DependenciesID=96a26799bab19a926341304dd9310e5c StaticDependenciesID=6cb701c94de2558eb50e6d8bf0e550f2 
Number of updated asset objects reloaded before import = 0
Number of asset objects unloaded after import = 2
========================================================================
Received Import Request.
  Time of request: 2026-08-24T15:04:01.914093Z
  Time since last request: 0.00024 seconds.
  importAddress: GUID: 194213485063a984b98ce9410892267a - Path: Assets/Plugins & Utilities/FMOD/addons/ResonanceAudio/Editor/FMODUnityResonanceEditor.asmdef - Importer: ScriptedImporter/UnityEditor.QuickSearchModule:UnityEditor.Search:ASIAI0B
Importing 'GUID: 194213485063a984b98ce9410892267a - Path: Assets/Plugins & Utilities/FMOD/addons/ResonanceAudio/Editor/FMODUnityResonanceEditor.asmdef - Importer: ScriptedImporter/UnityEditor.QuickSearchModule:UnityEditor.Search:ASIAI0B' with importer (ScriptedImporter : UnityEditor.QuickSearchModule:UnityEditor.Search:ASIAI0B)
Imported 'GUID: 194213485063a984b98ce9410892267a' -> (Import Result ID: '96745c762b4afb7490956b80ecbef179') in 0.022 seconds [static and dynamic dependencies]. Details - ImportResultOutputID=62148591455a940acb60c46ee8e45585 DependenciesID=4cabe2984f7e9e77d892255091264a73 StaticDependenciesID=b54c00a169d99cdf974fdc5a41420b39 
Number of updated asset objects reloaded before import = 0
Number of asset objects unloaded after import = 1
========================================================================
Received Import Request.
  Time of request: 2026-08-24T15:04:01.9501361Z
  Time since last request: 0.0005397 seconds.
  importAddress: GUID: 17d4ca1991e396d4abf7d125d68b1a99 - Path: Assets/Plugins & Utilities/DA-Shared/Editor/DAInspector/Sprites/icon_expand_window.png - Importer: ScriptedImporter/UnityEditor.QuickSearchModule:UnityEditor.Search:ASIAI0B
Importing 'GUID: 17d4ca1991e396d4abf7d125d68b1a99 - Path: Assets/Plugins & Utilities/DA-Shared/Editor/DAInspector/Sprites/icon_expand_window.png - Importer: ScriptedImporter/UnityEditor.QuickSearchModule:UnityEditor.Search:ASIAI0B' with importer (ScriptedImporter : UnityEditor.QuickSearchModule:UnityEditor.Search:ASIAI0B)
Imported 'GUID: 17d4ca1991e396d4abf7d125d68b1a99' -> (Import Result ID: '96ed3902e41dc92c3f93c72d6e034fc1') in 0.023 seconds [static and dynamic dependencies]. Details - ImportResultOutputID=6c619171c6d4d03b4e3e27fb2650a74c DependenciesID=40268e4aec059bceb60b03c102a7760d StaticDependenciesID=421549ff1f87cc89ad62ca2a1e3d1f28 
Number of updated asset objects reloaded before import = 0
Number of asset objects unloaded after import = 1
========================================================================
Received Import Request.
  Time of request: 2026-08-24T15:04:01.987454Z
  Time since last request: 0.0005286 seconds.
  importAddress: GUID: aff55329990286a448952ec0acb9b26b - Path: Assets/Plugins & Utilities/DA-Shared/Assembly/SVGMeshUnity/LICENSES/binary-search-bounds.txt - Importer: ScriptedImporter/UnityEditor.QuickSearchModule:UnityEditor.Search:ASIAI0B
Importing 'GUID: aff55329990286a448952ec0acb9b26b - Path: Assets/Plugins & Utilities/DA-Shared/Assembly/SVGMeshUnity/LICENSES/binary-search-bounds.txt - Importer: ScriptedImporter/UnityEditor.QuickSearchModule:UnityEditor.Search:ASIAI0B' with importer (ScriptedImporter : UnityEditor.QuickSearchModule:UnityEditor.Search:ASIAI0B)
Imported 'GUID: aff55329990286a448952ec0acb9b26b' -> (Import Result ID: '8dacf2f67f73b9f8400184c580a765ff') in 0.005 seconds [static and dynamic dependencies]. Details - ImportResultOutputID=482dde807ec8ce44a8c984e36d9b0013 DependenciesID=a353fa8d60a639eae4a21ad44147bcd5 StaticDependenciesID=f1547b31d14ce291715face9ea2fd415 
Number of updated asset objects reloaded before import = 0
Number of asset objects unloaded after import = 1
========================================================================
Received Import Request.
  Time of request: 2026-08-24T15:04:02.0070032Z
  Time since last request: 0.0005125 seconds.
  importAddress: GUID: a19262a26536c554680b25a0ce338e33 - Path: Assets/Plugins & Utilities/DA-Shared/Editor/DAInspector/Sprites/icon_expand_closed.png - Importer: ScriptedImporter/UnityEditor.QuickSearchModule:UnityEditor.Search:ASIAI0B
Importing 'GUID: a19262a26536c554680b25a0ce338e33 - Path: Assets/Plugins & Utilities/DA-Shared/Editor/DAInspector/Sprites/icon_expand_closed.png - Importer: ScriptedImporter/UnityEditor.QuickSearchModule:UnityEditor.Search:ASIAI0B' with importer (ScriptedImporter : UnityEditor.QuickSearchModule:UnityEditor.Search:ASIAI0B)
Imported 'GUID: a19262a26536c554680b25a0ce338e33' -> (Import Result ID: 'eef343ff8c1bd5666487c8d65baa1e81') in 0.026 seconds [static and dynamic dependencies]. Details - ImportResultOutputID=c0d2575d02a4fc30ce6bde81e6d3dd40 DependenciesID=f456c0ff122f2e39cd149c0a517a5aef StaticDependenciesID=f4f5360f868a08bc5b3b4dc94f05a15b 
Number of updated asset objects reloaded before import = 0
Number of asset objects unloaded after import = 1
========================================================================
Received Import Request.
  Time of request: 2026-08-24T15:04:02.048101Z
  Time since last request: 0.0005534 seconds.
  importAddress: GUID: d03cbb733b9202a40980196cb50604b7 - Path: Assets/Plugins & Utilities/DA-Shared/Editor/DAInspector/Sprites/logo_dag.png - Importer: ScriptedImporter/UnityEditor.QuickSearchModule:UnityEditor.Search:ASIAI0B
Importing 'GUID: d03cbb733b9202a40980196cb50604b7 - Path: Assets/Plugins & Utilities/DA-Shared/Editor/DAInspector/Sprites/logo_dag.png - Importer: ScriptedImporter/UnityEditor.QuickSearchModule:UnityEditor.Search:ASIAI0B' with importer (ScriptedImporter : UnityEditor.QuickSearchModule:UnityEditor.Search:ASIAI0B)
Imported 'GUID: d03cbb733b9202a40980196cb50604b7' -> (Import Result ID: '542db95d11117ee87f8cfa020c712d4c') in 0.026 seconds [static and dynamic dependencies]. Details - ImportResultOutputID=8d7120bfbf9675584cc4f09f91b12206 DependenciesID=3e9750fba5fc8fc1654d79b87a6d095d StaticDependenciesID=0a0163bdcfb0703fc3c19d449f29c2ac 
Number of updated asset objects reloaded before import = 0
Number of asset objects unloaded after import = 3
========================================================================
Received Import Request.
  Time of request: 2026-08-24T15:04:02.0879877Z
  Time since last request: 0.000469 seconds.
  importAddress: GUID: 81946ec875d4d354cbd68a4a1d935e82 - Path: Assets/Plugins & Utilities/DA-Shared/Editor/DAInspector/Sprites/icon_corner_top_left.png - Importer: ScriptedImporter/UnityEditor.QuickSearchModule:UnityEditor.Search:ASIAI0B
Importing 'GUID: 81946ec875d4d354cbd68a4a1d935e82 - Path: Assets/Plugins & Utilities/DA-Shared/Editor/DAInspector/Sprites/icon_corner_top_left.png - Importer: ScriptedImporter/UnityEditor.QuickSearchModule:UnityEditor.Search:ASIAI0B' with importer (ScriptedImporter : UnityEditor.QuickSearchModule:UnityEditor.Search:ASIAI0B)
Imported 'GUID: 81946ec875d4d354cbd68a4a1d935e82' -> (Import Result ID: '5e3d29889564bb4d81aa33188313e384') in 0.023 seconds [static and dynamic dependencies]. Details - ImportResultOutputID=f5c74b9bbe289660daf034e6678f5f78 DependenciesID=b359157ed322614a55c96a5351e1576a StaticDependenciesID=c8e1e6f1b4a4000de08f2b9b18dd8765 
Number of updated asset objects reloaded before import = 0
Number of asset objects unloaded after import = 1
========================================================================
Received Import Request.
  Time of request: 2026-08-24T15:04:02.1239281Z
  Time since last request: 0.0004999 seconds.
  importAddress: GUID: 84c1e5d966ac4a84d97fb7015b30c202 - Path: Assets/Plugins & Utilities/DA-Shared/Editor/DAInspector/Sprites/icon_settings.png - Importer: ScriptedImporter/UnityEditor.QuickSearchModule:UnityEditor.Search:ASIAI0B
Importing 'GUID: 84c1e5d966ac4a84d97fb7015b30c202 - Path: Assets/Plugins & Utilities/DA-Shared/Editor/DAInspector/Sprites/icon_settings.png - Importer: ScriptedImporter/UnityEditor.QuickSearchModule:UnityEditor.Search:ASIAI0B' with importer (ScriptedImporter : UnityEditor.QuickSearchModule:UnityEditor.Search:ASIAI0B)
Imported 'GUID: 84c1e5d966ac4a84d97fb7015b30c202' -> (Import Result ID: '521f250f2be9dec7c8d1c76a1d56b6bf') in 0.026 seconds [static and dynamic dependencies]. Details - ImportResultOutputID=5b779db7eee9975a4acd3e3456e77228 DependenciesID=4ea5ef70a6eb3b141273b71e7448b940 StaticDependenciesID=709e344ad43c730223103f813059e0d2 
Number of updated asset objects reloaded before import = 0
Number of asset objects unloaded after import = 1
========================================================================
Received Import Request.
  Time of request: 2026-08-24T15:04:02.1633267Z
  Time since last request: 0.000484 seconds.
  importAddress: GUID: 2c4cbc58ab405e249915c542e4b7f58d - Path: Assets/Plugins & Utilities/DA-Shared/Editor/DAInspector/Sprites/box_no_frame.png - Importer: ScriptedImporter/UnityEditor.QuickSearchModule:UnityEditor.Search:ASIAI0B
Importing 'GUID: 2c4cbc58ab405e249915c542e4b7f58d - Path: Assets/Plugins & Utilities/DA-Shared/Editor/DAInspector/Sprites/box_no_frame.png - Importer: ScriptedImporter/UnityEditor.QuickSearchModule:UnityEditor.Search:ASIAI0B' with importer (ScriptedImporter : UnityEditor.QuickSearchModule:UnityEditor.Search:ASIAI0B)
Imported 'GUID: 2c4cbc58ab405e249915c542e4b7f58d' -> (Import Result ID: '50df259475073adebf0514d230ccce34') in 0.022 seconds [static and dynamic dependencies]. Details - ImportResultOutputID=a85685f9106aca3a0fdd143690404fd2 DependenciesID=a5ec477653f2cf3f0b9590f8c5ac4144 StaticDependenciesID=5e69c100a36c7899d9174913f63e63c7 
Number of updated asset objects reloaded before import = 0
Number of asset objects unloaded after import = 1
========================================================================
Received Import Request.
  Time of request: 2026-08-24T15:04:02.1980768Z
  Time since last request: 0.0003577 seconds.
  importAddress: GUID: f34a9ac8ecf93654383cf477618f5a4d - Path: Assets/Plugins & Utilities/DA-Shared/Assembly/SVGMeshUnity/LICENSES/SVGMeshUnity.txt - Importer: ScriptedImporter/UnityEditor.QuickSearchModule:UnityEditor.Search:ASIAI0B
Importing 'GUID: f34a9ac8ecf93654383cf477618f5a4d - Path: Assets/Plugins & Utilities/DA-Shared/Assembly/SVGMeshUnity/LICENSES/SVGMeshUnity.txt - Importer: ScriptedImporter/UnityEditor.QuickSearchModule:UnityEditor.Search:ASIAI0B' with importer (ScriptedImporter : UnityEditor.QuickSearchModule:UnityEditor.Search:ASIAI0B)
Imported 'GUID: f34a9ac8ecf93654383cf477618f5a4d' -> (Import Result ID: '1e8cc61f8b15be91b761185e9b426924') in 0.006 seconds [static and dynamic dependencies]. Details - ImportResultOutputID=58779da425845c02c4cfa035a2dcdcb3 DependenciesID=7f52111f9ebe085cbc5551d21766dcfc StaticDependenciesID=5eb24af6039afaf85fb5a1643baeb09c 
Number of updated asset objects reloaded before import = 0
Number of asset objects unloaded after import = 1
========================================================================
Received Import Request.
  Time of request: 2026-08-24T15:04:02.21768Z
  Time since last request: 0.000405 seconds.
  importAddress: GUID: 0de7d4f08a6ada44cb8f55ec6e85e9f9 - Path: Assets/Plugins & Utilities/DA-Shared/Editor/DAInspector/Sprites/box_frame.png - Importer: ScriptedImporter/UnityEditor.QuickSearchModule:UnityEditor.Search:ASIAI0B
Importing 'GUID: 0de7d4f08a6ada44cb8f55ec6e85e9f9 - Path: Assets/Plugins & Utilities/DA-Shared/Editor/DAInspector/Sprites/box_frame.png - Importer: ScriptedImporter/UnityEditor.QuickSearchModule:UnityEditor.Search:ASIAI0B' with importer (ScriptedImporter : UnityEditor.QuickSearchModule:UnityEditor.Search:ASIAI0B)
Imported 'GUID: 0de7d4f08a6ada44cb8f55ec6e85e9f9' -> (Import Result ID: '97dfa8dced2f253806333cef390c3490') in 0.029 seconds [static and dynamic dependencies]. Details - ImportResultOutputID=f6ceba0bce131b7449e5f6e1194c6333 DependenciesID=4355ded174d0841a22f5143ed1823430 StaticDependenciesID=aedc6bc29ca26c811fe1260533dd5520 
Number of updated asset objects reloaded before import = 0
Number of asset objects unloaded after import = 1
========================================================================
Received Import Request.
  Time of request: 2026-08-24T15:04:02.2607997Z
  Time since last request: 0.0009459 seconds.
  importAddress: GUID: 45e00e0ff17e8d74e83bf51f3556c7c5 - Path: Assets/Plugins & Utilities/DA-Shared/Editor/DAInspector/Sprites/icon_corners.png - Importer: ScriptedImporter/UnityEditor.QuickSearchModule:UnityEditor.Search:ASIAI0B
Importing 'GUID: 45e00e0ff17e8d74e83bf51f3556c7c5 - Path: Assets/Plugins & Utilities/DA-Shared/Editor/DAInspector/Sprites/icon_corners.png - Importer: ScriptedImporter/UnityEditor.QuickSearchModule:UnityEditor.Search:ASIAI0B' with importer (ScriptedImporter : UnityEditor.QuickSearchModule:UnityEditor.Search:ASIAI0B)
Imported 'GUID: 45e00e0ff17e8d74e83bf51f3556c7c5' -> (Import Result ID: '5abbf9f35c92b27ffc65bdf98631c2c6') in 0.024 seconds [static and dynamic dependencies]. Details - ImportResultOutputID=3720d7f6d83ded82caf1f34bb610e49d DependenciesID=4bbe392ba4bd7fddd642ccad1abb158a StaticDependenciesID=f17c1526f6ba090c0b003cc754bf3712 
Number of updated asset objects reloaded before import = 0
Number of asset objects unloaded after import = 1
========================================================================
Received Import Request.
  Time of request: 2026-08-24T15:04:02.298042Z
  Time since last request: 0.0004935 seconds.
  importAddress: GUID: fbe6eb7a4f46d5f4c938393a61959157 - Path: Assets/Plugins & Utilities/DA-Shared/Editor/DAInspector/Sprites/icon_hover.png - Importer: ScriptedImporter/UnityEditor.QuickSearchModule:UnityEditor.Search:ASIAI0B
Importing 'GUID: fbe6eb7a4f46d5f4c938393a61959157 - Path: Assets/Plugins & Utilities/DA-Shared/Editor/DAInspector/Sprites/icon_hover.png - Importer: ScriptedImporter/UnityEditor.QuickSearchModule:UnityEditor.Search:ASIAI0B' with importer (ScriptedImporter : UnityEditor.QuickSearchModule:UnityEditor.Search:ASIAI0B)
Imported 'GUID: fbe6eb7a4f46d5f4c938393a61959157' -> (Import Result ID: 'dfb881561db366a15468aa6f9f98224f') in 0.022 seconds [static and dynamic dependencies]. Details - ImportResultOutputID=31c4edd23260907a2b4af0c561e417a4 DependenciesID=0ab54baa35d6c8f0933fd3a30c1f28d4 StaticDependenciesID=0eb1561aeb8e7a5f166d40cad0ab87ca 
Number of updated asset objects reloaded before import = 0
Number of asset objects unloaded after import = 1
========================================================================
Received Import Request.
  Time of request: 2026-08-24T15:04:02.3338594Z
  Time since last request: 0.0011998 seconds.
  importAddress: GUID: 02f41ba2eacf22c40b748e00a62156e7 - Path: Assets/Plugins & Utilities/DA-Shared/Assembly/SVGMeshUnity/LICENSES/robust-scale.txt - Importer: ScriptedImporter/UnityEditor.QuickSearchModule:UnityEditor.Search:ASIAI0B
Importing 'GUID: 02f41ba2eacf22c40b748e00a62156e7 - Path: Assets/Plugins & Utilities/DA-Shared/Assembly/SVGMeshUnity/LICENSES/robust-scale.txt - Importer: ScriptedImporter/UnityEditor.QuickSearchModule:UnityEditor.Search:ASIAI0B' with importer (ScriptedImporter : UnityEditor.QuickSearchModule:UnityEditor.Search:ASIAI0B)
Imported 'GUID: 02f41ba2eacf22c40b748e00a62156e7' -> (Import Result ID: '224d7e1eb0f58f4c820968a340787559') in 0.006 seconds [static and dynamic dependencies]. Details - ImportResultOutputID=5cf4503f5e699b511b71bd3b5a642e6f DependenciesID=26a1c5b2ac029fc209775aa05895b023 StaticDependenciesID=9f6cfbdfb081c902a9a20af9d9a47458 
Number of updated asset objects reloaded before import = 0
Number of asset objects unloaded after import = 1
========================================================================
Received Import Request.
  Time of request: 2026-08-24T15:04:02.3528925Z
  Time since last request: 0.0005677 seconds.
  importAddress: GUID: 935c6716e27bd481e97897dd9e1de595 - Path: Assets/Plugins & Utilities/FMOD/addons/ResonanceAudio/Editor/FmodResonanceAudioRoomEditor.cs - Importer: ScriptedImporter/UnityEditor.QuickSearchModule:UnityEditor.Search:ASIAI0B
Importing 'GUID: 935c6716e27bd481e97897dd9e1de595 - Path: Assets/Plugins & Utilities/FMOD/addons/ResonanceAudio/Editor/FmodResonanceAudioRoomEditor.cs - Importer: ScriptedImporter/UnityEditor.QuickSearchModule:UnityEditor.Search:ASIAI0B' with importer (ScriptedImporter : UnityEditor.QuickSearchModule:UnityEditor.Search:ASIAI0B)
Imported 'GUID: 935c6716e27bd481e97897dd9e1de595' -> (Import Result ID: '431b9a61016edf554a940ac46e937d77') in 0.004 seconds [static and dynamic dependencies]. Details - ImportResultOutputID=21ff09df751199f4c8f037337eafeeb9 DependenciesID=75ddcb5e4a899af7d09eafaa7291fc47 StaticDependenciesID=b50ee490093e7edd1f0c6a9447f38f37 
Number of updated asset objects reloaded before import = 0
Number of asset objects unloaded after import = 0
========================================================================
Received Import Request.
  Time of request: 2026-08-24T15:04:02.3709078Z
  Time since last request: 0.0005868 seconds.
  importAddress: GUID: 215687feeab0b7445b4a1cd86c82c2e1 - Path: Assets/UI/TextMesh Pro/Resources/Sprite Assets/InlineIcons.png - Importer: ScriptedImporter/UnityEditor.QuickSearchModule:UnityEditor.Search:ASIAI0B
Importing 'GUID: 215687feeab0b7445b4a1cd86c82c2e1 - Path: Assets/UI/TextMesh Pro/Resources/Sprite Assets/InlineIcons.png - Importer: ScriptedImporter/UnityEditor.QuickSearchModule:UnityEditor.Search:ASIAI0B' with importer (ScriptedImporter : UnityEditor.QuickSearchModule:UnityEditor.Search:ASIAI0B)
Imported 'GUID: 215687feeab0b7445b4a1cd86c82c2e1' -> (Import Result ID: '3889e5f75b97e92c1c57d52a7b721419') in 0.148 seconds [static and dynamic dependencies]. Details - ImportResultOutputID=b4f82469d8ef1770ec588a3b885dec2c DependenciesID=f42c178b12485207b9ffa079fce48e00 StaticDependenciesID=60f82d6978f9dfd8b95515a953fe4387 
Number of updated asset objects reloaded before import = 0
Number of asset objects unloaded after import = 207
========================================================================
Received Import Request.
  Time of request: 2026-08-24T15:04:02.5323868Z
  Time since last request: 0.000021 seconds.
  importAddress: GUID: d58e0bc446ad770499a2f6af7fe04d5d - Path: Assets/Plugins & Utilities/DA-Shared/Editor/DAInspector/Sprites/icon_loop.png - Importer: ScriptedImporter/UnityEditor.QuickSearchModule:UnityEditor.Search:ASIAI0B
Importing 'GUID: d58e0bc446ad770499a2f6af7fe04d5d - Path: Assets/Plugins & Utilities/DA-Shared/Editor/DAInspector/Sprites/icon_loop.png - Importer: ScriptedImporter/UnityEditor.QuickSearchModule:UnityEditor.Search:ASIAI0B' with importer (ScriptedImporter : UnityEditor.QuickSearchModule:UnityEditor.Search:ASIAI0B)
Imported 'GUID: d58e0bc446ad770499a2f6af7fe04d5d' -> (Import Result ID: '06123ff3854625c76b074301bb7c6c28') in 0.022 seconds [static and dynamic dependencies]. Details - ImportResultOutputID=e9a9369addcff722b99c4e22e112d0be DependenciesID=91bd9174e96766acc0100018a1465074 StaticDependenciesID=dff70f700c07bd4ee4b29d90f22cab5e 
Number of updated asset objects reloaded before import = 0
Number of asset objects unloaded after import = 1
========================================================================
Received Import Request.
  Time of request: 2026-08-24T15:04:02.5673825Z
  Time since last request: 0.0004141 seconds.
  importAddress: GUID: d0446926ab40486abe8a0e4ab9380186 - Path: Assets/Plugins & Utilities/DA-Shared/Assembly/SVGMeshUnity/Internals/BezierToVertex.cs - Importer: ScriptedImporter/UnityEditor.QuickSearchModule:UnityEditor.Search:ASIAI0B
Importing 'GUID: d0446926ab40486abe8a0e4ab9380186 - Path: Assets/Plugins & Utilities/DA-Shared/Assembly/SVGMeshUnity/Internals/BezierToVertex.cs - Importer: ScriptedImporter/UnityEditor.QuickSearchModule:UnityEditor.Search:ASIAI0B' with importer (ScriptedImporter : UnityEditor.QuickSearchModule:UnityEditor.Search:ASIAI0B)
Imported 'GUID: d0446926ab40486abe8a0e4ab9380186' -> (Import Result ID: '9f482cabf25960364cc526f77318a1ab') in 0.004 seconds [static and dynamic dependencies]. Details - ImportResultOutputID=9539393e62328b4c91b9038f30b054f2 DependenciesID=876ea8fbaa2ba7a027a777837617204b StaticDependenciesID=c2102b37e54772076d95cda3444c7ab0 
Number of updated asset objects reloaded before import = 0
Number of asset objects unloaded after import = 0
========================================================================
Received Import Request.
  Time of request: 2026-08-24T15:04:02.5840989Z
  Time since last request: 0.0003901 seconds.
  importAddress: GUID: c936b27c38ea2aa48a89f7fa7d5820ad - Path: Assets/Plugins & Utilities/DA-Shared/Editor/DAInspector/Sprites/icon_interactable.png - Importer: ScriptedImporter/UnityEditor.QuickSearchModule:UnityEditor.Search:ASIAI0B
Importing 'GUID: c936b27c38ea2aa48a89f7fa7d5820ad - Path: Assets/Plugins & Utilities/DA-Shared/Editor/DAInspector/Sprites/icon_interactable.png - Importer: ScriptedImporter/UnityEditor.QuickSearchModule:UnityEditor.Search:ASIAI0B' with importer (ScriptedImporter : UnityEditor.QuickSearchModule:UnityEditor.Search:ASIAI0B)
Imported 'GUID: c936b27c38ea2aa48a89f7fa7d5820ad' -> (Import Result ID: 'bbb601e924c34f77505a1e71db127cef') in 0.025 seconds [static and dynamic dependencies]. Details - ImportResultOutputID=8c806ec9588b4ed40ba894cd978c0063 DependenciesID=82f821d03833892f9db5fa4e3c0536d7 StaticDependenciesID=04222b33c8d62eace844d7f855a2a518 
Number of updated asset objects reloaded before import = 0
Number of asset objects unloaded after import = 1
========================================================================
Received Import Request.
  Time of request: 2026-08-24T15:04:02.6363531Z
  Time since last request: 0.0150486 seconds.
  importAddress: GUID: 9aed261b7fbc24099a9b58cbbf374583 - Path: Assets/Plugins & Utilities/FMOD/platforms/ios/lib/libfmodstudiounitypluginsimulatorL.a - Importer: ScriptedImporter/UnityEditor.QuickSearchModule:UnityEditor.Search:ASIAI0B
Importing 'GUID: 9aed261b7fbc24099a9b58cbbf374583 - Path: Assets/Plugins & Utilities/FMOD/platforms/ios/lib/libfmodstudiounitypluginsimulatorL.a - Importer: ScriptedImporter/UnityEditor.QuickSearchModule:UnityEditor.Search:ASIAI0B' with importer (ScriptedImporter : UnityEditor.QuickSearchModule:UnityEditor.Search:ASIAI0B)
Imported 'GUID: 9aed261b7fbc24099a9b58cbbf374583' -> (Import Result ID: '819241c146a6322788b2538b1b631c54') in 0.007 seconds [static and dynamic dependencies]. Details - ImportResultOutputID=bb9aaac34777012effced8c79b43157d DependenciesID=8119184227260af7975e1d20b1e9792c StaticDependenciesID=7d2f6eeda75603eaae2965bcdcb809b1 
Number of updated asset objects reloaded before import = 0
Number of asset objects unloaded after import = 0
========================================================================
Received Import Request.
  Time of request: 2026-08-24T15:04:02.6551722Z
  Time since last request: 0.0004374 seconds.
  importAddress: GUID: 73549a74f689f0849a8271d9e908c514 - Path: Assets/Plugins & Utilities/FMOD/platforms/linux/src/PlatformLinux.cs - Importer: ScriptedImporter/UnityEditor.QuickSearchModule:UnityEditor.Search:ASIAI0B
Importing 'GUID: 73549a74f689f0849a8271d9e908c514 - Path: Assets/Plugins & Utilities/FMOD/platforms/linux/src/PlatformLinux.cs - Importer: ScriptedImporter/UnityEditor.QuickSearchModule:UnityEditor.Search:ASIAI0B' with importer (ScriptedImporter : UnityEditor.QuickSearchModule:UnityEditor.Search:ASIAI0B)
Imported 'GUID: 73549a74f689f0849a8271d9e908c514' -> (Import Result ID: 'a954c2774ac93286304275d97d0b41ef') in 0.006 seconds [static and dynamic dependencies]. Details - ImportResultOutputID=d8deded7b9503038accce4c7450efceb DependenciesID=4f4a4dd755e1741225858f558b0b2832 StaticDependenciesID=26c247d95950c68d27e6fdb6b55d7337 
Number of updated asset objects reloaded before import = 0
Number of asset objects unloaded after import = 0
========================================================================
Received Import Request.
  Time of request: 2026-08-24T15:04:02.6735658Z
  Time since last request: 0.0012396 seconds.
  importAddress: GUID: eb07497d1654ae94f943a421f9bfdcc5 - Path: Assets/UI/UI Asset/Documentation/UX/Flat Icons [Free]/Read Me.txt - Importer: ScriptedImporter/UnityEditor.QuickSearchModule:UnityEditor.Search:ASIAI0B
Importing 'GUID: eb07497d1654ae94f943a421f9bfdcc5 - Path: Assets/UI/UI Asset/Documentation/UX/Flat Icons [Free]/Read Me.txt - Importer: ScriptedImporter/UnityEditor.QuickSearchModule:UnityEditor.Search:ASIAI0B' with importer (ScriptedImporter : UnityEditor.QuickSearchModule:UnityEditor.Search:ASIAI0B)
Imported 'GUID: eb07497d1654ae94f943a421f9bfdcc5' -> (Import Result ID: '5d66d91f1251ed64b7ee5ab1b824d20b') in 0.005 seconds [static and dynamic dependencies]. Details - ImportResultOutputID=942b1985544759d297b35c6081dcaaa4 DependenciesID=c7b51308b34d7e82430b05ae46ada01f StaticDependenciesID=1c699b47fc542be8d800bdb8e95ebf30 
Number of updated asset objects reloaded before import = 0
Number of asset objects unloaded after import = 1
========================================================================
Received Import Request.
  Time of request: 2026-08-24T15:04:02.6910691Z
  Time since last request: 0.0009017 seconds.
  importAddress: GUID: 982978af662f9ea43b7979c7f61bbad3 - Path: Assets/Plugins & Utilities/FMOD/platforms/tvos/lib/libfmodstudiounitypluginL.a - Importer: ScriptedImporter/UnityEditor.QuickSearchModule:UnityEditor.Search:ASIAI0B
Importing 'GUID: 982978af662f9ea43b7979c7f61bbad3 - Path: Assets/Plugins & Utilities/FMOD/platforms/tvos/lib/libfmodstudiounitypluginL.a - Importer: ScriptedImporter/UnityEditor.QuickSearchModule:UnityEditor.Search:ASIAI0B' with importer (ScriptedImporter : UnityEditor.QuickSearchModule:UnityEditor.Search:ASIAI0B)
Imported 'GUID: 982978af662f9ea43b7979c7f61bbad3' -> (Import Result ID: 'f49a4377ad23d7479a791a6256d5dd4c') in 0.005 seconds [static and dynamic dependencies]. Details - ImportResultOutputID=02e9fdb4ffc8bd790dd94eb263fb9f80 DependenciesID=595b7715ebd56c4b446420a8bb13eb3b StaticDependenciesID=6162eb1fce7a60c0f16208a093e2f073 
Number of updated asset objects reloaded before import = 0
Number of asset objects unloaded after import = 0
========================================================================
Received Import Request.
  Time of request: 2026-08-24T15:04:02.709422Z
  Time since last request: 0.0004799 seconds.
  importAddress: GUID: 6f74d8321b529d948a7672da4ca54356 - Path: Assets/Plugins & Utilities/FMOD/platforms/android/lib/arm64-v8a/libfmodL.so - Importer: ScriptedImporter/UnityEditor.QuickSearchModule:UnityEditor.Search:ASIAI0B
Importing 'GUID: 6f74d8321b529d948a7672da4ca54356 - Path: Assets/Plugins & Utilities/FMOD/platforms/android/lib/arm64-v8a/libfmodL.so - Importer: ScriptedImporter/UnityEditor.QuickSearchModule:UnityEditor.Search:ASIAI0B' with importer (ScriptedImporter : UnityEditor.QuickSearchModule:UnityEditor.Search:ASIAI0B)
Imported 'GUID: 6f74d8321b529d948a7672da4ca54356' -> (Import Result ID: '22731610d8c3cb8fe6fedd0af894de76') in 0.006 seconds [static and dynamic dependencies]. Details - ImportResultOutputID=7f8518f6bd883fe1c95cac107b633937 DependenciesID=48c4f601fc9963db34857fcc6d38ce5a StaticDependenciesID=3b662ed894915aa5af566b5e7450695f 
Number of updated asset objects reloaded before import = 0
Number of asset objects unloaded after import = 0
========================================================================
Received Import Request.
  Time of request: 2026-08-24T15:04:02.7284414Z
  Time since last request: 0.0005957 seconds.
  importAddress: GUID: b4272fff569d2fa498322de72da8bfc2 - Path: Assets/UI/UI Asset/Samples/UX Examples/Flat Icons [Free]/Example Use Cases.unity - Importer: ScriptedImporter/UnityEditor.QuickSearchModule:UnityEditor.Search:ASIAI0B
Importing 'GUID: b4272fff569d2fa498322de72da8bfc2 - Path: Assets/UI/UI Asset/Samples/UX Examples/Flat Icons [Free]/Example Use Cases.unity - Importer: ScriptedImporter/UnityEditor.QuickSearchModule:UnityEditor.Search:ASIAI0B' with importer (ScriptedImporter : UnityEditor.QuickSearchModule:UnityEditor.Search:ASIAI0B)
Imported 'GUID: b4272fff569d2fa498322de72da8bfc2' -> (Import Result ID: 'e526885819aa245af5897585fe201522') in 0.026 seconds [static and dynamic dependencies]. Details - ImportResultOutputID=3521ce6411009f9b1cac56c623b6e2d9 DependenciesID=585b01d713c48a57ddbbe97de62fd3f0 StaticDependenciesID=91c2a44b459c747b0d2337bbf0bdc1f5 
Number of updated asset objects reloaded before import = 0
Number of asset objects unloaded after import = 1
========================================================================
Received Import Request.
  Time of request: 2026-08-24T15:04:02.7669855Z
  Time since last request: 0.0006192 seconds.
  importAddress: GUID: 7b1a5b0e7617bcf49885fb2dd09d7085 - Path: Assets/Plugins & Utilities/FMOD/platforms/android/lib/x86_64/libfmod.so - Importer: ScriptedImporter/UnityEditor.QuickSearchModule:UnityEditor.Search:ASIAI0B
Importing 'GUID: 7b1a5b0e7617bcf49885fb2dd09d7085 - Path: Assets/Plugins & Utilities/FMOD/platforms/android/lib/x86_64/libfmod.so - Importer: ScriptedImporter/UnityEditor.QuickSearchModule:UnityEditor.Search:ASIAI0B' with importer (ScriptedImporter : UnityEditor.QuickSearchModule:UnityEditor.Search:ASIAI0B)
Imported 'GUID: 7b1a5b0e7617bcf49885fb2dd09d7085' -> (Import Result ID: '1be53f0f40af0b1ae09892c45e31ad0b') in 0.006 seconds [static and dynamic dependencies]. Details - ImportResultOutputID=c62806cdf9dba618ec447e9e86165a72 DependenciesID=7cc4ff6146ec79377bfed8d35a606e6a StaticDependenciesID=3d3c467b18e105644009ea42bf6a7e92 
Number of updated asset objects reloaded before import = 0
Number of asset objects unloaded after import = 0
========================================================================
Received Import Request.
  Time of request: 2026-08-24T15:04:02.7849846Z
  Time since last request: 0.0004917 seconds.
  importAddress: GUID: bc1f51bc35d549941904cf062bae93a3 - Path: Assets/Plugins & Utilities/FMOD/platforms/ios/src/PlatformIOS.cs - Importer: ScriptedImporter/UnityEditor.QuickSearchModule:UnityEditor.Search:ASIAI0B
Importing 'GUID: bc1f51bc35d549941904cf062bae93a3 - Path: Assets/Plugins & Utilities/FMOD/platforms/ios/src/PlatformIOS.cs - Importer: ScriptedImporter/UnityEditor.QuickSearchModule:UnityEditor.Search:ASIAI0B' with importer (ScriptedImporter : UnityEditor.QuickSearchModule:UnityEditor.Search:ASIAI0B)
Imported 'GUID: bc1f51bc35d549941904cf062bae93a3' -> (Import Result ID: 'e7f102ccd1d342b1ea2be50294f9be0d') in 0.005 seconds [static and dynamic dependencies]. Details - ImportResultOutputID=9a153ebdb183b11d5b34e70a851711fa DependenciesID=774e79ac6d0eef2823f0286a6957a215 StaticDependenciesID=a36ba49b8d828e9891b3d8a8c8c6894c 
Number of updated asset objects reloaded before import = 0
Number of asset objects unloaded after import = 0
========================================================================
Received Import Request.
  Time of request: 2026-08-24T15:04:02.8017837Z
  Time since last request: 0.0004778 seconds.
  importAddress: GUID: 0e95029f987dfa248934eaa63745b504 - Path: Assets/Plugins & Utilities/FMOD/platforms/android/lib/armeabi-v7a/libfmodL.so - Importer: ScriptedImporter/UnityEditor.QuickSearchModule:UnityEditor.Search:ASIAI0B
Importing 'GUID: 0e95029f987dfa248934eaa63745b504 - Path: Assets/Plugins & Utilities/FMOD/platforms/android/lib/armeabi-v7a/libfmodL.so - Importer: ScriptedImporter/UnityEditor.QuickSearchModule:UnityEditor.Search:ASIAI0B' with importer (ScriptedImporter : UnityEditor.QuickSearchModule:UnityEditor.Search:ASIAI0B)
Imported 'GUID: 0e95029f987dfa248934eaa63745b504' -> (Import Result ID: '60a772bcb1ab0d482effec5a9ce5dfbb') in 0.006 seconds [static and dynamic dependencies]. Details - ImportResultOutputID=8c285c6577b16fd27fe3807f018b65ac DependenciesID=ed9ef479b20cefa8a0246faea040418b StaticDependenciesID=9c6aa468b9c91a78812ca4b507c0ce69 
Number of updated asset objects reloaded before import = 0
Number of asset objects unloaded after import = 0
========================================================================
Received Import Request.
  Time of request: 2026-08-24T15:04:02.8202144Z
  Time since last request: 0.0005287 seconds.
  importAddress: GUID: fb0aabfc61c4c1548ac6990286c84327 - Path: Assets/Plugins & Utilities/FMOD/platforms/android/lib/armeabi-v7a/libresonanceaudio.so - Importer: ScriptedImporter/UnityEditor.QuickSearchModule:UnityEditor.Search:ASIAI0B
Importing 'GUID: fb0aabfc61c4c1548ac6990286c84327 - Path: Assets/Plugins & Utilities/FMOD/platforms/android/lib/armeabi-v7a/libresonanceaudio.so - Importer: ScriptedImporter/UnityEditor.QuickSearchModule:UnityEditor.Search:ASIAI0B' with importer (ScriptedImporter : UnityEditor.QuickSearchModule:UnityEditor.Search:ASIAI0B)
Imported 'GUID: fb0aabfc61c4c1548ac6990286c84327' -> (Import Result ID: '1e64b3c9ea30cb8651cb70dbdad20020') in 0.009 seconds [static and dynamic dependencies]. Details - ImportResultOutputID=2deb17726fb4c3a0e66212f2bfb71f3f DependenciesID=d8a37fd0fc3f181555cdcd606b3c93ba StaticDependenciesID=af527c751cd2bf5a36c3618439893b7b 
Number of updated asset objects reloaded before import = 0
Number of asset objects unloaded after import = 0
========================================================================
Received Import Request.
  Time of request: 2026-08-24T15:04:02.8416549Z
  Time since last request: 0.000352 seconds.
  importAddress: GUID: 159cb3726937c6c498fa49eb627b0d96 - Path: Assets/Plugins & Utilities/FMOD/platforms/android/lib/arm64-v8a/libfmod.so - Importer: ScriptedImporter/UnityEditor.QuickSearchModule:UnityEditor.Search:ASIAI0B
Importing 'GUID: 159cb3726937c6c498fa49eb627b0d96 - Path: Assets/Plugins & Utilities/FMOD/platforms/android/lib/arm64-v8a/libfmod.so - Importer: ScriptedImporter/UnityEditor.QuickSearchModule:UnityEditor.Search:ASIAI0B' with importer (ScriptedImporter : UnityEditor.QuickSearchModule:UnityEditor.Search:ASIAI0B)
Imported 'GUID: 159cb3726937c6c498fa49eb627b0d96' -> (Import Result ID: 'b174c5c5d4a05d5f99229099729d9fac') in 0.006 seconds [static and dynamic dependencies]. Details - ImportResultOutputID=bb332b1212cf066b0007c6d32abeaf69 DependenciesID=bf0fadc8477e6c21f5b317f62c7eac57 StaticDependenciesID=8198ead5aa653ddd7df2b210e4d9b06f 
Number of updated asset objects reloaded before import = 0
Number of asset objects unloaded after import = 0
========================================================================
Received Import Request.
  Time of request: 2026-08-24T15:04:02.862249Z
  Time since last request: 0.0008253 seconds.
  importAddress: GUID: d92d0baf34dae0e4ea032a42bd6107c0 - Path: Assets/Plugins & Utilities/FMOD/platforms/mac/src/PlatformMac.cs - Importer: ScriptedImporter/UnityEditor.QuickSearchModule:UnityEditor.Search:ASIAI0B
Importing 'GUID: d92d0baf34dae0e4ea032a42bd6107c0 - Path: Assets/Plugins & Utilities/FMOD/platforms/mac/src/PlatformMac.cs - Importer: ScriptedImporter/UnityEditor.QuickSearchModule:UnityEditor.Search:ASIAI0B' with importer (ScriptedImporter : UnityEditor.QuickSearchModule:UnityEditor.Search:ASIAI0B)
Imported 'GUID: d92d0baf34dae0e4ea032a42bd6107c0' -> (Import Result ID: '6541425c45eb60e84ab9b1d3a352c248') in 0.005 seconds [static and dynamic dependencies]. Details - ImportResultOutputID=766d939bb17d6ef57071cbaf020a8d04 DependenciesID=810b007c7c3ca3e5b000c079ec8e1e61 StaticDependenciesID=42fe2090ade472a75fa7a9d6b83cb60a 
Number of updated asset objects reloaded before import = 0
Number of asset objects unloaded after import = 0
========================================================================
Received Import Request.
  Time of request: 2026-08-24T15:04:02.8800482Z
  Time since last request: 0.0008093 seconds.
  importAddress: GUID: cc7984acfd746420c810ab83b89887c4 - Path: Assets/Plugins & Utilities/FMOD/platforms/visionos/lib/libfmodstudioL_xrsimulator.a - Importer: ScriptedImporter/UnityEditor.QuickSearchModule:UnityEditor.Search:ASIAI0B
Importing 'GUID: cc7984acfd746420c810ab83b89887c4 - Path: Assets/Plugins & Utilities/FMOD/platforms/visionos/lib/libfmodstudioL_xrsimulator.a - Importer: ScriptedImporter/UnityEditor.QuickSearchModule:UnityEditor.Search:ASIAI0B' with importer (ScriptedImporter : UnityEditor.QuickSearchModule:UnityEditor.Search:ASIAI0B)
Imported 'GUID: cc7984acfd746420c810ab83b89887c4' -> (Import Result ID: 'ef8d1fe5b23186942807e0789b12ce33') in 0.006 seconds [static and dynamic dependencies]. Details - ImportResultOutputID=6a644b2e29a37cd1fb33a23280da0719 DependenciesID=e797e6ff239ffe93d6fa24ed22f95b20 StaticDependenciesID=cf18a489e351092865feaa4faa4bd25b 
Number of updated asset objects reloaded before import = 0
Number of asset objects unloaded after import = 0
========================================================================
Received Import Request.
  Time of request: 2026-08-24T15:04:02.8988835Z
  Time since last request: 0.000476 seconds.
  importAddress: GUID: 9660e62d6232af242877f0cc2b90c63d - Path: Assets/Plugins & Utilities/FMOD/platforms/win/src/PlatformWindows.cs - Importer: ScriptedImporter/UnityEditor.QuickSearchModule:UnityEditor.Search:ASIAI0B
Importing 'GUID: 9660e62d6232af242877f0cc2b90c63d - Path: Assets/Plugins & Utilities/FMOD/platforms/win/src/PlatformWindows.cs - Importer: ScriptedImporter/UnityEditor.QuickSearchModule:UnityEditor.Search:ASIAI0B' with importer (ScriptedImporter : UnityEditor.QuickSearchModule:UnityEditor.Search:ASIAI0B)
Imported 'GUID: 9660e62d6232af242877f0cc2b90c63d' -> (Import Result ID: 'c8353e011f5558c425dd50063fef4b04') in 0.005 seconds [static and dynamic dependencies]. Details - ImportResultOutputID=63ba3f160670efac3b97245ffba27efa DependenciesID=3843b17f74a273ee299658ad0735e744 StaticDependenciesID=d395c5216a8cb3b7ed0b45ef81b53241 
Number of updated asset objects reloaded before import = 0
Number of asset objects unloaded after import = 0
========================================================================
Received Import Request.
  Time of request: 2026-08-24T15:04:02.9169412Z
  Time since last request: 0.0005407 seconds.
  importAddress: GUID: 1cf45fbd2eabfdc4a9c5ca5ccbd5d721 - Path: Assets/UI/UI Asset/Samples/UX Examples/Flat Icons [Free]/Image Preview Scene.unity - Importer: ScriptedImporter/UnityEditor.QuickSearchModule:UnityEditor.Search:ASIAI0B
Importing 'GUID: 1cf45fbd2eabfdc4a9c5ca5ccbd5d721 - Path: Assets/UI/UI Asset/Samples/UX Examples/Flat Icons [Free]/Image Preview Scene.unity - Importer: ScriptedImporter/UnityEditor.QuickSearchModule:UnityEditor.Search:ASIAI0B' with importer (ScriptedImporter : UnityEditor.QuickSearchModule:UnityEditor.Search:ASIAI0B)
Imported 'GUID: 1cf45fbd2eabfdc4a9c5ca5ccbd5d721' -> (Import Result ID: 'f810eca0920de9e48f5d0fa251c85561') in 0.044 seconds [static and dynamic dependencies]. Details - ImportResultOutputID=e06b98ffa1a13bc4a42a8b9bde56cc92 DependenciesID=084e98363535d8e79a02fcfd4d0f1e01 StaticDependenciesID=d476921887f64c96744d8e112744ef38 
Number of updated asset objects reloaded before import = 0
Number of asset objects unloaded after import = 1
========================================================================
Received Import Request.
  Time of request: 2026-08-24T15:04:02.9743474Z
  Time since last request: 0.0006087 seconds.
  importAddress: GUID: 85af50ee41bfd9c4fbd8107aee814c50 - Path: Assets/Plugins & Utilities/FMOD/platforms/android/lib/arm64-v8a/libfmodstudioL.so - Importer: ScriptedImporter/UnityEditor.QuickSearchModule:UnityEditor.Search:ASIAI0B
Importing 'GUID: 85af50ee41bfd9c4fbd8107aee814c50 - Path: Assets/Plugins & Utilities/FMOD/platforms/android/lib/arm64-v8a/libfmodstudioL.so - Importer: ScriptedImporter/UnityEditor.QuickSearchModule:UnityEditor.Search:ASIAI0B' with importer (ScriptedImporter : UnityEditor.QuickSearchModule:UnityEditor.Search:ASIAI0B)
Imported 'GUID: 85af50ee41bfd9c4fbd8107aee814c50' -> (Import Result ID: '306344b0dcbd7dc1c2a37ac77a143bb3') in 0.008 seconds [static and dynamic dependencies]. Details - ImportResultOutputID=a69a4bf08356bd0dcc9a12dc3d9f9fcc DependenciesID=925c942d861919511e9554646573b120 StaticDependenciesID=35db03bccfbba3362037864d3099cb98 
Number of updated asset objects reloaded before import = 0
Number of asset objects unloaded after import = 0
========================================================================
Received Import Request.
  Time of request: 2026-08-24T15:04:02.9953221Z
  Time since last request: 0.0004909 seconds.
  importAddress: GUID: 649598f6abf894e128aa33102756da99 - Path: Assets/Plugins & Utilities/FMOD/platforms/tvos/lib/libfmodstudiounitypluginsimulatorL.a - Importer: ScriptedImporter/UnityEditor.QuickSearchModule:UnityEditor.Search:ASIAI0B
Importing 'GUID: 649598f6abf894e128aa33102756da99 - Path: Assets/Plugins & Utilities/FMOD/platforms/tvos/lib/libfmodstudiounitypluginsimulatorL.a - Importer: ScriptedImporter/UnityEditor.QuickSearchModule:UnityEditor.Search:ASIAI0B' with importer (ScriptedImporter : UnityEditor.QuickSearchModule:UnityEditor.Search:ASIAI0B)
Imported 'GUID: 649598f6abf894e128aa33102756da99' -> (Import Result ID: '5279cdd6e41507c5945e37a201381894') in 0.005 seconds [static and dynamic dependencies]. Details - ImportResultOutputID=024e8b718bf978abf478573da3e772c5 DependenciesID=c0808bb5cceb5e5008f57e7ca5cc403b StaticDependenciesID=527b4a0c2ec7de8dba17e761a85f8e69 
Number of updated asset objects reloaded before import = 0
Number of asset objects unloaded after import = 0
========================================================================
Received Import Request.
  Time of request: 2026-08-24T15:04:03.0135646Z
  Time since last request: 0.0004041 seconds.
  importAddress: GUID: 5ad1791b3b48a4ba39c30a2b4f438486 - Path: Assets/Plugins & Utilities/FMOD/platforms/ios/lib/libresonanceaudiosimulator.a - Importer: ScriptedImporter/UnityEditor.QuickSearchModule:UnityEditor.Search:ASIAI0B
Importing 'GUID: 5ad1791b3b48a4ba39c30a2b4f438486 - Path: Assets/Plugins & Utilities/FMOD/platforms/ios/lib/libresonanceaudiosimulator.a - Importer: ScriptedImporter/UnityEditor.QuickSearchModule:UnityEditor.Search:ASIAI0B' with importer (ScriptedImporter : UnityEditor.QuickSearchModule:UnityEditor.Search:ASIAI0B)
Imported 'GUID: 5ad1791b3b48a4ba39c30a2b4f438486' -> (Import Result ID: '66700bb7695644877d4b443c10ab0657') in 0.006 seconds [static and dynamic dependencies]. Details - ImportResultOutputID=1d845e5dbb6e3b36056df9ac617abfe3 DependenciesID=09613929c01f355a44038169282c5308 StaticDependenciesID=8ed806c6ffeb06ffba0325d08cc02922 
Number of updated asset objects reloaded before import = 0
Number of asset objects unloaded after import = 0
========================================================================
Received Import Request.
  Time of request: 2026-08-24T15:04:03.0321476Z
  Time since last request: 0.0004062 seconds.
  importAddress: GUID: 5c35d7fa6769b114aa63172aaf1fd782 - Path: Assets/Plugins & Utilities/FMOD/platforms/android/lib/x86/libresonanceaudio.so - Importer: ScriptedImporter/UnityEditor.QuickSearchModule:UnityEditor.Search:ASIAI0B
Importing 'GUID: 5c35d7fa6769b114aa63172aaf1fd782 - Path: Assets/Plugins & Utilities/FMOD/platforms/android/lib/x86/libresonanceaudio.so - Importer: ScriptedImporter/UnityEditor.QuickSearchModule:UnityEditor.Search:ASIAI0B' with importer (ScriptedImporter : UnityEditor.QuickSearchModule:UnityEditor.Search:ASIAI0B)
Imported 'GUID: 5c35d7fa6769b114aa63172aaf1fd782' -> (Import Result ID: '59894dbb751c165803a957741111cf9c') in 0.006 seconds [static and dynamic dependencies]. Details - ImportResultOutputID=09f7db7136a90ee86589d4d8c5587117 DependenciesID=2508d3b5d3f181607f47e8314da6d405 StaticDependenciesID=6fc012e2e7cf9052c63eb9187b015fbb 
Number of updated asset objects reloaded before import = 0
Number of asset objects unloaded after import = 0
========================================================================
Received Import Request.
  Time of request: 2026-08-24T15:04:03.0509202Z
  Time since last request: 0.0006003 seconds.
  importAddress: GUID: 099e80baee62d0c439475fae45e69f4e - Path: Assets/Plugins & Utilities/FMOD/platforms/android/lib/x86/libfmod.so - Importer: ScriptedImporter/UnityEditor.QuickSearchModule:UnityEditor.Search:ASIAI0B
Importing 'GUID: 099e80baee62d0c439475fae45e69f4e - Path: Assets/Plugins & Utilities/FMOD/platforms/android/lib/x86/libfmod.so - Importer: ScriptedImporter/UnityEditor.QuickSearchModule:UnityEditor.Search:ASIAI0B' with importer (ScriptedImporter : UnityEditor.QuickSearchModule:UnityEditor.Search:ASIAI0B)
Imported 'GUID: 099e80baee62d0c439475fae45e69f4e' -> (Import Result ID: '133d7ce663c6a11571efdc3bb699e7e6') in 0.006 seconds [static and dynamic dependencies]. Details - ImportResultOutputID=2c6d08cb8601f810e7ba3f0c9e90171f DependenciesID=6698e7531844a65d4bb300dbe80e1ce1 StaticDependenciesID=24ef9f15fe423ae0bc0e031cbc65cbad 
Number of updated asset objects reloaded before import = 0
Number of asset objects unloaded after import = 0
========================================================================
Received Import Request.
  Time of request: 2026-08-24T15:04:03.0700874Z
  Time since last request: 0.000363 seconds.
  importAddress: GUID: 0975b093811db4e4e9e67bc483ad2299 - Path: Assets/Plugins & Utilities/FMOD/platforms/android/lib/x86/libfmodstudioL.so - Importer: ScriptedImporter/UnityEditor.QuickSearchModule:UnityEditor.Search:ASIAI0B
Importing 'GUID: 0975b093811db4e4e9e67bc483ad2299 - Path: Assets/Plugins & Utilities/FMOD/platforms/android/lib/x86/libfmodstudioL.so - Importer: ScriptedImporter/UnityEditor.QuickSearchModule:UnityEditor.Search:ASIAI0B' with importer (ScriptedImporter : UnityEditor.QuickSearchModule:UnityEditor.Search:ASIAI0B)
Imported 'GUID: 0975b093811db4e4e9e67bc483ad2299' -> (Import Result ID: 'b3345275fb40b435a40e063175a4ce13') in 0.007 seconds [static and dynamic dependencies]. Details - ImportResultOutputID=e05c04ca10b884256f47fdf597eac782 DependenciesID=b04e8b650096539d9588b5552d3e2c9b StaticDependenciesID=6ebf5bfdbbd20dfc12b8498a4e544ade 
Number of updated asset objects reloaded before import = 0
Number of asset objects unloaded after import = 0
========================================================================
Received Import Request.
  Time of request: 2026-08-24T15:04:03.0903129Z
  Time since last request: 0.0004203 seconds.
  importAddress: GUID: 6794e6301575a445d8588930a0752568 - Path: Assets/Plugins & Utilities/FMOD/addons/ResonanceAudio/Scripts/FmodResonanceAudio.cs - Importer: ScriptedImporter/UnityEditor.QuickSearchModule:UnityEditor.Search:ASIAI0B
Importing 'GUID: 6794e6301575a445d8588930a0752568 - Path: Assets/Plugins & Utilities/FMOD/addons/ResonanceAudio/Scripts/FmodResonanceAudio.cs - Importer: ScriptedImporter/UnityEditor.QuickSearchModule:UnityEditor.Search:ASIAI0B' with importer (ScriptedImporter : UnityEditor.QuickSearchModule:UnityEditor.Search:ASIAI0B)
Imported 'GUID: 6794e6301575a445d8588930a0752568' -> (Import Result ID: '3d43714d3644668f355319ef7a348441') in 0.005 seconds [static and dynamic dependencies]. Details - ImportResultOutputID=8317c4916c1cb6bdc88cbe192aae2b70 DependenciesID=76ed69073a0863abcf010df76e356f70 StaticDependenciesID=f035981c5eb01030b8daf46c41aeb3dc 
Number of updated asset objects reloaded before import = 0
Number of asset objects unloaded after import = 0
========================================================================
Received Import Request.
  Time of request: 2026-08-24T15:04:03.1075892Z
  Time since last request: 0.0003762 seconds.
  importAddress: GUID: 2dab3dda051681d4a9ea3ed67cb9877f - Path: Assets/Plugins & Utilities/FMOD/platforms/html5/lib/libfmodstudiounitypluginL.bc - Importer: ScriptedImporter/UnityEditor.QuickSearchModule:UnityEditor.Search:ASIAI0B
Importing 'GUID: 2dab3dda051681d4a9ea3ed67cb9877f - Path: Assets/Plugins & Utilities/FMOD/platforms/html5/lib/libfmodstudiounitypluginL.bc - Importer: ScriptedImporter/UnityEditor.QuickSearchModule:UnityEditor.Search:ASIAI0B' with importer (ScriptedImporter : UnityEditor.QuickSearchModule:UnityEditor.Search:ASIAI0B)
Imported 'GUID: 2dab3dda051681d4a9ea3ed67cb9877f' -> (Import Result ID: 'a9111c3999ad25a10305d241e745a951') in 0.006 seconds [static and dynamic dependencies]. Details - ImportResultOutputID=f5308b5508c68dd140f96ead449d1c46 DependenciesID=47184223d4f57a756be278e659c7c7e0 StaticDependenciesID=e86536c0299724560bfe51966ee03fa2 
Number of updated asset objects reloaded before import = 0
Number of asset objects unloaded after import = 0
========================================================================
Received Import Request.
  Time of request: 2026-08-24T15:04:03.1260742Z
  Time since last request: 0.0007362 seconds.
  importAddress: GUID: e4d6c68823f34e440bfe4e4ecba4c113 - Path: Assets/Plugins & Utilities/FMOD/platforms/android/lib/arm64-v8a/libfmodstudio.so - Importer: ScriptedImporter/UnityEditor.QuickSearchModule:UnityEditor.Search:ASIAI0B
Importing 'GUID: e4d6c68823f34e440bfe4e4ecba4c113 - Path: Assets/Plugins & Utilities/FMOD/platforms/android/lib/arm64-v8a/libfmodstudio.so - Importer: ScriptedImporter/UnityEditor.QuickSearchModule:UnityEditor.Search:ASIAI0B' with importer (ScriptedImporter : UnityEditor.QuickSearchModule:UnityEditor.Search:ASIAI0B)
Imported 'GUID: e4d6c68823f34e440bfe4e4ecba4c113' -> (Import Result ID: '85906c17f22c33f1743ff56a339e7c75') in 0.006 seconds [static and dynamic dependencies]. Details - ImportResultOutputID=b2758594dff068b87825d2fc84a989d7 DependenciesID=99f1b20360a494fa1c70f29869fa99e3 StaticDependenciesID=eeeede371a534a95c6915a3e495c4ec7 
Number of updated asset objects reloaded before import = 0
Number of asset objects unloaded after import = 0
========================================================================
Received Import Request.
  Time of request: 2026-08-24T15:04:03.1455428Z
  Time since last request: 0.0011956 seconds.
  importAddress: GUID: 86d28a38815714041bf19dc4cc59ce65 - Path: Assets/Plugins & Utilities/FMOD/platforms/tvos/lib/libfmodstudiounitypluginsimulator.a - Importer: ScriptedImporter/UnityEditor.QuickSearchModule:UnityEditor.Search:ASIAI0B
Importing 'GUID: 86d28a38815714041bf19dc4cc59ce65 - Path: Assets/Plugins & Utilities/FMOD/platforms/tvos/lib/libfmodstudiounitypluginsimulator.a - Importer: ScriptedImporter/UnityEditor.QuickSearchModule:UnityEditor.Search:ASIAI0B' with importer (ScriptedImporter : UnityEditor.QuickSearchModule:UnityEditor.Search:ASIAI0B)
Imported 'GUID: 86d28a38815714041bf19dc4cc59ce65' -> (Import Result ID: '4fb9b5a54e82cb67e1233cbba19c8542') in 0.006 seconds [static and dynamic dependencies]. Details - ImportResultOutputID=e7c93f4b4b148dc115506edce780b111 DependenciesID=2325a2ec0bee08807ad532242d632485 StaticDependenciesID=800804de676b15d6a50ea092034b89b3 
Number of updated asset objects reloaded before import = 0
Number of asset objects unloaded after import = 0
========================================================================
Received Import Request.
  Time of request: 2026-08-24T15:04:03.1642155Z
  Time since last request: 0.0010756 seconds.
  importAddress: GUID: 4abc247d0f34143ec95396c7b6bec6a8 - Path: Assets/Plugins & Utilities/FMOD/platforms/tvos/lib/libfmodstudiounityplugin.a - Importer: ScriptedImporter/UnityEditor.QuickSearchModule:UnityEditor.Search:ASIAI0B
Importing 'GUID: 4abc247d0f34143ec95396c7b6bec6a8 - Path: Assets/Plugins & Utilities/FMOD/platforms/tvos/lib/libfmodstudiounityplugin.a - Importer: ScriptedImporter/UnityEditor.QuickSearchModule:UnityEditor.Search:ASIAI0B' with importer (ScriptedImporter : UnityEditor.QuickSearchModule:UnityEditor.Search:ASIAI0B)
Imported 'GUID: 4abc247d0f34143ec95396c7b6bec6a8' -> (Import Result ID: '5442a943af7c7328d1db1cabf0993db7') in 0.006 seconds [static and dynamic dependencies]. Details - ImportResultOutputID=a2c6d4a7f6adb23cddda3cd02383ba9a DependenciesID=f9f476baad167a7ed8d887024e58bd07 StaticDependenciesID=96d53a96fa84846d2bbcab2c6563764a 
Number of updated asset objects reloaded before import = 0
Number of asset objects unloaded after import = 0
========================================================================
Received Import Request.
  Time of request: 2026-08-24T15:04:03.1826926Z
  Time since last request: 0.0004706 seconds.
  importAddress: GUID: 1384c72d4a744c9db5fbd24870a9c0e5 - Path: Assets/Plugins & Utilities/DA-Shared/Assembly/SVGMeshUnity/Internals/Cdt2d/Filter.cs - Importer: ScriptedImporter/UnityEditor.QuickSearchModule:UnityEditor.Search:ASIAI0B
Importing 'GUID: 1384c72d4a744c9db5fbd24870a9c0e5 - Path: Assets/Plugins & Utilities/DA-Shared/Assembly/SVGMeshUnity/Internals/Cdt2d/Filter.cs - Importer: ScriptedImporter/UnityEditor.QuickSearchModule:UnityEditor.Search:ASIAI0B' with importer (ScriptedImporter : UnityEditor.QuickSearchModule:UnityEditor.Search:ASIAI0B)
Imported 'GUID: 1384c72d4a744c9db5fbd24870a9c0e5' -> (Import Result ID: '083ff2ad6c7aa9c71cd78d06b746d0ff') in 0.005 seconds [static and dynamic dependencies]. Details - ImportResultOutputID=7562b5baef8b373fb3777c9cdeaf2769 DependenciesID=36f8827f8ea938b76e25677b3ce69d8d StaticDependenciesID=d2efd2eb0bdfc40777479b70afd1b1e1 
Number of updated asset objects reloaded before import = 0
Number of asset objects unloaded after import = 0
========================================================================
Received Import Request.
  Time of request: 2026-08-24T15:04:03.1995023Z
  Time since last request: 0.0003888 seconds.
  importAddress: GUID: 0ae927e5d9354637b7361e1a99ac6aa9 - Path: Assets/Plugins & Utilities/DA-Shared/Assembly/SVGMeshUnity/Internals/Cdt2d/Triangles.cs - Importer: ScriptedImporter/UnityEditor.QuickSearchModule:UnityEditor.Search:ASIAI0B
Importing 'GUID: 0ae927e5d9354637b7361e1a99ac6aa9 - Path: Assets/Plugins & Utilities/DA-Shared/Assembly/SVGMeshUnity/Internals/Cdt2d/Triangles.cs - Importer: ScriptedImporter/UnityEditor.QuickSearchModule:UnityEditor.Search:ASIAI0B' with importer (ScriptedImporter : UnityEditor.QuickSearchModule:UnityEditor.Search:ASIAI0B)
Imported 'GUID: 0ae927e5d9354637b7361e1a99ac6aa9' -> (Import Result ID: 'ee0e585d22e332a485365ce510aaf8e0') in 0.005 seconds [static and dynamic dependencies]. Details - ImportResultOutputID=a8b7a1e51e894b482007427068e2de6e DependenciesID=2d21caacb819f99df7ac774ccd48f4f2 StaticDependenciesID=10e2ec8f8fdd1e0fa7608dfeb60b6873 
Number of updated asset objects reloaded before import = 0
Number of asset objects unloaded after import = 0
========================================================================
Received Import Request.
  Time of request: 2026-08-24T15:04:03.2174614Z
  Time since last request: 0.0004678 seconds.
  importAddress: GUID: c56aac88d64894d01a74d1cf8f609da6 - Path: Assets/Plugins & Utilities/FMOD/platforms/visionos/lib/libresonanceaudio_xros.a - Importer: ScriptedImporter/UnityEditor.QuickSearchModule:UnityEditor.Search:ASIAI0B
Importing 'GUID: c56aac88d64894d01a74d1cf8f609da6 - Path: Assets/Plugins & Utilities/FMOD/platforms/visionos/lib/libresonanceaudio_xros.a - Importer: ScriptedImporter/UnityEditor.QuickSearchModule:UnityEditor.Search:ASIAI0B' with importer (ScriptedImporter : UnityEditor.QuickSearchModule:UnityEditor.Search:ASIAI0B)
Imported 'GUID: c56aac88d64894d01a74d1cf8f609da6' -> (Import Result ID: '8a2eb2463e0dff98ccb3f50dfe0cbabf') in 0.006 seconds [static and dynamic dependencies]. Details - ImportResultOutputID=26426c36b655885bfadf236a6a2010a2 DependenciesID=c7a2098fce6c73032b5f5e725b01219d StaticDependenciesID=9d31db78f76d9558bc303f4286852ed5 
Number of updated asset objects reloaded before import = 0
Number of asset objects unloaded after import = 0
========================================================================
Received Import Request.
  Time of request: 2026-08-24T15:04:03.2365098Z
  Time since last request: 0.0004388 seconds.
  importAddress: GUID: f71c8f89be7646142baed6d482d5e89c - Path: Assets/Plugins & Utilities/FMOD/platforms/android/lib/armeabi-v7a/libfmod.so - Importer: ScriptedImporter/UnityEditor.QuickSearchModule:UnityEditor.Search:ASIAI0B
Importing 'GUID: f71c8f89be7646142baed6d482d5e89c - Path: Assets/Plugins & Utilities/FMOD/platforms/android/lib/armeabi-v7a/libfmod.so - Importer: ScriptedImporter/UnityEditor.QuickSearchModule:UnityEditor.Search:ASIAI0B' with importer (ScriptedImporter : UnityEditor.QuickSearchModule:UnityEditor.Search:ASIAI0B)
Imported 'GUID: f71c8f89be7646142baed6d482d5e89c' -> (Import Result ID: '065d9e92de30fc0724c2398a1f20f666') in 0.005 seconds [static and dynamic dependencies]. Details - ImportResultOutputID=82cb6c7052a55afdd719e0bb6c71c16e DependenciesID=5f2f3cab414699b47ddfb1ea2b20dfc4 StaticDependenciesID=888867cd5fc55731e34f66bbdd849c64 
Number of updated asset objects reloaded before import = 0
Number of asset objects unloaded after import = 0
========================================================================
Received Import Request.
  Time of request: 2026-08-24T15:04:03.254385Z
  Time since last request: 0.0004356 seconds.
  importAddress: GUID: 594a516382058e2419589605c02e7a7d - Path: Assets/UI/UI Asset/Samples/UX Examples/Flat Icons [Free]/ToggleSetAnimatorBoolean.cs - Importer: ScriptedImporter/UnityEditor.QuickSearchModule:UnityEditor.Search:ASIAI0B
Importing 'GUID: 594a516382058e2419589605c02e7a7d - Path: Assets/UI/UI Asset/Samples/UX Examples/Flat Icons [Free]/ToggleSetAnimatorBoolean.cs - Importer: ScriptedImporter/UnityEditor.QuickSearchModule:UnityEditor.Search:ASIAI0B' with importer (ScriptedImporter : UnityEditor.QuickSearchModule:UnityEditor.Search:ASIAI0B)
Imported 'GUID: 594a516382058e2419589605c02e7a7d' -> (Import Result ID: 'd78819af6455f72552b91d146cb73d26') in 0.005 seconds [static and dynamic dependencies]. Details - ImportResultOutputID=eda9f7538932b04c6d5a7bc803ce166b DependenciesID=2a20b765b800256946db0e7408764437 StaticDependenciesID=a432ec218c7c1c7daceb2b5d8c162768 
Number of updated asset objects reloaded before import = 0
Number of asset objects unloaded after import = 0
========================================================================
Received Import Request.
  Time of request: 2026-08-24T15:04:03.2720056Z
  Time since last request: 0.0003732 seconds.
  importAddress: GUID: daf4535a11864f7e9737bf2657ad86e1 - Path: Assets/Plugins & Utilities/DA-Shared/Assembly/SVGMeshUnity/Internals/Cdt2d/DelaunayRefine.cs - Importer: ScriptedImporter/UnityEditor.QuickSearchModule:UnityEditor.Search:ASIAI0B
Importing 'GUID: daf4535a11864f7e9737bf2657ad86e1 - Path: Assets/Plugins & Utilities/DA-Shared/Assembly/SVGMeshUnity/Internals/Cdt2d/DelaunayRefine.cs - Importer: ScriptedImporter/UnityEditor.QuickSearchModule:UnityEditor.Search:ASIAI0B' with importer (ScriptedImporter : UnityEditor.QuickSearchModule:UnityEditor.Search:ASIAI0B)
Imported 'GUID: daf4535a11864f7e9737bf2657ad86e1' -> (Import Result ID: 'e88af69f2ec4d4f2609605e8fa19fc56') in 0.006 seconds [static and dynamic dependencies]. Details - ImportResultOutputID=d1040f01995141da78e763b8f94c5394 DependenciesID=d468fbe7bc6cd3f23ed0092b92815ca7 StaticDependenciesID=dbb190953acab3b207fbc8d9fba90f81 
Number of updated asset objects reloaded before import = 0
Number of asset objects unloaded after import = 0
========================================================================
Received Import Request.
  Time of request: 2026-08-24T15:04:03.3022663Z
  Time since last request: 0.0118978 seconds.
  importAddress: GUID: 43ab9a198caf2d841b813eb81e02486d - Path: Assets/Plugins & Utilities/FMOD/platforms/uwp/lib/x86/fmodstudioL.dll - Importer: ScriptedImporter/UnityEditor.QuickSearchModule:UnityEditor.Search:ASIAI0B
Importing 'GUID: 43ab9a198caf2d841b813eb81e02486d - Path: Assets/Plugins & Utilities/FMOD/platforms/uwp/lib/x86/fmodstudioL.dll - Importer: ScriptedImporter/UnityEditor.QuickSearchModule:UnityEditor.Search:ASIAI0B' with importer (ScriptedImporter : UnityEditor.QuickSearchModule:UnityEditor.Search:ASIAI0B)
Imported 'GUID: 43ab9a198caf2d841b813eb81e02486d' -> (Import Result ID: '995b1a5c36f5f345f24e345d8fd7f1bf') in 0.005 seconds [static and dynamic dependencies]. Details - ImportResultOutputID=8deed8ad6883e7ea58b0b1cbd1871238 DependenciesID=7aea91ad823152ccd7c8e94826b74608 StaticDependenciesID=71cc40c4b4b1b8eaa9eafeb04135b838 
Number of updated asset objects reloaded before import = 0
Number of asset objects unloaded after import = 0
========================================================================
Received Import Request.
  Time of request: 2026-08-24T15:04:03.3199173Z
  Time since last request: 0.0005957 seconds.
  importAddress: GUID: f86784a4286f78744bc94eed7ccfdc09 - Path: Assets/Plugins & Utilities/FMOD/platforms/win/lib/x86/fmodstudioL.dll - Importer: ScriptedImporter/UnityEditor.QuickSearchModule:UnityEditor.Search:ASIAI0B
Importing 'GUID: f86784a4286f78744bc94eed7ccfdc09 - Path: Assets/Plugins & Utilities/FMOD/platforms/win/lib/x86/fmodstudioL.dll - Importer: ScriptedImporter/UnityEditor.QuickSearchModule:UnityEditor.Search:ASIAI0B' with importer (ScriptedImporter : UnityEditor.QuickSearchModule:UnityEditor.Search:ASIAI0B)
Imported 'GUID: f86784a4286f78744bc94eed7ccfdc09' -> (Import Result ID: 'c681648ea05166c6c71bc2752f366932') in 0.006 seconds [static and dynamic dependencies]. Details - ImportResultOutputID=58304bae1eea63358ad35e00f918a597 DependenciesID=00709fd6313dcc481d8d469e3d36542e StaticDependenciesID=7dd929b5ba678e3082f5efb5a5b97ddd 
Number of updated asset objects reloaded before import = 0
Number of asset objects unloaded after import = 0
========================================================================
Received Import Request.
  Time of request: 2026-08-24T15:04:03.3403204Z
  Time since last request: 0.0007298 seconds.
  importAddress: GUID: a7c1eb40b6cc0b8468c161b5ba9a6df6 - Path: Assets/Plugins & Utilities/FMOD/platforms/uwp/lib/arm/fmodstudio.dll - Importer: ScriptedImporter/UnityEditor.QuickSearchModule:UnityEditor.Search:ASIAI0B
Importing 'GUID: a7c1eb40b6cc0b8468c161b5ba9a6df6 - Path: Assets/Plugins & Utilities/FMOD/platforms/uwp/lib/arm/fmodstudio.dll - Importer: ScriptedImporter/UnityEditor.QuickSearchModule:UnityEditor.Search:ASIAI0B' with importer (ScriptedImporter : UnityEditor.QuickSearchModule:UnityEditor.Search:ASIAI0B)
Imported 'GUID: a7c1eb40b6cc0b8468c161b5ba9a6df6' -> (Import Result ID: '8e19230f604bfb2392a54b4c5f7e2454') in 0.006 seconds [static and dynamic dependencies]. Details - ImportResultOutputID=536bfbd3e76ddb1c7a43792d1f3fb34b DependenciesID=0c725b8091a81d5c79377da6e2b807fc StaticDependenciesID=c5a85731ca1a3ddc1970986441719d8c 
Number of updated asset objects reloaded before import = 0
Number of asset objects unloaded after import = 0
========================================================================
Received Import Request.
  Time of request: 2026-08-24T15:04:03.3588333Z
  Time since last request: 0.0004695 seconds.
  importAddress: GUID: 55419f11aa5d7204eb9d67c70c92fb89 - Path: Assets/Plugins & Utilities/FMOD/platforms/linux/lib/x86_64/libfmodstudioL.so - Importer: ScriptedImporter/UnityEditor.QuickSearchModule:UnityEditor.Search:ASIAI0B
Importing 'GUID: 55419f11aa5d7204eb9d67c70c92fb89 - Path: Assets/Plugins & Utilities/FMOD/platforms/linux/lib/x86_64/libfmodstudioL.so - Importer: ScriptedImporter/UnityEditor.QuickSearchModule:UnityEditor.Search:ASIAI0B' with importer (ScriptedImporter : UnityEditor.QuickSearchModule:UnityEditor.Search:ASIAI0B)
Imported 'GUID: 55419f11aa5d7204eb9d67c70c92fb89' -> (Import Result ID: 'bd017d41b1a3f5f26ad7cf49812d648e') in 0.006 seconds [static and dynamic dependencies]. Details - ImportResultOutputID=775d897e01116932beb0cca55c92683e DependenciesID=6404db3a1dd1b8bb056ee027f783d09d StaticDependenciesID=a0a11cf6d94a49631521fb656bd80078 
Number of updated asset objects reloaded before import = 0
Number of asset objects unloaded after import = 0
========================================================================
Received Import Request.
  Time of request: 2026-08-24T15:04:03.37734Z
  Time since last request: 0.0005941 seconds.
  importAddress: GUID: 4c8fb9b92ea2eae4f9112a3941c4f128 - Path: Assets/Plugins & Utilities/FMOD/platforms/win/lib/x86_64/resonanceaudio.dll - Importer: ScriptedImporter/UnityEditor.QuickSearchModule:UnityEditor.Search:ASIAI0B
Importing 'GUID: 4c8fb9b92ea2eae4f9112a3941c4f128 - Path: Assets/Plugins & Utilities/FMOD/platforms/win/lib/x86_64/resonanceaudio.dll - Importer: ScriptedImporter/UnityEditor.QuickSearchModule:UnityEditor.Search:ASIAI0B' with importer (ScriptedImporter : UnityEditor.QuickSearchModule:UnityEditor.Search:ASIAI0B)
Imported 'GUID: 4c8fb9b92ea2eae4f9112a3941c4f128' -> (Import Result ID: '7da7f27722c60424891e6702ac1a1fd6') in 0.005 seconds [static and dynamic dependencies]. Details - ImportResultOutputID=49b74be80792548b67cfb7207a01f6d7 DependenciesID=02e0599c48f3d7a47d06781582ee4cc0 StaticDependenciesID=aa3f78394745bdca8ccf60a11e821385 
Number of updated asset objects reloaded before import = 0
Number of asset objects unloaded after import = 0
========================================================================
Received Import Request.
  Time of request: 2026-08-24T15:04:03.3955108Z
  Time since last request: 0.0010096 seconds.
  importAddress: GUID: 1550e5c882b8c2445a1f14f8b1b23d41 - Path: Assets/Plugins & Utilities/FMOD/platforms/win/lib/x86/fmodstudio.dll - Importer: ScriptedImporter/UnityEditor.QuickSearchModule:UnityEditor.Search:ASIAI0B
Importing 'GUID: 1550e5c882b8c2445a1f14f8b1b23d41 - Path: Assets/Plugins & Utilities/FMOD/platforms/win/lib/x86/fmodstudio.dll - Importer: ScriptedImporter/UnityEditor.QuickSearchModule:UnityEditor.Search:ASIAI0B' with importer (ScriptedImporter : UnityEditor.QuickSearchModule:UnityEditor.Search:ASIAI0B)
Imported 'GUID: 1550e5c882b8c2445a1f14f8b1b23d41' -> (Import Result ID: 'd61b40bc1ce2f20bf696e717d69e8978') in 0.005 seconds [static and dynamic dependencies]. Details - ImportResultOutputID=4365c2dc4c1f7a1ccecb49e087c1c0c7 DependenciesID=839633738eb5c8d58f80b3c0bb4d764d StaticDependenciesID=0d988a3c9c658cee8a14a2f0bcd70ba4 
Number of updated asset objects reloaded before import = 0
Number of asset objects unloaded after import = 0
========================================================================
Received Import Request.
  Time of request: 2026-08-24T15:04:03.4140111Z
  Time since last request: 0.000882 seconds.
  importAddress: GUID: 684d4d47a018ed14080e15f4c99b8e86 - Path: Assets/Plugins & Utilities/FMOD/platforms/win/lib/x86_64/fmodstudio.dll - Importer: ScriptedImporter/UnityEditor.QuickSearchModule:UnityEditor.Search:ASIAI0B
Importing 'GUID: 684d4d47a018ed14080e15f4c99b8e86 - Path: Assets/Plugins & Utilities/FMOD/platforms/win/lib/x86_64/fmodstudio.dll - Importer: ScriptedImporter/UnityEditor.QuickSearchModule:UnityEditor.Search:ASIAI0B' with importer (ScriptedImporter : UnityEditor.QuickSearchModule:UnityEditor.Search:ASIAI0B)
Imported 'GUID: 684d4d47a018ed14080e15f4c99b8e86' -> (Import Result ID: '76f5bebb6248aa358b25f03e6629aedc') in 0.006 seconds [static and dynamic dependencies]. Details - ImportResultOutputID=b707130e4a2ec0fbf27da362bd9d976d DependenciesID=622025be1a99eaa6c329fbb1aad2131a StaticDependenciesID=36ea50dd4b42dea2569424412f238151 
Number of updated asset objects reloaded before import = 0
Number of asset objects unloaded after import = 0
========================================================================
Received Import Request.
  Time of request: 2026-08-24T15:04:03.4320507Z
  Time since last request: 0.0004562 seconds.
  importAddress: GUID: 8c3da12796561974389dc214061914cc - Path: Assets/UI/UI Asset/Assets/Common/Images/Heathen Corporate/Heathen Logo With ShortName.png - Importer: ScriptedImporter/UnityEditor.QuickSearchModule:UnityEditor.Search:ASIAI0B
Importing 'GUID: 8c3da12796561974389dc214061914cc - Path: Assets/UI/UI Asset/Assets/Common/Images/Heathen Corporate/Heathen Logo With ShortName.png - Importer: ScriptedImporter/UnityEditor.QuickSearchModule:UnityEditor.Search:ASIAI0B' with importer (ScriptedImporter : UnityEditor.QuickSearchModule:UnityEditor.Search:ASIAI0B)
Imported 'GUID: 8c3da12796561974389dc214061914cc' -> (Import Result ID: '3658284b8593c9b33742a9463095ed02') in 0.026 seconds [static and dynamic dependencies]. Details - ImportResultOutputID=be20df6944c576a95686dc94f784292d DependenciesID=e829681c469c45248d226782c68b9874 StaticDependenciesID=de27e32ad4eed0680ea959875116b5f4 
Number of updated asset objects reloaded before import = 0
Number of asset objects unloaded after import = 1
========================================================================
Received Import Request.
  Time of request: 2026-08-24T15:04:03.4723057Z
  Time since last request: 0.0005432 seconds.
  importAddress: GUID: 907f4331811d73442b58d50627a775d4 - Path: Assets/Plugins & Utilities/FMOD/platforms/uwp/lib/arm/fmod.dll - Importer: ScriptedImporter/UnityEditor.QuickSearchModule:UnityEditor.Search:ASIAI0B
Importing 'GUID: 907f4331811d73442b58d50627a775d4 - Path: Assets/Plugins & Utilities/FMOD/platforms/uwp/lib/arm/fmod.dll - Importer: ScriptedImporter/UnityEditor.QuickSearchModule:UnityEditor.Search:ASIAI0B' with importer (ScriptedImporter : UnityEditor.QuickSearchModule:UnityEditor.Search:ASIAI0B)
Imported 'GUID: 907f4331811d73442b58d50627a775d4' -> (Import Result ID: '514fd374a3158a07929d1c72720b9b3c') in 0.006 seconds [static and dynamic dependencies]. Details - ImportResultOutputID=1af67ed01efebb37916b388216bf9ee7 DependenciesID=bdbfc672c3898e89ac2496ef94824ef9 StaticDependenciesID=569096936f2808829da75c4faca6c47c 
Number of updated asset objects reloaded before import = 0
Number of asset objects unloaded after import = 0
========================================================================
Received Import Request.
  Time of request: 2026-08-24T15:04:03.4924601Z
  Time since last request: 0.0004547 seconds.
  importAddress: GUID: b2c11f1e03736f748bd861d7bf4f8952 - Path: Assets/Plugins & Utilities/FMOD/platforms/win/lib/x86/resonanceaudio.dll - Importer: ScriptedImporter/UnityEditor.QuickSearchModule:UnityEditor.Search:ASIAI0B
Importing 'GUID: b2c11f1e03736f748bd861d7bf4f8952 - Path: Assets/Plugins & Utilities/FMOD/platforms/win/lib/x86/resonanceaudio.dll - Importer: ScriptedImporter/UnityEditor.QuickSearchModule:UnityEditor.Search:ASIAI0B' with importer (ScriptedImporter : UnityEditor.QuickSearchModule:UnityEditor.Search:ASIAI0B)
Imported 'GUID: b2c11f1e03736f748bd861d7bf4f8952' -> (Import Result ID: '5e8ec8e4ef65f2a40071907e77313e4d') in 0.006 seconds [static and dynamic dependencies]. Details - ImportResultOutputID=e3dee2289224533a225e34730803edfc DependenciesID=972cadfa8ca74bce8ba9944972a856c8 StaticDependenciesID=81819918254a5b28ded89911ed46516f 
Number of updated asset objects reloaded before import = 0
Number of asset objects unloaded after import = 0
========================================================================
Received Import Request.
  Time of request: 2026-08-24T15:04:03.5130068Z
  Time since last request: 0.0005033 seconds.
  importAddress: GUID: cf617b713155f6941bab066aab8710ef - Path: Assets/UI/UI Asset/Assets/Common/Images/Heathen Corporate/Heathen Logo With FullName.png - Importer: ScriptedImporter/UnityEditor.QuickSearchModule:UnityEditor.Search:ASIAI0B
Importing 'GUID: cf617b713155f6941bab066aab8710ef - Path: Assets/UI/UI Asset/Assets/Common/Images/Heathen Corporate/Heathen Logo With FullName.png - Importer: ScriptedImporter/UnityEditor.QuickSearchModule:UnityEditor.Search:ASIAI0B' with importer (ScriptedImporter : UnityEditor.QuickSearchModule:UnityEditor.Search:ASIAI0B)
Imported 'GUID: cf617b713155f6941bab066aab8710ef' -> (Import Result ID: '5bd7eb6da3677d566ac42d1305430156') in 0.048 seconds [static and dynamic dependencies]. Details - ImportResultOutputID=a7b13bea4935badd62fe7a892856eadc DependenciesID=249e1e5837950522b6276c9f9ac08dab StaticDependenciesID=5b08d744a8d99524a43ae74496d8c36b 
Number of updated asset objects reloaded before import = 0
Number of asset objects unloaded after import = 1
========================================================================
Received Import Request.
  Time of request: 2026-08-24T15:04:03.57683Z
  Time since last request: 0.0004591 seconds.
  importAddress: GUID: 9a5dc521372f65d47aa5077047bd5606 - Path: Assets/UI/UI Asset/Assets/Common/Images/Heathen Corporate/Heathen Logo 2019.png - Importer: ScriptedImporter/UnityEditor.QuickSearchModule:UnityEditor.Search:ASIAI0B
Importing 'GUID: 9a5dc521372f65d47aa5077047bd5606 - Path: Assets/UI/UI Asset/Assets/Common/Images/Heathen Corporate/Heathen Logo 2019.png - Importer: ScriptedImporter/UnityEditor.QuickSearchModule:UnityEditor.Search:ASIAI0B' with importer (ScriptedImporter : UnityEditor.QuickSearchModule:UnityEditor.Search:ASIAI0B)
Imported 'GUID: 9a5dc521372f65d47aa5077047bd5606' -> (Import Result ID: '08aecb280b5d1762db2cc1481d16a335') in 0.035 seconds [static and dynamic dependencies]. Details - ImportResultOutputID=f75ca627d07819d6d5d82c6ec0f632f5 DependenciesID=df201cad1916d72e25193fb3eebefe93 StaticDependenciesID=09f16375d6ec1ff6f69985336a24a7b5 
Number of updated asset objects reloaded before import = 0
Number of asset objects unloaded after import = 1
========================================================================
Received Prepare
AcceleratorClientConnectionCallback - disconnected - :0
Refreshing native plugins compatible for Editor in 5.27 ms, found 4 plugins.
Unloading 22 Unused Serialized files (Serialized files now loaded: 0)
Unloading 6767 unused Assets / (5.6 MB). Loaded Objects now: 7626.
Memory consumption went from 326.2 MB to 320.6 MB.
Total: 12.211100 ms (FindLiveObjects: 0.651900 ms CreateObjectMapping: 2.593900 ms MarkObjects: 6.346400 ms  DeleteObjects: 2.617500 ms)

Prepare: number of updated asset objects reloaded= 0
========================================================================
Received Prepare
AcceleratorClientConnectionCallback - disconnected - :0
Refreshing native plugins compatible for Editor in 10.82 ms, found 4 plugins.
Unloading 22 Unused Serialized files (Serialized files now loaded: 0)
Unloading 6767 unused Assets / (5.5 MB). Loaded Objects now: 7626.
Memory consumption went from 329.1 MB to 323.5 MB.
Total: 21.984400 ms (FindLiveObjects: 0.901400 ms CreateObjectMapping: 3.280300 ms MarkObjects: 13.439700 ms  DeleteObjects: 4.360800 ms)

Prepare: number of updated asset objects reloaded= 0
========================================================================
Received Prepare
AcceleratorClientConnectionCallback - disconnected - :0
Refreshing native plugins compatible for Editor in 11.70 ms, found 4 plugins.
Unloading 22 Unused Serialized files (Serialized files now loaded: 0)
Unloading 6767 unused Assets / (5.8 MB). Loaded Objects now: 7626.
Memory consumption went from 331.9 MB to 326.1 MB.
Total: 22.750700 ms (FindLiveObjects: 1.512800 ms CreateObjectMapping: 4.882600 ms MarkObjects: 11.990100 ms  DeleteObjects: 4.363300 ms)

Prepare: number of updated asset objects reloaded= 0
========================================================================
Received Prepare
AcceleratorClientConnectionCallback - disconnected - :0
[Licensing::Client] Successfully resolved entitlement details
Duplicate assembly 'log4net.dll' with different versions detected, using 'Packages/com.unity.package-validation-suite/Lib/Editor/log4net.dll, AssemblyName=log4net, Version=2.0.8.0, Culture=neutral, PublicKeyToken=669e0ddf0bb1aa2a' and ignoring 'Packages/com.unity.collab-proxy/Lib/Editor/log4netPlastic.dll, AssemblyName=log4net, Version=1.2.15.0, Culture=neutral, PublicKeyToken=669e0ddf0bb1aa2a'.Begin MonoManager ReloadAssembly
Duplicate assembly 'log4net.dll' with different versions detected, using 'Packages/com.unity.package-validation-suite/Lib/Editor/log4net.dll, AssemblyName=log4net, Version=2.0.8.0, Culture=neutral, PublicKeyToken=669e0ddf0bb1aa2a' and ignoring 'Packages/com.unity.collab-proxy/Lib/Editor/log4netPlastic.dll, AssemblyName=log4net, Version=1.2.15.0, Culture=neutral, PublicKeyToken=669e0ddf0bb1aa2a'.Symbol file LoadedFromMemory is not a mono symbol file
Refreshing native plugins compatible for Editor in 14.18 ms, found 4 plugins.
Native extension for WindowsStandalone target not found
[Package Manager] Failed to launch server process. Reason: Unity was launched with the -noUpm command-line argument
[Package Manager] Unable to send message (not connected to server process).
[Package Manager] Cannot connect to Unity Package Manager local server
[Package Manager] Failed to launch server process. Reason: Unity was launched with the -noUpm command-line argument
[Package Manager] Unable to send message (not connected to server process).
[Package Manager] Cannot connect to Unity Package Manager local server
ScheduleIndexationOnStartup MainProcess:False IndexOnStartup:True
Mono: successfully reloaded assembly
- Finished resetting the current domain, in  1.555 seconds
Domain Reload Profiling: 5158ms
	BeginReloadAssembly (1024ms)
		DisableScriptedObjects (62ms)
		CreateAndSetChildDomain (265ms)
	RebuildCommonClasses (20ms)
	RebuildNativeTypeToScriptingClass (41ms)
	initialDomainReloadingComplete (237ms)
	LoadAllAssembliesAndSetupDomain (2280ms)
		LoadAssemblies (1642ms)
		AnalyzeDomain (590ms)
			TypeCache.Refresh (63ms)
				TypeCache.ScanAssembly (4ms)
			BuildScriptInfoCaches (489ms)
			ResolveRequiredComponents (24ms)
	FinalizeReload (1557ms)
		SetupLoadedEditorAssemblies (0ms)
			InitializePlatformSupportModulesInManaged (4ms)
			BeforeProcessingInitializeOnLoad (164ms)
			ProcessInitializeOnLoadAttributes (449ms)
			ProcessInitializeOnLoadMethodAttributes (197ms)
			AfterProcessingInitializeOnLoad (18ms)
		AwakeInstancesAfterBackupRestoration (42ms)
Refreshing native plugins compatible for Editor in 15.44 ms, found 4 plugins.
Unloading 22 Unused Serialized files (Serialized files now loaded: 0)
Unloading 6778 unused Assets / (4.4 MB). Loaded Objects now: 7670.
Memory consumption went from 340.3 MB to 335.8 MB.
Total: 17.341300 ms (FindLiveObjects: 1.170900 ms CreateObjectMapping: 3.535600 ms MarkObjects: 9.396200 ms  DeleteObjects: 3.236600 ms)

Prepare: number of updated asset objects reloaded= 0
========================================================================
Received Prepare
AcceleratorClientConnectionCallback - disconnected - :0
Duplicate assembly 'log4net.dll' with different versions detected, using 'Packages/com.unity.package-validation-suite/Lib/Editor/log4net.dll, AssemblyName=log4net, Version=2.0.8.0, Culture=neutral, PublicKeyToken=669e0ddf0bb1aa2a' and ignoring 'Packages/com.unity.collab-proxy/Lib/Editor/log4netPlastic.dll, AssemblyName=log4net, Version=1.2.15.0, Culture=neutral, PublicKeyToken=669e0ddf0bb1aa2a'.Begin MonoManager ReloadAssembly
Duplicate assembly 'log4net.dll' with different versions detected, using 'Packages/com.unity.package-validation-suite/Lib/Editor/log4net.dll, AssemblyName=log4net, Version=2.0.8.0, Culture=neutral, PublicKeyToken=669e0ddf0bb1aa2a' and ignoring 'Packages/com.unity.collab-proxy/Lib/Editor/log4netPlastic.dll, AssemblyName=log4net, Version=1.2.15.0, Culture=neutral, PublicKeyToken=669e0ddf0bb1aa2a'.Symbol file LoadedFromMemory is not a mono symbol file
Refreshing native plugins compatible for Editor in 11.05 ms, found 4 plugins.
Native extension for WindowsStandalone target not found
[Package Manager] Failed to launch server process. Reason: Unity was launched with the -noUpm command-line argument
[Package Manager] Unable to send message (not connected to server process).
[Package Manager] Cannot connect to Unity Package Manager local server
[Package Manager] Failed to launch server process. Reason: Unity was launched with the -noUpm command-line argument
[Package Manager] Unable to send message (not connected to server process).
[Package Manager] Cannot connect to Unity Package Manager local server
ScheduleIndexationOnStartup MainProcess:False IndexOnStartup:True
Mono: successfully reloaded assembly
- Finished resetting the current domain, in  1.265 seconds
Domain Reload Profiling: 2687ms
	BeginReloadAssembly (373ms)
		DisableScriptedObjects (9ms)
		CreateAndSetChildDomain (73ms)
	RebuildCommonClasses (13ms)
	RebuildNativeTypeToScriptingClass (28ms)
	initialDomainReloadingComplete (138ms)
	LoadAllAssembliesAndSetupDomain (867ms)
		LoadAssemblies (787ms)
		AnalyzeDomain (36ms)
			TypeCache.Refresh (14ms)
			ResolveRequiredComponents (15ms)
	FinalizeReload (1268ms)
		SetupLoadedEditorAssemblies (0ms)
			InitializePlatformSupportModulesInManaged (3ms)
			BeforeProcessingInitializeOnLoad (180ms)
			ProcessInitializeOnLoadAttributes (464ms)
			ProcessInitializeOnLoadMethodAttributes (194ms)
			AfterProcessingInitializeOnLoad (19ms)
		AwakeInstancesAfterBackupRestoration (34ms)
Refreshing native plugins compatible for Editor in 9.84 ms, found 4 plugins.
Unloading 22 Unused Serialized files (Serialized files now loaded: 0)
Unloading 6778 unused Assets / (5.2 MB). Loaded Objects now: 7673.
Memory consumption went from 341.6 MB to 336.4 MB.
Total: 16.194200 ms (FindLiveObjects: 1.062400 ms CreateObjectMapping: 3.228200 ms MarkObjects: 8.550800 ms  DeleteObjects: 3.350600 ms)

Prepare: number of updated asset objects reloaded= 0
========================================================================
Received Prepare
AcceleratorClientConnectionCallback - disconnected - :0
[Licensing::Client] Successfully resolved entitlement details
Duplicate assembly 'log4net.dll' with different versions detected, using 'Packages/com.unity.package-validation-suite/Lib/Editor/log4net.dll, AssemblyName=log4net, Version=2.0.8.0, Culture=neutral, PublicKeyToken=669e0ddf0bb1aa2a' and ignoring 'Packages/com.unity.collab-proxy/Lib/Editor/log4netPlastic.dll, AssemblyName=log4net, Version=1.2.15.0, Culture=neutral, PublicKeyToken=669e0ddf0bb1aa2a'.Begin MonoManager ReloadAssembly
Duplicate assembly 'log4net.dll' with different versions detected, using 'Packages/com.unity.package-validation-suite/Lib/Editor/log4net.dll, AssemblyName=log4net, Version=2.0.8.0, Culture=neutral, PublicKeyToken=669e0ddf0bb1aa2a' and ignoring 'Packages/com.unity.collab-proxy/Lib/Editor/log4netPlastic.dll, AssemblyName=log4net, Version=1.2.15.0, Culture=neutral, PublicKeyToken=669e0ddf0bb1aa2a'.Symbol file LoadedFromMemory is not a mono symbol file
Refreshing native plugins compatible for Editor in 4.59 ms, found 4 plugins.
Native extension for WindowsStandalone target not found
[Package Manager] Failed to launch server process. Reason: Unity was launched with the -noUpm command-line argument
[Package Manager] Unable to send message (not connected to server process).
[Package Manager] Cannot connect to Unity Package Manager local server
[Package Manager] Failed to launch server process. Reason: Unity was launched with the -noUpm command-line argument
[Package Manager] Unable to send message (not connected to server process).
[Package Manager] Cannot connect to Unity Package Manager local server
ScheduleIndexationOnStartup MainProcess:False IndexOnStartup:True
Mono: successfully reloaded assembly
- Finished resetting the current domain, in  1.156 seconds
Domain Reload Profiling: 2772ms
	BeginReloadAssembly (461ms)
		DisableScriptedObjects (22ms)
		CreateAndSetChildDomain (89ms)
	RebuildCommonClasses (14ms)
	RebuildNativeTypeToScriptingClass (31ms)
	initialDomainReloadingComplete (171ms)
	LoadAllAssembliesAndSetupDomain (936ms)
		LoadAssemblies (877ms)
		AnalyzeDomain (37ms)
			TypeCache.Refresh (17ms)
			ResolveRequiredComponents (13ms)
	FinalizeReload (1159ms)
		SetupLoadedEditorAssemblies (0ms)
			InitializePlatformSupportModulesInManaged (3ms)
			BeforeProcessingInitializeOnLoad (174ms)
			ProcessInitializeOnLoadAttributes (442ms)
			ProcessInitializeOnLoadMethodAttributes (171ms)
			AfterProcessingInitializeOnLoad (9ms)
		AwakeInstancesAfterBackupRestoration (28ms)
Refreshing native plugins compatible for Editor in 5.52 ms, found 4 plugins.
Unloading 22 Unused Serialized files (Serialized files now loaded: 0)
Unloading 6778 unused Assets / (6.3 MB). Loaded Objects now: 7676.
Memory consumption went from 346.4 MB to 340.1 MB.
Total: 12.935600 ms (FindLiveObjects: 0.818100 ms CreateObjectMapping: 3.048300 ms MarkObjects: 5.679700 ms  DeleteObjects: 3.386800 ms)

Prepare: number of updated asset objects reloaded= 0
========================================================================
Received Prepare
AcceleratorClientConnectionCallback - disconnected - :0
Duplicate assembly 'log4net.dll' with different versions detected, using 'Packages/com.unity.package-validation-suite/Lib/Editor/log4net.dll, AssemblyName=log4net, Version=2.0.8.0, Culture=neutral, PublicKeyToken=669e0ddf0bb1aa2a' and ignoring 'Packages/com.unity.collab-proxy/Lib/Editor/log4netPlastic.dll, AssemblyName=log4net, Version=1.2.15.0, Culture=neutral, PublicKeyToken=669e0ddf0bb1aa2a'.Begin MonoManager ReloadAssembly
Duplicate assembly 'log4net.dll' with different versions detected, using 'Packages/com.unity.package-validation-suite/Lib/Editor/log4net.dll, AssemblyName=log4net, Version=2.0.8.0, Culture=neutral, PublicKeyToken=669e0ddf0bb1aa2a' and ignoring 'Packages/com.unity.collab-proxy/Lib/Editor/log4netPlastic.dll, AssemblyName=log4net, Version=1.2.15.0, Culture=neutral, PublicKeyToken=669e0ddf0bb1aa2a'.Symbol file LoadedFromMemory is not a mono symbol file
Refreshing native plugins compatible for Editor in 3.94 ms, found 4 plugins.
Native extension for WindowsStandalone target not found
[Package Manager] Failed to launch server process. Reason: Unity was launched with the -noUpm command-line argument
[Package Manager] Unable to send message (not connected to server process).
[Package Manager] Cannot connect to Unity Package Manager local server
[Package Manager] Failed to launch server process. Reason: Unity was launched with the -noUpm command-line argument
[Package Manager] Unable to send message (not connected to server process).
[Package Manager] Cannot connect to Unity Package Manager local server
ScheduleIndexationOnStartup MainProcess:False IndexOnStartup:True
Mono: successfully reloaded assembly
- Finished resetting the current domain, in  0.837 seconds
Domain Reload Profiling: 1880ms
	BeginReloadAssembly (262ms)
		DisableScriptedObjects (9ms)
		CreateAndSetChildDomain (53ms)
	RebuildCommonClasses (10ms)
	RebuildNativeTypeToScriptingClass (16ms)
	initialDomainReloadingComplete (67ms)
	LoadAllAssembliesAndSetupDomain (686ms)
		LoadAssemblies (413ms)
		AnalyzeDomain (245ms)
			TypeCache.Refresh (14ms)
			BuildScriptInfoCaches (219ms)
			ResolveRequiredComponents (8ms)
	FinalizeReload (839ms)
		SetupLoadedEditorAssemblies (0ms)
			BeforeProcessingInitializeOnLoad (103ms)
			ProcessInitializeOnLoadAttributes (313ms)
			ProcessInitializeOnLoadMethodAttributes (161ms)
			AfterProcessingInitializeOnLoad (8ms)
		AwakeInstancesAfterBackupRestoration (23ms)
Refreshing native plugins compatible for Editor in 4.26 ms, found 4 plugins.
Unloading 22 Unused Serialized files (Serialized files now loaded: 0)
Unloading 6778 unused Assets / (5.3 MB). Loaded Objects now: 7679.
Memory consumption went from 349.7 MB to 344.3 MB.
Total: 9.638500 ms (FindLiveObjects: 0.548800 ms CreateObjectMapping: 1.837000 ms MarkObjects: 4.622600 ms  DeleteObjects: 2.628200 ms)

Prepare: number of updated asset objects reloaded= 0
========================================================================
Received Import Request.
  Time of request: 2026-08-24T15:13:36.7226891Z
  Time since last request: 573.09719180000002 seconds.
  importAddress: GUID: 9388bb74cf04d184ebfa09472d4a062c - Path: Assets/Prefabs/F1-Car (AI).prefab - Importer: PreviewImporter
Importing 'GUID: 9388bb74cf04d184ebfa09472d4a062c - Path: Assets/Prefabs/F1-Car (AI).prefab - Importer: PreviewImporter' with importer (PreviewImporter)
Imported 'GUID: 9388bb74cf04d184ebfa09472d4a062c' -> (Import Result ID: '72f2571d33a8d5f5a9cd5b3e8d555c80') in 5.034 seconds [static and dynamic dependencies]. Details - ImportResultOutputID=8d3e4205017fb5a7b839e1a82ccb9c9e DependenciesID=8d22ff8f223c93876040ed77502ad7b4 StaticDependenciesID=90ea9eac20978191481a2c5f5ac0a0f4 
Number of updated asset objects reloaded before import = 0
Number of asset objects unloaded after import = 79
========================================================================
Received Import Request.
  Time of request: 2026-08-24T15:13:41.771759Z
  Time since last request: 0.0000629 seconds.
  importAddress: GUID: fd5ab97cdf7a47945ac2b2c77778e965 - Path: Assets/Prefabs/Walls.prefab - Importer: PreviewImporter
Importing 'GUID: fd5ab97cdf7a47945ac2b2c77778e965 - Path: Assets/Prefabs/Walls.prefab - Importer: PreviewImporter' with importer (PreviewImporter)
Imported 'GUID: fd5ab97cdf7a47945ac2b2c77778e965' -> (Import Result ID: '19e829c12842cefa16759e01ed54eeda') in 1.929 seconds [static and dynamic dependencies]. Details - ImportResultOutputID=b189fa50b8e94f3275fd09ee05e64ef1 DependenciesID=8aa136cc8f94e882c58f678e31b56fba StaticDependenciesID=3cab7ef0e9d6a2bc024d11cd59ffd22d 
Number of updated asset objects reloaded before import = 0
Number of asset objects unloaded after import = 16
========================================================================
Received Prepare
AcceleratorClientConnectionCallback - disconnected - :0
Refreshing native plugins compatible for Editor in 3.05 ms, found 4 plugins.
Unloading 22 Unused Serialized files (Serialized files now loaded: 0)
Unloading 22 unused Assets / (2.6 MB). Loaded Objects now: 7798.
Memory consumption went from 350.6 MB to 348.0 MB.
Total: 6.150100 ms (FindLiveObjects: 0.326400 ms CreateObjectMapping: 0.559600 ms MarkObjects: 4.947800 ms  DeleteObjects: 0.314800 ms)

Prepare: number of updated asset objects reloaded= 0
========================================================================
Received Prepare
AcceleratorClientConnectionCallback - disconnected - :0
Refreshing native plugins compatible for Editor in 3.47 ms, found 4 plugins.
Unloading 22 Unused Serialized files (Serialized files now loaded: 0)
Unloading 22 unused Assets / (2.6 MB). Loaded Objects now: 7798.
Memory consumption went from 353.5 MB to 350.9 MB.
Total: 8.247400 ms (FindLiveObjects: 0.372500 ms CreateObjectMapping: 0.898800 ms MarkObjects: 6.090900 ms  DeleteObjects: 0.884200 ms)

Prepare: number of updated asset objects reloaded= 0
========================================================================
Received Prepare
AcceleratorClientConnectionCallback - disconnected - :0
[Licensing::Client] Successfully resolved entitlement details
Duplicate assembly 'log4net.dll' with different versions detected, using 'Packages/com.unity.package-validation-suite/Lib/Editor/log4net.dll, AssemblyName=log4net, Version=2.0.8.0, Culture=neutral, PublicKeyToken=669e0ddf0bb1aa2a' and ignoring 'Packages/com.unity.collab-proxy/Lib/Editor/log4netPlastic.dll, AssemblyName=log4net, Version=1.2.15.0, Culture=neutral, PublicKeyToken=669e0ddf0bb1aa2a'.Begin MonoManager ReloadAssembly
Duplicate assembly 'log4net.dll' with different versions detected, using 'Packages/com.unity.package-validation-suite/Lib/Editor/log4net.dll, AssemblyName=log4net, Version=2.0.8.0, Culture=neutral, PublicKeyToken=669e0ddf0bb1aa2a' and ignoring 'Packages/com.unity.collab-proxy/Lib/Editor/log4netPlastic.dll, AssemblyName=log4net, Version=1.2.15.0, Culture=neutral, PublicKeyToken=669e0ddf0bb1aa2a'.Symbol file LoadedFromMemory is not a mono symbol file
Refreshing native plugins compatible for Editor in 8.13 ms, found 4 plugins.
Native extension for WindowsStandalone target not found
[Package Manager] Failed to launch server process. Reason: Unity was launched with the -noUpm command-line argument
[Package Manager] Unable to send message (not connected to server process).
[Package Manager] Cannot connect to Unity Package Manager local server
[Package Manager] Failed to launch server process. Reason: Unity was launched with the -noUpm command-line argument
[Package Manager] Unable to send message (not connected to server process).
[Package Manager] Cannot connect to Unity Package Manager local server
ScheduleIndexationOnStartup MainProcess:False IndexOnStartup:True
Mono: successfully reloaded assembly
- Finished resetting the current domain, in  1.127 seconds
Domain Reload Profiling: 2308ms
	BeginReloadAssembly (358ms)
		DisableScriptedObjects (29ms)
		CreateAndSetChildDomain (74ms)
	RebuildCommonClasses (12ms)
	RebuildNativeTypeToScriptingClass (24ms)
	initialDomainReloadingComplete (136ms)
	LoadAllAssembliesAndSetupDomain (650ms)
		LoadAssemblies (618ms)
		AnalyzeDomain (27ms)
			TypeCache.Refresh (11ms)
			ResolveRequiredComponents (11ms)
	FinalizeReload (1129ms)
		SetupLoadedEditorAssemblies (0ms)
			InitializePlatformSupportModulesInManaged (3ms)
			BeforeProcessingInitializeOnLoad (142ms)
			ProcessInitializeOnLoadAttributes (394ms)
			ProcessInitializeOnLoadMethodAttributes (207ms)
			AfterProcessingInitializeOnLoad (14ms)
		AwakeInstancesAfterBackupRestoration (55ms)
Refreshing native plugins compatible for Editor in 7.49 ms, found 4 plugins.
Unloading 22 Unused Serialized files (Serialized files now loaded: 0)
Unloading 6778 unused Assets / (4.5 MB). Loaded Objects now: 7713.
Memory consumption went from 356.0 MB to 351.4 MB.
Total: 13.530500 ms (FindLiveObjects: 0.968800 ms CreateObjectMapping: 3.400700 ms MarkObjects: 6.347400 ms  DeleteObjects: 2.811700 ms)

Prepare: number of updated asset objects reloaded= 0
========================================================================
Received Prepare
AcceleratorClientConnectionCallback - disconnected - :0
[Licensing::Client] Successfully resolved entitlement details
Duplicate assembly 'log4net.dll' with different versions detected, using 'Packages/com.unity.package-validation-suite/Lib/Editor/log4net.dll, AssemblyName=log4net, Version=2.0.8.0, Culture=neutral, PublicKeyToken=669e0ddf0bb1aa2a' and ignoring 'Packages/com.unity.collab-proxy/Lib/Editor/log4netPlastic.dll, AssemblyName=log4net, Version=1.2.15.0, Culture=neutral, PublicKeyToken=669e0ddf0bb1aa2a'.Begin MonoManager ReloadAssembly
Duplicate assembly 'log4net.dll' with different versions detected, using 'Packages/com.unity.package-validation-suite/Lib/Editor/log4net.dll, AssemblyName=log4net, Version=2.0.8.0, Culture=neutral, PublicKeyToken=669e0ddf0bb1aa2a' and ignoring 'Packages/com.unity.collab-proxy/Lib/Editor/log4netPlastic.dll, AssemblyName=log4net, Version=1.2.15.0, Culture=neutral, PublicKeyToken=669e0ddf0bb1aa2a'.Symbol file LoadedFromMemory is not a mono symbol file
Refreshing native plugins compatible for Editor in 3.15 ms, found 4 plugins.
Native extension for WindowsStandalone target not found
[Package Manager] Failed to launch server process. Reason: Unity was launched with the -noUpm command-line argument
[Package Manager] Unable to send message (not connected to server process).
[Package Manager] Cannot connect to Unity Package Manager local server
[Package Manager] Failed to launch server process. Reason: Unity was launched with the -noUpm command-line argument
[Package Manager] Unable to send message (not connected to server process).
[Package Manager] Cannot connect to Unity Package Manager local server
ScheduleIndexationOnStartup MainProcess:False IndexOnStartup:True
Mono: successfully reloaded assembly
- Finished resetting the current domain, in  0.618 seconds
Domain Reload Profiling: 1220ms
	BeginReloadAssembly (195ms)
		DisableScriptedObjects (6ms)
		CreateAndSetChildDomain (40ms)
	RebuildCommonClasses (8ms)
	RebuildNativeTypeToScriptingClass (13ms)
	initialDomainReloadingComplete (53ms)
	LoadAllAssembliesAndSetupDomain (332ms)
		LoadAssemblies (302ms)
		AnalyzeDomain (18ms)
			TypeCache.Refresh (8ms)
			ResolveRequiredComponents (7ms)
	FinalizeReload (619ms)
		SetupLoadedEditorAssemblies (0ms)
			BeforeProcessingInitializeOnLoad (82ms)
			ProcessInitializeOnLoadAttributes (234ms)
			ProcessInitializeOnLoadMethodAttributes (106ms)
			AfterProcessingInitializeOnLoad (6ms)
		AwakeInstancesAfterBackupRestoration (17ms)
Refreshing native plugins compatible for Editor in 3.14 ms, found 4 plugins.
Unloading 22 Unused Serialized files (Serialized files now loaded: 0)
Unloading 6778 unused Assets / (5.4 MB). Loaded Objects now: 7716.
Memory consumption went from 358.8 MB to 353.4 MB.
Total: 9.782300 ms (FindLiveObjects: 0.621900 ms CreateObjectMapping: 1.969200 ms MarkObjects: 3.838900 ms  DeleteObjects: 3.350900 ms)

Prepare: number of updated asset objects reloaded= 0
========================================================================
Received Prepare
AcceleratorClientConnectionCallback - disconnected - :0
[Licensing::Client] Successfully resolved entitlement details
Duplicate assembly 'log4net.dll' with different versions detected, using 'Packages/com.unity.package-validation-suite/Lib/Editor/log4net.dll, AssemblyName=log4net, Version=2.0.8.0, Culture=neutral, PublicKeyToken=669e0ddf0bb1aa2a' and ignoring 'Packages/com.unity.collab-proxy/Lib/Editor/log4netPlastic.dll, AssemblyName=log4net, Version=1.2.15.0, Culture=neutral, PublicKeyToken=669e0ddf0bb1aa2a'.Begin MonoManager ReloadAssembly
Duplicate assembly 'log4net.dll' with different versions detected, using 'Packages/com.unity.package-validation-suite/Lib/Editor/log4net.dll, AssemblyName=log4net, Version=2.0.8.0, Culture=neutral, PublicKeyToken=669e0ddf0bb1aa2a' and ignoring 'Packages/com.unity.collab-proxy/Lib/Editor/log4netPlastic.dll, AssemblyName=log4net, Version=1.2.15.0, Culture=neutral, PublicKeyToken=669e0ddf0bb1aa2a'.Symbol file LoadedFromMemory is not a mono symbol file
Refreshing native plugins compatible for Editor in 11.39 ms, found 4 plugins.
Native extension for WindowsStandalone target not found
[Package Manager] Failed to launch server process. Reason: Unity was launched with the -noUpm command-line argument
[Package Manager] Unable to send message (not connected to server process).
[Package Manager] Cannot connect to Unity Package Manager local server
[Package Manager] Failed to launch server process. Reason: Unity was launched with the -noUpm command-line argument
[Package Manager] Unable to send message (not connected to server process).
[Package Manager] Cannot connect to Unity Package Manager local server
ScheduleIndexationOnStartup MainProcess:False IndexOnStartup:True
Mono: successfully reloaded assembly
- Finished resetting the current domain, in  1.468 seconds
Domain Reload Profiling: 3353ms
	BeginReloadAssembly (413ms)
		DisableScriptedObjects (13ms)
		CreateAndSetChildDomain (77ms)
	RebuildCommonClasses (15ms)
	RebuildNativeTypeToScriptingClass (31ms)
	initialDomainReloadingComplete (155ms)
	LoadAllAssembliesAndSetupDomain (1268ms)
		LoadAssemblies (800ms)
		AnalyzeDomain (423ms)
			TypeCache.Refresh (22ms)
				TypeCache.ScanAssembly (3ms)
			BuildScriptInfoCaches (385ms)
			ResolveRequiredComponents (14ms)
	FinalizeReload (1470ms)
		SetupLoadedEditorAssemblies (0ms)
			InitializePlatformSupportModulesInManaged (3ms)
			BeforeProcessingInitializeOnLoad (210ms)
			ProcessInitializeOnLoadAttributes (532ms)
			ProcessInitializeOnLoadMethodAttributes (224ms)
			AfterProcessingInitializeOnLoad (27ms)
		AwakeInstancesAfterBackupRestoration (39ms)
Refreshing native plugins compatible for Editor in 12.54 ms, found 4 plugins.
Unloading 22 Unused Serialized files (Serialized files now loaded: 0)
Unloading 6778 unused Assets / (6.0 MB). Loaded Objects now: 7719.
Memory consumption went from 361.9 MB to 355.9 MB.
Total: 23.079300 ms (FindLiveObjects: 1.869900 ms CreateObjectMapping: 4.809500 ms MarkObjects: 11.477500 ms  DeleteObjects: 4.920200 ms)

Prepare: number of updated asset objects reloaded= 0
========================================================================
Received Prepare
AcceleratorClientConnectionCallback - disconnected - :0
[Licensing::Client] Successfully resolved entitlement details
Duplicate assembly 'log4net.dll' with different versions detected, using 'Packages/com.unity.package-validation-suite/Lib/Editor/log4net.dll, AssemblyName=log4net, Version=2.0.8.0, Culture=neutral, PublicKeyToken=669e0ddf0bb1aa2a' and ignoring 'Packages/com.unity.collab-proxy/Lib/Editor/log4netPlastic.dll, AssemblyName=log4net, Version=1.2.15.0, Culture=neutral, PublicKeyToken=669e0ddf0bb1aa2a'.Begin MonoManager ReloadAssembly
Duplicate assembly 'log4net.dll' with different versions detected, using 'Packages/com.unity.package-validation-suite/Lib/Editor/log4net.dll, AssemblyName=log4net, Version=2.0.8.0, Culture=neutral, PublicKeyToken=669e0ddf0bb1aa2a' and ignoring 'Packages/com.unity.collab-proxy/Lib/Editor/log4netPlastic.dll, AssemblyName=log4net, Version=1.2.15.0, Culture=neutral, PublicKeyToken=669e0ddf0bb1aa2a'.Symbol file LoadedFromMemory is not a mono symbol file
Refreshing native plugins compatible for Editor in 5.38 ms, found 4 plugins.
Native extension for WindowsStandalone target not found
[Package Manager] Failed to launch server process. Reason: Unity was launched with the -noUpm command-line argument
[Package Manager] Unable to send message (not connected to server process).
[Package Manager] Cannot connect to Unity Package Manager local server
[Package Manager] Failed to launch server process. Reason: Unity was launched with the -noUpm command-line argument
[Package Manager] Unable to send message (not connected to server process).
[Package Manager] Cannot connect to Unity Package Manager local server
ScheduleIndexationOnStartup MainProcess:False IndexOnStartup:True
Mono: successfully reloaded assembly
- Finished resetting the current domain, in  1.295 seconds
Domain Reload Profiling: 3141ms
	BeginReloadAssembly (379ms)
		DisableScriptedObjects (14ms)
		CreateAndSetChildDomain (79ms)
	RebuildCommonClasses (18ms)
	RebuildNativeTypeToScriptingClass (57ms)
	initialDomainReloadingComplete (263ms)
	LoadAllAssembliesAndSetupDomain (1127ms)
		LoadAssemblies (799ms)
		AnalyzeDomain (62ms)
			TypeCache.Refresh (16ms)
			ResolveRequiredComponents (31ms)
	FinalizeReload (1297ms)
		SetupLoadedEditorAssemblies (0ms)
			InitializePlatformSupportModulesInManaged (6ms)
			BeforeProcessingInitializeOnLoad (287ms)
			ProcessInitializeOnLoadAttributes (406ms)
			ProcessInitializeOnLoadMethodAttributes (188ms)
			AfterProcessingInitializeOnLoad (9ms)
		AwakeInstancesAfterBackupRestoration (30ms)
Refreshing native plugins compatible for Editor in 5.54 ms, found 4 plugins.
Unloading 22 Unused Serialized files (Serialized files now loaded: 0)
Unloading 6778 unused Assets / (5.3 MB). Loaded Objects now: 7722.
Memory consumption went from 364.7 MB to 359.4 MB.
Total: 10.983600 ms (FindLiveObjects: 0.655000 ms CreateObjectMapping: 2.674000 ms MarkObjects: 5.223300 ms  DeleteObjects: 2.429600 ms)

Prepare: number of updated asset objects reloaded= 0
========================================================================
Received Prepare
AcceleratorClientConnectionCallback - disconnected - :0
Refreshing native plugins compatible for Editor in 3.64 ms, found 4 plugins.
Unloading 22 Unused Serialized files (Serialized files now loaded: 0)
Unloading 22 unused Assets / (2.6 MB). Loaded Objects now: 7722.
Memory consumption went from 362.7 MB to 360.1 MB.
Total: 7.713200 ms (FindLiveObjects: 0.351700 ms CreateObjectMapping: 0.645800 ms MarkObjects: 6.334500 ms  DeleteObjects: 0.380100 ms)

Prepare: number of updated asset objects reloaded= 0
========================================================================
Received Prepare
AcceleratorClientConnectionCallback - disconnected - :0
[Licensing::Client] Successfully resolved entitlement details
Duplicate assembly 'log4net.dll' with different versions detected, using 'Packages/com.unity.package-validation-suite/Lib/Editor/log4net.dll, AssemblyName=log4net, Version=2.0.8.0, Culture=neutral, PublicKeyToken=669e0ddf0bb1aa2a' and ignoring 'Packages/com.unity.collab-proxy/Lib/Editor/log4netPlastic.dll, AssemblyName=log4net, Version=1.2.15.0, Culture=neutral, PublicKeyToken=669e0ddf0bb1aa2a'.Begin MonoManager ReloadAssembly
Duplicate assembly 'log4net.dll' with different versions detected, using 'Packages/com.unity.package-validation-suite/Lib/Editor/log4net.dll, AssemblyName=log4net, Version=2.0.8.0, Culture=neutral, PublicKeyToken=669e0ddf0bb1aa2a' and ignoring 'Packages/com.unity.collab-proxy/Lib/Editor/log4netPlastic.dll, AssemblyName=log4net, Version=1.2.15.0, Culture=neutral, PublicKeyToken=669e0ddf0bb1aa2a'.Symbol file LoadedFromMemory is not a mono symbol file
Refreshing native plugins compatible for Editor in 12.46 ms, found 4 plugins.
Native extension for WindowsStandalone target not found
[Package Manager] Failed to launch server process. Reason: Unity was launched with the -noUpm command-line argument
[Package Manager] Unable to send message (not connected to server process).
[Package Manager] Cannot connect to Unity Package Manager local server
[Package Manager] Failed to launch server process. Reason: Unity was launched with the -noUpm command-line argument
[Package Manager] Unable to send message (not connected to server process).
[Package Manager] Cannot connect to Unity Package Manager local server
ScheduleIndexationOnStartup MainProcess:False IndexOnStartup:True
Mono: successfully reloaded assembly
- Finished resetting the current domain, in  1.377 seconds
Domain Reload Profiling: 3237ms
	BeginReloadAssembly (540ms)
		DisableScriptedObjects (16ms)
		CreateAndSetChildDomain (94ms)
	RebuildCommonClasses (18ms)
	RebuildNativeTypeToScriptingClass (40ms)
	initialDomainReloadingComplete (178ms)
	LoadAllAssembliesAndSetupDomain (1081ms)
		LoadAssemblies (1031ms)
		AnalyzeDomain (44ms)
			TypeCache.Refresh (18ms)
			ResolveRequiredComponents (16ms)
	FinalizeReload (1380ms)
		SetupLoadedEditorAssemblies (0ms)
			InitializePlatformSupportModulesInManaged (3ms)
			BeforeProcessingInitializeOnLoad (173ms)
			ProcessInitializeOnLoadAttributes (478ms)
			ProcessInitializeOnLoadMethodAttributes (227ms)
			AfterProcessingInitializeOnLoad (26ms)
		AwakeInstancesAfterBackupRestoration (44ms)
Refreshing native plugins compatible for Editor in 13.03 ms, found 4 plugins.
Unloading 22 Unused Serialized files (Serialized files now loaded: 0)
Unloading 6778 unused Assets / (4.7 MB). Loaded Objects now: 7725.
Memory consumption went from 370.5 MB to 365.8 MB.
Total: 19.688100 ms (FindLiveObjects: 1.214800 ms CreateObjectMapping: 3.485200 ms MarkObjects: 11.725300 ms  DeleteObjects: 3.260800 ms)

Prepare: number of updated asset objects reloaded= 0
========================================================================
Received Prepare
AcceleratorClientConnectionCallback - disconnected - :0
Refreshing native plugins compatible for Editor in 13.67 ms, found 4 plugins.
Unloading 22 Unused Serialized files (Serialized files now loaded: 0)
Unloading 22 unused Assets / (2.6 MB). Loaded Objects now: 7725.
Memory consumption went from 368.5 MB to 365.9 MB.
Total: 11.710500 ms (FindLiveObjects: 0.682400 ms CreateObjectMapping: 1.627900 ms MarkObjects: 8.857400 ms  DeleteObjects: 0.540800 ms)

Prepare: number of updated asset objects reloaded= 1
========================================================================
Received Prepare
AcceleratorClientConnectionCallback - disconnected - :0
Refreshing native plugins compatible for Editor in 12.14 ms, found 4 plugins.
Unloading 22 Unused Serialized files (Serialized files now loaded: 0)
Unloading 22 unused Assets / (2.6 MB). Loaded Objects now: 7725.
Memory consumption went from 371.5 MB to 368.9 MB.
Total: 11.075300 ms (FindLiveObjects: 0.612800 ms CreateObjectMapping: 1.082600 ms MarkObjects: 8.899000 ms  DeleteObjects: 0.479400 ms)

Prepare: number of updated asset objects reloaded= 21
========================================================================
Received Prepare
AcceleratorClientConnectionCallback - disconnected - :0
Refreshing native plugins compatible for Editor in 13.02 ms, found 4 plugins.
Unloading 22 Unused Serialized files (Serialized files now loaded: 0)
Unloading 22 unused Assets / (2.6 MB). Loaded Objects now: 7725.
Memory consumption went from 374.7 MB to 372.1 MB.
Total: 146.219200 ms (FindLiveObjects: 3.866600 ms CreateObjectMapping: 2.547100 ms MarkObjects: 138.979800 ms  DeleteObjects: 0.820500 ms)

Prepare: number of updated asset objects reloaded= 0
========================================================================
Received Prepare
AcceleratorClientConnectionCallback - disconnected - :0
Refreshing native plugins compatible for Editor in 11.14 ms, found 4 plugins.
Unloading 22 Unused Serialized files (Serialized files now loaded: 0)
Unloading 22 unused Assets / (2.6 MB). Loaded Objects now: 7725.
Memory consumption went from 377.6 MB to 375.0 MB.
Total: 14.768700 ms (FindLiveObjects: 0.696700 ms CreateObjectMapping: 1.289500 ms MarkObjects: 11.826300 ms  DeleteObjects: 0.954400 ms)

Prepare: number of updated asset objects reloaded= 0
Editor requested this worker to shutdown with reason: Editor is closing down
AcceleratorClientConnectionCallback - disconnected - :0
AssetImportWorker is now disconnected from the server
Process exiting
Exiting without the bug reporter. Application will terminate with return code 0