[Licensing::Module] Trying to connect to existing licensing client channel...
Built from '6000.3/staging' branch; Version is '6000.3.3f1 (ef04196de0d6) revision 15664153'; Using compiler version '194234433'; Build Type 'Release'
OS: 'Windows 11  (10.0.26200) 64bit Core' Language: 'en' Physical Memory: 16077 MB
BatchMode: 1, IsHumanControllingUs: 0, StartBugReporterOnCrash: 0, Is64bit: 1
Date: 2026-01-13T18:12:10Z
[Licensing::IpcConnector] Successfully connected to: "LicenseClient-moham" at "2026-01-13T18:12:10.5339684Z"

COMMAND LINE ARGUMENTS:
C:\Program Files\Unity\Hub\Editor\6000.3.3f1\Editor\Unity.exe
-adb2
-batchMode
-noUpm
-name
AssetImportWorker1
-projectPath
C:/Users/moham/My Stuff/Development/Formula-NIL
-logFile
Logs/AssetImportWorker1.log
-srvPort
56687
-licensingIpc
LicenseClient-moham
-job-worker-count
9
-background-job-worker-count
8
-gc-helper-count
1
-name
AssetImport
Successfully changed project path to: C:/Users/moham/My Stuff/Development/Formula-NIL
C:/Users/moham/My Stuff/Development/Formula-NIL
[UnityMemory] Configuration Parameters - Can be set up in boot.config
    "memorysetup-temp-allocator-size-nav-mesh-worker=65536"
    "memorysetup-temp-allocator-size-audio-worker=65536"
    "memorysetup-temp-allocator-size-gfx=262144"
    "memorysetup-allocator-temp-initial-block-size-main=262144"
    "memorysetup-allocator-temp-initial-block-size-worker=262144"
    "memorysetup-temp-allocator-size-background-worker=32768"
    "memorysetup-temp-allocator-size-job-worker=262144"
    "memorysetup-temp-allocator-size-preload-manager=33554432"
    "memorysetup-temp-allocator-size-gi-baking-worker=262144"
    "memorysetup-temp-allocator-size-gi-baking-worker=262144"
    "memorysetup-temp-allocator-size-gi-baking-worker=262144"
    "memorysetup-temp-allocator-size-gi-baking-worker=262144"
    "memorysetup-temp-allocator-size-gi-baking-worker=262144"
    "memorysetup-bucket-allocator-granularity=16"
    "memorysetup-bucket-allocator-bucket-count=8"
    "memorysetup-bucket-allocator-block-size=33554432"
    "memorysetup-bucket-allocator-block-count=8"
    "memorysetup-main-allocator-block-size=16777216"
    "memorysetup-thread-allocator-block-size=16777216"
    "memorysetup-gfx-main-allocator-block-size=16777216"
    "memorysetup-gfx-thread-allocator-block-size=16777216"
    "memorysetup-cache-allocator-block-size=4194304"
    "memorysetup-typetree-allocator-block-size=2097152"
    "memorysetup-profiler-bucket-allocator-granularity=16"
    "memorysetup-profiler-bucket-allocator-bucket-count=8"
    "memorysetup-profiler-bucket-allocator-block-size=33554432"
    "memorysetup-profiler-bucket-allocator-block-count=8"
    "memorysetup-profiler-allocator-block-size=16777216"
    "memorysetup-profiler-editor-allocator-block-size=1048576"
    "memorysetup-temp-allocator-size-main=16777216"
    "memorysetup-job-temp-allocator-block-size=2097152"
    "memorysetup-job-temp-allocator-block-size-background=1048576"
    "memorysetup-job-temp-allocator-reduction-small-platforms=262144"
    "memorysetup-temp-allocator-size-cloud-worker=32768"
Player connection [14620]  Target information:

Player connection [14620]  * "[IP] 192.168.0.106 [Port] 0 [Flags] 2 [Guid] 2905503510 [EditorId] 2905503510 [Version] 1048832 [Id] WindowsEditor(7,WINTER) [Debug] 1 [PackageName] WindowsEditor [ProjectName] Editor" 

Player connection [14620] Host joined multi-casting on [225.0.0.222:54997]...
Player connection [14620] Host joined alternative multi-casting on [225.0.0.222:34997]...
JobSystem: Creating JobQueue using job-worker-count value 9
Input System module state changed to: Initialized.
[Physics::Module] Initialized fallback backend.
[Physics::Module] Id: 0xdecafbad
Library Redirect Path: Library/
[Physics::Module] Selected backend.
[Physics::Module] Name: PhysX
[Physics::Module] Id: 0xf2b8ea05
[Physics::Module] SDK Version: 4.1.2
[Physics::Module] Integration Version: 1.0.0
[Physics::Module] Threading Mode: Multi-Threaded
[Licensing::Client] Handshaking with LicensingClient:
  Version:                 1.17.4+4293ba1
  Session Id:              740fadf8bc654b339c726c6838f5d004
  Correlation Id:          1dbda91a1fac8e5a8c46a6de667cceba
  External correlation Id: 7153021420020544202
  Machine Id:              TfOZK2I1D07pOdZHp7282DMlXO4=
[Licensing::Module] Successfully connected to LicensingClient on channel: "LicenseClient-moham" (connect: 0.00s, validation: 0.00s, handshake: 2.71s)
[Licensing::IpcConnector] Successfully connected to: "LicenseClient-moham-notifications" at "2026-01-13T18:12:13.2498288Z"
[Licensing::Module] Licensing Background thread has ended after 2.72s
Refreshing native plugins compatible for Editor in 2030.97 ms, found 5 plugins.
Preloading 0 native plugins for Editor in 0.00 ms.
Initialize engine version: 6000.3.3f1 (ef04196de0d6)
[Subsystems] Discovering subsystems at path C:/Program Files/Unity/Hub/Editor/6000.3.3f1/Editor/Data/Resources/UnitySubsystems
[Subsystems] Discovering subsystems at path C:/Users/moham/My Stuff/Development/Formula-NIL/Assets
GfxDevice: creating device client; kGfxThreadingModeNonThreaded
Direct3D:
    Version:  Direct3D 11.0 [level 11.1]
    Renderer: NVIDIA GeForce RTX 4060 Laptop GPU (ID=0x28a0)
    Vendor:   NVIDIA
    VRAM:     7956 MB
    Driver:   32.0.15.9159
Initialize mono
Mono path[0] = 'C:/Program Files/Unity/Hub/Editor/6000.3.3f1/Editor/Data/Managed'
Mono path[1] = 'C:/Program Files/Unity/Hub/Editor/6000.3.3f1/Editor/Data/MonoBleedingEdge/lib/mono/unityjit-win32'
Mono config path = 'C:/Program Files/Unity/Hub/Editor/6000.3.3f1/Editor/Data/MonoBleedingEdge/etc'
Using monoOptions --debugger-agent=transport=dt_socket,embedding=1,server=y,suspend=n,address=127.0.0.1:56804
Begin MonoManager ReloadAssembly
Registering precompiled unity dll's ...
Register platform support module: C:/Program Files/Unity/Hub/Editor/6000.3.3f1/Editor/Data/PlaybackEngines/WebGLSupport/UnityEditor.WebGL.Extensions.dll
Register platform support module: C:/Program Files/Unity/Hub/Editor/6000.3.3f1/Editor/Data/PlaybackEngines/WindowsStandaloneSupport/UnityEditor.WindowsStandalone.Extensions.dll
Registered in 0.716889 seconds.
- Loaded All Assemblies, in 30.692 seconds
Native extension for WindowsStandalone target not found
Native extension for WebGL target not found
Mono: successfully reloaded assembly
- Finished resetting the current domain, in  0.589 seconds
Domain Reload Profiling: 31274ms
	BeginReloadAssembly (26261ms)
		ExecutionOrderSort (0ms)
		DisableScriptedObjects (0ms)
		BackupInstance (0ms)
		ReleaseScriptingObjects (0ms)
		CreateAndSetChildDomain (1ms)
	RebuildCommonClasses (1196ms)
	RebuildNativeTypeToScriptingClass (11ms)
	initialDomainReloadingComplete (765ms)
	LoadAllAssembliesAndSetupDomain (2451ms)
		LoadAssemblies (26271ms)
		RebuildTransferFunctionScriptingTraits (0ms)
		AnalyzeDomain (2434ms)
			TypeCache.Refresh (2431ms)
				TypeCache.ScanAssembly (1743ms)
			BuildScriptInfoCaches (0ms)
			ResolveRequiredComponents (2ms)
	FinalizeReload (590ms)
		ReleaseScriptCaches (0ms)
		RebuildScriptCaches (0ms)
		SetupLoadedEditorAssemblies (520ms)
			LogAssemblyErrors (0ms)
			InitializePlatformSupportModulesInManaged (59ms)
			SetLoadedEditorAssemblies (4ms)
			BeforeProcessingInitializeOnLoad (144ms)
			ProcessInitializeOnLoadAttributes (220ms)
			ProcessInitializeOnLoadMethodAttributes (93ms)
			AfterProcessingInitializeOnLoad (0ms)
			EditorAssembliesLoaded (0ms)
		ExecutionOrderSort2 (0ms)
		AwakeInstancesAfterBackupRestoration (0ms)
========================================================================
Worker process is ready to serve import requests
Import Worker Mode flag is 0x00
Begin MonoManager ReloadAssembly
[Licensing::Client] Successfully resolved entitlement details
[Licensing::Module] License group:
  Id: 18966972188191-UnityPersXXXX
  Product: Unity Personal
  Type: Assigned
  Expiration: Unlimited
Duplicate assembly 'log4net.dll' with different versions detected, using 'Packages/com.unity.package-validation-suite/Lib/Editor/log4net.dll, AssemblyName=log4net, Version=2.0.8.0, Culture=neutral, PublicKeyToken=669e0ddf0bb1aa2a' and ignoring 'Packages/com.unity.collab-proxy/Lib/Editor/log4netPlastic.dll, AssemblyName=log4net, Version=1.2.15.0, Culture=neutral, PublicKeyToken=669e0ddf0bb1aa2a'.Symbol file LoadedFromMemory is not a mono symbol file
- Loaded All Assemblies, in 18.725 seconds
Refreshing native plugins compatible for Editor in 24.55 ms, found 5 plugins.
Native extension for WindowsStandalone target not found
Native extension for WebGL target not found
Package Manager log level set to [2]
[Package Manager] Failed to launch server process. Reason: Unity was launched with the -noUpm command-line argument
[Package Manager] Unable to send message (not connected to server process).
[Package Manager] Cannot connect to Unity Package Manager local server
Refreshing native plugins compatible for Editor in 23.77 ms, found 5 plugins.
Mono: successfully reloaded assembly
- Finished resetting the current domain, in  2.604 seconds
Domain Reload Profiling: 21325ms
	BeginReloadAssembly (232ms)
		ExecutionOrderSort (0ms)
		DisableScriptedObjects (5ms)
		BackupInstance (0ms)
		ReleaseScriptingObjects (0ms)
		CreateAndSetChildDomain (38ms)
	RebuildCommonClasses (36ms)
	RebuildNativeTypeToScriptingClass (13ms)
	initialDomainReloadingComplete (38ms)
	LoadAllAssembliesAndSetupDomain (18401ms)
		LoadAssemblies (17546ms)
		RebuildTransferFunctionScriptingTraits (0ms)
		AnalyzeDomain (967ms)
			TypeCache.Refresh (894ms)
				TypeCache.ScanAssembly (874ms)
			BuildScriptInfoCaches (58ms)
			ResolveRequiredComponents (10ms)
	FinalizeReload (2604ms)
		ReleaseScriptCaches (0ms)
		RebuildScriptCaches (0ms)
		SetupLoadedEditorAssemblies (1040ms)
			LogAssemblyErrors (0ms)
			InitializePlatformSupportModulesInManaged (4ms)
			SetLoadedEditorAssemblies (5ms)
			BeforeProcessingInitializeOnLoad (255ms)
			ProcessInitializeOnLoadAttributes (657ms)
			ProcessInitializeOnLoadMethodAttributes (99ms)
			AfterProcessingInitializeOnLoad (20ms)
			EditorAssembliesLoaded (0ms)
		ExecutionOrderSort2 (0ms)
		AwakeInstancesAfterBackupRestoration (10ms)
Launched and connected shader compiler UnityShaderCompiler.exe after 0.06 seconds
Refreshing native plugins compatible for Editor in 22.77 ms, found 5 plugins.
Preloading 0 native plugins for Editor in 0.00 ms.
Unloading 16 Unused Serialized files (Serialized files now loaded: 0)
Unloading 6673 unused Assets / (4.4 MB). Loaded Objects now: 7424.
Memory consumption went from 148.4 MB to 144.0 MB.
Total: 12.900200 ms (FindLiveObjects: 1.136900 ms CreateObjectMapping: 0.760400 ms MarkObjects: 8.909900 ms  DeleteObjects: 2.090900 ms)

========================================================================
Received Import Request.
  Time since last request: 451337.244216 seconds.
  path: Assets/Bahrain International Circuit/Track - Off.mat
  artifactKey: Guid(67fec9e13e837a341bbe6c1653631431) Importer(2089858483,b0f066a214c2f5e87bad3c948f4d605d)
Start importing Assets/Bahrain International Circuit/Track - Off.mat using Guid(67fec9e13e837a341bbe6c1653631431) Importer(2089858483,b0f066a214c2f5e87bad3c948f4d605d) (ScriptedImporter) -> (artifact id: '8243a724938a8a549df5dd6b4c54775c') in 0.172959 seconds
Number of updated asset objects reloaded before import = 0Number of asset objects unloaded after import = 4

========================================================================
Received Import Request.
  Time since last request: 0.000025 seconds.
  path: Assets/Plugins & Utilities/StreamingAssets/Dialogue_CN.bank
  artifactKey: Guid(193b5638286ba804fac77f658754dd22) Importer(2089858483,b0f066a214c2f5e87bad3c948f4d605d)
Start importing Assets/Plugins & Utilities/StreamingAssets/Dialogue_CN.bank using Guid(193b5638286ba804fac77f658754dd22) Importer(2089858483,b0f066a214c2f5e87bad3c948f4d605d) (ScriptedImporter) -> (artifact id: '21ca35aa29fa9b156111c412a7bb13a9') in 0.0169719 seconds
Number of updated asset objects reloaded before import = 0Number of asset objects unloaded after import = 1

========================================================================
Received Import Request.
  Time since last request: 0.000032 seconds.
  path: Assets/Bahrain International Circuit/Textures/Grid.png
  artifactKey: Guid(98f113e2f3a66474ba3be5d0855d774d) Importer(2089858483,b0f066a214c2f5e87bad3c948f4d605d)
Start importing Assets/Bahrain International Circuit/Textures/Grid.png using Guid(98f113e2f3a66474ba3be5d0855d774d) Importer(2089858483,b0f066a214c2f5e87bad3c948f4d605d) (ScriptedImporter) -> (artifact id: '7714674ba729a499aa82f84f15604d6a') in 0.0956731 seconds
Number of updated asset objects reloaded before import = 0Number of asset objects unloaded after import = 1

========================================================================
Received Import Request.
  Time since last request: 0.000022 seconds.
  path: Assets/StreamingAssets
  artifactKey: Guid(cc8696cee69d2c44fb5b443d475009cb) Importer(815301076,1909f56bfc062723c751e8b465ee728b)
Start importing Assets/StreamingAssets using Guid(cc8696cee69d2c44fb5b443d475009cb) Importer(815301076,1909f56bfc062723c751e8b465ee728b) (PreviewImporter) -> (artifact id: '2b809e5cd85acd23cac66389004ee715') in 0.0008441 seconds
Number of updated asset objects reloaded before import = 0Number of asset objects unloaded after import = 0

========================================================================
Received Import Request.
  Time since last request: 0.000022 seconds.
  path: Assets/Scenes/MainMenu.unity
  artifactKey: Guid(0685527e13fdff04382a58c4e1c36c40) Importer(2089858483,b0f066a214c2f5e87bad3c948f4d605d)
Start importing Assets/Scenes/MainMenu.unity using Guid(0685527e13fdff04382a58c4e1c36c40) Importer(2089858483,b0f066a214c2f5e87bad3c948f4d605d) (ScriptedImporter) -> (artifact id: '9764c453c7e1396f2410772f41fb2738') in 0.039032 seconds
Number of updated asset objects reloaded before import = 0Number of asset objects unloaded after import = 1

========================================================================
Received Import Request.
  Time since last request: 0.000020 seconds.
  path: Assets/Materials/Car_MATS/Plastic.mat
  artifactKey: Guid(b98dfd9448031e84e8b176048f640e06) Importer(2089858483,b0f066a214c2f5e87bad3c948f4d605d)
Start importing Assets/Materials/Car_MATS/Plastic.mat using Guid(b98dfd9448031e84e8b176048f640e06) Importer(2089858483,b0f066a214c2f5e87bad3c948f4d605d) (ScriptedImporter) -> (artifact id: '1f0a0f5e7133d6c02b26c13d550f8a3d') in 0.0263012 seconds
Number of updated asset objects reloaded before import = 0Number of asset objects unloaded after import = 1

========================================================================
Received Import Request.
  Time since last request: 0.000061 seconds.
  path: Assets/Plugins & Utilities/StreamingAssets/Vehicles.bank
  artifactKey: Guid(54d7ff609dfdee74687d776ad3b9b70a) Importer(2089858483,b0f066a214c2f5e87bad3c948f4d605d)
Start importing Assets/Plugins & Utilities/StreamingAssets/Vehicles.bank using Guid(54d7ff609dfdee74687d776ad3b9b70a) Importer(2089858483,b0f066a214c2f5e87bad3c948f4d605d) (ScriptedImporter) -> (artifact id: 'fc962d878db3ee08feaf009934d36727') in 0.0207235 seconds
Number of updated asset objects reloaded before import = 0Number of asset objects unloaded after import = 1

========================================================================
Received Import Request.
  Time since last request: 0.000016 seconds.
  path: Assets/Scripts/Circuit/CheckpointSingle.cs
  artifactKey: Guid(87e57da1319b6ca47b17e26912440e92) Importer(2089858483,b0f066a214c2f5e87bad3c948f4d605d)
Start importing Assets/Scripts/Circuit/CheckpointSingle.cs using Guid(87e57da1319b6ca47b17e26912440e92) Importer(2089858483,b0f066a214c2f5e87bad3c948f4d605d) (ScriptedImporter) -> (artifact id: '942a672dcc2a81f165d0ed6e6df36feb') in 0.0331474 seconds
Number of updated asset objects reloaded before import = 0Number of asset objects unloaded after import = 0

========================================================================
Received Import Request.
  Time since last request: 0.000018 seconds.
  path: Assets/Scripts/Time Trial Ghost/BestLapTimeGhost.asset
  artifactKey: Guid(12139d23b4274cc41996418f3547d896) Importer(2089858483,b0f066a214c2f5e87bad3c948f4d605d)
Start importing Assets/Scripts/Time Trial Ghost/BestLapTimeGhost.asset using Guid(12139d23b4274cc41996418f3547d896) Importer(2089858483,b0f066a214c2f5e87bad3c948f4d605d) (ScriptedImporter) -> (artifact id: 'fd824517f56cac497a32e70e9439c734') in 0.0407926 seconds
Number of updated asset objects reloaded before import = 0Number of asset objects unloaded after import = 1

========================================================================
Received Import Request.
  Time since last request: 0.000032 seconds.
  path: Assets/Prefabs/Circuit.prefab
  artifactKey: Guid(14228bec310978e4ab440f8c3ccc377c) Importer(2089858483,b0f066a214c2f5e87bad3c948f4d605d)
Start importing Assets/Prefabs/Circuit.prefab using Guid(14228bec310978e4ab440f8c3ccc377c) Importer(2089858483,b0f066a214c2f5e87bad3c948f4d605d) (ScriptedImporter) -> (artifact id: 'eb72f4c8cbf64cd744c6a6eef8a31b3e') in 0.2512086 seconds
Number of updated asset objects reloaded before import = 0Number of asset objects unloaded after import = 308

========================================================================
Received Import Request.
  Time since last request: 0.000053 seconds.
  path: Assets/Bahrain International Circuit/Textures/Noise/Noise - 2.png
  artifactKey: Guid(7d430e6f09a957a4d9393916b6bdbb10) Importer(2089858483,b0f066a214c2f5e87bad3c948f4d605d)
Start importing Assets/Bahrain International Circuit/Textures/Noise/Noise - 2.png using Guid(7d430e6f09a957a4d9393916b6bdbb10) Importer(2089858483,b0f066a214c2f5e87bad3c948f4d605d) (ScriptedImporter) -> (artifact id: '8e2609600c8d43a5b9dbf92caefee612') in 0.0260223 seconds
Number of updated asset objects reloaded before import = 0Number of asset objects unloaded after import = 1

========================================================================
Received Import Request.
  Time since last request: 0.000017 seconds.
  path: Assets/Scripts/UI/OptionsUI.cs
  artifactKey: Guid(ce9a025e0da85a34d81edd36192004a6) Importer(2089858483,b0f066a214c2f5e87bad3c948f4d605d)
Start importing Assets/Scripts/UI/OptionsUI.cs using Guid(ce9a025e0da85a34d81edd36192004a6) Importer(2089858483,b0f066a214c2f5e87bad3c948f4d605d) (ScriptedImporter) -> (artifact id: 'eaf5c3919896f5edc3142d946ba7bc81') in 0.0201636 seconds
Number of updated asset objects reloaded before import = 0Number of asset objects unloaded after import = 0

========================================================================
Received Import Request.
  Time since last request: 0.000024 seconds.
  path: Assets/Scripts/InputManagers/UINavigationInputManager.cs
  artifactKey: Guid(1361de8ce3da8194e829977ce321f56a) Importer(2089858483,b0f066a214c2f5e87bad3c948f4d605d)
Start importing Assets/Scripts/InputManagers/UINavigationInputManager.cs using Guid(1361de8ce3da8194e829977ce321f56a) Importer(2089858483,b0f066a214c2f5e87bad3c948f4d605d) (ScriptedImporter) -> (artifact id: '39240886fed07a745fad5cf32a36245f') in 0.0221231 seconds
Number of updated asset objects reloaded before import = 0Number of asset objects unloaded after import = 0

========================================================================
Received Import Request.
  Time since last request: 0.000021 seconds.
  path: Assets/Scenes/BahrainCircuit/ReflectionProbe-0.exr
  artifactKey: Guid(89f28a94a51fd944aa7421c84e40c305) Importer(2089858483,b0f066a214c2f5e87bad3c948f4d605d)
Start importing Assets/Scenes/BahrainCircuit/ReflectionProbe-0.exr using Guid(89f28a94a51fd944aa7421c84e40c305) Importer(2089858483,b0f066a214c2f5e87bad3c948f4d605d) (ScriptedImporter) -> (artifact id: '50ea782170f0526994b4bc481505f3d1') in 0.0398948 seconds
Number of updated asset objects reloaded before import = 0Number of asset objects unloaded after import = 1

========================================================================
Received Import Request.
  Time since last request: 0.000023 seconds.
  path: Assets/Scripts/Car/CarLocomotionManager.cs
  artifactKey: Guid(48d175c76a5220a4dba8dd4ab93ffd1f) Importer(2089858483,b0f066a214c2f5e87bad3c948f4d605d)
Start importing Assets/Scripts/Car/CarLocomotionManager.cs using Guid(48d175c76a5220a4dba8dd4ab93ffd1f) Importer(2089858483,b0f066a214c2f5e87bad3c948f4d605d) (ScriptedImporter) -> (artifact id: 'ba85dc88cbde008ecaa5482d0a208dc5') in 0.0153862 seconds
Number of updated asset objects reloaded before import = 0Number of asset objects unloaded after import = 0

========================================================================
Received Import Request.
  Time since last request: 0.000018 seconds.
  path: Assets/Scripts/Circuit/SectorTrigger.cs
  artifactKey: Guid(ce3b6b7e132064141801ddf26058f74a) Importer(2089858483,b0f066a214c2f5e87bad3c948f4d605d)
Start importing Assets/Scripts/Circuit/SectorTrigger.cs using Guid(ce3b6b7e132064141801ddf26058f74a) Importer(2089858483,b0f066a214c2f5e87bad3c948f4d605d) (ScriptedImporter) -> (artifact id: '4b79095ecda602f4a2b492ea994fec7b') in 0.0174322 seconds
Number of updated asset objects reloaded before import = 0Number of asset objects unloaded after import = 0

========================================================================
Received Import Request.
  Time since last request: 0.000022 seconds.
  path: Assets/Scenes/Garage.unity
  artifactKey: Guid(23235673a35448a4ea82d7994d6429ab) Importer(2089858483,b0f066a214c2f5e87bad3c948f4d605d)
Start importing Assets/Scenes/Garage.unity using Guid(23235673a35448a4ea82d7994d6429ab) Importer(2089858483,b0f066a214c2f5e87bad3c948f4d605d) (ScriptedImporter) -> (artifact id: '5533d69d57ff7bdce9d1233038fdc761') in 0.045082 seconds
Number of updated asset objects reloaded before import = 0Number of asset objects unloaded after import = 1

========================================================================
Received Import Request.
  Time since last request: 0.000023 seconds.
  path: Assets/Settings/VolumeProfile.asset
  artifactKey: Guid(10fc4df2da32a41aaa32d77bc913491c) Importer(2089858483,b0f066a214c2f5e87bad3c948f4d605d)
Start importing Assets/Settings/VolumeProfile.asset using Guid(10fc4df2da32a41aaa32d77bc913491c) Importer(2089858483,b0f066a214c2f5e87bad3c948f4d605d) (ScriptedImporter) -> (artifact id: 'a9540908e9543bc8f8d6a21668f44b07') in 0.0218787 seconds
Number of updated asset objects reloaded before import = 0Number of asset objects unloaded after import = 1

========================================================================
Received Import Request.
  Time since last request: 0.000034 seconds.
  path: Assets/Bahrain International Circuit/Textures/Noise/Noise - 3.png
  artifactKey: Guid(101884b3f24fd5f42a16e4197fdf7988) Importer(2089858483,b0f066a214c2f5e87bad3c948f4d605d)
Start importing Assets/Bahrain International Circuit/Textures/Noise/Noise - 3.png using Guid(101884b3f24fd5f42a16e4197fdf7988) Importer(2089858483,b0f066a214c2f5e87bad3c948f4d605d) (ScriptedImporter) -> (artifact id: '3428798d2f582171b5db736efd318710') in 0.0269128 seconds
Number of updated asset objects reloaded before import = 0Number of asset objects unloaded after import = 1

========================================================================
Received Import Request.
  Time since last request: 0.000016 seconds.
  path: Assets/Bahrain International Circuit/Textures/Noise/Noise - Roughness.png
  artifactKey: Guid(efaa599ca63609d42be8deaa965a1750) Importer(2089858483,b0f066a214c2f5e87bad3c948f4d605d)
Start importing Assets/Bahrain International Circuit/Textures/Noise/Noise - Roughness.png using Guid(efaa599ca63609d42be8deaa965a1750) Importer(2089858483,b0f066a214c2f5e87bad3c948f4d605d) (ScriptedImporter) -> (artifact id: 'c4dc0a980900c4c417ceb5f486641d5e') in 0.0291762 seconds
Number of updated asset objects reloaded before import = 0Number of asset objects unloaded after import = 1

========================================================================
Received Import Request.
  Time since last request: 0.000023 seconds.
  path: Assets/Scripts/Car/EngineAudioManager.cs
  artifactKey: Guid(6d4be2f78ba6d604694aa299984a4e18) Importer(2089858483,b0f066a214c2f5e87bad3c948f4d605d)
Start importing Assets/Scripts/Car/EngineAudioManager.cs using Guid(6d4be2f78ba6d604694aa299984a4e18) Importer(2089858483,b0f066a214c2f5e87bad3c948f4d605d) (ScriptedImporter) -> (artifact id: '9a4274b3c7b9d3793ce519d32dce78e6') in 0.019837 seconds
Number of updated asset objects reloaded before import = 0Number of asset objects unloaded after import = 0

========================================================================
Received Import Request.
  Time since last request: 0.000019 seconds.
  path: Assets/UI/Gauge Cluster UI/Dial.png
  artifactKey: Guid(eaf365fd89bcf5643be14270270fe9e8) Importer(2089858483,b0f066a214c2f5e87bad3c948f4d605d)
Start importing Assets/UI/Gauge Cluster UI/Dial.png using Guid(eaf365fd89bcf5643be14270270fe9e8) Importer(2089858483,b0f066a214c2f5e87bad3c948f4d605d) (ScriptedImporter) -> (artifact id: 'def70806a4f9f832be91ea03d499aa22') in 0.0353331 seconds
Number of updated asset objects reloaded before import = 0Number of asset objects unloaded after import = 3

========================================================================
Received Import Request.
  Time since last request: 0.000041 seconds.
  path: Assets/Prefabs/CheckpointSingle.prefab
  artifactKey: Guid(0c3571b722bec2142a4411dfead8610a) Importer(2089858483,b0f066a214c2f5e87bad3c948f4d605d)
Start importing Assets/Prefabs/CheckpointSingle.prefab using Guid(0c3571b722bec2142a4411dfead8610a) Importer(2089858483,b0f066a214c2f5e87bad3c948f4d605d) (ScriptedImporter) -> (artifact id: '649a08a1ad7448830108ec370a155210') in 0.0524862 seconds
Number of updated asset objects reloaded before import = 0Number of asset objects unloaded after import = 9

========================================================================
Received Import Request.
  Time since last request: 0.000016 seconds.
  path: Assets/Skybox/Utils/Utils.pdf
  artifactKey: Guid(0aca0e2d06b26544681357ef98393b10) Importer(2089858483,b0f066a214c2f5e87bad3c948f4d605d)
Start importing Assets/Skybox/Utils/Utils.pdf using Guid(0aca0e2d06b26544681357ef98393b10) Importer(2089858483,b0f066a214c2f5e87bad3c948f4d605d) (ScriptedImporter) -> (artifact id: 'ff2c49b090a73b625d705b357237ab1b') in 0.0181223 seconds
Number of updated asset objects reloaded before import = 0Number of asset objects unloaded after import = 1

========================================================================
Received Import Request.
  Time since last request: 0.000018 seconds.
  path: Assets/Scripts/Car/VehicleStabiliser.cs
  artifactKey: Guid(fb097631d4b066d4db2095adfc8c8d66) Importer(2089858483,b0f066a214c2f5e87bad3c948f4d605d)
Start importing Assets/Scripts/Car/VehicleStabiliser.cs using Guid(fb097631d4b066d4db2095adfc8c8d66) Importer(2089858483,b0f066a214c2f5e87bad3c948f4d605d) (ScriptedImporter) -> (artifact id: '9f78bd88a48567b36df24dcaad88a08f') in 0.0187425 seconds
Number of updated asset objects reloaded before import = 0Number of asset objects unloaded after import = 0

========================================================================
Received Import Request.
  Time since last request: 0.000017 seconds.
  path: Assets/Settings/Mobile_RPAsset.asset
  artifactKey: Guid(5e6cbd92db86f4b18aec3ed561671858) Importer(2089858483,b0f066a214c2f5e87bad3c948f4d605d)
Start importing Assets/Settings/Mobile_RPAsset.asset using Guid(5e6cbd92db86f4b18aec3ed561671858) Importer(2089858483,b0f066a214c2f5e87bad3c948f4d605d) (ScriptedImporter) -> (artifact id: '96072af98efde956c01419f605fdd3c1') in 0.0750174 seconds
Number of updated asset objects reloaded before import = 0Number of asset objects unloaded after import = 2

========================================================================
Received Import Request.
  Time since last request: 0.000031 seconds.
  path: Assets/Plugins & Utilities/DA-Shared/Assembly/Levenshtein.cs
  artifactKey: Guid(c48acc25efb6e1b48a99548fe4264b03) Importer(2089858483,b0f066a214c2f5e87bad3c948f4d605d)
Start importing Assets/Plugins & Utilities/DA-Shared/Assembly/Levenshtein.cs using Guid(c48acc25efb6e1b48a99548fe4264b03) Importer(2089858483,b0f066a214c2f5e87bad3c948f4d605d) (ScriptedImporter) -> (artifact id: 'a667c6485ace9584b393168c5ade1e23') in 0.0223061 seconds
Number of updated asset objects reloaded before import = 0Number of asset objects unloaded after import = 0

========================================================================
Received Import Request.
  Time since last request: 0.000025 seconds.
  path: Assets/Plugins & Utilities/DA-Shared/Assembly/SerializePropertyAttribute.cs
  artifactKey: Guid(9577e50679f75f74faa8dbdc005ec783) Importer(2089858483,b0f066a214c2f5e87bad3c948f4d605d)
Start importing Assets/Plugins & Utilities/DA-Shared/Assembly/SerializePropertyAttribute.cs using Guid(9577e50679f75f74faa8dbdc005ec783) Importer(2089858483,b0f066a214c2f5e87bad3c948f4d605d) (ScriptedImporter) -> (artifact id: 'd28189234b88c86434fd5e7e52ce57d2') in 0.0294826 seconds
Number of updated asset objects reloaded before import = 0Number of asset objects unloaded after import = 0

========================================================================
Received Import Request.
  Time since last request: 0.000045 seconds.
  path: Assets/Plugins & Utilities/DA-Shared/Assembly/IDAError.cs
  artifactKey: Guid(5154cd3b0fd100b47a4c48cc9088fa07) Importer(2089858483,b0f066a214c2f5e87bad3c948f4d605d)
Start importing Assets/Plugins & Utilities/DA-Shared/Assembly/IDAError.cs using Guid(5154cd3b0fd100b47a4c48cc9088fa07) Importer(2089858483,b0f066a214c2f5e87bad3c948f4d605d) (ScriptedImporter) -> (artifact id: '82c96d5948d0589165649c72e0efeeb5') in 0.0201936 seconds
Number of updated asset objects reloaded before import = 0Number of asset objects unloaded after import = 0

========================================================================
Received Import Request.
  Time since last request: 0.000040 seconds.
  path: Assets/Plugins & Utilities/DA-Shared/Assembly/ParallelGaussianBlur.cs
  artifactKey: Guid(6501dde00edfa4d4bac2a7ab78c2e775) Importer(2089858483,b0f066a214c2f5e87bad3c948f4d605d)
Start importing Assets/Plugins & Utilities/DA-Shared/Assembly/ParallelGaussianBlur.cs using Guid(6501dde00edfa4d4bac2a7ab78c2e775) Importer(2089858483,b0f066a214c2f5e87bad3c948f4d605d) (ScriptedImporter) -> (artifact id: '487ae5bc61633ea6224fe3aed5fd538b') in 0.023134 seconds
Number of updated asset objects reloaded before import = 0Number of asset objects unloaded after import = 0

========================================================================
Received Import Request.
  Time since last request: 0.000031 seconds.
  path: Assets/Plugins & Utilities/DA-Shared/Assembly/UpdateBool.cs
  artifactKey: Guid(b818ea9ca4e968242b9089946222b9f0) Importer(2089858483,b0f066a214c2f5e87bad3c948f4d605d)
Start importing Assets/Plugins & Utilities/DA-Shared/Assembly/UpdateBool.cs using Guid(b818ea9ca4e968242b9089946222b9f0) Importer(2089858483,b0f066a214c2f5e87bad3c948f4d605d) (ScriptedImporter) -> (artifact id: '190090feca19ac67a73a44b3374f2599') in 0.0222036 seconds
Number of updated asset objects reloaded before import = 0Number of asset objects unloaded after import = 0

========================================================================
Received Import Request.
  Time since last request: 0.000014 seconds.
  path: Assets/Materials/Checkpoint.mat
  artifactKey: Guid(1f4cef1845584824099af1f27df288cb) Importer(2089858483,b0f066a214c2f5e87bad3c948f4d605d)
Start importing Assets/Materials/Checkpoint.mat using Guid(1f4cef1845584824099af1f27df288cb) Importer(2089858483,b0f066a214c2f5e87bad3c948f4d605d) (ScriptedImporter) -> (artifact id: 'ae1a3e095169b2f64606d052bfd1aa4d') in 0.0190812 seconds
Number of updated asset objects reloaded before import = 0Number of asset objects unloaded after import = 1

========================================================================
Received Import Request.
  Time since last request: 0.000019 seconds.
  path: Assets/Scripts/Car/WheelConfigurator.cs
  artifactKey: Guid(3a5cdfc988803e944a5794ba02748acd) Importer(2089858483,b0f066a214c2f5e87bad3c948f4d605d)
Start importing Assets/Scripts/Car/WheelConfigurator.cs using Guid(3a5cdfc988803e944a5794ba02748acd) Importer(2089858483,b0f066a214c2f5e87bad3c948f4d605d) (ScriptedImporter) -> (artifact id: 'c6b1a8f7411aa7a1e696cfc5adad6239') in 0.0161437 seconds
Number of updated asset objects reloaded before import = 0Number of asset objects unloaded after import = 0

========================================================================
Received Import Request.
  Time since last request: 0.000023 seconds.
  path: Assets/Plugins & Utilities/FMOD/images/BankIcon.png
  artifactKey: Guid(a7e06068a7215854a84bf5ed8280ed15) Importer(2089858483,b0f066a214c2f5e87bad3c948f4d605d)
Start importing Assets/Plugins & Utilities/FMOD/images/BankIcon.png using Guid(a7e06068a7215854a84bf5ed8280ed15) Importer(2089858483,b0f066a214c2f5e87bad3c948f4d605d) (ScriptedImporter) -> (artifact id: '136067d86bf4819a2064d08037e772a7') in 0.0369071 seconds
Number of updated asset objects reloaded before import = 0Number of asset objects unloaded after import = 1

========================================================================
Received Import Request.
  Time since last request: 0.000015 seconds.
  path: Assets/Plugins & Utilities/FMOD/images/ContinuousParameterIcon.png
  artifactKey: Guid(b92803770616fc747bc3c40ffaec0a42) Importer(2089858483,b0f066a214c2f5e87bad3c948f4d605d)
Start importing Assets/Plugins & Utilities/FMOD/images/ContinuousParameterIcon.png using Guid(b92803770616fc747bc3c40ffaec0a42) Importer(2089858483,b0f066a214c2f5e87bad3c948f4d605d) (ScriptedImporter) -> (artifact id: '756398c2a268207a036be3be9665031e') in 0.0329271 seconds
Number of updated asset objects reloaded before import = 0Number of asset objects unloaded after import = 1

========================================================================
Received Import Request.
  Time since last request: 0.000028 seconds.
  path: Assets/Plugins & Utilities/FMOD/images/CrossYellow.png
  artifactKey: Guid(348d2265b48c67342a4db2a7062813fa) Importer(2089858483,b0f066a214c2f5e87bad3c948f4d605d)
Start importing Assets/Plugins & Utilities/FMOD/images/CrossYellow.png using Guid(348d2265b48c67342a4db2a7062813fa) Importer(2089858483,b0f066a214c2f5e87bad3c948f4d605d) (ScriptedImporter) -> (artifact id: 'be045481d5ee8b107a5fab5deea3c4d1') in 0.0298723 seconds
Number of updated asset objects reloaded before import = 0Number of asset objects unloaded after import = 1

========================================================================
Received Import Request.
  Time since last request: 0.000015 seconds.
  path: Assets/Plugins & Utilities/DA-Shared/Editor/UpdateChecker.cs
  artifactKey: Guid(733b2f32cf07e1f48bd623377bad358a) Importer(2089858483,b0f066a214c2f5e87bad3c948f4d605d)
Start importing Assets/Plugins & Utilities/DA-Shared/Editor/UpdateChecker.cs using Guid(733b2f32cf07e1f48bd623377bad358a) Importer(2089858483,b0f066a214c2f5e87bad3c948f4d605d) (ScriptedImporter) -> (artifact id: '2cedc37df7e5ba1b004b5d6467da6172') in 0.0155231 seconds
Number of updated asset objects reloaded before import = 0Number of asset objects unloaded after import = 0

========================================================================
Received Import Request.
  Time since last request: 0.000017 seconds.
  path: Assets/Plugins & Utilities/DA-Shared/Editor/DA_Editor.asmdef
  artifactKey: Guid(8f4d8f64d70b5e84fb4a84c3056f9033) Importer(2089858483,b0f066a214c2f5e87bad3c948f4d605d)
Start importing Assets/Plugins & Utilities/DA-Shared/Editor/DA_Editor.asmdef using Guid(8f4d8f64d70b5e84fb4a84c3056f9033) Importer(2089858483,b0f066a214c2f5e87bad3c948f4d605d) (ScriptedImporter) -> (artifact id: '6c829ec733bc985c3fc551585a68a0a3') in 0.0324698 seconds
Number of updated asset objects reloaded before import = 0Number of asset objects unloaded after import = 1

========================================================================
Received Import Request.
  Time since last request: 0.000019 seconds.
  path: Assets/Prefabs/Walls.prefab
  artifactKey: Guid(fd5ab97cdf7a47945ac2b2c77778e965) Importer(2089858483,b0f066a214c2f5e87bad3c948f4d605d)
Start importing Assets/Prefabs/Walls.prefab using Guid(fd5ab97cdf7a47945ac2b2c77778e965) Importer(2089858483,b0f066a214c2f5e87bad3c948f4d605d) (ScriptedImporter) -> (artifact id: 'b8962a764f5a67b92df6889c3796447c') in 0.0355545 seconds
Number of updated asset objects reloaded before import = 0Number of asset objects unloaded after import = 14

========================================================================
Received Import Request.
  Time since last request: 0.000026 seconds.
  path: Assets/Input/InputActions.cs
  artifactKey: Guid(f50e8b01ed057ed43b1b81d1a3bae9a6) Importer(2089858483,b0f066a214c2f5e87bad3c948f4d605d)
Start importing Assets/Input/InputActions.cs using Guid(f50e8b01ed057ed43b1b81d1a3bae9a6) Importer(2089858483,b0f066a214c2f5e87bad3c948f4d605d) (ScriptedImporter) -> (artifact id: '241482aa914ecde19eedb0bdda262d3f') in 0.0173512 seconds
Number of updated asset objects reloaded before import = 0Number of asset objects unloaded after import = 0

========================================================================
Received Import Request.
  Time since last request: 0.000029 seconds.
  path: Assets/Settings/DefaultVolumeProfile.asset
  artifactKey: Guid(ab09877e2e707104187f6f83e2f62510) Importer(2089858483,b0f066a214c2f5e87bad3c948f4d605d)
Start importing Assets/Settings/DefaultVolumeProfile.asset using Guid(ab09877e2e707104187f6f83e2f62510) Importer(2089858483,b0f066a214c2f5e87bad3c948f4d605d) (ScriptedImporter) -> (artifact id: 'd12764df09e7a924726c176bfff0db04') in 0.0150109 seconds
Number of updated asset objects reloaded before import = 0Number of asset objects unloaded after import = 0

========================================================================
Received Import Request.
  Time since last request: 0.000013 seconds.
  path: Assets/Plugins & Utilities/StreamingAssets/Dialogue_JP.bank
  artifactKey: Guid(c77c28cc0e44097449a79159f8d6d5e7) Importer(2089858483,b0f066a214c2f5e87bad3c948f4d605d)
Start importing Assets/Plugins & Utilities/StreamingAssets/Dialogue_JP.bank using Guid(c77c28cc0e44097449a79159f8d6d5e7) Importer(2089858483,b0f066a214c2f5e87bad3c948f4d605d) (ScriptedImporter) -> (artifact id: '20db79153ef92c56748df64e56e92cd9') in 0.0200353 seconds
Number of updated asset objects reloaded before import = 0Number of asset objects unloaded after import = 1

========================================================================
Received Import Request.
  Time since last request: 0.000015 seconds.
  path: Assets/Models/Fence and Shafts.fbx
  artifactKey: Guid(dfa93e9224f4fa44a917fc0adb716d6f) Importer(2089858483,b0f066a214c2f5e87bad3c948f4d605d)
Start importing Assets/Models/Fence and Shafts.fbx using Guid(dfa93e9224f4fa44a917fc0adb716d6f) Importer(2089858483,b0f066a214c2f5e87bad3c948f4d605d) (ScriptedImporter) -> (artifact id: 'e5432667e974241ea926bc53eac6420e') in 0.0876024 seconds
Number of updated asset objects reloaded before import = 0Number of asset objects unloaded after import = 16

========================================================================
Received Import Request.
  Time since last request: 0.000033 seconds.
  path: Assets/Plugins & Utilities/FMOD/images/NotFound.png
  artifactKey: Guid(1138ab068176f29499337d7a73dfecd9) Importer(2089858483,b0f066a214c2f5e87bad3c948f4d605d)
Start importing Assets/Plugins & Utilities/FMOD/images/NotFound.png using Guid(1138ab068176f29499337d7a73dfecd9) Importer(2089858483,b0f066a214c2f5e87bad3c948f4d605d) (ScriptedImporter) -> (artifact id: 'a3539d6ce44bf27dcc9c7e3d4f88017d') in 0.0306398 seconds
Number of updated asset objects reloaded before import = 0Number of asset objects unloaded after import = 1

========================================================================
Received Import Request.
  Time since last request: 0.000040 seconds.
  path: Assets/Plugins & Utilities/FMOD/images/FolderIconClosed.png
  artifactKey: Guid(70efeb6d97126f843b30b8ed62d18a4f) Importer(2089858483,b0f066a214c2f5e87bad3c948f4d605d)
Start importing Assets/Plugins & Utilities/FMOD/images/FolderIconClosed.png using Guid(70efeb6d97126f843b30b8ed62d18a4f) Importer(2089858483,b0f066a214c2f5e87bad3c948f4d605d) (ScriptedImporter) -> (artifact id: '22ffe51ba724b4270734b31a99e3c1b9') in 0.0324381 seconds
Number of updated asset objects reloaded before import = 0Number of asset objects unloaded after import = 1

========================================================================
Received Import Request.
  Time since last request: 0.000012 seconds.
  path: Assets/Plugins & Utilities/FMOD/images/LevelMeterOff.png
  artifactKey: Guid(48dc5470d93f669419f294fcd33f7b7c) Importer(2089858483,b0f066a214c2f5e87bad3c948f4d605d)
Start importing Assets/Plugins & Utilities/FMOD/images/LevelMeterOff.png using Guid(48dc5470d93f669419f294fcd33f7b7c) Importer(2089858483,b0f066a214c2f5e87bad3c948f4d605d) (ScriptedImporter) -> (artifact id: '4305973d8ae0762d2d6012c5a4ba6d53') in 0.0326626 seconds
Number of updated asset objects reloaded before import = 0Number of asset objects unloaded after import = 1

========================================================================
Received Import Request.
  Time since last request: 0.000015 seconds.
  path: Assets/Plugins & Utilities/FMOD/images/SearchIconBlack.png
  artifactKey: Guid(99471facfde9fb84dbe4a81ad570ebce) Importer(2089858483,b0f066a214c2f5e87bad3c948f4d605d)
Start importing Assets/Plugins & Utilities/FMOD/images/SearchIconBlack.png using Guid(99471facfde9fb84dbe4a81ad570ebce) Importer(2089858483,b0f066a214c2f5e87bad3c948f4d605d) (ScriptedImporter) -> (artifact id: '7441ab3edfb34f8416e3d7362bd9bd29') in 0.0332537 seconds
Number of updated asset objects reloaded before import = 0Number of asset objects unloaded after import = 1

========================================================================
Received Import Request.
  Time since last request: 0.000015 seconds.
  path: Assets/Materials/Car_MATS/Player Palette.mat
  artifactKey: Guid(ebace7b86ea417641bf4f0f5ee562f5a) Importer(2089858483,b0f066a214c2f5e87bad3c948f4d605d)
Start importing Assets/Materials/Car_MATS/Player Palette.mat using Guid(ebace7b86ea417641bf4f0f5ee562f5a) Importer(2089858483,b0f066a214c2f5e87bad3c948f4d605d) (ScriptedImporter) -> (artifact id: '8ff1dbb01e374bdd1c6bc86a47e15970') in 0.0394344 seconds
Number of updated asset objects reloaded before import = 0Number of asset objects unloaded after import = 2

========================================================================
Received Import Request.
  Time since last request: 0.000022 seconds.
  path: Assets/Bahrain International Circuit/Textures/Ads/Big Ads.png
  artifactKey: Guid(a42e8ee4b263b0942891bcd19ebd4dc8) Importer(2089858483,b0f066a214c2f5e87bad3c948f4d605d)
Start importing Assets/Bahrain International Circuit/Textures/Ads/Big Ads.png using Guid(a42e8ee4b263b0942891bcd19ebd4dc8) Importer(2089858483,b0f066a214c2f5e87bad3c948f4d605d) (ScriptedImporter) -> (artifact id: 'cf0f748f5312e45688f289155c00f09a') in 0.0188499 seconds
Number of updated asset objects reloaded before import = 0Number of asset objects unloaded after import = 1

========================================================================
Received Import Request.
  Time since last request: 0.000018 seconds.
  path: Assets/Scripts/Circuit/RaceManager.cs
  artifactKey: Guid(26eefae657d311e4ba4b60b1728c9a27) Importer(2089858483,b0f066a214c2f5e87bad3c948f4d605d)
Start importing Assets/Scripts/Circuit/RaceManager.cs using Guid(26eefae657d311e4ba4b60b1728c9a27) Importer(2089858483,b0f066a214c2f5e87bad3c948f4d605d) (ScriptedImporter) -> (artifact id: '01863b85efac8bb6282057b47b36f860') in 0.017638 seconds
Number of updated asset objects reloaded before import = 0Number of asset objects unloaded after import = 0

========================================================================
Received Import Request.
  Time since last request: 0.000017 seconds.
  path: Assets/Plugins & Utilities/FMOD/src/fmod.cs
  artifactKey: Guid(bd0d0c955caff8940ac1667ee36dd4c9) Importer(2089858483,b0f066a214c2f5e87bad3c948f4d605d)
Start importing Assets/Plugins & Utilities/FMOD/src/fmod.cs using Guid(bd0d0c955caff8940ac1667ee36dd4c9) Importer(2089858483,b0f066a214c2f5e87bad3c948f4d605d) (ScriptedImporter) -> (artifact id: 'ced0cdc618100b3155db3ac401a82f20') in 0.0155846 seconds
Number of updated asset objects reloaded before import = 0Number of asset objects unloaded after import = 0

========================================================================
Received Import Request.
  Time since last request: 0.000020 seconds.
  path: Assets/Plugins & Utilities/FMOD/images/TransportPlayButtonOn.png
  artifactKey: Guid(2d777c9a14189d241aea1afeeeff448c) Importer(2089858483,b0f066a214c2f5e87bad3c948f4d605d)
Start importing Assets/Plugins & Utilities/FMOD/images/TransportPlayButtonOn.png using Guid(2d777c9a14189d241aea1afeeeff448c) Importer(2089858483,b0f066a214c2f5e87bad3c948f4d605d) (ScriptedImporter) -> (artifact id: '6c5fb71a093a86935214a328b3cac87c') in 0.0316741 seconds
Number of updated asset objects reloaded before import = 0Number of asset objects unloaded after import = 1

========================================================================
Received Import Request.
  Time since last request: 0.000016 seconds.
  path: Assets/Plugins & Utilities/FMOD/images/TransportOpen.png
  artifactKey: Guid(b0fb832e401d1514a9611735d8d340b1) Importer(2089858483,b0f066a214c2f5e87bad3c948f4d605d)
Start importing Assets/Plugins & Utilities/FMOD/images/TransportOpen.png using Guid(b0fb832e401d1514a9611735d8d340b1) Importer(2089858483,b0f066a214c2f5e87bad3c948f4d605d) (ScriptedImporter) -> (artifact id: '439147994ebc8a955a31cefaa5e9ea6f') in 0.0339928 seconds
Number of updated asset objects reloaded before import = 0Number of asset objects unloaded after import = 1

========================================================================
Received Import Request.
  Time since last request: 0.000050 seconds.
  path: Assets/Bahrain International Circuit/Grid.mat
  artifactKey: Guid(2e828d0ec44c812458988ca2e80d5b6c) Importer(2089858483,b0f066a214c2f5e87bad3c948f4d605d)
Start importing Assets/Bahrain International Circuit/Grid.mat using Guid(2e828d0ec44c812458988ca2e80d5b6c) Importer(2089858483,b0f066a214c2f5e87bad3c948f4d605d) (ScriptedImporter) -> (artifact id: 'f1bd41b6a979498740b095170c9397a7') in 0.0262652 seconds
Number of updated asset objects reloaded before import = 0Number of asset objects unloaded after import = 3

========================================================================
Received Import Request.
  Time since last request: 0.000019 seconds.
  path: Assets/Bahrain International Circuit/Textures/Solid Colors/Solid - 3.png
  artifactKey: Guid(7c8c473e4f1dcc649b902a71acbc4e07) Importer(2089858483,b0f066a214c2f5e87bad3c948f4d605d)
Start importing Assets/Bahrain International Circuit/Textures/Solid Colors/Solid - 3.png using Guid(7c8c473e4f1dcc649b902a71acbc4e07) Importer(2089858483,b0f066a214c2f5e87bad3c948f4d605d) (ScriptedImporter) -> (artifact id: 'c5e6023735ac74caa2533f6415d30bdf') in 0.0233857 seconds
Number of updated asset objects reloaded before import = 0Number of asset objects unloaded after import = 1

========================================================================
Received Import Request.
  Time since last request: 0.000016 seconds.
  path: Assets/Settings/PC_Renderer.asset
  artifactKey: Guid(f288ae1f4751b564a96ac7587541f7a2) Importer(2089858483,b0f066a214c2f5e87bad3c948f4d605d)
Start importing Assets/Settings/PC_Renderer.asset using Guid(f288ae1f4751b564a96ac7587541f7a2) Importer(2089858483,b0f066a214c2f5e87bad3c948f4d605d) (ScriptedImporter) -> (artifact id: 'cfabde29fe5861ad4e9d58d21ae21fc1') in 0.0586417 seconds
Number of updated asset objects reloaded before import = 0Number of asset objects unloaded after import = 1

========================================================================
Received Import Request.
  Time since last request: 0.000018 seconds.
  path: Assets/Plugins & Utilities/DA-Shared/Assembly/PauseTokenSource.cs
  artifactKey: Guid(9398411f63f562d4dbfe7a4f5d0e02ed) Importer(2089858483,b0f066a214c2f5e87bad3c948f4d605d)
Start importing Assets/Plugins & Utilities/DA-Shared/Assembly/PauseTokenSource.cs using Guid(9398411f63f562d4dbfe7a4f5d0e02ed) Importer(2089858483,b0f066a214c2f5e87bad3c948f4d605d) (ScriptedImporter) -> (artifact id: '5db46b8a9205536ff29ebdc3b17327cc') in 0.0191595 seconds
Number of updated asset objects reloaded before import = 0Number of asset objects unloaded after import = 0

========================================================================
Received Import Request.
  Time since last request: 0.000028 seconds.
  path: Assets/Plugins & Utilities/DA-Shared/Assembly/Delegates.cs
  artifactKey: Guid(7af0e8d0f8077024f8b33ddc0b6830ec) Importer(2089858483,b0f066a214c2f5e87bad3c948f4d605d)
Start importing Assets/Plugins & Utilities/DA-Shared/Assembly/Delegates.cs using Guid(7af0e8d0f8077024f8b33ddc0b6830ec) Importer(2089858483,b0f066a214c2f5e87bad3c948f4d605d) (ScriptedImporter) -> (artifact id: '575f81eb6a9d29d5c6411963a624eadb') in 0.0207191 seconds
Number of updated asset objects reloaded before import = 0Number of asset objects unloaded after import = 0

========================================================================
Received Import Request.
  Time since last request: 0.000021 seconds.
  path: Assets/Plugins & Utilities/FMOD/src/ParamRef.cs
  artifactKey: Guid(00e1a9817a5d9844796d7c313b1ab197) Importer(2089858483,b0f066a214c2f5e87bad3c948f4d605d)
Start importing Assets/Plugins & Utilities/FMOD/src/ParamRef.cs using Guid(00e1a9817a5d9844796d7c313b1ab197) Importer(2089858483,b0f066a214c2f5e87bad3c948f4d605d) (ScriptedImporter) -> (artifact id: 'd21a7d419f0a06d82e831910e8ce6c79') in 0.0165471 seconds
Number of updated asset objects reloaded before import = 0Number of asset objects unloaded after import = 0

========================================================================
Received Import Request.
  Time since last request: 0.000014 seconds.
  path: Assets/Plugins & Utilities/FMOD/src/FMODEventTrack.cs
  artifactKey: Guid(133253f56854570409c222a87786b263) Importer(2089858483,b0f066a214c2f5e87bad3c948f4d605d)
Start importing Assets/Plugins & Utilities/FMOD/src/FMODEventTrack.cs using Guid(133253f56854570409c222a87786b263) Importer(2089858483,b0f066a214c2f5e87bad3c948f4d605d) (ScriptedImporter) -> (artifact id: '77cac322f0bcb1a0db6b38d05a960aa1') in 0.0182644 seconds
Number of updated asset objects reloaded before import = 0Number of asset objects unloaded after import = 1

========================================================================
Received Import Request.
  Time since last request: 0.000017 seconds.
  path: Assets/Plugins & Utilities/FMOD/src/PlatformMobileHigh.cs
  artifactKey: Guid(93a382382f106584e8f8f62412fee177) Importer(2089858483,b0f066a214c2f5e87bad3c948f4d605d)
Start importing Assets/Plugins & Utilities/FMOD/src/PlatformMobileHigh.cs using Guid(93a382382f106584e8f8f62412fee177) Importer(2089858483,b0f066a214c2f5e87bad3c948f4d605d) (ScriptedImporter) -> (artifact id: '805c9e7ce702dd1947845e26c40829ca') in 0.0163915 seconds
Number of updated asset objects reloaded before import = 0Number of asset objects unloaded after import = 0

========================================================================
Received Import Request.
  Time since last request: 0.000021 seconds.
  path: Assets/Plugins & Utilities/FMOD/src/RuntimeUtils.cs
  artifactKey: Guid(6e349601408e423499e7b9f75216091d) Importer(2089858483,b0f066a214c2f5e87bad3c948f4d605d)
Start importing Assets/Plugins & Utilities/FMOD/src/RuntimeUtils.cs using Guid(6e349601408e423499e7b9f75216091d) Importer(2089858483,b0f066a214c2f5e87bad3c948f4d605d) (ScriptedImporter) -> (artifact id: '5f4b0c5af27658048025c9cc3fba52e0') in 0.0157565 seconds
Number of updated asset objects reloaded before import = 0Number of asset objects unloaded after import = 0

========================================================================
Received Import Request.
  Time since last request: 0.000024 seconds.
  path: Assets/Plugins & Utilities/FMOD/images/BrowserIcon.png
  artifactKey: Guid(c783b763d12874147876e070661b66ab) Importer(2089858483,b0f066a214c2f5e87bad3c948f4d605d)
Start importing Assets/Plugins & Utilities/FMOD/images/BrowserIcon.png using Guid(c783b763d12874147876e070661b66ab) Importer(2089858483,b0f066a214c2f5e87bad3c948f4d605d) (ScriptedImporter) -> (artifact id: '752aa7a52b463d5476982cd46a0b8660') in 0.0324914 seconds
Number of updated asset objects reloaded before import = 0Number of asset objects unloaded after import = 1

========================================================================
Received Import Request.
  Time since last request: 0.000018 seconds.
  path: Assets/Plugins & Utilities/FMOD/images/EventIcon.png
  artifactKey: Guid(a602f206f9cb31f439c79a2fe23687c5) Importer(2089858483,b0f066a214c2f5e87bad3c948f4d605d)
Start importing Assets/Plugins & Utilities/FMOD/images/EventIcon.png using Guid(a602f206f9cb31f439c79a2fe23687c5) Importer(2089858483,b0f066a214c2f5e87bad3c948f4d605d) (ScriptedImporter) -> (artifact id: '581298e8af145e16cea6a8bf47b300aa') in 0.0305257 seconds
Number of updated asset objects reloaded before import = 0Number of asset objects unloaded after import = 1

========================================================================
Received Import Request.
  Time since last request: 0.000011 seconds.
  path: Assets/Scripts/InputManagers/OptionsInputManager.cs
  artifactKey: Guid(dcd418498d7899b45b5042ecc36560d4) Importer(2089858483,b0f066a214c2f5e87bad3c948f4d605d)
Start importing Assets/Scripts/InputManagers/OptionsInputManager.cs using Guid(dcd418498d7899b45b5042ecc36560d4) Importer(2089858483,b0f066a214c2f5e87bad3c948f4d605d) (ScriptedImporter) -> (artifact id: '9a5b520a1d0434dc7a2b463810d24ab8') in 0.0125845 seconds
Number of updated asset objects reloaded before import = 0Number of asset objects unloaded after import = 0

========================================================================
Received Import Request.
  Time since last request: 0.000013 seconds.
  path: Assets/WallFriction.physicMaterial
  artifactKey: Guid(2875c50b819ee8345b74e6e1ae99d544) Importer(2089858483,b0f066a214c2f5e87bad3c948f4d605d)
Start importing Assets/WallFriction.physicMaterial using Guid(2875c50b819ee8345b74e6e1ae99d544) Importer(2089858483,b0f066a214c2f5e87bad3c948f4d605d) (ScriptedImporter) -> (artifact id: '0f9f98198b26a1b16fd18f0336bda0fe') in 0.0350008 seconds
Number of updated asset objects reloaded before import = 0Number of asset objects unloaded after import = 1

========================================================================
Received Import Request.
  Time since last request: 0.000019 seconds.
  path: Assets/Plugins & Utilities/FMOD/images/TransportStopButtonOn.png
  artifactKey: Guid(eab53cb0959d1244aadeacf8b76c755c) Importer(2089858483,b0f066a214c2f5e87bad3c948f4d605d)
Start importing Assets/Plugins & Utilities/FMOD/images/TransportStopButtonOn.png using Guid(eab53cb0959d1244aadeacf8b76c755c) Importer(2089858483,b0f066a214c2f5e87bad3c948f4d605d) (ScriptedImporter) -> (artifact id: '02d2e71b63441cd94d69036fa759e995') in 0.0318886 seconds
Number of updated asset objects reloaded before import = 0Number of asset objects unloaded after import = 1

========================================================================
Received Import Request.
  Time since last request: 0.000022 seconds.
  path: Assets/UI/Circuit Details UI/Lap Time Details/Delta 4x -1230679783.png
  artifactKey: Guid(d520445ea22e5ef45b38b61dc0925166) Importer(2089858483,b0f066a214c2f5e87bad3c948f4d605d)
Start importing Assets/UI/Circuit Details UI/Lap Time Details/Delta 4x -1230679783.png using Guid(d520445ea22e5ef45b38b61dc0925166) Importer(2089858483,b0f066a214c2f5e87bad3c948f4d605d) (ScriptedImporter) -> (artifact id: '1d571a2ffb6f0a448688b46b9fe4f49e') in 0.0409891 seconds
Number of updated asset objects reloaded before import = 0Number of asset objects unloaded after import = 3

========================================================================
Received Import Request.
  Time since last request: 0.000033 seconds.
  path: Assets/UI/Circuit Details UI/Lap Time Details/Delta 1x 237124479.png
  artifactKey: Guid(505e0d1ff306f054c9fb6c6660045988) Importer(2089858483,b0f066a214c2f5e87bad3c948f4d605d)
Start importing Assets/UI/Circuit Details UI/Lap Time Details/Delta 1x 237124479.png using Guid(505e0d1ff306f054c9fb6c6660045988) Importer(2089858483,b0f066a214c2f5e87bad3c948f4d605d) (ScriptedImporter) -> (artifact id: '713901cf9ab7dd9455e54db1a50150bb') in 0.0322958 seconds
Number of updated asset objects reloaded before import = 0Number of asset objects unloaded after import = 3

========================================================================
Received Import Request.
  Time since last request: 0.000023 seconds.
  path: Assets/Plugins & Utilities/FMOD/src/StudioParameterTrigger.cs
  artifactKey: Guid(744a208c85da6d04c861d81b992e4ead) Importer(2089858483,b0f066a214c2f5e87bad3c948f4d605d)
Start importing Assets/Plugins & Utilities/FMOD/src/StudioParameterTrigger.cs using Guid(744a208c85da6d04c861d81b992e4ead) Importer(2089858483,b0f066a214c2f5e87bad3c948f4d605d) (ScriptedImporter) -> (artifact id: '16da0793a719cf57ec6a4c81eeaaaf2a') in 0.0123386 seconds
Number of updated asset objects reloaded before import = 0Number of asset objects unloaded after import = 0

========================================================================
Received Import Request.
  Time since last request: 0.000017 seconds.
  path: Assets/Plugins & Utilities/StreamingAssets/Master.bank
  artifactKey: Guid(564b9564c2fa9264e9ad67e60b5746a6) Importer(2089858483,b0f066a214c2f5e87bad3c948f4d605d)
Start importing Assets/Plugins & Utilities/StreamingAssets/Master.bank using Guid(564b9564c2fa9264e9ad67e60b5746a6) Importer(2089858483,b0f066a214c2f5e87bad3c948f4d605d) (ScriptedImporter) -> (artifact id: '5ee1fe92a9bcb361a2edf49a0e74c0a9') in 0.0146748 seconds
Number of updated asset objects reloaded before import = 0Number of asset objects unloaded after import = 1

========================================================================
Received Import Request.
  Time since last request: 0.000026 seconds.
  path: Assets/Plugins & Utilities/FMOD/src/fmod_studio.cs
  artifactKey: Guid(ae7eb0b6a2bff364b9c1fae52173e74c) Importer(2089858483,b0f066a214c2f5e87bad3c948f4d605d)
Start importing Assets/Plugins & Utilities/FMOD/src/fmod_studio.cs using Guid(ae7eb0b6a2bff364b9c1fae52173e74c) Importer(2089858483,b0f066a214c2f5e87bad3c948f4d605d) (ScriptedImporter) -> (artifact id: '6a88bd929978589abdfb906d86276604') in 0.0184822 seconds
Number of updated asset objects reloaded before import = 0Number of asset objects unloaded after import = 0

========================================================================
Received Import Request.
  Time since last request: 0.000039 seconds.
  path: Assets/Shaders/Ghost.shader
  artifactKey: Guid(b07288d2c35b61943b6388e91b7324ab) Importer(2089858483,b0f066a214c2f5e87bad3c948f4d605d)
Start importing Assets/Shaders/Ghost.shader using Guid(b07288d2c35b61943b6388e91b7324ab) Importer(2089858483,b0f066a214c2f5e87bad3c948f4d605d) (ScriptedImporter) -> (artifact id: '16896818e89757908c50e71b5c3dadcc') in 0.0242882 seconds
Number of updated asset objects reloaded before import = 0Number of asset objects unloaded after import = 1

========================================================================
Received Import Request.
  Time since last request: 0.000013 seconds.
  path: Assets/Scripts/UI/GarageUI.cs
  artifactKey: Guid(f8f85dcbb34e02c4b8bfd2579616eca8) Importer(2089858483,b0f066a214c2f5e87bad3c948f4d605d)
Start importing Assets/Scripts/UI/GarageUI.cs using Guid(f8f85dcbb34e02c4b8bfd2579616eca8) Importer(2089858483,b0f066a214c2f5e87bad3c948f4d605d) (ScriptedImporter) -> (artifact id: 'bd7223ed5f36d8395cdefc53d443ea5a') in 0.0148872 seconds
Number of updated asset objects reloaded before import = 0Number of asset objects unloaded after import = 0

========================================================================
Received Import Request.
  Time since last request: 0.000017 seconds.
  path: Assets/Skybox/Skybox Cubemap Extended/Demo/Demo NightSettings.lighting
  artifactKey: Guid(ff8c72aba096b1043a5d6033d4ce8dba) Importer(2089858483,b0f066a214c2f5e87bad3c948f4d605d)
Start importing Assets/Skybox/Skybox Cubemap Extended/Demo/Demo NightSettings.lighting using Guid(ff8c72aba096b1043a5d6033d4ce8dba) Importer(2089858483,b0f066a214c2f5e87bad3c948f4d605d) (ScriptedImporter) -> (artifact id: '42edc145eb445b03041e7a4e3f365308') in 0.035415 seconds
Number of updated asset objects reloaded before import = 0Number of asset objects unloaded after import = 1

========================================================================
Received Import Request.
  Time since last request: 0.000015 seconds.
  path: Assets/Plugins & Utilities/FMOD/images/Preview.png
  artifactKey: Guid(0793eda432fc5df4ab1291e6baacd771) Importer(2089858483,b0f066a214c2f5e87bad3c948f4d605d)
Start importing Assets/Plugins & Utilities/FMOD/images/Preview.png using Guid(0793eda432fc5df4ab1291e6baacd771) Importer(2089858483,b0f066a214c2f5e87bad3c948f4d605d) (ScriptedImporter) -> (artifact id: '8b3356fa4c4188253e5673e318799c34') in 0.0327038 seconds
Number of updated asset objects reloaded before import = 0Number of asset objects unloaded after import = 1

========================================================================
Received Import Request.
  Time since last request: 0.000022 seconds.
  path: Assets/UI/Circuit Details UI/Lap Time Details/Sector 1 4x -203056737.png
  artifactKey: Guid(ca4878f48226bb042a030bd8fb801557) Importer(2089858483,b0f066a214c2f5e87bad3c948f4d605d)
Start importing Assets/UI/Circuit Details UI/Lap Time Details/Sector 1 4x -203056737.png using Guid(ca4878f48226bb042a030bd8fb801557) Importer(2089858483,b0f066a214c2f5e87bad3c948f4d605d) (ScriptedImporter) -> (artifact id: 'bad15745870564a146c109da1213d166') in 0.0372496 seconds
Number of updated asset objects reloaded before import = 0Number of asset objects unloaded after import = 3

========================================================================
Received Import Request.
  Time since last request: 0.000019 seconds.
  path: Assets/UI/Circuit Details UI/Lap Time Details/Sector 1 4x -706130505.png
  artifactKey: Guid(891a9c478ecae364ca5e704fa9f3d895) Importer(2089858483,b0f066a214c2f5e87bad3c948f4d605d)
Start importing Assets/UI/Circuit Details UI/Lap Time Details/Sector 1 4x -706130505.png using Guid(891a9c478ecae364ca5e704fa9f3d895) Importer(2089858483,b0f066a214c2f5e87bad3c948f4d605d) (ScriptedImporter) -> (artifact id: '20560ebf1cee6eb5ab491e07622ac0a2') in 0.0379258 seconds
Number of updated asset objects reloaded before import = 0Number of asset objects unloaded after import = 3

========================================================================
Received Import Request.
  Time since last request: 0.000017 seconds.
  path: Assets/UI/Circuit Details UI/Lap Time Details/Sector 3 4x 1766467297.png
  artifactKey: Guid(271f976fceae95444b02052d8a136c19) Importer(2089858483,b0f066a214c2f5e87bad3c948f4d605d)
Start importing Assets/UI/Circuit Details UI/Lap Time Details/Sector 3 4x 1766467297.png using Guid(271f976fceae95444b02052d8a136c19) Importer(2089858483,b0f066a214c2f5e87bad3c948f4d605d) (ScriptedImporter) -> (artifact id: '3bf3ad5110061a3a3e17decc96bf7a83') in 0.0352749 seconds
Number of updated asset objects reloaded before import = 0Number of asset objects unloaded after import = 3

========================================================================
Received Import Request.
  Time since last request: 0.000017 seconds.
  path: Assets/Scenes/BahrainCircuit.unity
  artifactKey: Guid(cd368012ba25286469d1ea9b8a66bb06) Importer(815301076,1909f56bfc062723c751e8b465ee728b)
Start importing Assets/Scenes/BahrainCircuit.unity using Guid(cd368012ba25286469d1ea9b8a66bb06) Importer(815301076,1909f56bfc062723c751e8b465ee728b) (PreviewImporter) -> (artifact id: 'c507ddb24b501ab4f6c5c3b62ce296da') in 0.0006216 seconds
Number of updated asset objects reloaded before import = 0Number of asset objects unloaded after import = 0

========================================================================
Received Import Request.
  Time since last request: 0.000025 seconds.
  path: Assets/Scripts/InputManagers/GarageInputManager.cs
  artifactKey: Guid(b875b9cbb0ed0dd4c9891744e948e875) Importer(2089858483,b0f066a214c2f5e87bad3c948f4d605d)
Start importing Assets/Scripts/InputManagers/GarageInputManager.cs using Guid(b875b9cbb0ed0dd4c9891744e948e875) Importer(2089858483,b0f066a214c2f5e87bad3c948f4d605d) (ScriptedImporter) -> (artifact id: '288a5f4f6ef6ee92bd1e55052f5528ec') in 0.0156354 seconds
Number of updated asset objects reloaded before import = 0Number of asset objects unloaded after import = 0

========================================================================
Received Import Request.
  Time since last request: 0.000015 seconds.
  path: Assets/Settings/PC_RPAsset.asset
  artifactKey: Guid(4b83569d67af61e458304325a23e5dfd) Importer(2089858483,b0f066a214c2f5e87bad3c948f4d605d)
Start importing Assets/Settings/PC_RPAsset.asset using Guid(4b83569d67af61e458304325a23e5dfd) Importer(2089858483,b0f066a214c2f5e87bad3c948f4d605d) (ScriptedImporter) -> (artifact id: '916fe9029acdfc889255ffdb1c9ad903') in 0.029108 seconds
Number of updated asset objects reloaded before import = 0Number of asset objects unloaded after import = 1

========================================================================
Received Import Request.
  Time since last request: 0.000014 seconds.
  path: Assets/Plugins & Utilities/DA-Shared/DAJson/DAJson.cs
  artifactKey: Guid(13a6488720117b440923d3f85416ede7) Importer(2089858483,b0f066a214c2f5e87bad3c948f4d605d)
Start importing Assets/Plugins & Utilities/DA-Shared/DAJson/DAJson.cs using Guid(13a6488720117b440923d3f85416ede7) Importer(2089858483,b0f066a214c2f5e87bad3c948f4d605d) (ScriptedImporter) -> (artifact id: '130a03550a470c6acdac48d66c2c5193') in 0.0176417 seconds
Number of updated asset objects reloaded before import = 0Number of asset objects unloaded after import = 0

========================================================================
Received Import Request.
  Time since last request: 0.000014 seconds.
  path: Assets/UI/Circuit Details UI/Sector 2 4x 1100670441.png/Sector 2 4x 1100670441.png
  artifactKey: Guid(a8cd8e9c1d3e085449ec8a9d8b68c460) Importer(2089858483,b0f066a214c2f5e87bad3c948f4d605d)
Start importing Assets/UI/Circuit Details UI/Sector 2 4x 1100670441.png/Sector 2 4x 1100670441.png using Guid(a8cd8e9c1d3e085449ec8a9d8b68c460) Importer(2089858483,b0f066a214c2f5e87bad3c948f4d605d) (ScriptedImporter) -> (artifact id: 'c49ff70b5d7858d2f664111463549633') in 0.0392926 seconds
Number of updated asset objects reloaded before import = 0Number of asset objects unloaded after import = 3

========================================================================
Received Import Request.
  Time since last request: 0.000029 seconds.
  path: Assets/UI/TextMesh Pro/Shaders/TMPro_Properties.cginc
  artifactKey: Guid(3997e2241185407d80309a82f9148466) Importer(2089858483,b0f066a214c2f5e87bad3c948f4d605d)
Start importing Assets/UI/TextMesh Pro/Shaders/TMPro_Properties.cginc using Guid(3997e2241185407d80309a82f9148466) Importer(2089858483,b0f066a214c2f5e87bad3c948f4d605d) (ScriptedImporter) -> (artifact id: '2bcf26c3cad3421740f62ac15ecbbe42') in 0.0277316 seconds
Number of updated asset objects reloaded before import = 0Number of asset objects unloaded after import = 1

========================================================================
Received Import Request.
  Time since last request: 0.000021 seconds.
  path: Assets/UI/TextMesh Pro/Fonts/LiberationSans - OFL.txt
  artifactKey: Guid(6e59c59b81ab47f9b6ec5781fa725d2c) Importer(2089858483,b0f066a214c2f5e87bad3c948f4d605d)
Start importing Assets/UI/TextMesh Pro/Fonts/LiberationSans - OFL.txt using Guid(6e59c59b81ab47f9b6ec5781fa725d2c) Importer(2089858483,b0f066a214c2f5e87bad3c948f4d605d) (ScriptedImporter) -> (artifact id: '5f19070120f6c20a9a16080a5e989bc2') in 0.0302993 seconds
Number of updated asset objects reloaded before import = 0Number of asset objects unloaded after import = 1

========================================================================
Received Import Request.
  Time since last request: 0.000018 seconds.
  path: Assets/UI/TextMesh Pro/Fonts/LiberationSans.ttf
  artifactKey: Guid(e3265ab4bf004d28a9537516768c1c75) Importer(2089858483,b0f066a214c2f5e87bad3c948f4d605d)
Start importing Assets/UI/TextMesh Pro/Fonts/LiberationSans.ttf using Guid(e3265ab4bf004d28a9537516768c1c75) Importer(2089858483,b0f066a214c2f5e87bad3c948f4d605d) (ScriptedImporter) -> (artifact id: '601bb771ab4a5214943261a50069a829') in 0.0261895 seconds
Number of updated asset objects reloaded before import = 0Number of asset objects unloaded after import = 3

========================================================================
Received Import Request.
  Time since last request: 0.000034 seconds.
  path: Assets/Skybox/Skybox Cubemap Extended/Demo/Demo BlendSettings.lighting
  artifactKey: Guid(de1c73ec4707d70499bf14faad578915) Importer(2089858483,b0f066a214c2f5e87bad3c948f4d605d)
Start importing Assets/Skybox/Skybox Cubemap Extended/Demo/Demo BlendSettings.lighting using Guid(de1c73ec4707d70499bf14faad578915) Importer(2089858483,b0f066a214c2f5e87bad3c948f4d605d) (ScriptedImporter)LightingSettings: switching bake backend from 2 to 1.
 -> (artifact id: 'b349fa1ea7d3c02868cf8800b178c101') in 0.0424825 seconds
Number of updated asset objects reloaded before import = 0Number of asset objects unloaded after import = 1

========================================================================
Received Import Request.
  Time since last request: 0.000018 seconds.
  path: Assets/Plugins & Utilities/FMOD/src/PlatformPlayInEditor.cs
  artifactKey: Guid(335f0a4b26fb46942858ea029e030d2a) Importer(2089858483,b0f066a214c2f5e87bad3c948f4d605d)
Start importing Assets/Plugins & Utilities/FMOD/src/PlatformPlayInEditor.cs using Guid(335f0a4b26fb46942858ea029e030d2a) Importer(2089858483,b0f066a214c2f5e87bad3c948f4d605d) (ScriptedImporter) -> (artifact id: '103818040c76dde107a623f53823a52b') in 0.0195532 seconds
Number of updated asset objects reloaded before import = 0Number of asset objects unloaded after import = 0

========================================================================
Received Import Request.
  Time since last request: 0.000030 seconds.
  path: Assets/UI/Circuit Details UI/Lap Time Details/Sector 2 4x 504608885.png
  artifactKey: Guid(caffe6461f943e648bb1cc71f7a9cd74) Importer(2089858483,b0f066a214c2f5e87bad3c948f4d605d)
Start importing Assets/UI/Circuit Details UI/Lap Time Details/Sector 2 4x 504608885.png using Guid(caffe6461f943e648bb1cc71f7a9cd74) Importer(2089858483,b0f066a214c2f5e87bad3c948f4d605d) (ScriptedImporter) -> (artifact id: '777085501f9fc952054152ab33dd157b') in 0.0385397 seconds
Number of updated asset objects reloaded before import = 0Number of asset objects unloaded after import = 3

========================================================================
Received Import Request.
  Time since last request: 0.000023 seconds.
  path: Assets/Plugins & Utilities/FMOD/src/StudioEventEmitter.cs
  artifactKey: Guid(9a6610d2e704f1648819acc8d7460285) Importer(2089858483,b0f066a214c2f5e87bad3c948f4d605d)
Start importing Assets/Plugins & Utilities/FMOD/src/StudioEventEmitter.cs using Guid(9a6610d2e704f1648819acc8d7460285) Importer(2089858483,b0f066a214c2f5e87bad3c948f4d605d) (ScriptedImporter) -> (artifact id: '56d8a7e4f4f6b1fbb13e9bb647b99a8a') in 0.017659 seconds
Number of updated asset objects reloaded before import = 0Number of asset objects unloaded after import = 0

========================================================================
Received Import Request.
  Time since last request: 0.000016 seconds.
  path: Assets/UI/TextMesh Pro/Shaders/TMP_SDF.shader
  artifactKey: Guid(68e6db2ebdc24f95958faec2be5558d6) Importer(2089858483,b0f066a214c2f5e87bad3c948f4d605d)
Start importing Assets/UI/TextMesh Pro/Shaders/TMP_SDF.shader using Guid(68e6db2ebdc24f95958faec2be5558d6) Importer(2089858483,b0f066a214c2f5e87bad3c948f4d605d) (ScriptedImporter) -> (artifact id: '75fca1421f9fc69cb8cf2b84da57502a') in 0.024742 seconds
Number of updated asset objects reloaded before import = 0Number of asset objects unloaded after import = 1

========================================================================
Received Import Request.
  Time since last request: 0.000018 seconds.
  path: Assets/UI/TextMesh Pro/Shaders/TMP_SDF-Mobile Masking.shader
  artifactKey: Guid(bc1ede39bf3643ee8e493720e4259791) Importer(2089858483,b0f066a214c2f5e87bad3c948f4d605d)
Start importing Assets/UI/TextMesh Pro/Shaders/TMP_SDF-Mobile Masking.shader using Guid(bc1ede39bf3643ee8e493720e4259791) Importer(2089858483,b0f066a214c2f5e87bad3c948f4d605d) (ScriptedImporter) -> (artifact id: '121602a5e96b1fa38c22ba505e12f135') in 0.0167172 seconds
Number of updated asset objects reloaded before import = 0Number of asset objects unloaded after import = 1

========================================================================
Received Import Request.
  Time since last request: 0.000040 seconds.
  path: Assets/UI/TextMesh Pro/Shaders/TMP_SDF-Surface-Mobile.shader
  artifactKey: Guid(85187c2149c549c5b33f0cdb02836b17) Importer(2089858483,b0f066a214c2f5e87bad3c948f4d605d)
Start importing Assets/UI/TextMesh Pro/Shaders/TMP_SDF-Surface-Mobile.shader using Guid(85187c2149c549c5b33f0cdb02836b17) Importer(2089858483,b0f066a214c2f5e87bad3c948f4d605d) (ScriptedImporter) -> (artifact id: '1f9505d4a1e173ea966b3e621c2d44a9') in 0.0212706 seconds
Number of updated asset objects reloaded before import = 0Number of asset objects unloaded after import = 1

========================================================================
Received Import Request.
  Time since last request: 0.000023 seconds.
  path: Assets/UI/TextMesh Pro/Shaders/TMP_SDF-URP Lit.shadergraph
  artifactKey: Guid(a3d800b099a06e0478fb790c5e79057a) Importer(2089858483,b0f066a214c2f5e87bad3c948f4d605d)
Start importing Assets/UI/TextMesh Pro/Shaders/TMP_SDF-URP Lit.shadergraph using Guid(a3d800b099a06e0478fb790c5e79057a) Importer(2089858483,b0f066a214c2f5e87bad3c948f4d605d) (ScriptedImporter) -> (artifact id: '8fa2c3d745bdc0fc1729e47677e638b9') in 0.0452995 seconds
Number of updated asset objects reloaded before import = 0Number of asset objects unloaded after import = 4

========================================================================
Received Import Request.
  Time since last request: 0.000015 seconds.
  path: Assets/UI/Fonts/Sdf/Bungee Spice-Normal.asset
  artifactKey: Guid(c8dff4db1595d274bbcb249fec460a44) Importer(2089858483,b0f066a214c2f5e87bad3c948f4d605d)
Start importing Assets/UI/Fonts/Sdf/Bungee Spice-Normal.asset using Guid(c8dff4db1595d274bbcb249fec460a44) Importer(2089858483,b0f066a214c2f5e87bad3c948f4d605d) (ScriptedImporter) -> (artifact id: 'ec541235154e9ada0e85fd1da17d3aa7') in 0.056851 seconds
Number of updated asset objects reloaded before import = 0Number of asset objects unloaded after import = 5

========================================================================
Received Import Request.
  Time since last request: 0.000026 seconds.
  path: Assets/UI/TextMesh Pro/Shaders/TMP_Bitmap-Custom-Atlas.shader
  artifactKey: Guid(48bb5f55d8670e349b6e614913f9d910) Importer(2089858483,b0f066a214c2f5e87bad3c948f4d605d)
Start importing Assets/UI/TextMesh Pro/Shaders/TMP_Bitmap-Custom-Atlas.shader using Guid(48bb5f55d8670e349b6e614913f9d910) Importer(2089858483,b0f066a214c2f5e87bad3c948f4d605d) (ScriptedImporter) -> (artifact id: '7624a95b944842a887b12168c1c5fab2') in 0.0167379 seconds
Number of updated asset objects reloaded before import = 0Number of asset objects unloaded after import = 1

========================================================================
Received Import Request.
  Time since last request: 0.000025 seconds.
  path: Assets/Plugins & Utilities/FMOD/src/EventReference.cs
  artifactKey: Guid(1b1e4da3fb15e7a45a8f104b7d0fd6d9) Importer(2089858483,b0f066a214c2f5e87bad3c948f4d605d)
Start importing Assets/Plugins & Utilities/FMOD/src/EventReference.cs using Guid(1b1e4da3fb15e7a45a8f104b7d0fd6d9) Importer(2089858483,b0f066a214c2f5e87bad3c948f4d605d) (ScriptedImporter) -> (artifact id: 'ffa77084c9e25ece5135b6495119d4f5') in 0.0185866 seconds
Number of updated asset objects reloaded before import = 0Number of asset objects unloaded after import = 0

========================================================================
Received Import Request.
  Time since last request: 0.000014 seconds.
  path: Assets/UI/UI Asset/Free/32 Light 2.png
  artifactKey: Guid(9c22439f7b2eadb41b70e5385d667660) Importer(2089858483,b0f066a214c2f5e87bad3c948f4d605d)
Start importing Assets/UI/UI Asset/Free/32 Light 2.png using Guid(9c22439f7b2eadb41b70e5385d667660) Importer(2089858483,b0f066a214c2f5e87bad3c948f4d605d) (ScriptedImporter) -> (artifact id: 'b8139dfa8588101cdaa04e524974cc74') in 0.0361092 seconds
Number of updated asset objects reloaded before import = 0Number of asset objects unloaded after import = 3

========================================================================
Received Import Request.
  Time since last request: 0.000030 seconds.
  path: Assets/UI/UI Asset/Free/32 Light.png
  artifactKey: Guid(a689281f545979940b5cedad12ec31a8) Importer(2089858483,b0f066a214c2f5e87bad3c948f4d605d)
Start importing Assets/UI/UI Asset/Free/32 Light.png using Guid(a689281f545979940b5cedad12ec31a8) Importer(2089858483,b0f066a214c2f5e87bad3c948f4d605d) (ScriptedImporter) -> (artifact id: '20c25ba3e78c98f0d3694d34fe0968ab') in 0.0237347 seconds
Number of updated asset objects reloaded before import = 0Number of asset objects unloaded after import = 3

========================================================================
Received Import Request.
  Time since last request: 0.000020 seconds.
  path: Assets/UI/TextMesh Pro/Sprites/EmojiOne Attribution.txt
  artifactKey: Guid(381dcb09d5029d14897e55f98031fca5) Importer(2089858483,b0f066a214c2f5e87bad3c948f4d605d)
Start importing Assets/UI/TextMesh Pro/Sprites/EmojiOne Attribution.txt using Guid(381dcb09d5029d14897e55f98031fca5) Importer(2089858483,b0f066a214c2f5e87bad3c948f4d605d) (ScriptedImporter) -> (artifact id: '1f62bb9098c555dd035b038db2a1b227') in 0.0287521 seconds
Number of updated asset objects reloaded before import = 0Number of asset objects unloaded after import = 1

========================================================================
Received Import Request.
  Time since last request: 0.000015 seconds.
  path: Assets/UI/UI Asset/Free/64.png
  artifactKey: Guid(701e7ed4dde1bf949b30e33741547ac9) Importer(2089858483,b0f066a214c2f5e87bad3c948f4d605d)
Start importing Assets/UI/UI Asset/Free/64.png using Guid(701e7ed4dde1bf949b30e33741547ac9) Importer(2089858483,b0f066a214c2f5e87bad3c948f4d605d) (ScriptedImporter) -> (artifact id: 'f62616198c8ae9260d1dcdf33981daa1') in 0.0436472 seconds
Number of updated asset objects reloaded before import = 0Number of asset objects unloaded after import = 3

========================================================================
Received Import Request.
  Time since last request: 0.000024 seconds.
  path: Assets/UI/UI Asset/Free/32.png
  artifactKey: Guid(dcdc43f7a0ad67b4ab3e3db38233dfae) Importer(2089858483,b0f066a214c2f5e87bad3c948f4d605d)
Start importing Assets/UI/UI Asset/Free/32.png using Guid(dcdc43f7a0ad67b4ab3e3db38233dfae) Importer(2089858483,b0f066a214c2f5e87bad3c948f4d605d) (ScriptedImporter) -> (artifact id: '7ea42f3daba55620722b120c13c716cf') in 0.0366726 seconds
Number of updated asset objects reloaded before import = 0Number of asset objects unloaded after import = 3

========================================================================
Received Import Request.
  Time since last request: 0.000017 seconds.
  path: Assets/UI/TextMesh Pro/Sprites/EmojiOne.png
  artifactKey: Guid(dffef66376be4fa480fb02b19edbe903) Importer(2089858483,b0f066a214c2f5e87bad3c948f4d605d)
Start importing Assets/UI/TextMesh Pro/Sprites/EmojiOne.png using Guid(dffef66376be4fa480fb02b19edbe903) Importer(2089858483,b0f066a214c2f5e87bad3c948f4d605d) (ScriptedImporter) -> (artifact id: '0bafc4ca7c4b8e607e55ddef3f0f50fb') in 0.0222511 seconds
Number of updated asset objects reloaded before import = 0Number of asset objects unloaded after import = 1

========================================================================
Received Import Request.
  Time since last request: 0.000014 seconds.
  path: Assets/UI/TextMesh Pro/Resources/LineBreaking Leading Characters.txt
  artifactKey: Guid(d82c1b31c7e74239bff1220585707d2b) Importer(2089858483,b0f066a214c2f5e87bad3c948f4d605d)
Start importing Assets/UI/TextMesh Pro/Resources/LineBreaking Leading Characters.txt using Guid(d82c1b31c7e74239bff1220585707d2b) Importer(2089858483,b0f066a214c2f5e87bad3c948f4d605d) (ScriptedImporter) -> (artifact id: '83228937f44a0523c14745ae9c121a12') in 0.0170032 seconds
Number of updated asset objects reloaded before import = 0Number of asset objects unloaded after import = 1

========================================================================
Received Import Request.
  Time since last request: 0.000013 seconds.
  path: Assets/UI/TextMesh Pro/Shaders/TMP_SDF-Mobile.shader
  artifactKey: Guid(fe393ace9b354375a9cb14cdbbc28be4) Importer(2089858483,b0f066a214c2f5e87bad3c948f4d605d)
Start importing Assets/UI/TextMesh Pro/Shaders/TMP_SDF-Mobile.shader using Guid(fe393ace9b354375a9cb14cdbbc28be4) Importer(2089858483,b0f066a214c2f5e87bad3c948f4d605d) (ScriptedImporter) -> (artifact id: '53794c31ed51a463b7bd041c48ecf5f1') in 0.0194476 seconds
Number of updated asset objects reloaded before import = 0Number of asset objects unloaded after import = 1

========================================================================
Received Import Request.
  Time since last request: 0.000018 seconds.
  path: Assets/UI/UI Asset/Free/ButtonSmallRound.png
  artifactKey: Guid(04c64e19d8f8f0140837c8a6b21c358d) Importer(2089858483,b0f066a214c2f5e87bad3c948f4d605d)
Start importing Assets/UI/UI Asset/Free/ButtonSmallRound.png using Guid(04c64e19d8f8f0140837c8a6b21c358d) Importer(2089858483,b0f066a214c2f5e87bad3c948f4d605d) (ScriptedImporter) -> (artifact id: '3d98c77518f7f28c1dd2b370b3bc0950') in 0.0348575 seconds
Number of updated asset objects reloaded before import = 0Number of asset objects unloaded after import = 3

========================================================================
Received Import Request.
  Time since last request: 0.000028 seconds.
  path: Assets/UI/UI Asset/Free/BTN_Line_4PX_Large.png
  artifactKey: Guid(c5c79f69909c16942b803f137f3ca0eb) Importer(2089858483,b0f066a214c2f5e87bad3c948f4d605d)
Start importing Assets/UI/UI Asset/Free/BTN_Line_4PX_Large.png using Guid(c5c79f69909c16942b803f137f3ca0eb) Importer(2089858483,b0f066a214c2f5e87bad3c948f4d605d) (ScriptedImporter) -> (artifact id: '96b50c8354bd93f1851ed1b24bc52aa4') in 0.0407309 seconds
Number of updated asset objects reloaded before import = 0Number of asset objects unloaded after import = 3

========================================================================
Received Import Request.
  Time since last request: 0.000023 seconds.
  path: Assets/UI/UI Asset/Free/C.png
  artifactKey: Guid(fe60e9801e85e2e47a31a90354f6add9) Importer(2089858483,b0f066a214c2f5e87bad3c948f4d605d)
Start importing Assets/UI/UI Asset/Free/C.png using Guid(fe60e9801e85e2e47a31a90354f6add9) Importer(2089858483,b0f066a214c2f5e87bad3c948f4d605d) (ScriptedImporter) -> (artifact id: '750d3ebdd6f36ff6237e3a36282b7b82') in 0.0384183 seconds
Number of updated asset objects reloaded before import = 0Number of asset objects unloaded after import = 3

========================================================================
Received Import Request.
  Time since last request: 0.000018 seconds.
  path: Assets/UI/UI Asset/Free/ButtonMediumRound.png
  artifactKey: Guid(9c3fb1e6eb7fc9745b3bba559360321f) Importer(2089858483,b0f066a214c2f5e87bad3c948f4d605d)
Start importing Assets/UI/UI Asset/Free/ButtonMediumRound.png using Guid(9c3fb1e6eb7fc9745b3bba559360321f) Importer(2089858483,b0f066a214c2f5e87bad3c948f4d605d) (ScriptedImporter) -> (artifact id: '39e2c5bbf6f1d8ecb02dc4cf8e34524d') in 0.0375675 seconds
Number of updated asset objects reloaded before import = 0Number of asset objects unloaded after import = 3

========================================================================
Received Import Request.
  Time since last request: 0.000019 seconds.
  path: Assets/UI/UI Asset/Free/B.png
  artifactKey: Guid(0800cc9d4da0323489f4d25c65194aa5) Importer(2089858483,b0f066a214c2f5e87bad3c948f4d605d)
Start importing Assets/UI/UI Asset/Free/B.png using Guid(0800cc9d4da0323489f4d25c65194aa5) Importer(2089858483,b0f066a214c2f5e87bad3c948f4d605d) (ScriptedImporter) -> (artifact id: '01490dcf1d5d95dfefd5dc7c3f448835') in 0.0354423 seconds
Number of updated asset objects reloaded before import = 0Number of asset objects unloaded after import = 3

========================================================================
Received Import Request.
  Time since last request: 0.000036 seconds.
  path: Assets/UI/UI Asset/Free/Bell.png
  artifactKey: Guid(f004d321f2825c44d929e3d0f5844b8c) Importer(2089858483,b0f066a214c2f5e87bad3c948f4d605d)
Start importing Assets/UI/UI Asset/Free/Bell.png using Guid(f004d321f2825c44d929e3d0f5844b8c) Importer(2089858483,b0f066a214c2f5e87bad3c948f4d605d) (ScriptedImporter) -> (artifact id: 'd904d45a9fdf3952f949008beb9cbe77') in 0.0324834 seconds
Number of updated asset objects reloaded before import = 0Number of asset objects unloaded after import = 3

========================================================================
Received Import Request.
  Time since last request: 0.000029 seconds.
  path: Assets/Plugins & Utilities/FMOD/src/fmod_dsp.cs
  artifactKey: Guid(b7b10c26cf550794183b926ffae615a7) Importer(2089858483,b0f066a214c2f5e87bad3c948f4d605d)
Start importing Assets/Plugins & Utilities/FMOD/src/fmod_dsp.cs using Guid(b7b10c26cf550794183b926ffae615a7) Importer(2089858483,b0f066a214c2f5e87bad3c948f4d605d) (ScriptedImporter) -> (artifact id: '5eccfab578deca254e48bbf3c6050ef4') in 0.0165365 seconds
Number of updated asset objects reloaded before import = 0Number of asset objects unloaded after import = 0

========================================================================
Received Import Request.
  Time since last request: 0.000014 seconds.
  path: Assets/UI/UI Asset/Free/Down Arrow.png
  artifactKey: Guid(4fa7a2c5ad85feb4991c2ddc865d25c7) Importer(2089858483,b0f066a214c2f5e87bad3c948f4d605d)
Start importing Assets/UI/UI Asset/Free/Down Arrow.png using Guid(4fa7a2c5ad85feb4991c2ddc865d25c7) Importer(2089858483,b0f066a214c2f5e87bad3c948f4d605d) (ScriptedImporter) -> (artifact id: '1605c3b5509449de6c027eed003b2baa') in 0.0290153 seconds
Number of updated asset objects reloaded before import = 0Number of asset objects unloaded after import = 3

========================================================================
Received Import Request.
  Time since last request: 0.000016 seconds.
  path: Assets/UI/UI Asset/Free/Close BTN.png
  artifactKey: Guid(a11d716ada219fe4683e6147d610043e) Importer(2089858483,b0f066a214c2f5e87bad3c948f4d605d)
Start importing Assets/UI/UI Asset/Free/Close BTN.png using Guid(a11d716ada219fe4683e6147d610043e) Importer(2089858483,b0f066a214c2f5e87bad3c948f4d605d) (ScriptedImporter) -> (artifact id: 'd3001bc43f20510fc33f404eb85b0184') in 0.0336662 seconds
Number of updated asset objects reloaded before import = 0Number of asset objects unloaded after import = 3

========================================================================
Received Import Request.
  Time since last request: 0.000016 seconds.
  path: Assets/UI/UI Asset/Free/CIRCLE4PXMED.png
  artifactKey: Guid(ec6eebcb88fa2314796ef9605c6a43e7) Importer(2089858483,b0f066a214c2f5e87bad3c948f4d605d)
Start importing Assets/UI/UI Asset/Free/CIRCLE4PXMED.png using Guid(ec6eebcb88fa2314796ef9605c6a43e7) Importer(2089858483,b0f066a214c2f5e87bad3c948f4d605d) (ScriptedImporter) -> (artifact id: '6626631c19ce2cd7feb1cf3d1304f01e') in 0.0346424 seconds
Number of updated asset objects reloaded before import = 0Number of asset objects unloaded after import = 3

========================================================================
Received Import Request.
  Time since last request: 0.000026 seconds.
  path: Assets/UI/UI Asset/Free/D.png
  artifactKey: Guid(bfdc84f127b8607479e3fe35cd51157a) Importer(2089858483,b0f066a214c2f5e87bad3c948f4d605d)
Start importing Assets/UI/UI Asset/Free/D.png using Guid(bfdc84f127b8607479e3fe35cd51157a) Importer(2089858483,b0f066a214c2f5e87bad3c948f4d605d) (ScriptedImporter) -> (artifact id: '859ec5abb8428c19706410ece852771a') in 0.0348476 seconds
Number of updated asset objects reloaded before import = 0Number of asset objects unloaded after import = 3

========================================================================
Received Import Request.
  Time since last request: 0.000019 seconds.
  path: Assets/UI/UI Asset/Free/CIRCLE4PXSMA.png
  artifactKey: Guid(572955b2fc805584aaa343215e806606) Importer(2089858483,b0f066a214c2f5e87bad3c948f4d605d)
Start importing Assets/UI/UI Asset/Free/CIRCLE4PXSMA.png using Guid(572955b2fc805584aaa343215e806606) Importer(2089858483,b0f066a214c2f5e87bad3c948f4d605d) (ScriptedImporter) -> (artifact id: '21ccf69bc066d363c854dc0fd8269b30') in 0.0402197 seconds
Number of updated asset objects reloaded before import = 0Number of asset objects unloaded after import = 3

========================================================================
Received Import Request.
  Time since last request: 0.000016 seconds.
  path: Assets/Plugins & Utilities/FMOD/src/PlatformGroup.cs
  artifactKey: Guid(6d049eb0281db9c4abd635ba1c79cb7b) Importer(2089858483,b0f066a214c2f5e87bad3c948f4d605d)
Start importing Assets/Plugins & Utilities/FMOD/src/PlatformGroup.cs using Guid(6d049eb0281db9c4abd635ba1c79cb7b) Importer(2089858483,b0f066a214c2f5e87bad3c948f4d605d) (ScriptedImporter) -> (artifact id: 'aa2695856f39c40416dca456894a69bc') in 0.0180932 seconds
Number of updated asset objects reloaded before import = 0Number of asset objects unloaded after import = 0

========================================================================
Received Import Request.
  Time since last request: 0.000014 seconds.
  path: Assets/Skybox/Utils/Scripts/Boxophobic.Utils.Scripts.asmdef
  artifactKey: Guid(825ad574da7360d4e8aea558f272972e) Importer(2089858483,b0f066a214c2f5e87bad3c948f4d605d)
Start importing Assets/Skybox/Utils/Scripts/Boxophobic.Utils.Scripts.asmdef using Guid(825ad574da7360d4e8aea558f272972e) Importer(2089858483,b0f066a214c2f5e87bad3c948f4d605d) (ScriptedImporter) -> (artifact id: '6f43cce1cd495c1a00ed89f56cbfd7ff') in 0.0277676 seconds
Number of updated asset objects reloaded before import = 0Number of asset objects unloaded after import = 1

========================================================================
Received Import Request.
  Time since last request: 0.000023 seconds.
  path: Assets/UI/TextMesh Pro/Shaders/SDFFunctions.hlsl
  artifactKey: Guid(96de908384869cd409c75efa351d5edf) Importer(2089858483,b0f066a214c2f5e87bad3c948f4d605d)
Start importing Assets/UI/TextMesh Pro/Shaders/SDFFunctions.hlsl using Guid(96de908384869cd409c75efa351d5edf) Importer(2089858483,b0f066a214c2f5e87bad3c948f4d605d) (ScriptedImporter) -> (artifact id: '6625a3674ba17fa83e774d9e6519bfe6') in 0.0227417 seconds
Number of updated asset objects reloaded before import = 0Number of asset objects unloaded after import = 1

========================================================================
Received Import Request.
  Time since last request: 0.000037 seconds.
  path: Assets/UI/UI Asset/Free/Icon Sets.png
  artifactKey: Guid(7747227fc69607f46833ce90b8776f0d) Importer(2089858483,b0f066a214c2f5e87bad3c948f4d605d)
Start importing Assets/UI/UI Asset/Free/Icon Sets.png using Guid(7747227fc69607f46833ce90b8776f0d) Importer(2089858483,b0f066a214c2f5e87bad3c948f4d605d) (ScriptedImporter) -> (artifact id: '750a2cd631ddcc8fe2a3f3c739319fdd') in 0.0409745 seconds
Number of updated asset objects reloaded before import = 0Number of asset objects unloaded after import = 3

========================================================================
Received Import Request.
  Time since last request: 0.000014 seconds.
  path: Assets/UI/UI Asset/Free/Gem.png
  artifactKey: Guid(4aa4dc909b586c14198e6883472062be) Importer(2089858483,b0f066a214c2f5e87bad3c948f4d605d)
Start importing Assets/UI/UI Asset/Free/Gem.png using Guid(4aa4dc909b586c14198e6883472062be) Importer(2089858483,b0f066a214c2f5e87bad3c948f4d605d) (ScriptedImporter) -> (artifact id: '653d1d781f63d78a0a461c80fbe05f8d') in 0.035519 seconds
Number of updated asset objects reloaded before import = 0Number of asset objects unloaded after import = 3

========================================================================
Received Import Request.
  Time since last request: 0.000015 seconds.
  path: Assets/UI/UI Asset/Free/Missions.png
  artifactKey: Guid(b52130bb79a23344aa8c335cecb91eb0) Importer(2089858483,b0f066a214c2f5e87bad3c948f4d605d)
Start importing Assets/UI/UI Asset/Free/Missions.png using Guid(b52130bb79a23344aa8c335cecb91eb0) Importer(2089858483,b0f066a214c2f5e87bad3c948f4d605d) (ScriptedImporter) -> (artifact id: 'd4c718a9082abab8926e78439fe84b42') in 0.035579 seconds
Number of updated asset objects reloaded before import = 0Number of asset objects unloaded after import = 3

========================================================================
Received Import Request.
  Time since last request: 0.000019 seconds.
  path: Assets/UI/UI Asset/Free/Heart.png
  artifactKey: Guid(cfad8ef0b5f68ac46bd02b3156b377a4) Importer(2089858483,b0f066a214c2f5e87bad3c948f4d605d)
Start importing Assets/UI/UI Asset/Free/Heart.png using Guid(cfad8ef0b5f68ac46bd02b3156b377a4) Importer(2089858483,b0f066a214c2f5e87bad3c948f4d605d) (ScriptedImporter) -> (artifact id: '9ed359b901dce977c1c02896c7cf84b1') in 0.0321848 seconds
Number of updated asset objects reloaded before import = 0Number of asset objects unloaded after import = 3

========================================================================
Received Import Request.
  Time since last request: 0.000020 seconds.
  path: Assets/UI/UI Asset/Free/Facebook.png
  artifactKey: Guid(b12df616c3582fd4faba65f7fac51968) Importer(2089858483,b0f066a214c2f5e87bad3c948f4d605d)
Start importing Assets/UI/UI Asset/Free/Facebook.png using Guid(b12df616c3582fd4faba65f7fac51968) Importer(2089858483,b0f066a214c2f5e87bad3c948f4d605d) (ScriptedImporter) -> (artifact id: '1eb1099f7bf1f08b3435e486a3b96b21') in 0.0324738 seconds
Number of updated asset objects reloaded before import = 0Number of asset objects unloaded after import = 3

========================================================================
Received Import Request.
  Time since last request: 0.000024 seconds.
  path: Assets/UI/UI Asset/Free/Right Arrow.png
  artifactKey: Guid(7cf2f46063edb3445a4b32cbd687b51c) Importer(2089858483,b0f066a214c2f5e87bad3c948f4d605d)
Start importing Assets/UI/UI Asset/Free/Right Arrow.png using Guid(7cf2f46063edb3445a4b32cbd687b51c) Importer(2089858483,b0f066a214c2f5e87bad3c948f4d605d) (ScriptedImporter) -> (artifact id: '605dd87fa4aca36a34565932be10fc86') in 0.0402972 seconds
Number of updated asset objects reloaded before import = 0Number of asset objects unloaded after import = 3

========================================================================
Received Import Request.
  Time since last request: 0.000024 seconds.
  path: Assets/UI/UI Asset/Free/Left BTN.png
  artifactKey: Guid(2f5621ced47967649819ed28fc802c35) Importer(2089858483,b0f066a214c2f5e87bad3c948f4d605d)
Start importing Assets/UI/UI Asset/Free/Left BTN.png using Guid(2f5621ced47967649819ed28fc802c35) Importer(2089858483,b0f066a214c2f5e87bad3c948f4d605d) (ScriptedImporter) -> (artifact id: 'e6b60b987ab342ce81223b3cade71e3e') in 0.0320798 seconds
Number of updated asset objects reloaded before import = 0Number of asset objects unloaded after import = 3

========================================================================
Received Import Request.
  Time since last request: 0.000020 seconds.
  path: Assets/UI/UI Asset/Free/Settings.png
  artifactKey: Guid(751a7b6d15a328547a14075f8adb0bb0) Importer(2089858483,b0f066a214c2f5e87bad3c948f4d605d)
Start importing Assets/UI/UI Asset/Free/Settings.png using Guid(751a7b6d15a328547a14075f8adb0bb0) Importer(2089858483,b0f066a214c2f5e87bad3c948f4d605d) (ScriptedImporter) -> (artifact id: 'fc68572be340a4e7b490ae021ff6d863') in 0.0371529 seconds
Number of updated asset objects reloaded before import = 0Number of asset objects unloaded after import = 3

========================================================================
Received Import Request.
  Time since last request: 0.000023 seconds.
  path: Assets/Plugins & Utilities/DA-Shared/Assembly/CornerRounder/CornerRounder.shader
  artifactKey: Guid(d3beb88e61f88ca4393acdefb005fa70) Importer(2089858483,b0f066a214c2f5e87bad3c948f4d605d)
Start importing Assets/Plugins & Utilities/DA-Shared/Assembly/CornerRounder/CornerRounder.shader using Guid(d3beb88e61f88ca4393acdefb005fa70) Importer(2089858483,b0f066a214c2f5e87bad3c948f4d605d) (ScriptedImporter) -> (artifact id: '8571e49590632900679c738ac997d4fb') in 0.0164957 seconds
Number of updated asset objects reloaded before import = 0Number of asset objects unloaded after import = 1

========================================================================
Received Import Request.
  Time since last request: 0.000023 seconds.
  path: Assets/UI/UI Asset/Free/Shop.png
  artifactKey: Guid(18faf426d460ece49970252ef5e8a56d) Importer(2089858483,b0f066a214c2f5e87bad3c948f4d605d)
Start importing Assets/UI/UI Asset/Free/Shop.png using Guid(18faf426d460ece49970252ef5e8a56d) Importer(2089858483,b0f066a214c2f5e87bad3c948f4d605d) (ScriptedImporter) -> (artifact id: '11c3030018545aefbfd62e859bfe5b92') in 0.0322267 seconds
Number of updated asset objects reloaded before import = 0Number of asset objects unloaded after import = 3

========================================================================
Received Import Request.
  Time since last request: 0.000019 seconds.
  path: Assets/UI/UI Asset/Free/Right BTN.png
  artifactKey: Guid(9dbc314d5e9a24d459a014d90696eb18) Importer(2089858483,b0f066a214c2f5e87bad3c948f4d605d)
Start importing Assets/UI/UI Asset/Free/Right BTN.png using Guid(9dbc314d5e9a24d459a014d90696eb18) Importer(2089858483,b0f066a214c2f5e87bad3c948f4d605d) (ScriptedImporter) -> (artifact id: 'c1464d1ae29f0346a83e91611cf9f38d') in 0.0361657 seconds
Number of updated asset objects reloaded before import = 0Number of asset objects unloaded after import = 3

========================================================================
Received Import Request.
  Time since last request: 0.000020 seconds.
  path: Assets/Plugins & Utilities/DA-Shared/Assembly/CornerRounder/SDFUtils.cginc
  artifactKey: Guid(209beda86bef4cdf945cf90c8999e832) Importer(2089858483,b0f066a214c2f5e87bad3c948f4d605d)
Start importing Assets/Plugins & Utilities/DA-Shared/Assembly/CornerRounder/SDFUtils.cginc using Guid(209beda86bef4cdf945cf90c8999e832) Importer(2089858483,b0f066a214c2f5e87bad3c948f4d605d) (ScriptedImporter) -> (artifact id: '264fa1e394a1c94f40be3a2845111dd6') in 0.0310235 seconds
Number of updated asset objects reloaded before import = 0Number of asset objects unloaded after import = 1

========================================================================
Received Import Request.
  Time since last request: 0.000012 seconds.
  path: Assets/Plugins & Utilities/DA-Shared/Assembly/NetKnownColors.cs
  artifactKey: Guid(748fbd32475461c4dad150749864b01e) Importer(2089858483,b0f066a214c2f5e87bad3c948f4d605d)
Start importing Assets/Plugins & Utilities/DA-Shared/Assembly/NetKnownColors.cs using Guid(748fbd32475461c4dad150749864b01e) Importer(2089858483,b0f066a214c2f5e87bad3c948f4d605d) (ScriptedImporter) -> (artifact id: '6a9b6b645f27cdbfb862bf168bf92a8c') in 0.0163308 seconds
Number of updated asset objects reloaded before import = 0Number of asset objects unloaded after import = 0

========================================================================
Received Import Request.
  Time since last request: 0.000014 seconds.
  path: Assets/Plugins & Utilities/FMOD/src/AutomatableSlots.cs
  artifactKey: Guid(9c13d4e62f5f7b44bb33162cbf29a9f8) Importer(2089858483,b0f066a214c2f5e87bad3c948f4d605d)
Start importing Assets/Plugins & Utilities/FMOD/src/AutomatableSlots.cs using Guid(9c13d4e62f5f7b44bb33162cbf29a9f8) Importer(2089858483,b0f066a214c2f5e87bad3c948f4d605d) (ScriptedImporter) -> (artifact id: '54eacef442fee80ecac47b36e975354f') in 0.0215745 seconds
Number of updated asset objects reloaded before import = 0Number of asset objects unloaded after import = 0

========================================================================
Received Import Request.
  Time since last request: 0.000023 seconds.
  path: Assets/Plugins & Utilities/DA-Shared/Editor/SpriteRemoverWindow.cs
  artifactKey: Guid(a4a37961f301a504ab7f4e37d251e67e) Importer(2089858483,b0f066a214c2f5e87bad3c948f4d605d)
Start importing Assets/Plugins & Utilities/DA-Shared/Editor/SpriteRemoverWindow.cs using Guid(a4a37961f301a504ab7f4e37d251e67e) Importer(2089858483,b0f066a214c2f5e87bad3c948f4d605d) (ScriptedImporter) -> (artifact id: '56eddcbfd7a880a406b0ca52c6440b47') in 0.014974 seconds
Number of updated asset objects reloaded before import = 0Number of asset objects unloaded after import = 0

========================================================================
Received Import Request.
  Time since last request: 0.000013 seconds.
  path: Assets/Scenes/CircuitSelection.unity
  artifactKey: Guid(2376bb171f6b0c241afb0f91b9bf6207) Importer(2089858483,b0f066a214c2f5e87bad3c948f4d605d)
Start importing Assets/Scenes/CircuitSelection.unity using Guid(2376bb171f6b0c241afb0f91b9bf6207) Importer(2089858483,b0f066a214c2f5e87bad3c948f4d605d) (ScriptedImporter) -> (artifact id: '96d3cf213ebcb0724f9c41a7dc0bbf2f') in 0.0315136 seconds
Number of updated asset objects reloaded before import = 0Number of asset objects unloaded after import = 1

========================================================================
Received Import Request.
  Time since last request: 0.000029 seconds.
  path: Assets/Plugins & Utilities/DA-Shared/Assembly/Extensions/MathExtensions.cs
  artifactKey: Guid(f7d38f396b24c174d8cb981e92dc9d93) Importer(2089858483,b0f066a214c2f5e87bad3c948f4d605d)
Start importing Assets/Plugins & Utilities/DA-Shared/Assembly/Extensions/MathExtensions.cs using Guid(f7d38f396b24c174d8cb981e92dc9d93) Importer(2089858483,b0f066a214c2f5e87bad3c948f4d605d) (ScriptedImporter) -> (artifact id: 'f3b9652f15e1345bec98ce9e6495be4e') in 0.0206705 seconds
Number of updated asset objects reloaded before import = 0Number of asset objects unloaded after import = 0

========================================================================
Received Import Request.
  Time since last request: 0.000025 seconds.
  path: Assets/Plugins & Utilities/DA-Shared/Assembly/Coroutine/DACoroutineExtensions.cs
  artifactKey: Guid(34e09d93503646947b9daf86beb4cc63) Importer(2089858483,b0f066a214c2f5e87bad3c948f4d605d)
Start importing Assets/Plugins & Utilities/DA-Shared/Assembly/Coroutine/DACoroutineExtensions.cs using Guid(34e09d93503646947b9daf86beb4cc63) Importer(2089858483,b0f066a214c2f5e87bad3c948f4d605d) (ScriptedImporter) -> (artifact id: 'eb88d6c757b621464f50cc030f13c74b') in 0.021012 seconds
Number of updated asset objects reloaded before import = 0Number of asset objects unloaded after import = 0

========================================================================
Received Import Request.
  Time since last request: 0.000027 seconds.
  path: Assets/Plugins & Utilities/DA-Shared/Assembly/Extensions/StringExtensions.cs
  artifactKey: Guid(5aa2532b297bf4047acc3470fdb9d8e1) Importer(2089858483,b0f066a214c2f5e87bad3c948f4d605d)
Start importing Assets/Plugins & Utilities/DA-Shared/Assembly/Extensions/StringExtensions.cs using Guid(5aa2532b297bf4047acc3470fdb9d8e1) Importer(2089858483,b0f066a214c2f5e87bad3c948f4d605d) (ScriptedImporter) -> (artifact id: 'f792b6431fbc7b4871cbf3c37eca4acd') in 0.0264335 seconds
Number of updated asset objects reloaded before import = 0Number of asset objects unloaded after import = 0

========================================================================
Received Import Request.
  Time since last request: 0.000023 seconds.
  path: Assets/Plugins & Utilities/DA-Shared/Assembly/Extensions/ListExtensions.cs
  artifactKey: Guid(cb488b4e150d26942b4c98b673d4794d) Importer(2089858483,b0f066a214c2f5e87bad3c948f4d605d)
Start importing Assets/Plugins & Utilities/DA-Shared/Assembly/Extensions/ListExtensions.cs using Guid(cb488b4e150d26942b4c98b673d4794d) Importer(2089858483,b0f066a214c2f5e87bad3c948f4d605d) (ScriptedImporter) -> (artifact id: '70870669c1147899d4839d836a7bb78f') in 0.0178612 seconds
Number of updated asset objects reloaded before import = 0Number of asset objects unloaded after import = 0

========================================================================
Received Import Request.
  Time since last request: 0.000014 seconds.
  path: Assets/Plugins & Utilities/DA-Shared/Assembly/Resources/DAInspector.asset
  artifactKey: Guid(e3e5bd22335e3af4ab74e088b30f3568) Importer(2089858483,b0f066a214c2f5e87bad3c948f4d605d)
Start importing Assets/Plugins & Utilities/DA-Shared/Assembly/Resources/DAInspector.asset using Guid(e3e5bd22335e3af4ab74e088b30f3568) Importer(2089858483,b0f066a214c2f5e87bad3c948f4d605d) (ScriptedImporter) -> (artifact id: 'a992df7d24c2cc39bc5d3e23aa7e474c') in 0.3675678 seconds
Number of updated asset objects reloaded before import = 0Number of asset objects unloaded after import = 25

========================================================================
Received Import Request.
  Time since last request: 0.000019 seconds.
  path: Assets/Plugins & Utilities/DA-Shared/Editor/DAInspector/GuiExtensions.cs
  artifactKey: Guid(aea7d5692c682424fb32a2154337fe32) Importer(2089858483,b0f066a214c2f5e87bad3c948f4d605d)
Start importing Assets/Plugins & Utilities/DA-Shared/Editor/DAInspector/GuiExtensions.cs using Guid(aea7d5692c682424fb32a2154337fe32) Importer(2089858483,b0f066a214c2f5e87bad3c948f4d605d) (ScriptedImporter) -> (artifact id: '6cf829b818a7abf581e7565e53483493') in 0.0189694 seconds
Number of updated asset objects reloaded before import = 0Number of asset objects unloaded after import = 0

========================================================================
Received Import Request.
  Time since last request: 0.000029 seconds.
  path: Assets/Plugins & Utilities/DA-Shared/Editor/DAInspector/InfinityScrollRectWindow.cs
  artifactKey: Guid(0d56cc06daae2ba458273dabbda628cd) Importer(2089858483,b0f066a214c2f5e87bad3c948f4d605d)
Start importing Assets/Plugins & Utilities/DA-Shared/Editor/DAInspector/InfinityScrollRectWindow.cs using Guid(0d56cc06daae2ba458273dabbda628cd) Importer(2089858483,b0f066a214c2f5e87bad3c948f4d605d) (ScriptedImporter) -> (artifact id: 'fb3f0b12acb35eb3ba6d469cc7ada92e') in 0.0192238 seconds
Number of updated asset objects reloaded before import = 0Number of asset objects unloaded after import = 0

========================================================================
Received Import Request.
  Time since last request: 0.000023 seconds.
  path: Assets/Plugins & Utilities/DA-Shared/Assembly/Extensions/OtherExtensions.cs
  artifactKey: Guid(eed2732e3b885384f89b0955115f3f84) Importer(2089858483,b0f066a214c2f5e87bad3c948f4d605d)
Start importing Assets/Plugins & Utilities/DA-Shared/Assembly/Extensions/OtherExtensions.cs using Guid(eed2732e3b885384f89b0955115f3f84) Importer(2089858483,b0f066a214c2f5e87bad3c948f4d605d) (ScriptedImporter) -> (artifact id: '28b5b3914f2d4439ffaa1693586dac5e') in 0.0218512 seconds
Number of updated asset objects reloaded before import = 0Number of asset objects unloaded after import = 0

========================================================================
Received Import Request.
  Time since last request: 0.000024 seconds.
  path: Assets/Plugins & Utilities/FMOD/src/FMODEventPlayable.cs
  artifactKey: Guid(987a467495df9d942b56b1b51381d095) Importer(2089858483,b0f066a214c2f5e87bad3c948f4d605d)
Start importing Assets/Plugins & Utilities/FMOD/src/FMODEventPlayable.cs using Guid(987a467495df9d942b56b1b51381d095) Importer(2089858483,b0f066a214c2f5e87bad3c948f4d605d) (ScriptedImporter) -> (artifact id: '0d609ce7b4af42a1bac2aeb9c3f10f49') in 0.0197365 seconds
Number of updated asset objects reloaded before import = 0Number of asset objects unloaded after import = 0

========================================================================
Received Import Request.
  Time since last request: 0.000023 seconds.
  path: Assets/Plugins & Utilities/StreamingAssets/Music.bank
  artifactKey: Guid(53447ef1553b42c44a550d0da26914b8) Importer(2089858483,b0f066a214c2f5e87bad3c948f4d605d)
Start importing Assets/Plugins & Utilities/StreamingAssets/Music.bank using Guid(53447ef1553b42c44a550d0da26914b8) Importer(2089858483,b0f066a214c2f5e87bad3c948f4d605d) (ScriptedImporter) -> (artifact id: 'd0e9314085a4b266f0383f08d9c48d75') in 0.0156033 seconds
Number of updated asset objects reloaded before import = 0Number of asset objects unloaded after import = 1

========================================================================
Received Import Request.
  Time since last request: 0.000023 seconds.
  path: Assets/Plugins & Utilities/DA-Shared/Editor/GUI/Footer.cs
  artifactKey: Guid(669ac4ffc496af642a9b57da9b9c74c8) Importer(2089858483,b0f066a214c2f5e87bad3c948f4d605d)
Start importing Assets/Plugins & Utilities/DA-Shared/Editor/GUI/Footer.cs using Guid(669ac4ffc496af642a9b57da9b9c74c8) Importer(2089858483,b0f066a214c2f5e87bad3c948f4d605d) (ScriptedImporter) -> (artifact id: 'f7d7718fed5c289a69795a6aafe08dd5') in 0.01929 seconds
Number of updated asset objects reloaded before import = 0Number of asset objects unloaded after import = 0

========================================================================
Received Import Request.
  Time since last request: 0.000024 seconds.
  path: Assets/Plugins & Utilities/FMOD/src/Editor/BankRefDrawer.cs
  artifactKey: Guid(49ebe6fea5e4bfc4bb492bba062b2afe) Importer(2089858483,b0f066a214c2f5e87bad3c948f4d605d)
Start importing Assets/Plugins & Utilities/FMOD/src/Editor/BankRefDrawer.cs using Guid(49ebe6fea5e4bfc4bb492bba062b2afe) Importer(2089858483,b0f066a214c2f5e87bad3c948f4d605d) (ScriptedImporter) -> (artifact id: 'cac77de2c29c72d5e0d495a92046b3f0') in 0.02036 seconds
Number of updated asset objects reloaded before import = 0Number of asset objects unloaded after import = 0

========================================================================
Received Import Request.
  Time since last request: 0.000014 seconds.
  path: Assets/Plugins & Utilities/FMOD/src/Editor/CodeGeneration.cs
  artifactKey: Guid(438155f6a2d689e45b5cc7701d412b80) Importer(2089858483,b0f066a214c2f5e87bad3c948f4d605d)
Start importing Assets/Plugins & Utilities/FMOD/src/Editor/CodeGeneration.cs using Guid(438155f6a2d689e45b5cc7701d412b80) Importer(2089858483,b0f066a214c2f5e87bad3c948f4d605d) (ScriptedImporter) -> (artifact id: 'ea75f10c898009c15a9343dde5f30f9b') in 0.0205511 seconds
Number of updated asset objects reloaded before import = 0Number of asset objects unloaded after import = 0

========================================================================
Received Import Request.
  Time since last request: 0.000013 seconds.
  path: Assets/Plugins & Utilities/DA-Shared/Editor/GUI/GUISplitter.cs
  artifactKey: Guid(a040de054ab47504fb783b92a5844e76) Importer(2089858483,b0f066a214c2f5e87bad3c948f4d605d)
Start importing Assets/Plugins & Utilities/DA-Shared/Editor/GUI/GUISplitter.cs using Guid(a040de054ab47504fb783b92a5844e76) Importer(2089858483,b0f066a214c2f5e87bad3c948f4d605d) (ScriptedImporter) -> (artifact id: 'd10c5af97ce9b4e48f6df32bca73823d') in 0.0177145 seconds
Number of updated asset objects reloaded before import = 0Number of asset objects unloaded after import = 0

========================================================================
Received Import Request.
  Time since last request: 0.000014 seconds.
  path: Assets/Plugins & Utilities/FMOD/src/Editor/EditorBankRef.cs
  artifactKey: Guid(c18180ecb35941f4682ae60107b85b7c) Importer(2089858483,b0f066a214c2f5e87bad3c948f4d605d)
Start importing Assets/Plugins & Utilities/FMOD/src/Editor/EditorBankRef.cs using Guid(c18180ecb35941f4682ae60107b85b7c) Importer(2089858483,b0f066a214c2f5e87bad3c948f4d605d) (ScriptedImporter) -> (artifact id: 'c736de67832c9fc9b75c8b1495903393') in 0.0179339 seconds
Number of updated asset objects reloaded before import = 0Number of asset objects unloaded after import = 0

========================================================================
Received Import Request.
  Time since last request: 0.000016 seconds.
  path: Assets/Scripts/UI/PauseMenuUI.cs
  artifactKey: Guid(f924c8fb1dd4b944dba2776e01970c93) Importer(2089858483,b0f066a214c2f5e87bad3c948f4d605d)
Start importing Assets/Scripts/UI/PauseMenuUI.cs using Guid(f924c8fb1dd4b944dba2776e01970c93) Importer(2089858483,b0f066a214c2f5e87bad3c948f4d605d) (ScriptedImporter) -> (artifact id: '375c5b7cd3b5a1b2b0beb14c7898789e') in 0.0184435 seconds
Number of updated asset objects reloaded before import = 0Number of asset objects unloaded after import = 0

========================================================================
Received Import Request.
  Time since last request: 0.000024 seconds.
  path: Assets/UI/TextMesh Pro/Shaders/TMP_SDF-HDRP UNLIT.shadergraph
  artifactKey: Guid(f63d574838ccfb44f84acc05fed0af48) Importer(2089858483,b0f066a214c2f5e87bad3c948f4d605d)
Start importing Assets/UI/TextMesh Pro/Shaders/TMP_SDF-HDRP UNLIT.shadergraph using Guid(f63d574838ccfb44f84acc05fed0af48) Importer(2089858483,b0f066a214c2f5e87bad3c948f4d605d) (ScriptedImporter) -> (artifact id: '1614266c0761caac041c2c3d1794be22') in 0.0188065 seconds
Number of updated asset objects reloaded before import = 0Number of asset objects unloaded after import = 3

========================================================================
Received Import Request.
  Time since last request: 0.000016 seconds.
  path: Assets/Bahrain International Circuit/Textures/Metal/Metal - Base (1).png
  artifactKey: Guid(5eaf019b7dd9fa24a815e1074729ecb3) Importer(2089858483,b0f066a214c2f5e87bad3c948f4d605d)
Start importing Assets/Bahrain International Circuit/Textures/Metal/Metal - Base (1).png using Guid(5eaf019b7dd9fa24a815e1074729ecb3) Importer(2089858483,b0f066a214c2f5e87bad3c948f4d605d) (ScriptedImporter) -> (artifact id: 'ecef92b47d6d7b1b2f60e85780ddd460') in 0.0202901 seconds
Number of updated asset objects reloaded before import = 0Number of asset objects unloaded after import = 1

========================================================================
Received Import Request.
  Time since last request: 0.000012 seconds.
  path: Assets/UI/UI Asset/Free/CIRCLE2PXLAR.png
  artifactKey: Guid(a05d49e5687fd3c4380912ac00e2db9c) Importer(2089858483,b0f066a214c2f5e87bad3c948f4d605d)
Start importing Assets/UI/UI Asset/Free/CIRCLE2PXLAR.png using Guid(a05d49e5687fd3c4380912ac00e2db9c) Importer(2089858483,b0f066a214c2f5e87bad3c948f4d605d) (ScriptedImporter) -> (artifact id: '55a7ffe66e4b3c1c5907a5e0aea1c80d') in 0.0331725 seconds
Number of updated asset objects reloaded before import = 0Number of asset objects unloaded after import = 3

========================================================================
Received Import Request.
  Time since last request: 0.000020 seconds.
  path: Assets/Plugins & Utilities/FMOD/src/Editor/EventReferenceUpdater.cs
  artifactKey: Guid(0b58df65bd3bb6649801b24a7a942ccb) Importer(2089858483,b0f066a214c2f5e87bad3c948f4d605d)
Start importing Assets/Plugins & Utilities/FMOD/src/Editor/EventReferenceUpdater.cs using Guid(0b58df65bd3bb6649801b24a7a942ccb) Importer(2089858483,b0f066a214c2f5e87bad3c948f4d605d) (ScriptedImporter) -> (artifact id: '440616e2cbdb78243f0a74a074f9eb32') in 0.0149322 seconds
Number of updated asset objects reloaded before import = 0Number of asset objects unloaded after import = 0

========================================================================
Received Import Request.
  Time since last request: 0.000022 seconds.
  path: Assets/Plugins & Utilities/FMOD/src/Editor/StudioEventEmitterEditor.cs
  artifactKey: Guid(2b044fd4ebf2c42468e1f41d5e2b879c) Importer(2089858483,b0f066a214c2f5e87bad3c948f4d605d)
Start importing Assets/Plugins & Utilities/FMOD/src/Editor/StudioEventEmitterEditor.cs using Guid(2b044fd4ebf2c42468e1f41d5e2b879c) Importer(2089858483,b0f066a214c2f5e87bad3c948f4d605d) (ScriptedImporter) -> (artifact id: 'bcd7f3329f799d43f41218566d8c7e77') in 0.015675 seconds
Number of updated asset objects reloaded before import = 0Number of asset objects unloaded after import = 0

========================================================================
Received Import Request.
  Time since last request: 0.000022 seconds.
  path: Assets/Plugins & Utilities/FMOD/src/Editor/FindAndReplace.cs
  artifactKey: Guid(a3d0ed60438564241a4e62b152836893) Importer(2089858483,b0f066a214c2f5e87bad3c948f4d605d)
Start importing Assets/Plugins & Utilities/FMOD/src/Editor/FindAndReplace.cs using Guid(a3d0ed60438564241a4e62b152836893) Importer(2089858483,b0f066a214c2f5e87bad3c948f4d605d) (ScriptedImporter) -> (artifact id: '56be442463daafd919cebe842eea2491') in 0.0180854 seconds
Number of updated asset objects reloaded before import = 0Number of asset objects unloaded after import = 0

========================================================================
Received Import Request.
  Time since last request: 0.000016 seconds.
  path: Assets/Plugins & Utilities/FMOD/src/Editor/EditorSettings.cs
  artifactKey: Guid(3c9e3e2137498d343a2e31906a12dec2) Importer(2089858483,b0f066a214c2f5e87bad3c948f4d605d)
Start importing Assets/Plugins & Utilities/FMOD/src/Editor/EditorSettings.cs using Guid(3c9e3e2137498d343a2e31906a12dec2) Importer(2089858483,b0f066a214c2f5e87bad3c948f4d605d) (ScriptedImporter) -> (artifact id: '2380a0ab158c9042e7c396d76e92bf85') in 0.0177747 seconds
Number of updated asset objects reloaded before import = 0Number of asset objects unloaded after import = 0

========================================================================
Received Import Request.
  Time since last request: 0.000024 seconds.
  path: Assets/Plugins & Utilities/FMOD/src/Editor/EventManager.cs
  artifactKey: Guid(1fc38201a5edb994c874a4a61e96053b) Importer(2089858483,b0f066a214c2f5e87bad3c948f4d605d)
Start importing Assets/Plugins & Utilities/FMOD/src/Editor/EventManager.cs using Guid(1fc38201a5edb994c874a4a61e96053b) Importer(2089858483,b0f066a214c2f5e87bad3c948f4d605d) (ScriptedImporter) -> (artifact id: '39badbc5de89a40307145ed941ecba76') in 0.0175336 seconds
Number of updated asset objects reloaded before import = 0Number of asset objects unloaded after import = 0

========================================================================
Received Import Request.
  Time since last request: 0.000013 seconds.
  path: Assets/Plugins & Utilities/FMOD/src/Editor/StudioBankLoaderEditor.cs
  artifactKey: Guid(f7f61e03a350e1e428dba6c562f3d64a) Importer(2089858483,b0f066a214c2f5e87bad3c948f4d605d)
Start importing Assets/Plugins & Utilities/FMOD/src/Editor/StudioBankLoaderEditor.cs using Guid(f7f61e03a350e1e428dba6c562f3d64a) Importer(2089858483,b0f066a214c2f5e87bad3c948f4d605d) (ScriptedImporter) -> (artifact id: '635028ced1a56334fd451c6100e0901e') in 0.0148512 seconds
Number of updated asset objects reloaded before import = 0Number of asset objects unloaded after import = 0

========================================================================
Received Import Request.
  Time since last request: 0.000015 seconds.
  path: Assets/Plugins & Utilities/FMOD/src/Editor/ListView.cs
  artifactKey: Guid(1573bef36bd46e34f8f2b4dad628a461) Importer(2089858483,b0f066a214c2f5e87bad3c948f4d605d)
Start importing Assets/Plugins & Utilities/FMOD/src/Editor/ListView.cs using Guid(1573bef36bd46e34f8f2b4dad628a461) Importer(2089858483,b0f066a214c2f5e87bad3c948f4d605d) (ScriptedImporter) -> (artifact id: 'aedd6822b0c5d0e25401a2e1911e8b07') in 0.0137688 seconds
Number of updated asset objects reloaded before import = 0Number of asset objects unloaded after import = 0

========================================================================
Received Import Request.
  Time since last request: 0.000023 seconds.
  path: Assets/Plugins & Utilities/FMOD/src/Editor/FMODEventTrackEditor.cs
  artifactKey: Guid(31e1c5e7d70e58f45ae86764f7c3ec2f) Importer(2089858483,b0f066a214c2f5e87bad3c948f4d605d)
Start importing Assets/Plugins & Utilities/FMOD/src/Editor/FMODEventTrackEditor.cs using Guid(31e1c5e7d70e58f45ae86764f7c3ec2f) Importer(2089858483,b0f066a214c2f5e87bad3c948f4d605d) (ScriptedImporter) -> (artifact id: 'e135be7c32ef0680a9e92ae0d0922049') in 0.0201815 seconds
Number of updated asset objects reloaded before import = 0Number of asset objects unloaded after import = 0

========================================================================
Received Import Request.
  Time since last request: 0.000013 seconds.
  path: Assets/Plugins & Utilities/FMOD/src/Editor/FileReorganizer.cs
  artifactKey: Guid(3349615af02d64e4e8d1026e228c4a25) Importer(2089858483,b0f066a214c2f5e87bad3c948f4d605d)
Start importing Assets/Plugins & Utilities/FMOD/src/Editor/FileReorganizer.cs using Guid(3349615af02d64e4e8d1026e228c4a25) Importer(2089858483,b0f066a214c2f5e87bad3c948f4d605d) (ScriptedImporter) -> (artifact id: '86a0fe852b9c22688306bc9fc03dd33e') in 0.0199019 seconds
Number of updated asset objects reloaded before import = 0Number of asset objects unloaded after import = 0

========================================================================
Received Import Request.
  Time since last request: 0.000023 seconds.
  path: Assets/UI/Gauge Cluster UI/Needle.png
  artifactKey: Guid(8c83decfa1753844aac71b48a517d163) Importer(2089858483,b0f066a214c2f5e87bad3c948f4d605d)
Start importing Assets/UI/Gauge Cluster UI/Needle.png using Guid(8c83decfa1753844aac71b48a517d163) Importer(2089858483,b0f066a214c2f5e87bad3c948f4d605d) (ScriptedImporter) -> (artifact id: '529a322e185eaa0a00c611e8eec5ec98') in 0.034765 seconds
Number of updated asset objects reloaded before import = 0Number of asset objects unloaded after import = 3

========================================================================
Received Import Request.
  Time since last request: 0.000015 seconds.
  path: Assets/Skybox/Skybox Cubemap Extended/Demo/Materials/LowPoly - FirTree.mat
  artifactKey: Guid(138b35dd321622a4d93635b532ae8b8e) Importer(2089858483,b0f066a214c2f5e87bad3c948f4d605d)
Start importing Assets/Skybox/Skybox Cubemap Extended/Demo/Materials/LowPoly - FirTree.mat using Guid(138b35dd321622a4d93635b532ae8b8e) Importer(2089858483,b0f066a214c2f5e87bad3c948f4d605d) (ScriptedImporter) -> (artifact id: 'cabd4567ba7dac00c4ea90fa5f79efe0') in 0.0194536 seconds
Number of updated asset objects reloaded before import = 0Number of asset objects unloaded after import = 1

========================================================================
Received Import Request.
  Time since last request: 0.000017 seconds.
  path: Assets/Skybox/Skybox Cubemap Extended/Core/Shaders/Skybox Cubemap Blend.shader
  artifactKey: Guid(7705790d9e8e16344ad5d7960c568904) Importer(2089858483,b0f066a214c2f5e87bad3c948f4d605d)
Start importing Assets/Skybox/Skybox Cubemap Extended/Core/Shaders/Skybox Cubemap Blend.shader using Guid(7705790d9e8e16344ad5d7960c568904) Importer(2089858483,b0f066a214c2f5e87bad3c948f4d605d) (ScriptedImporter) -> (artifact id: 'b08c5f59ee20da305bc7ecc1117756b3') in 0.0186671 seconds
Number of updated asset objects reloaded before import = 0Number of asset objects unloaded after import = 1

========================================================================
Received Import Request.
  Time since last request: 0.000026 seconds.
  path: Assets/Skybox/Skybox Cubemap Extended/Demo/Materials/LowPoly - Terrain.mat
  artifactKey: Guid(2557d3f1d341fdb4e9d53179c053ffd5) Importer(2089858483,b0f066a214c2f5e87bad3c948f4d605d)
Start importing Assets/Skybox/Skybox Cubemap Extended/Demo/Materials/LowPoly - Terrain.mat using Guid(2557d3f1d341fdb4e9d53179c053ffd5) Importer(2089858483,b0f066a214c2f5e87bad3c948f4d605d) (ScriptedImporter) -> (artifact id: 'cddeed5cf5f16791e23e9362f9809c59') in 0.0190994 seconds
Number of updated asset objects reloaded before import = 0Number of asset objects unloaded after import = 1

========================================================================
Received Import Request.
  Time since last request: 0.000015 seconds.
  path: Assets/Skybox/Skybox Cubemap Extended/Demo/Materials/Skybox Cubemap Extended Blend.mat
  artifactKey: Guid(1cf6f4c6e6e0518419839d3f5448dd99) Importer(2089858483,b0f066a214c2f5e87bad3c948f4d605d)
Start importing Assets/Skybox/Skybox Cubemap Extended/Demo/Materials/Skybox Cubemap Extended Blend.mat using Guid(1cf6f4c6e6e0518419839d3f5448dd99) Importer(2089858483,b0f066a214c2f5e87bad3c948f4d605d) (ScriptedImporter) -> (artifact id: '90bcc60e112310f4beb2229d9ab7245e') in 0.4428856 seconds
Number of updated asset objects reloaded before import = 0Number of asset objects unloaded after import = 3

========================================================================
Received Import Request.
  Time since last request: 0.000033 seconds.
  path: Assets/Skybox/Skybox Cubemap Extended/Demo/Meshes/LowPoly - Grass B.FBX
  artifactKey: Guid(0860e6fc68e57ae48b5ae6e854f8f6b1) Importer(2089858483,b0f066a214c2f5e87bad3c948f4d605d)
Start importing Assets/Skybox/Skybox Cubemap Extended/Demo/Meshes/LowPoly - Grass B.FBX using Guid(0860e6fc68e57ae48b5ae6e854f8f6b1) Importer(2089858483,b0f066a214c2f5e87bad3c948f4d605d) (ScriptedImporter) -> (artifact id: '05f90c270ee90673592c91e1a68db75a') in 0.0430062 seconds
Number of updated asset objects reloaded before import = 0Number of asset objects unloaded after import = 9

========================================================================
Received Import Request.
  Time since last request: 0.000029 seconds.
  path: Assets/Skybox/Skybox Cubemap Extended/Demo/Meshes/LowPoly - Grass A.FBX
  artifactKey: Guid(8af3079b5c79b6b4c825cc71e71ef97d) Importer(2089858483,b0f066a214c2f5e87bad3c948f4d605d)
Start importing Assets/Skybox/Skybox Cubemap Extended/Demo/Meshes/LowPoly - Grass A.FBX using Guid(8af3079b5c79b6b4c825cc71e71ef97d) Importer(2089858483,b0f066a214c2f5e87bad3c948f4d605d) (ScriptedImporter) -> (artifact id: '9ac4a5d82095cb702ad4f1a28641a396') in 0.0441429 seconds
Number of updated asset objects reloaded before import = 0Number of asset objects unloaded after import = 9

========================================================================
Received Import Request.
  Time since last request: 0.000022 seconds.
  path: Assets/Skybox/Skybox Cubemap Extended/Demo/Prefabs/LowPoly - Fence A.prefab
  artifactKey: Guid(dd3ee0c97aab8a7498c9292f3482f60b) Importer(2089858483,b0f066a214c2f5e87bad3c948f4d605d)
Start importing Assets/Skybox/Skybox Cubemap Extended/Demo/Prefabs/LowPoly - Fence A.prefab using Guid(dd3ee0c97aab8a7498c9292f3482f60b) Importer(2089858483,b0f066a214c2f5e87bad3c948f4d605d) (ScriptedImporter) -> (artifact id: '276850d7aae6ff7e7f55fbf7e5e99ffc') in 0.073492 seconds
Number of updated asset objects reloaded before import = 0Number of asset objects unloaded after import = 8

========================================================================
Received Import Request.
  Time since last request: 0.000018 seconds.
  path: Assets/Skybox/Skybox Cubemap Extended/Demo/Meshes/LowPoly - Rock B.FBX
  artifactKey: Guid(3ecc1e70424b33546b2dc73bb30a5163) Importer(2089858483,b0f066a214c2f5e87bad3c948f4d605d)
Start importing Assets/Skybox/Skybox Cubemap Extended/Demo/Meshes/LowPoly - Rock B.FBX using Guid(3ecc1e70424b33546b2dc73bb30a5163) Importer(2089858483,b0f066a214c2f5e87bad3c948f4d605d) (ScriptedImporter) -> (artifact id: '9af3823ca275ba215cd09e4b81d05087') in 0.0397659 seconds
Number of updated asset objects reloaded before import = 0Number of asset objects unloaded after import = 9

========================================================================
Received Import Request.
  Time since last request: 0.000032 seconds.
  path: Assets/Skybox/Skybox Cubemap Extended/Demo/Prefabs/LowPoly - Rock A.prefab
  artifactKey: Guid(39de80c7e7a1a2942820576875608e5d) Importer(2089858483,b0f066a214c2f5e87bad3c948f4d605d)
Start importing Assets/Skybox/Skybox Cubemap Extended/Demo/Prefabs/LowPoly - Rock A.prefab using Guid(39de80c7e7a1a2942820576875608e5d) Importer(2089858483,b0f066a214c2f5e87bad3c948f4d605d) (ScriptedImporter) -> (artifact id: '95d9c0a1e743704b3165c11c9bbdd956') in 0.0788213 seconds
Number of updated asset objects reloaded before import = 0Number of asset objects unloaded after import = 8

========================================================================
Received Import Request.
  Time since last request: 0.000027 seconds.
  path: Assets/Skybox/Skybox Cubemap Extended/Demo/Prefabs/LowPoly - Grass B.prefab
  artifactKey: Guid(c23a5db78ca1a5b4f921e0109f33128c) Importer(2089858483,b0f066a214c2f5e87bad3c948f4d605d)
Start importing Assets/Skybox/Skybox Cubemap Extended/Demo/Prefabs/LowPoly - Grass B.prefab using Guid(c23a5db78ca1a5b4f921e0109f33128c) Importer(2089858483,b0f066a214c2f5e87bad3c948f4d605d) (ScriptedImporter) -> (artifact id: '0ce0d4875122794acc536e78970710cf') in 0.0580008 seconds
Number of updated asset objects reloaded before import = 0Number of asset objects unloaded after import = 8

========================================================================
Received Import Request.
  Time since last request: 0.000022 seconds.
  path: Assets/Skybox/Skybox Cubemap Extended/Demo/Prefabs/LowPoly - Fence B.prefab
  artifactKey: Guid(b4974e3ae06d3d245a8353b888faed9d) Importer(2089858483,b0f066a214c2f5e87bad3c948f4d605d)
Start importing Assets/Skybox/Skybox Cubemap Extended/Demo/Prefabs/LowPoly - Fence B.prefab using Guid(b4974e3ae06d3d245a8353b888faed9d) Importer(2089858483,b0f066a214c2f5e87bad3c948f4d605d) (ScriptedImporter) -> (artifact id: 'f6b14e440c094c93a40ab5f5506521c4') in 0.0665441 seconds
Number of updated asset objects reloaded before import = 0Number of asset objects unloaded after import = 8

========================================================================
Received Import Request.
  Time since last request: 0.000030 seconds.
  path: Assets/Plugins & Utilities/FMOD/src/Editor/StudioGlobalParameterTriggerEditor.cs
  artifactKey: Guid(0a901681b5558f247b4c227fb425c010) Importer(2089858483,b0f066a214c2f5e87bad3c948f4d605d)
Start importing Assets/Plugins & Utilities/FMOD/src/Editor/StudioGlobalParameterTriggerEditor.cs using Guid(0a901681b5558f247b4c227fb425c010) Importer(2089858483,b0f066a214c2f5e87bad3c948f4d605d) (ScriptedImporter) -> (artifact id: '953670af6623132ce2b57d98336117eb') in 0.0184379 seconds
Number of updated asset objects reloaded before import = 0Number of asset objects unloaded after import = 0

========================================================================
Received Import Request.
  Time since last request: 0.000018 seconds.
  path: Assets/Skybox/Skybox Cubemap Extended/Demo/Meshes/LowPoly - Fence B.FBX
  artifactKey: Guid(6c41d268699e27248a4354335b2a76ee) Importer(2089858483,b0f066a214c2f5e87bad3c948f4d605d)
Start importing Assets/Skybox/Skybox Cubemap Extended/Demo/Meshes/LowPoly - Fence B.FBX using Guid(6c41d268699e27248a4354335b2a76ee) Importer(2089858483,b0f066a214c2f5e87bad3c948f4d605d) (ScriptedImporter) -> (artifact id: '8d150b6bc4c82ef96169c1dcb75c5b77') in 0.0206308 seconds
Number of updated asset objects reloaded before import = 0Number of asset objects unloaded after import = 9

========================================================================
Received Import Request.
  Time since last request: 0.000032 seconds.
  path: Assets/Plugins & Utilities/FMOD/src/Editor/StudioEventEmitterGizmoDrawer.cs
  artifactKey: Guid(f09ba26caab55e048a2e596ff75b3eab) Importer(2089858483,b0f066a214c2f5e87bad3c948f4d605d)
Start importing Assets/Plugins & Utilities/FMOD/src/Editor/StudioEventEmitterGizmoDrawer.cs using Guid(f09ba26caab55e048a2e596ff75b3eab) Importer(2089858483,b0f066a214c2f5e87bad3c948f4d605d) (ScriptedImporter) -> (artifact id: 'bafc1b356fbc284036f7a52de1fe3f2a') in 0.0148162 seconds
Number of updated asset objects reloaded before import = 0Number of asset objects unloaded after import = 0

========================================================================
Received Import Request.
  Time since last request: 0.000016 seconds.
  path: Assets/Skybox/Utils/Editor/Constants/Constants.cs
  artifactKey: Guid(e0cf8ff3bbc97374f88272f686fb80e5) Importer(2089858483,b0f066a214c2f5e87bad3c948f4d605d)
Start importing Assets/Skybox/Utils/Editor/Constants/Constants.cs using Guid(e0cf8ff3bbc97374f88272f686fb80e5) Importer(2089858483,b0f066a214c2f5e87bad3c948f4d605d) (ScriptedImporter) -> (artifact id: 'b6b86cf35b40faa29b198e24385ac5b1') in 0.016761 seconds
Number of updated asset objects reloaded before import = 0Number of asset objects unloaded after import = 0

========================================================================
Received Import Request.
  Time since last request: 0.000016 seconds.
  path: Assets/Skybox/Skybox Cubemap Extended/Demo/Textures/Polyverse Skies - Night Sky.exr
  artifactKey: Guid(fa41734a337674542975482c8fe96ea1) Importer(2089858483,b0f066a214c2f5e87bad3c948f4d605d)
Start importing Assets/Skybox/Skybox Cubemap Extended/Demo/Textures/Polyverse Skies - Night Sky.exr using Guid(fa41734a337674542975482c8fe96ea1) Importer(2089858483,b0f066a214c2f5e87bad3c948f4d605d) (ScriptedImporter) -> (artifact id: 'aced98ec65013760317be88c525a6ff5') in 0.1666796 seconds
Number of updated asset objects reloaded before import = 0Number of asset objects unloaded after import = 1

========================================================================
Received Import Request.
  Time since last request: 0.000020 seconds.
  path: Assets/Skybox/Utils/Editor/StyledInspector/StyledButtonDrawer.cs
  artifactKey: Guid(b1d35dbbb9b6c214aa892d7b240de3df) Importer(2089858483,b0f066a214c2f5e87bad3c948f4d605d)
Start importing Assets/Skybox/Utils/Editor/StyledInspector/StyledButtonDrawer.cs using Guid(b1d35dbbb9b6c214aa892d7b240de3df) Importer(2089858483,b0f066a214c2f5e87bad3c948f4d605d) (ScriptedImporter) -> (artifact id: '5a002b2c0117e58d0c0c1e139cf160ec') in 0.0188414 seconds
Number of updated asset objects reloaded before import = 0Number of asset objects unloaded after import = 0

========================================================================
Received Import Request.
  Time since last request: 0.000028 seconds.
  path: Assets/Skybox/Utils/Editor/StyledGUI/DrawWindowCategory.cs
  artifactKey: Guid(aac99d6d81f90e54cabd822770c11875) Importer(2089858483,b0f066a214c2f5e87bad3c948f4d605d)
Start importing Assets/Skybox/Utils/Editor/StyledGUI/DrawWindowCategory.cs using Guid(aac99d6d81f90e54cabd822770c11875) Importer(2089858483,b0f066a214c2f5e87bad3c948f4d605d) (ScriptedImporter) -> (artifact id: '3f31bb87403c4bd74ea506161996fe8a') in 0.0215358 seconds
Number of updated asset objects reloaded before import = 0Number of asset objects unloaded after import = 0

========================================================================
Received Import Request.
  Time since last request: 0.000014 seconds.
  path: Assets/Skybox/Utils/Editor/StyledGUI/DrawInspectorCategory.cs
  artifactKey: Guid(87b94a9c1333f074e8c24cd5a2fe1d73) Importer(2089858483,b0f066a214c2f5e87bad3c948f4d605d)
Start importing Assets/Skybox/Utils/Editor/StyledGUI/DrawInspectorCategory.cs using Guid(87b94a9c1333f074e8c24cd5a2fe1d73) Importer(2089858483,b0f066a214c2f5e87bad3c948f4d605d) (ScriptedImporter) -> (artifact id: '79db48875fcc2dfb85b7715e4951e8b4') in 0.0184988 seconds
Number of updated asset objects reloaded before import = 0Number of asset objects unloaded after import = 0

========================================================================
Received Import Request.
  Time since last request: 0.000018 seconds.
  path: Assets/Skybox/Skybox Cubemap Extended/Core/Editor/SkyboxExtendedHub.cs
  artifactKey: Guid(749c07eaa2f91bc4f81ccd7adddcb723) Importer(2089858483,b0f066a214c2f5e87bad3c948f4d605d)
Start importing Assets/Skybox/Skybox Cubemap Extended/Core/Editor/SkyboxExtendedHub.cs using Guid(749c07eaa2f91bc4f81ccd7adddcb723) Importer(2089858483,b0f066a214c2f5e87bad3c948f4d605d) (ScriptedImporter) -> (artifact id: 'ff83034e8b2697b448eb7ef70141e3cb') in 0.0153281 seconds
Number of updated asset objects reloaded before import = 0Number of asset objects unloaded after import = 0

========================================================================
Received Import Request.
  Time since last request: 0.000016 seconds.
  path: Assets/Skybox/Utils/Editor/StyledInspector/StyledMessageDrawer.cs
  artifactKey: Guid(2734a300c1fbfb8499fe8a71e9b109e7) Importer(2089858483,b0f066a214c2f5e87bad3c948f4d605d)
Start importing Assets/Skybox/Utils/Editor/StyledInspector/StyledMessageDrawer.cs using Guid(2734a300c1fbfb8499fe8a71e9b109e7) Importer(2089858483,b0f066a214c2f5e87bad3c948f4d605d) (ScriptedImporter) -> (artifact id: '57feaae5bc5bfed6eabbf7da482b8717') in 0.0173411 seconds
Number of updated asset objects reloaded before import = 0Number of asset objects unloaded after import = 0

========================================================================
Received Import Request.
  Time since last request: 0.000016 seconds.
  path: Assets/Skybox/Utils/Editor/StyledInspector/StyledLayersDrawer.cs
  artifactKey: Guid(b351b243374f2d948a9e9943abe174bf) Importer(2089858483,b0f066a214c2f5e87bad3c948f4d605d)
Start importing Assets/Skybox/Utils/Editor/StyledInspector/StyledLayersDrawer.cs using Guid(b351b243374f2d948a9e9943abe174bf) Importer(2089858483,b0f066a214c2f5e87bad3c948f4d605d) (ScriptedImporter) -> (artifact id: 'd8d231afff39f5ef257d614b13952f82') in 0.015559 seconds
Number of updated asset objects reloaded before import = 0Number of asset objects unloaded after import = 0

========================================================================
Received Import Request.
  Time since last request: 0.000023 seconds.
  path: Assets/Skybox/Utils/Editor/StyledInspector/StyledTextDrawer.cs
  artifactKey: Guid(aeec2ac650d2d8f40aa3b9e0cb807db5) Importer(2089858483,b0f066a214c2f5e87bad3c948f4d605d)
Start importing Assets/Skybox/Utils/Editor/StyledInspector/StyledTextDrawer.cs using Guid(aeec2ac650d2d8f40aa3b9e0cb807db5) Importer(2089858483,b0f066a214c2f5e87bad3c948f4d605d) (ScriptedImporter) -> (artifact id: 'c9dadb3a4b6f77542a99c277da4ba4de') in 0.0199293 seconds
Number of updated asset objects reloaded before import = 0Number of asset objects unloaded after import = 0

========================================================================
Received Import Request.
  Time since last request: 0.000019 seconds.
  path: Assets/Skybox/Utils/Editor/StyledInspector/StyledTexturePreviewDrawer.cs
  artifactKey: Guid(c8daad1bc4051084ca6204e12dc0890d) Importer(2089858483,b0f066a214c2f5e87bad3c948f4d605d)
Start importing Assets/Skybox/Utils/Editor/StyledInspector/StyledTexturePreviewDrawer.cs using Guid(c8daad1bc4051084ca6204e12dc0890d) Importer(2089858483,b0f066a214c2f5e87bad3c948f4d605d) (ScriptedImporter) -> (artifact id: 'ed787ba186c62d03757bca3e93961901') in 0.0166306 seconds
Number of updated asset objects reloaded before import = 0Number of asset objects unloaded after import = 0

========================================================================
Received Import Request.
  Time since last request: 0.000021 seconds.
  path: Assets/Skybox/Utils/Editor/StyledInspector/StyledEnumDrawer.cs
  artifactKey: Guid(7c3935e6d6b91844d8053d3fa7faff1b) Importer(2089858483,b0f066a214c2f5e87bad3c948f4d605d)
Start importing Assets/Skybox/Utils/Editor/StyledInspector/StyledEnumDrawer.cs using Guid(7c3935e6d6b91844d8053d3fa7faff1b) Importer(2089858483,b0f066a214c2f5e87bad3c948f4d605d) (ScriptedImporter) -> (artifact id: '60d062a6fb510cc5b24f1c52eb6618a5') in 0.0177665 seconds
Number of updated asset objects reloaded before import = 0Number of asset objects unloaded after import = 0

========================================================================
Received Import Request.
  Time since last request: 0.000015 seconds.
  path: Assets/Plugins & Utilities/FMOD/images/AddIcon.png
  artifactKey: Guid(3300e81f02e64924eb7cb7782713b126) Importer(2089858483,b0f066a214c2f5e87bad3c948f4d605d)
Start importing Assets/Plugins & Utilities/FMOD/images/AddIcon.png using Guid(3300e81f02e64924eb7cb7782713b126) Importer(2089858483,b0f066a214c2f5e87bad3c948f4d605d) (ScriptedImporter) -> (artifact id: '25716bc42443b7e292cb6c2eed67fe91') in 0.0333964 seconds
Number of updated asset objects reloaded before import = 0Number of asset objects unloaded after import = 1

========================================================================
Received Import Request.
  Time since last request: 0.000018 seconds.
  path: Assets/Plugins & Utilities/DA-Shared/Assembly/UI/FCU_Button.cs
  artifactKey: Guid(530e95603b9e0f14496bf4812dd60c78) Importer(2089858483,b0f066a214c2f5e87bad3c948f4d605d)
Start importing Assets/Plugins & Utilities/DA-Shared/Assembly/UI/FCU_Button.cs using Guid(530e95603b9e0f14496bf4812dd60c78) Importer(2089858483,b0f066a214c2f5e87bad3c948f4d605d) (ScriptedImporter) -> (artifact id: '650d6a82e413069339dcf83b265e453f') in 0.0172729 seconds
Number of updated asset objects reloaded before import = 0Number of asset objects unloaded after import = 0

========================================================================
Received Import Request.
  Time since last request: 0.000023 seconds.
  path: Assets/Materials/GhostWheels.mat
  artifactKey: Guid(a57765903919c78428779c568bc841e8) Importer(2089858483,b0f066a214c2f5e87bad3c948f4d605d)
Start importing Assets/Materials/GhostWheels.mat using Guid(a57765903919c78428779c568bc841e8) Importer(2089858483,b0f066a214c2f5e87bad3c948f4d605d) (ScriptedImporter) -> (artifact id: '1c165a6268eeac4e26c5f982c631932b') in 0.0149736 seconds
Number of updated asset objects reloaded before import = 0Number of asset objects unloaded after import = 1

========================================================================
Received Import Request.
  Time since last request: 0.000013 seconds.
  path: Assets/Models/Lights.fbx
  artifactKey: Guid(645f2aa6ad0dce948a1a8ab5c74d736e) Importer(2089858483,b0f066a214c2f5e87bad3c948f4d605d)
Start importing Assets/Models/Lights.fbx using Guid(645f2aa6ad0dce948a1a8ab5c74d736e) Importer(2089858483,b0f066a214c2f5e87bad3c948f4d605d) (ScriptedImporter) -> (artifact id: 'b86f2858f3cf2be313319be661222f1f') in 0.0297622 seconds
Number of updated asset objects reloaded before import = 0Number of asset objects unloaded after import = 18

========================================================================
Received Import Request.
  Time since last request: 0.000015 seconds.
  path: Assets/Skybox/Utils/Editor/StyledMaterial/StyledColoringDrawer.cs
  artifactKey: Guid(30afcd86dad75504ebd5516adf73ad08) Importer(2089858483,b0f066a214c2f5e87bad3c948f4d605d)
Start importing Assets/Skybox/Utils/Editor/StyledMaterial/StyledColoringDrawer.cs using Guid(30afcd86dad75504ebd5516adf73ad08) Importer(2089858483,b0f066a214c2f5e87bad3c948f4d605d) (ScriptedImporter) -> (artifact id: 'aa99cf06af53fbd781dfb9655bb9adda') in 0.0172957 seconds
Number of updated asset objects reloaded before import = 0Number of asset objects unloaded after import = 0

========================================================================
Received Import Request.
  Time since last request: 0.000024 seconds.
  path: Assets/Skybox/Utils/Editor/StyledMaterial/StyledOptionsSliderDrawer.cs
  artifactKey: Guid(d4bc1ff93a8a28e42954d7469249a7a0) Importer(2089858483,b0f066a214c2f5e87bad3c948f4d605d)
Start importing Assets/Skybox/Utils/Editor/StyledMaterial/StyledOptionsSliderDrawer.cs using Guid(d4bc1ff93a8a28e42954d7469249a7a0) Importer(2089858483,b0f066a214c2f5e87bad3c948f4d605d) (ScriptedImporter) -> (artifact id: 'c14e40fc351a3cb9f14cfaed3d17696f') in 0.0240671 seconds
Number of updated asset objects reloaded before import = 0Number of asset objects unloaded after import = 0

========================================================================
Received Import Request.
  Time since last request: 0.000017 seconds.
  path: Assets/Skybox/Utils/Editor/StyledMaterial/StyledEmissiveIntensityDrawer.cs
  artifactKey: Guid(b1d76466e8080c147b2fa9e3b42e8850) Importer(2089858483,b0f066a214c2f5e87bad3c948f4d605d)
Start importing Assets/Skybox/Utils/Editor/StyledMaterial/StyledEmissiveIntensityDrawer.cs using Guid(b1d76466e8080c147b2fa9e3b42e8850) Importer(2089858483,b0f066a214c2f5e87bad3c948f4d605d) (ScriptedImporter) -> (artifact id: 'd53aab93499f7ec1621db9a83d5c4f5b') in 0.0204158 seconds
Number of updated asset objects reloaded before import = 0Number of asset objects unloaded after import = 0

========================================================================
Received Import Request.
  Time since last request: 0.000025 seconds.
  path: Assets/Skybox/Utils/Editor/StyledMaterial/StyledDiffusionMaterialDrawer.cs
  artifactKey: Guid(f13faeb510c3cb54ba5d051ecaad26e3) Importer(2089858483,b0f066a214c2f5e87bad3c948f4d605d)
Start importing Assets/Skybox/Utils/Editor/StyledMaterial/StyledDiffusionMaterialDrawer.cs using Guid(f13faeb510c3cb54ba5d051ecaad26e3) Importer(2089858483,b0f066a214c2f5e87bad3c948f4d605d) (ScriptedImporter) -> (artifact id: '64200d37688d9b9f298822a1b4854e32') in 0.0208824 seconds
Number of updated asset objects reloaded before import = 0Number of asset objects unloaded after import = 0

========================================================================
Received Import Request.
  Time since last request: 0.000017 seconds.
  path: Assets/Skybox/Utils/Editor/StyledMaterial/StyledRemapSliderDrawer.cs
  artifactKey: Guid(364f1df7c922ba84fa6fc52fd3900332) Importer(2089858483,b0f066a214c2f5e87bad3c948f4d605d)
Start importing Assets/Skybox/Utils/Editor/StyledMaterial/StyledRemapSliderDrawer.cs using Guid(364f1df7c922ba84fa6fc52fd3900332) Importer(2089858483,b0f066a214c2f5e87bad3c948f4d605d) (ScriptedImporter) -> (artifact id: '28752f88fcc8d60e0ada10823f93b2b6') in 0.0169106 seconds
Number of updated asset objects reloaded before import = 0Number of asset objects unloaded after import = 0

========================================================================
Received Import Request.
  Time since last request: 0.000013 seconds.
  path: Assets/Skybox/Utils/Editor/StyledMaterial/StyledLayersDrawer.cs
  artifactKey: Guid(c837d89f6f4cd574595a810c5fcc15f8) Importer(2089858483,b0f066a214c2f5e87bad3c948f4d605d)
Start importing Assets/Skybox/Utils/Editor/StyledMaterial/StyledLayersDrawer.cs using Guid(c837d89f6f4cd574595a810c5fcc15f8) Importer(2089858483,b0f066a214c2f5e87bad3c948f4d605d) (ScriptedImporter) -> (artifact id: '2c8d08792059b3db1c5090ad513d7df7') in 0.0164578 seconds
Number of updated asset objects reloaded before import = 0Number of asset objects unloaded after import = 0

========================================================================
Received Import Request.
  Time since last request: 0.000020 seconds.
  path: Assets/Skybox/Utils/Editor/StyledMaterial/StyledToggleDrawer.cs
  artifactKey: Guid(d5699c954b5c9184199293b4ede31d57) Importer(2089858483,b0f066a214c2f5e87bad3c948f4d605d)
Start importing Assets/Skybox/Utils/Editor/StyledMaterial/StyledToggleDrawer.cs using Guid(d5699c954b5c9184199293b4ede31d57) Importer(2089858483,b0f066a214c2f5e87bad3c948f4d605d) (ScriptedImporter) -> (artifact id: '6cd472c7af1900344329b9a85b802ece') in 0.0216549 seconds
Number of updated asset objects reloaded before import = 0Number of asset objects unloaded after import = 0

========================================================================
Received Import Request.
  Time since last request: 0.000023 seconds.
  path: Assets/Skybox/Utils/Editor/StyledMaterial/StyledCategoryDrawer.cs
  artifactKey: Guid(1b5715cd99e4a2e4c91d69653d31dad9) Importer(2089858483,b0f066a214c2f5e87bad3c948f4d605d)
Start importing Assets/Skybox/Utils/Editor/StyledMaterial/StyledCategoryDrawer.cs using Guid(1b5715cd99e4a2e4c91d69653d31dad9) Importer(2089858483,b0f066a214c2f5e87bad3c948f4d605d) (ScriptedImporter) -> (artifact id: 'f78920f6161cd6ec35a39a8f5f8e7b31') in 0.016385 seconds
Number of updated asset objects reloaded before import = 0Number of asset objects unloaded after import = 0

========================================================================
Received Import Request.
  Time since last request: 0.000022 seconds.
  path: Assets/Skybox/Utils/Editor/StyledMaterial/StyledTextDrawer.cs
  artifactKey: Guid(e137daebc2f7e0c4aa0ee5c5b140e8fd) Importer(2089858483,b0f066a214c2f5e87bad3c948f4d605d)
Start importing Assets/Skybox/Utils/Editor/StyledMaterial/StyledTextDrawer.cs using Guid(e137daebc2f7e0c4aa0ee5c5b140e8fd) Importer(2089858483,b0f066a214c2f5e87bad3c948f4d605d) (ScriptedImporter) -> (artifact id: 'dfea5bf403c0809b083e7a95152e3893') in 0.0181296 seconds
Number of updated asset objects reloaded before import = 0Number of asset objects unloaded after import = 0

========================================================================
Received Import Request.
  Time since last request: 0.000013 seconds.
  path: Assets/Skybox/Utils/Scripts/StyledInspector/StyledInteractive.cs
  artifactKey: Guid(388415cfa9bb69041a8281bc567acec5) Importer(2089858483,b0f066a214c2f5e87bad3c948f4d605d)
Start importing Assets/Skybox/Utils/Scripts/StyledInspector/StyledInteractive.cs using Guid(388415cfa9bb69041a8281bc567acec5) Importer(2089858483,b0f066a214c2f5e87bad3c948f4d605d) (ScriptedImporter) -> (artifact id: '15aeb9c740e3485a1a657968452fa5c7') in 0.0150885 seconds
Number of updated asset objects reloaded before import = 0Number of asset objects unloaded after import = 0

========================================================================
Received Import Request.
  Time since last request: 0.000015 seconds.
  path: Assets/Skybox/Utils/Scripts/StyledMono/StyledMonoBehaviour.cs
  artifactKey: Guid(0003a5bea05764747b05fa096a075848) Importer(2089858483,b0f066a214c2f5e87bad3c948f4d605d)
Start importing Assets/Skybox/Utils/Scripts/StyledMono/StyledMonoBehaviour.cs using Guid(0003a5bea05764747b05fa096a075848) Importer(2089858483,b0f066a214c2f5e87bad3c948f4d605d) (ScriptedImporter) -> (artifact id: '260e962a83915f9e98385912cc2d81ee') in 0.0163275 seconds
Number of updated asset objects reloaded before import = 0Number of asset objects unloaded after import = 0

========================================================================
Received Import Request.
  Time since last request: 0.000017 seconds.
  path: Assets/Skybox/Utils/Scripts/StyledInspector/StyledButton.cs
  artifactKey: Guid(7c167590d9d480e438111f555c3a9d09) Importer(2089858483,b0f066a214c2f5e87bad3c948f4d605d)
Start importing Assets/Skybox/Utils/Scripts/StyledInspector/StyledButton.cs using Guid(7c167590d9d480e438111f555c3a9d09) Importer(2089858483,b0f066a214c2f5e87bad3c948f4d605d) (ScriptedImporter) -> (artifact id: '94b1cdbba69770bbc5c8bc22e3f0db48') in 0.0149927 seconds
Number of updated asset objects reloaded before import = 0Number of asset objects unloaded after import = 0

========================================================================
Received Import Request.
  Time since last request: 0.000019 seconds.
  path: Assets/Skybox/Utils/Scripts/StyledInspector/StyledLayers.cs
  artifactKey: Guid(846c011559e38824090c713c729cfec1) Importer(2089858483,b0f066a214c2f5e87bad3c948f4d605d)
Start importing Assets/Skybox/Utils/Scripts/StyledInspector/StyledLayers.cs using Guid(846c011559e38824090c713c729cfec1) Importer(2089858483,b0f066a214c2f5e87bad3c948f4d605d) (ScriptedImporter) -> (artifact id: 'a28d36509b6c5ff02622878bb2f75228') in 0.0155088 seconds
Number of updated asset objects reloaded before import = 0Number of asset objects unloaded after import = 0

========================================================================
Received Import Request.
  Time since last request: 0.000026 seconds.
  path: Assets/Skybox/Utils/Scripts/StyledInspector/StyledSpace.cs
  artifactKey: Guid(e11186e2ccd8bf44d9d8699902268c99) Importer(2089858483,b0f066a214c2f5e87bad3c948f4d605d)
Start importing Assets/Skybox/Utils/Scripts/StyledInspector/StyledSpace.cs using Guid(e11186e2ccd8bf44d9d8699902268c99) Importer(2089858483,b0f066a214c2f5e87bad3c948f4d605d) (ScriptedImporter) -> (artifact id: '651921f20da61a91cf3126aa1022c912') in 0.0195229 seconds
Number of updated asset objects reloaded before import = 0Number of asset objects unloaded after import = 0

========================================================================
Received Import Request.
  Time since last request: 0.000015 seconds.
  path: Assets/Skybox/Utils/Scripts/StyledInspector/StyledIndent.cs
  artifactKey: Guid(fd0e43229939f8b45bd79345e699dfcd) Importer(2089858483,b0f066a214c2f5e87bad3c948f4d605d)
Start importing Assets/Skybox/Utils/Scripts/StyledInspector/StyledIndent.cs using Guid(fd0e43229939f8b45bd79345e699dfcd) Importer(2089858483,b0f066a214c2f5e87bad3c948f4d605d) (ScriptedImporter) -> (artifact id: 'd24612501ea7ccc0f3f802e2ad858bb1') in 0.0181063 seconds
Number of updated asset objects reloaded before import = 0Number of asset objects unloaded after import = 0

========================================================================
Received Import Request.
  Time since last request: 0.000018 seconds.
  path: Assets/Skybox/Utils/Scripts/StyledInspector/StyledMessage.cs
  artifactKey: Guid(ab1d3117b9da8d7429e5ac70bd016772) Importer(2089858483,b0f066a214c2f5e87bad3c948f4d605d)
Start importing Assets/Skybox/Utils/Scripts/StyledInspector/StyledMessage.cs using Guid(ab1d3117b9da8d7429e5ac70bd016772) Importer(2089858483,b0f066a214c2f5e87bad3c948f4d605d) (ScriptedImporter) -> (artifact id: '10364f20ef241b84df920e98a5db05fb') in 0.0161489 seconds
Number of updated asset objects reloaded before import = 0Number of asset objects unloaded after import = 0

========================================================================
Received Import Request.
  Time since last request: 0.000013 seconds.
  path: Assets/Skybox/Utils/Editor/StyledMono/StyledScriptableObjectEditor.cs
  artifactKey: Guid(7a0e1a0aaab33f341b20d7d940fe0a06) Importer(2089858483,b0f066a214c2f5e87bad3c948f4d605d)
Start importing Assets/Skybox/Utils/Editor/StyledMono/StyledScriptableObjectEditor.cs using Guid(7a0e1a0aaab33f341b20d7d940fe0a06) Importer(2089858483,b0f066a214c2f5e87bad3c948f4d605d) (ScriptedImporter) -> (artifact id: '1e83da6e43e2197470a42e5507a1b345') in 0.0192947 seconds
Number of updated asset objects reloaded before import = 0Number of asset objects unloaded after import = 0

========================================================================
Received Import Request.
  Time since last request: 0.000017 seconds.
  path: Assets/Skybox/Utils/Scripts/StyledGizmos/StyledLabelGizmo.cs
  artifactKey: Guid(e3a24ffac8f074c4f8765c1844bb5e90) Importer(2089858483,b0f066a214c2f5e87bad3c948f4d605d)
Start importing Assets/Skybox/Utils/Scripts/StyledGizmos/StyledLabelGizmo.cs using Guid(e3a24ffac8f074c4f8765c1844bb5e90) Importer(2089858483,b0f066a214c2f5e87bad3c948f4d605d) (ScriptedImporter) -> (artifact id: 'f3c76cd92fc971e78a8d7a2f5863eaee') in 0.0206701 seconds
Number of updated asset objects reloaded before import = 0Number of asset objects unloaded after import = 0

========================================================================
Received Import Request.
  Time since last request: 0.000023 seconds.
  path: Assets/UI/TextMesh Pro/Shaders/TMP_SDF-HDRP LIT.shadergraph
  artifactKey: Guid(ca2ed216f98028c4dae6c5224a952b3c) Importer(2089858483,b0f066a214c2f5e87bad3c948f4d605d)
Start importing Assets/UI/TextMesh Pro/Shaders/TMP_SDF-HDRP LIT.shadergraph using Guid(ca2ed216f98028c4dae6c5224a952b3c) Importer(2089858483,b0f066a214c2f5e87bad3c948f4d605d) (ScriptedImporter) -> (artifact id: '8b9ce740ab63e6c1b28803bafe8319e6') in 0.0209794 seconds
Number of updated asset objects reloaded before import = 0Number of asset objects unloaded after import = 3

========================================================================
Received Import Request.
  Time since last request: 0.000018 seconds.
  path: Assets/Plugins & Utilities/DA-Shared/Assembly/SVGMeshUnity/Internals/WorkBufferPool.cs
  artifactKey: Guid(4e9185cc3eef4289807b77668196dd7f) Importer(2089858483,b0f066a214c2f5e87bad3c948f4d605d)
Start importing Assets/Plugins & Utilities/DA-Shared/Assembly/SVGMeshUnity/Internals/WorkBufferPool.cs using Guid(4e9185cc3eef4289807b77668196dd7f) Importer(2089858483,b0f066a214c2f5e87bad3c948f4d605d) (ScriptedImporter) -> (artifact id: '245708fcd3c14c903cc8e5ce84377f85') in 0.0184081 seconds
Number of updated asset objects reloaded before import = 0Number of asset objects unloaded after import = 0

========================================================================
Received Import Request.
  Time since last request: 0.000014 seconds.
  path: Assets/Plugins & Utilities/DA-Shared/Assembly/SVGMeshUnity/Internals/Int3.cs
  artifactKey: Guid(518c1f26691e43c3a27c0837c39e25f4) Importer(2089858483,b0f066a214c2f5e87bad3c948f4d605d)
Start importing Assets/Plugins & Utilities/DA-Shared/Assembly/SVGMeshUnity/Internals/Int3.cs using Guid(518c1f26691e43c3a27c0837c39e25f4) Importer(2089858483,b0f066a214c2f5e87bad3c948f4d605d) (ScriptedImporter) -> (artifact id: '6cb55bb940d3b036ccbd8fe7dcb54aae') in 0.0183302 seconds
Number of updated asset objects reloaded before import = 0Number of asset objects unloaded after import = 0

========================================================================
Received Import Request.
  Time since last request: 0.000014 seconds.
  path: Assets/UI/TextMesh Pro/Resources/Sprite Assets/InlineIcons.png
  artifactKey: Guid(215687feeab0b7445b4a1cd86c82c2e1) Importer(2089858483,b0f066a214c2f5e87bad3c948f4d605d)
Start importing Assets/UI/TextMesh Pro/Resources/Sprite Assets/InlineIcons.png using Guid(215687feeab0b7445b4a1cd86c82c2e1) Importer(2089858483,b0f066a214c2f5e87bad3c948f4d605d) (ScriptedImporter) -> (artifact id: '9ce1c542b96354d4cc989edeb6c192ad') in 0.1782792 seconds
Number of updated asset objects reloaded before import = 0Number of asset objects unloaded after import = 207

========================================================================
Received Import Request.
  Time since last request: 0.000019 seconds.
  path: Assets/UI/TextMesh Pro/Resources/Style Sheets/Default Style Sheet.asset
  artifactKey: Guid(f952c082cb03451daed3ee968ac6c63e) Importer(2089858483,b0f066a214c2f5e87bad3c948f4d605d)
Start importing Assets/UI/TextMesh Pro/Resources/Style Sheets/Default Style Sheet.asset using Guid(f952c082cb03451daed3ee968ac6c63e) Importer(2089858483,b0f066a214c2f5e87bad3c948f4d605d) (ScriptedImporter) -> (artifact id: 'e13ee83062fb4dd06b2117daf2dc44cd') in 0.0215354 seconds
Number of updated asset objects reloaded before import = 0Number of asset objects unloaded after import = 1

========================================================================
Received Import Request.
  Time since last request: 0.000023 seconds.
  path: Assets/UI/TextMesh Pro/Resources/Fonts & Materials/LiberationSans SDF - Outline.mat
  artifactKey: Guid(79459efec17a4d00a321bdcc27bbc385) Importer(2089858483,b0f066a214c2f5e87bad3c948f4d605d)
Start importing Assets/UI/TextMesh Pro/Resources/Fonts & Materials/LiberationSans SDF - Outline.mat using Guid(79459efec17a4d00a321bdcc27bbc385) Importer(2089858483,b0f066a214c2f5e87bad3c948f4d605d) (ScriptedImporter) -> (artifact id: '211bc4dc718ae723c66a7676f38f8021') in 0.0290626 seconds
Number of updated asset objects reloaded before import = 0Number of asset objects unloaded after import = 2

========================================================================
Received Import Request.
  Time since last request: 0.000015 seconds.
  path: Assets/Skybox/Utils/Scripts/StyledMono/StyledScriptableObject.cs
  artifactKey: Guid(528a63c4c58b58a4ca3927eec830c596) Importer(2089858483,b0f066a214c2f5e87bad3c948f4d605d)
Start importing Assets/Skybox/Utils/Scripts/StyledMono/StyledScriptableObject.cs using Guid(528a63c4c58b58a4ca3927eec830c596) Importer(2089858483,b0f066a214c2f5e87bad3c948f4d605d) (ScriptedImporter) -> (artifact id: '5721254101907c54f03bd53863417048') in 0.0163145 seconds
Number of updated asset objects reloaded before import = 0Number of asset objects unloaded after import = 0

========================================================================
Received Import Request.
  Time since last request: 0.000013 seconds.
  path: Assets/Skybox/Skybox Cubemap Extended/Demo/Settings/Demo.asset
  artifactKey: Guid(2c9ebc5b5de64494eb66e1f3eb755731) Importer(2089858483,b0f066a214c2f5e87bad3c948f4d605d)
Start importing Assets/Skybox/Skybox Cubemap Extended/Demo/Settings/Demo.asset using Guid(2c9ebc5b5de64494eb66e1f3eb755731) Importer(2089858483,b0f066a214c2f5e87bad3c948f4d605d) (ScriptedImporter) -> (artifact id: '25d6042197eaeed2df3e48f7296eb33c') in 0.0344444 seconds
Number of updated asset objects reloaded before import = 0Number of asset objects unloaded after import = 1

========================================================================
Received Import Request.
  Time since last request: 0.000013 seconds.
  path: Assets/Plugins & Utilities/DA-Shared/Assembly/SVGMeshUnity/LICENSES/svg-path-contours.txt
  artifactKey: Guid(8a6df2beb0e60294f9790f4836614c70) Importer(2089858483,b0f066a214c2f5e87bad3c948f4d605d)
Start importing Assets/Plugins & Utilities/DA-Shared/Assembly/SVGMeshUnity/LICENSES/svg-path-contours.txt using Guid(8a6df2beb0e60294f9790f4836614c70) Importer(2089858483,b0f066a214c2f5e87bad3c948f4d605d) (ScriptedImporter) -> (artifact id: '7e4cf899f9f6b8b0ec7b99e143c55464') in 0.0321216 seconds
Number of updated asset objects reloaded before import = 0Number of asset objects unloaded after import = 1

========================================================================
Received Import Request.
  Time since last request: 0.000017 seconds.
  path: Assets/Plugins & Utilities/DA-Shared/Assembly/SVGMeshUnity/LICENSES/normalize-svg-path.txt
  artifactKey: Guid(25a533ee82731294197c62a7b4068af4) Importer(2089858483,b0f066a214c2f5e87bad3c948f4d605d)
Start importing Assets/Plugins & Utilities/DA-Shared/Assembly/SVGMeshUnity/LICENSES/normalize-svg-path.txt using Guid(25a533ee82731294197c62a7b4068af4) Importer(2089858483,b0f066a214c2f5e87bad3c948f4d605d) (ScriptedImporter) -> (artifact id: 'eb788685cce91bb678c0ce675850db70') in 0.0328764 seconds
Number of updated asset objects reloaded before import = 0Number of asset objects unloaded after import = 1

========================================================================
Received Import Request.
  Time since last request: 0.000027 seconds.
  path: Assets/Plugins & Utilities/DA-Shared/Assembly/SVGMeshUnity/LICENSES/parse-svg-path.txt
  artifactKey: Guid(c1a4780bb7cfe334e80bd676b35a9646) Importer(2089858483,b0f066a214c2f5e87bad3c948f4d605d)
Start importing Assets/Plugins & Utilities/DA-Shared/Assembly/SVGMeshUnity/LICENSES/parse-svg-path.txt using Guid(c1a4780bb7cfe334e80bd676b35a9646) Importer(2089858483,b0f066a214c2f5e87bad3c948f4d605d) (ScriptedImporter) -> (artifact id: '75996ed3897b7826be3c2d79d70c6d71') in 0.0279718 seconds
Number of updated asset objects reloaded before import = 0Number of asset objects unloaded after import = 1

========================================================================
Received Import Request.
  Time since last request: 0.000023 seconds.
  path: Assets/Plugins & Utilities/DA-Shared/Assembly/SVGMeshUnity/LICENSES/robust-subtract.txt
  artifactKey: Guid(fe6aebec0c338d44aabdef1c736987af) Importer(2089858483,b0f066a214c2f5e87bad3c948f4d605d)
Start importing Assets/Plugins & Utilities/DA-Shared/Assembly/SVGMeshUnity/LICENSES/robust-subtract.txt using Guid(fe6aebec0c338d44aabdef1c736987af) Importer(2089858483,b0f066a214c2f5e87bad3c948f4d605d) (ScriptedImporter) -> (artifact id: '042f0b26d6670c45d6a815ac5f5a1670') in 0.0307512 seconds
Number of updated asset objects reloaded before import = 0Number of asset objects unloaded after import = 1

========================================================================
Received Import Request.
  Time since last request: 0.000013 seconds.
  path: Assets/Plugins & Utilities/DA-Shared/Assembly/SVGMeshUnity/LICENSES/two-sum.txt
  artifactKey: Guid(5e7a04d3c32b4434f91cb1ad2a8ae9d4) Importer(2089858483,b0f066a214c2f5e87bad3c948f4d605d)
Start importing Assets/Plugins & Utilities/DA-Shared/Assembly/SVGMeshUnity/LICENSES/two-sum.txt using Guid(5e7a04d3c32b4434f91cb1ad2a8ae9d4) Importer(2089858483,b0f066a214c2f5e87bad3c948f4d605d) (ScriptedImporter) -> (artifact id: '42134c2daa132d4de49ce1dc291dd992') in 0.029269 seconds
Number of updated asset objects reloaded before import = 0Number of asset objects unloaded after import = 1

========================================================================
Received Import Request.
  Time since last request: 0.000014 seconds.
  path: Assets/Plugins & Utilities/DA-Shared/Assembly/SVGMeshUnity/Internals/Sort.cs
  artifactKey: Guid(c8b61e3455704b8780c63fbcd0724afd) Importer(2089858483,b0f066a214c2f5e87bad3c948f4d605d)
Start importing Assets/Plugins & Utilities/DA-Shared/Assembly/SVGMeshUnity/Internals/Sort.cs using Guid(c8b61e3455704b8780c63fbcd0724afd) Importer(2089858483,b0f066a214c2f5e87bad3c948f4d605d) (ScriptedImporter) -> (artifact id: '9e47f0e3d6756758aa27d2b1aaeca654') in 0.017542 seconds
Number of updated asset objects reloaded before import = 0Number of asset objects unloaded after import = 0

========================================================================
Received Import Request.
  Time since last request: 0.000017 seconds.
  path: Assets/Plugins & Utilities/DA-Shared/Editor/DAInspector/Sprites/box_active_no_frame.png
  artifactKey: Guid(de641d9d6b90cdc44858895f5386f6b9) Importer(2089858483,b0f066a214c2f5e87bad3c948f4d605d)
Start importing Assets/Plugins & Utilities/DA-Shared/Editor/DAInspector/Sprites/box_active_no_frame.png using Guid(de641d9d6b90cdc44858895f5386f6b9) Importer(2089858483,b0f066a214c2f5e87bad3c948f4d605d) (ScriptedImporter) -> (artifact id: 'f8f362d0cdee0c939eb9bd0270229a3e') in 0.0344008 seconds
Number of updated asset objects reloaded before import = 0Number of asset objects unloaded after import = 1

========================================================================
Received Import Request.
  Time since last request: 0.000024 seconds.
  path: Assets/Plugins & Utilities/DA-Shared/Editor/DAInspector/Sprites/icon_corners.png
  artifactKey: Guid(45e00e0ff17e8d74e83bf51f3556c7c5) Importer(2089858483,b0f066a214c2f5e87bad3c948f4d605d)
Start importing Assets/Plugins & Utilities/DA-Shared/Editor/DAInspector/Sprites/icon_corners.png using Guid(45e00e0ff17e8d74e83bf51f3556c7c5) Importer(2089858483,b0f066a214c2f5e87bad3c948f4d605d) (ScriptedImporter) -> (artifact id: '35102641d2f903254db53503c899a0d3') in 0.0232749 seconds
Number of updated asset objects reloaded before import = 0Number of asset objects unloaded after import = 1

========================================================================
Received Import Request.
  Time since last request: 0.000015 seconds.
  path: Assets/Plugins & Utilities/DA-Shared/Editor/DAInspector/Sprites/icon_hover.png
  artifactKey: Guid(fbe6eb7a4f46d5f4c938393a61959157) Importer(2089858483,b0f066a214c2f5e87bad3c948f4d605d)
Start importing Assets/Plugins & Utilities/DA-Shared/Editor/DAInspector/Sprites/icon_hover.png using Guid(fbe6eb7a4f46d5f4c938393a61959157) Importer(2089858483,b0f066a214c2f5e87bad3c948f4d605d) (ScriptedImporter) -> (artifact id: '317468092941659347034e512abc75d9') in 0.020616 seconds
Number of updated asset objects reloaded before import = 0Number of asset objects unloaded after import = 1

========================================================================
Received Import Request.
  Time since last request: 0.000014 seconds.
  path: Assets/Plugins & Utilities/DA-Shared/Editor/DAInspector/Sprites/icon_auth.png
  artifactKey: Guid(0ac0fed5dd575044897e22ce7321e61f) Importer(2089858483,b0f066a214c2f5e87bad3c948f4d605d)
Start importing Assets/Plugins & Utilities/DA-Shared/Editor/DAInspector/Sprites/icon_auth.png using Guid(0ac0fed5dd575044897e22ce7321e61f) Importer(2089858483,b0f066a214c2f5e87bad3c948f4d605d) (ScriptedImporter) -> (artifact id: '68c274cb5abb36334f586a54e58c0cb5') in 0.0196787 seconds
Number of updated asset objects reloaded before import = 0Number of asset objects unloaded after import = 1

========================================================================
Received Import Request.
  Time since last request: 0.000016 seconds.
  path: Assets/Plugins & Utilities/DA-Shared/Editor/DAInspector/Sprites/icon_corner_top_left.png
  artifactKey: Guid(81946ec875d4d354cbd68a4a1d935e82) Importer(2089858483,b0f066a214c2f5e87bad3c948f4d605d)
Start importing Assets/Plugins & Utilities/DA-Shared/Editor/DAInspector/Sprites/icon_corner_top_left.png using Guid(81946ec875d4d354cbd68a4a1d935e82) Importer(2089858483,b0f066a214c2f5e87bad3c948f4d605d) (ScriptedImporter) -> (artifact id: '114f3958d0fe98aa1a76fb67f3c46a23') in 0.0202018 seconds
Number of updated asset objects reloaded before import = 0Number of asset objects unloaded after import = 1

========================================================================
Received Import Request.
  Time since last request: 0.000027 seconds.
  path: Assets/Plugins & Utilities/DA-Shared/Editor/DAInspector/Sprites/ham_tabs_bg.png
  artifactKey: Guid(02d5a40d3919ea449bd59bcd76fa4322) Importer(2089858483,b0f066a214c2f5e87bad3c948f4d605d)
Start importing Assets/Plugins & Utilities/DA-Shared/Editor/DAInspector/Sprites/ham_tabs_bg.png using Guid(02d5a40d3919ea449bd59bcd76fa4322) Importer(2089858483,b0f066a214c2f5e87bad3c948f4d605d) (ScriptedImporter) -> (artifact id: '9795be32f7b97b47c1cfb8c7d88fc2cf') in 0.0320763 seconds
Number of updated asset objects reloaded before import = 0Number of asset objects unloaded after import = 1

========================================================================
Received Import Request.
  Time since last request: 0.000026 seconds.
  path: Assets/Plugins & Utilities/DA-Shared/Editor/DAInspector/Sprites/box_no_frame.png
  artifactKey: Guid(2c4cbc58ab405e249915c542e4b7f58d) Importer(2089858483,b0f066a214c2f5e87bad3c948f4d605d)
Start importing Assets/Plugins & Utilities/DA-Shared/Editor/DAInspector/Sprites/box_no_frame.png using Guid(2c4cbc58ab405e249915c542e4b7f58d) Importer(2089858483,b0f066a214c2f5e87bad3c948f4d605d) (ScriptedImporter) -> (artifact id: '0e8fba430c1a63fa470e83656e838740') in 0.0339488 seconds
Number of updated asset objects reloaded before import = 0Number of asset objects unloaded after import = 1

========================================================================
Received Import Request.
  Time since last request: 0.000021 seconds.
  path: Assets/Plugins & Utilities/DA-Shared/Editor/DAInspector/Sprites/icon_expand_opened.png
  artifactKey: Guid(e4d932c454c538948b9e4692d56bdbc2) Importer(2089858483,b0f066a214c2f5e87bad3c948f4d605d)
Start importing Assets/Plugins & Utilities/DA-Shared/Editor/DAInspector/Sprites/icon_expand_opened.png using Guid(e4d932c454c538948b9e4692d56bdbc2) Importer(2089858483,b0f066a214c2f5e87bad3c948f4d605d) (ScriptedImporter) -> (artifact id: '4ae9e3326fd0fd840c2a4861e05a5d7f') in 0.0221311 seconds
Number of updated asset objects reloaded before import = 0Number of asset objects unloaded after import = 1

========================================================================
Received Import Request.
  Time since last request: 0.000016 seconds.
  path: Assets/Plugins & Utilities/DA-Shared/Assembly/SVGMeshUnity/LICENSES/robust-orientation.txt
  artifactKey: Guid(86714405eabe10a46a2b38d5a6afa93e) Importer(2089858483,b0f066a214c2f5e87bad3c948f4d605d)
Start importing Assets/Plugins & Utilities/DA-Shared/Assembly/SVGMeshUnity/LICENSES/robust-orientation.txt using Guid(86714405eabe10a46a2b38d5a6afa93e) Importer(2089858483,b0f066a214c2f5e87bad3c948f4d605d) (ScriptedImporter) -> (artifact id: 'f07ff54e46ad77c6c6ce7a3c4c4254bb') in 0.0327015 seconds
Number of updated asset objects reloaded before import = 0Number of asset objects unloaded after import = 1

========================================================================
Received Import Request.
  Time since last request: 0.000013 seconds.
  path: Assets/Plugins & Utilities/DA-Shared/Editor/DAInspector/Sprites/img_star.png
  artifactKey: Guid(927c82ee9d3e8484093b5f8a7219f179) Importer(2089858483,b0f066a214c2f5e87bad3c948f4d605d)
Start importing Assets/Plugins & Utilities/DA-Shared/Editor/DAInspector/Sprites/img_star.png using Guid(927c82ee9d3e8484093b5f8a7219f179) Importer(2089858483,b0f066a214c2f5e87bad3c948f4d605d) (ScriptedImporter) -> (artifact id: 'ab823dfa858377620095ae4a12dbcea4') in 0.0232217 seconds
Number of updated asset objects reloaded before import = 0Number of asset objects unloaded after import = 1

========================================================================
Received Import Request.
  Time since last request: 0.000027 seconds.
  path: Assets/Plugins & Utilities/DA-Shared/Editor/DAInspector/Sprites/logo_dag.png
  artifactKey: Guid(d03cbb733b9202a40980196cb50604b7) Importer(2089858483,b0f066a214c2f5e87bad3c948f4d605d)
Start importing Assets/Plugins & Utilities/DA-Shared/Editor/DAInspector/Sprites/logo_dag.png using Guid(d03cbb733b9202a40980196cb50604b7) Importer(2089858483,b0f066a214c2f5e87bad3c948f4d605d) (ScriptedImporter) -> (artifact id: 'c3fbbe5aed46646db94186c3b1cf48f2') in 0.0209074 seconds
Number of updated asset objects reloaded before import = 0Number of asset objects unloaded after import = 3

========================================================================
Received Import Request.
  Time since last request: 0.000056 seconds.
  path: Assets/Plugins & Utilities/DA-Shared/Editor/DAInspector/Sprites/logo_fcu.png
  artifactKey: Guid(f8b2c813170af09459fb79312a19a0cc) Importer(2089858483,b0f066a214c2f5e87bad3c948f4d605d)
Start importing Assets/Plugins & Utilities/DA-Shared/Editor/DAInspector/Sprites/logo_fcu.png using Guid(f8b2c813170af09459fb79312a19a0cc) Importer(2089858483,b0f066a214c2f5e87bad3c948f4d605d) (ScriptedImporter) -> (artifact id: '7d8ba3856acd9fa84c84828283c4fa12') in 0.0202589 seconds
Number of updated asset objects reloaded before import = 0Number of asset objects unloaded after import = 3

========================================================================
Received Import Request.
  Time since last request: 0.000017 seconds.
  path: Assets/Plugins & Utilities/DA-Shared/Editor/DAInspector/Sprites/logo_dab.png
  artifactKey: Guid(6135bab8d3d57a642b2158eb4fb11427) Importer(2089858483,b0f066a214c2f5e87bad3c948f4d605d)
Start importing Assets/Plugins & Utilities/DA-Shared/Editor/DAInspector/Sprites/logo_dab.png using Guid(6135bab8d3d57a642b2158eb4fb11427) Importer(2089858483,b0f066a214c2f5e87bad3c948f4d605d) (ScriptedImporter) -> (artifact id: '1f29cb7809a4bbae523812812d664d21') in 0.0232886 seconds
Number of updated asset objects reloaded before import = 0Number of asset objects unloaded after import = 3

========================================================================
Received Import Request.
  Time since last request: 0.000013 seconds.
  path: Assets/Plugins & Utilities/DA-Shared/Editor/DAInspector/Sprites/icon_open.png
  artifactKey: Guid(1322eb06cce7348419199dd60e9f1e08) Importer(2089858483,b0f066a214c2f5e87bad3c948f4d605d)
Start importing Assets/Plugins & Utilities/DA-Shared/Editor/DAInspector/Sprites/icon_open.png using Guid(1322eb06cce7348419199dd60e9f1e08) Importer(2089858483,b0f066a214c2f5e87bad3c948f4d605d) (ScriptedImporter) -> (artifact id: 'bbbedf5080f0f20d415244fa20ab5757') in 0.0167157 seconds
Number of updated asset objects reloaded before import = 0Number of asset objects unloaded after import = 1

========================================================================
Received Import Request.
  Time since last request: 0.000023 seconds.
  path: Assets/Plugins & Utilities/DA-Shared/Editor/DAInspector/Sprites/icon_stop.png
  artifactKey: Guid(25e086bd7f666c24c8df55167c4c6234) Importer(2089858483,b0f066a214c2f5e87bad3c948f4d605d)
Start importing Assets/Plugins & Utilities/DA-Shared/Editor/DAInspector/Sprites/icon_stop.png using Guid(25e086bd7f666c24c8df55167c4c6234) Importer(2089858483,b0f066a214c2f5e87bad3c948f4d605d) (ScriptedImporter) -> (artifact id: 'df8f6369504ca78ab175f1b1604da9f9') in 0.0186751 seconds
Number of updated asset objects reloaded before import = 0Number of asset objects unloaded after import = 1

========================================================================
Received Import Request.
  Time since last request: 0.000017 seconds.
  path: Assets/Plugins & Utilities/DA-Shared/Editor/DAInspector/Sprites/icon_loop.png
  artifactKey: Guid(d58e0bc446ad770499a2f6af7fe04d5d) Importer(2089858483,b0f066a214c2f5e87bad3c948f4d605d)
Start importing Assets/Plugins & Utilities/DA-Shared/Editor/DAInspector/Sprites/icon_loop.png using Guid(d58e0bc446ad770499a2f6af7fe04d5d) Importer(2089858483,b0f066a214c2f5e87bad3c948f4d605d) (ScriptedImporter) -> (artifact id: 'd607c73476d799d2ea00673b886a7052') in 0.0229302 seconds
Number of updated asset objects reloaded before import = 0Number of asset objects unloaded after import = 1

========================================================================
Received Import Request.
  Time since last request: 0.000024 seconds.
  path: Assets/Plugins & Utilities/DA-Shared/Editor/DAInspector/Sprites/icon_interactable.png
  artifactKey: Guid(c936b27c38ea2aa48a89f7fa7d5820ad) Importer(2089858483,b0f066a214c2f5e87bad3c948f4d605d)
Start importing Assets/Plugins & Utilities/DA-Shared/Editor/DAInspector/Sprites/icon_interactable.png using Guid(c936b27c38ea2aa48a89f7fa7d5820ad) Importer(2089858483,b0f066a214c2f5e87bad3c948f4d605d) (ScriptedImporter) -> (artifact id: '6312d7d77cbe002155805d2fe8a0e95b') in 0.0426472 seconds
Number of updated asset objects reloaded before import = 0Number of asset objects unloaded after import = 1

========================================================================
Received Import Request.
  Time since last request: 0.000013 seconds.
  path: Assets/Plugins & Utilities/DA-Shared/Editor/DAInspector/Sprites/icon_search.png
  artifactKey: Guid(9c519ff7a76c605449d54377aa8c940f) Importer(2089858483,b0f066a214c2f5e87bad3c948f4d605d)
Start importing Assets/Plugins & Utilities/DA-Shared/Editor/DAInspector/Sprites/icon_search.png using Guid(9c519ff7a76c605449d54377aa8c940f) Importer(2089858483,b0f066a214c2f5e87bad3c948f4d605d) (ScriptedImporter) -> (artifact id: 'c1bad06a5923f4f3f85474d7e45f5829') in 0.021502 seconds
Number of updated asset objects reloaded before import = 0Number of asset objects unloaded after import = 1

========================================================================
Received Import Request.
  Time since last request: 0.000015 seconds.
  path: Assets/Plugins & Utilities/FMOD/platforms/ios/lib/libfmodstudiounitypluginsimulatorL.a
  artifactKey: Guid(9aed261b7fbc24099a9b58cbbf374583) Importer(2089858483,b0f066a214c2f5e87bad3c948f4d605d)
Start importing Assets/Plugins & Utilities/FMOD/platforms/ios/lib/libfmodstudiounitypluginsimulatorL.a using Guid(9aed261b7fbc24099a9b58cbbf374583) Importer(2089858483,b0f066a214c2f5e87bad3c948f4d605d) (ScriptedImporter) -> (artifact id: '13e18abb4aff6ba5acbc6b689657198c') in 0.0194617 seconds
Number of updated asset objects reloaded before import = 0Number of asset objects unloaded after import = 0

========================================================================
Received Import Request.
  Time since last request: 0.000018 seconds.
  path: Assets/Plugins & Utilities/FMOD/platforms/android/lib/fmod.jar
  artifactKey: Guid(cba124c31f7e10640bc2ff9464f8ac15) Importer(2089858483,b0f066a214c2f5e87bad3c948f4d605d)
Start importing Assets/Plugins & Utilities/FMOD/platforms/android/lib/fmod.jar using Guid(cba124c31f7e10640bc2ff9464f8ac15) Importer(2089858483,b0f066a214c2f5e87bad3c948f4d605d) (ScriptedImporter) -> (artifact id: 'fdd426442d427f5629f2f3b2764671c2') in 0.0222117 seconds
Number of updated asset objects reloaded before import = 0Number of asset objects unloaded after import = 0

========================================================================
Received Import Request.
  Time since last request: 0.000030 seconds.
  path: Assets/Plugins & Utilities/FMOD/platforms/html5/lib/libfmodstudiounityplugin.bc
  artifactKey: Guid(254f6ee9df4d3024d9c550104ea5feaf) Importer(2089858483,b0f066a214c2f5e87bad3c948f4d605d)
Start importing Assets/Plugins & Utilities/FMOD/platforms/html5/lib/libfmodstudiounityplugin.bc using Guid(254f6ee9df4d3024d9c550104ea5feaf) Importer(2089858483,b0f066a214c2f5e87bad3c948f4d605d) (ScriptedImporter) -> (artifact id: '0a3f12f076705b37ff7220f5b65933c8') in 0.025439 seconds
Number of updated asset objects reloaded before import = 0Number of asset objects unloaded after import = 0

========================================================================
Received Import Request.
  Time since last request: 0.000030 seconds.
  path: Assets/Plugins & Utilities/FMOD/platforms/tvos/lib/libfmodstudiounitypluginL.a
  artifactKey: Guid(982978af662f9ea43b7979c7f61bbad3) Importer(2089858483,b0f066a214c2f5e87bad3c948f4d605d)
Start importing Assets/Plugins & Utilities/FMOD/platforms/tvos/lib/libfmodstudiounitypluginL.a using Guid(982978af662f9ea43b7979c7f61bbad3) Importer(2089858483,b0f066a214c2f5e87bad3c948f4d605d) (ScriptedImporter) -> (artifact id: 'f1110fab1d18de981013a7514f924c58') in 0.0246764 seconds
Number of updated asset objects reloaded before import = 0Number of asset objects unloaded after import = 0

========================================================================
Received Import Request.
  Time since last request: 0.000023 seconds.
  path: Assets/Plugins & Utilities/FMOD/platforms/ios/lib/libresonanceaudiosimulator.a
  artifactKey: Guid(5ad1791b3b48a4ba39c30a2b4f438486) Importer(2089858483,b0f066a214c2f5e87bad3c948f4d605d)
Start importing Assets/Plugins & Utilities/FMOD/platforms/ios/lib/libresonanceaudiosimulator.a using Guid(5ad1791b3b48a4ba39c30a2b4f438486) Importer(2089858483,b0f066a214c2f5e87bad3c948f4d605d) (ScriptedImporter) -> (artifact id: '071aafc8bdf4f1597dc963e5dc4d502d') in 0.0210069 seconds
Number of updated asset objects reloaded before import = 0Number of asset objects unloaded after import = 0

========================================================================
Received Import Request.
  Time since last request: 0.000016 seconds.
  path: Assets/Plugins & Utilities/FMOD/platforms/ios/lib/libfmodstudiounitypluginL.a
  artifactKey: Guid(5aa4057a8deee1c45a69677125e2c241) Importer(2089858483,b0f066a214c2f5e87bad3c948f4d605d)
Start importing Assets/Plugins & Utilities/FMOD/platforms/ios/lib/libfmodstudiounitypluginL.a using Guid(5aa4057a8deee1c45a69677125e2c241) Importer(2089858483,b0f066a214c2f5e87bad3c948f4d605d) (ScriptedImporter) -> (artifact id: '5b63fd69a50e4dabc3952bced5911aa4') in 0.0150171 seconds
Number of updated asset objects reloaded before import = 0Number of asset objects unloaded after import = 0

========================================================================
Received Import Request.
  Time since last request: 0.000026 seconds.
  path: Assets/Plugins & Utilities/FMOD/platforms/html5/lib/libfmodstudiounitypluginL.bc
  artifactKey: Guid(2dab3dda051681d4a9ea3ed67cb9877f) Importer(2089858483,b0f066a214c2f5e87bad3c948f4d605d)
Start importing Assets/Plugins & Utilities/FMOD/platforms/html5/lib/libfmodstudiounitypluginL.bc using Guid(2dab3dda051681d4a9ea3ed67cb9877f) Importer(2089858483,b0f066a214c2f5e87bad3c948f4d605d) (ScriptedImporter) -> (artifact id: '96e497a885518cae9dfb7c2b757175e6') in 0.0169491 seconds
Number of updated asset objects reloaded before import = 0Number of asset objects unloaded after import = 0

========================================================================
Received Import Request.
  Time since last request: 0.000021 seconds.
  path: Assets/Plugins & Utilities/FMOD/platforms/visionos/lib/libfmodstudio_xrsimulator.a
  artifactKey: Guid(da47e54c091124c7baa78e13f90216f3) Importer(2089858483,b0f066a214c2f5e87bad3c948f4d605d)
Start importing Assets/Plugins & Utilities/FMOD/platforms/visionos/lib/libfmodstudio_xrsimulator.a using Guid(da47e54c091124c7baa78e13f90216f3) Importer(2089858483,b0f066a214c2f5e87bad3c948f4d605d) (ScriptedImporter) -> (artifact id: '4b1ad83e6a4efab18c8720778af5dc12') in 0.0204248 seconds
Number of updated asset objects reloaded before import = 0Number of asset objects unloaded after import = 0

========================================================================
Received Import Request.
  Time since last request: 0.000015 seconds.
  path: Assets/Plugins & Utilities/FMOD/platforms/visionos/lib/libfmodstudioL_xrsimulator.a
  artifactKey: Guid(cc7984acfd746420c810ab83b89887c4) Importer(2089858483,b0f066a214c2f5e87bad3c948f4d605d)
Start importing Assets/Plugins & Utilities/FMOD/platforms/visionos/lib/libfmodstudioL_xrsimulator.a using Guid(cc7984acfd746420c810ab83b89887c4) Importer(2089858483,b0f066a214c2f5e87bad3c948f4d605d) (ScriptedImporter) -> (artifact id: '54aa634e5b35a47776d16b05b8ae8aa1') in 0.0204112 seconds
Number of updated asset objects reloaded before import = 0Number of asset objects unloaded after import = 0

========================================================================
Received Import Request.
  Time since last request: 0.000012 seconds.
  path: Assets/Plugins & Utilities/FMOD/platforms/win/src/PlatformWindows.cs
  artifactKey: Guid(9660e62d6232af242877f0cc2b90c63d) Importer(2089858483,b0f066a214c2f5e87bad3c948f4d605d)
Start importing Assets/Plugins & Utilities/FMOD/platforms/win/src/PlatformWindows.cs using Guid(9660e62d6232af242877f0cc2b90c63d) Importer(2089858483,b0f066a214c2f5e87bad3c948f4d605d) (ScriptedImporter) -> (artifact id: 'e13a44304d7d8e59906a1d2a50437c5b') in 0.0191151 seconds
Number of updated asset objects reloaded before import = 0Number of asset objects unloaded after import = 0

========================================================================
Received Import Request.
  Time since last request: 0.000025 seconds.
  path: Assets/Plugins & Utilities/FMOD/platforms/visionos/lib/libfmodstudio_xros.a
  artifactKey: Guid(b06ee804ac1c44c538ef636ef4e034c1) Importer(2089858483,b0f066a214c2f5e87bad3c948f4d605d)
Start importing Assets/Plugins & Utilities/FMOD/platforms/visionos/lib/libfmodstudio_xros.a using Guid(b06ee804ac1c44c538ef636ef4e034c1) Importer(2089858483,b0f066a214c2f5e87bad3c948f4d605d) (ScriptedImporter) -> (artifact id: '56658ba767e3ceb1f3eb67c649808c17') in 0.0132188 seconds
Number of updated asset objects reloaded before import = 0Number of asset objects unloaded after import = 0

========================================================================
Received Import Request.
  Time since last request: 0.000016 seconds.
  path: Assets/UI/UI Asset/Documentation/UX/Flat Icons [Free]/Read Me.txt
  artifactKey: Guid(eb07497d1654ae94f943a421f9bfdcc5) Importer(2089858483,b0f066a214c2f5e87bad3c948f4d605d)
Start importing Assets/UI/UI Asset/Documentation/UX/Flat Icons [Free]/Read Me.txt using Guid(eb07497d1654ae94f943a421f9bfdcc5) Importer(2089858483,b0f066a214c2f5e87bad3c948f4d605d) (ScriptedImporter) -> (artifact id: '8700f09bff20cd1a98b8fb1ba38c5b7e') in 0.0338968 seconds
Number of updated asset objects reloaded before import = 0Number of asset objects unloaded after import = 1

========================================================================
Received Import Request.
  Time since last request: 0.000023 seconds.
  path: Assets/UI/UI Asset/Samples/UX Examples/Flat Icons [Free]/Example Use Cases.unity
  artifactKey: Guid(b4272fff569d2fa498322de72da8bfc2) Importer(2089858483,b0f066a214c2f5e87bad3c948f4d605d)
Start importing Assets/UI/UI Asset/Samples/UX Examples/Flat Icons [Free]/Example Use Cases.unity using Guid(b4272fff569d2fa498322de72da8bfc2) Importer(2089858483,b0f066a214c2f5e87bad3c948f4d605d) (ScriptedImporter) -> (artifact id: '0b21dbd6ad382d7c399f64ffc9591391') in 0.0330743 seconds
Number of updated asset objects reloaded before import = 0Number of asset objects unloaded after import = 1

========================================================================
Received Import Request.
  Time since last request: 0.000013 seconds.
  path: Assets/Plugins & Utilities/FMOD/addons/ResonanceAudio/Scripts/FMODUnityResonance.asmdef
  artifactKey: Guid(44d09cf463b68274884d8a3c8a94e528) Importer(2089858483,b0f066a214c2f5e87bad3c948f4d605d)
Start importing Assets/Plugins & Utilities/FMOD/addons/ResonanceAudio/Scripts/FMODUnityResonance.asmdef using Guid(44d09cf463b68274884d8a3c8a94e528) Importer(2089858483,b0f066a214c2f5e87bad3c948f4d605d) (ScriptedImporter) -> (artifact id: 'e4525157aed76424abf2144d3b87f7e2') in 0.0384067 seconds
Number of updated asset objects reloaded before import = 0Number of asset objects unloaded after import = 1

========================================================================
Received Import Request.
  Time since last request: 0.000014 seconds.
  path: Assets/Plugins & Utilities/FMOD/platforms/tvos/lib/libfmodstudiounityplugin.a
  artifactKey: Guid(4abc247d0f34143ec95396c7b6bec6a8) Importer(2089858483,b0f066a214c2f5e87bad3c948f4d605d)
Start importing Assets/Plugins & Utilities/FMOD/platforms/tvos/lib/libfmodstudiounityplugin.a using Guid(4abc247d0f34143ec95396c7b6bec6a8) Importer(2089858483,b0f066a214c2f5e87bad3c948f4d605d) (ScriptedImporter) -> (artifact id: 'ffbad6dbddd1e021793e23692058685e') in 0.0190713 seconds
Number of updated asset objects reloaded before import = 0Number of asset objects unloaded after import = 0

========================================================================
Received Import Request.
  Time since last request: 0.000016 seconds.
  path: Assets/Plugins & Utilities/DA-Shared/Editor/GUI/Enums.cs
  artifactKey: Guid(74f5470faa246124d8f3d41f700ef32b) Importer(2089858483,b0f066a214c2f5e87bad3c948f4d605d)
Start importing Assets/Plugins & Utilities/DA-Shared/Editor/GUI/Enums.cs using Guid(74f5470faa246124d8f3d41f700ef32b) Importer(2089858483,b0f066a214c2f5e87bad3c948f4d605d) (ScriptedImporter) -> (artifact id: 'b61eabe96b1c86be13ee893e2afc5685') in 0.0180478 seconds
Number of updated asset objects reloaded before import = 0Number of asset objects unloaded after import = 0

========================================================================
Received Import Request.
  Time since last request: 0.000016 seconds.
  path: Assets/Plugins & Utilities/DA-Shared/Assembly/SVGMeshUnity/Internals/Cdt2d/DelaunayRefine.cs
  artifactKey: Guid(daf4535a11864f7e9737bf2657ad86e1) Importer(2089858483,b0f066a214c2f5e87bad3c948f4d605d)
Start importing Assets/Plugins & Utilities/DA-Shared/Assembly/SVGMeshUnity/Internals/Cdt2d/DelaunayRefine.cs using Guid(daf4535a11864f7e9737bf2657ad86e1) Importer(2089858483,b0f066a214c2f5e87bad3c948f4d605d) (ScriptedImporter) -> (artifact id: '3450c42bcddf91a35dd290ed6efb1e5a') in 0.0250552 seconds
Number of updated asset objects reloaded before import = 0Number of asset objects unloaded after import = 0

========================================================================
Received Import Request.
  Time since last request: 0.000024 seconds.
  path: Assets/Plugins & Utilities/FMOD/platforms/android/lib/arm64-v8a/libfmod.so
  artifactKey: Guid(159cb3726937c6c498fa49eb627b0d96) Importer(2089858483,b0f066a214c2f5e87bad3c948f4d605d)
Start importing Assets/Plugins & Utilities/FMOD/platforms/android/lib/arm64-v8a/libfmod.so using Guid(159cb3726937c6c498fa49eb627b0d96) Importer(2089858483,b0f066a214c2f5e87bad3c948f4d605d) (ScriptedImporter) -> (artifact id: 'ebef91c1c694212cfc07f6946e3e5b1b') in 0.0285725 seconds
Number of updated asset objects reloaded before import = 0Number of asset objects unloaded after import = 0

========================================================================
Received Import Request.
  Time since last request: 0.000014 seconds.
  path: Assets/Plugins & Utilities/DA-Shared/Assembly/SVGMeshUnity/Internals/Cdt2d/MonotoneTriangulation.cs
  artifactKey: Guid(f3f866907d0c43a086ba61429b3d2b8a) Importer(2089858483,b0f066a214c2f5e87bad3c948f4d605d)
Start importing Assets/Plugins & Utilities/DA-Shared/Assembly/SVGMeshUnity/Internals/Cdt2d/MonotoneTriangulation.cs using Guid(f3f866907d0c43a086ba61429b3d2b8a) Importer(2089858483,b0f066a214c2f5e87bad3c948f4d605d) (ScriptedImporter) -> (artifact id: '80e9c104071c249575ccbc4043d43e3a') in 0.0196784 seconds
Number of updated asset objects reloaded before import = 0Number of asset objects unloaded after import = 0

========================================================================
Received Import Request.
  Time since last request: 0.000015 seconds.
  path: Assets/Plugins & Utilities/FMOD/platforms/android/lib/arm64-v8a/libresonanceaudio.so
  artifactKey: Guid(2bd9aca31d63ca248bf159e7562a3609) Importer(2089858483,b0f066a214c2f5e87bad3c948f4d605d)
Start importing Assets/Plugins & Utilities/FMOD/platforms/android/lib/arm64-v8a/libresonanceaudio.so using Guid(2bd9aca31d63ca248bf159e7562a3609) Importer(2089858483,b0f066a214c2f5e87bad3c948f4d605d) (ScriptedImporter) -> (artifact id: 'a1c8c5ba13af58ab6891b010ef8d6475') in 0.0190234 seconds
Number of updated asset objects reloaded before import = 0Number of asset objects unloaded after import = 0

========================================================================
Received Import Request.
  Time since last request: 0.000015 seconds.
  path: Assets/Plugins & Utilities/FMOD/platforms/android/lib/arm64-v8a/libfmodstudioL.so
  artifactKey: Guid(85af50ee41bfd9c4fbd8107aee814c50) Importer(2089858483,b0f066a214c2f5e87bad3c948f4d605d)
Start importing Assets/Plugins & Utilities/FMOD/platforms/android/lib/arm64-v8a/libfmodstudioL.so using Guid(85af50ee41bfd9c4fbd8107aee814c50) Importer(2089858483,b0f066a214c2f5e87bad3c948f4d605d) (ScriptedImporter) -> (artifact id: '1498a798f7efd8a13819db669bc75492') in 0.0170411 seconds
Number of updated asset objects reloaded before import = 0Number of asset objects unloaded after import = 0

========================================================================
Received Import Request.
  Time since last request: 0.000015 seconds.
  path: Assets/Plugins & Utilities/FMOD/platforms/android/lib/arm64-v8a/libfmodL.so
  artifactKey: Guid(6f74d8321b529d948a7672da4ca54356) Importer(2089858483,b0f066a214c2f5e87bad3c948f4d605d)
Start importing Assets/Plugins & Utilities/FMOD/platforms/android/lib/arm64-v8a/libfmodL.so using Guid(6f74d8321b529d948a7672da4ca54356) Importer(2089858483,b0f066a214c2f5e87bad3c948f4d605d) (ScriptedImporter) -> (artifact id: '42dd26dd6b76f262b516673d2b7110e8') in 0.0177047 seconds
Number of updated asset objects reloaded before import = 0Number of asset objects unloaded after import = 0

========================================================================
Received Import Request.
  Time since last request: 0.000017 seconds.
  path: Assets/Plugins & Utilities/DA-Shared/Assembly/SVGMeshUnity/Internals/Cdt2d/BinarySearch.cs
  artifactKey: Guid(ebc1111a29cd4d6c89f5458aa07da178) Importer(2089858483,b0f066a214c2f5e87bad3c948f4d605d)
Start importing Assets/Plugins & Utilities/DA-Shared/Assembly/SVGMeshUnity/Internals/Cdt2d/BinarySearch.cs using Guid(ebc1111a29cd4d6c89f5458aa07da178) Importer(2089858483,b0f066a214c2f5e87bad3c948f4d605d) (ScriptedImporter) -> (artifact id: 'a20f0095f8f8dde6c4d7021484dda669') in 0.0192462 seconds
Number of updated asset objects reloaded before import = 0Number of asset objects unloaded after import = 0

========================================================================
Received Import Request.
  Time since last request: 0.000026 seconds.
  path: Assets/Plugins & Utilities/FMOD/platforms/android/lib/arm64-v8a/libfmodstudio.so
  artifactKey: Guid(e4d6c68823f34e440bfe4e4ecba4c113) Importer(2089858483,b0f066a214c2f5e87bad3c948f4d605d)
Start importing Assets/Plugins & Utilities/FMOD/platforms/android/lib/arm64-v8a/libfmodstudio.so using Guid(e4d6c68823f34e440bfe4e4ecba4c113) Importer(2089858483,b0f066a214c2f5e87bad3c948f4d605d) (ScriptedImporter) -> (artifact id: '32600affaeea0f4cb6c6a2a64ca22c89') in 0.0211445 seconds
Number of updated asset objects reloaded before import = 0Number of asset objects unloaded after import = 0

========================================================================
Received Import Request.
  Time since last request: 0.000018 seconds.
  path: Assets/Plugins & Utilities/DA-Shared/Assembly/SVGMeshUnity/Internals/Cdt2d/Filter.cs
  artifactKey: Guid(1384c72d4a744c9db5fbd24870a9c0e5) Importer(2089858483,b0f066a214c2f5e87bad3c948f4d605d)
Start importing Assets/Plugins & Utilities/DA-Shared/Assembly/SVGMeshUnity/Internals/Cdt2d/Filter.cs using Guid(1384c72d4a744c9db5fbd24870a9c0e5) Importer(2089858483,b0f066a214c2f5e87bad3c948f4d605d) (ScriptedImporter) -> (artifact id: '7374cd3f1af232d07be3127e28e9431a') in 0.0175724 seconds
Number of updated asset objects reloaded before import = 0Number of asset objects unloaded after import = 0

========================================================================
Received Import Request.
  Time since last request: 0.000014 seconds.
  path: Assets/Plugins & Utilities/DA-Shared/Assembly/SVGMeshUnity/Internals/Cdt2d/Robust.cs
  artifactKey: Guid(76852b2115774598947fe907402ed9fd) Importer(2089858483,b0f066a214c2f5e87bad3c948f4d605d)
Start importing Assets/Plugins & Utilities/DA-Shared/Assembly/SVGMeshUnity/Internals/Cdt2d/Robust.cs using Guid(76852b2115774598947fe907402ed9fd) Importer(2089858483,b0f066a214c2f5e87bad3c948f4d605d) (ScriptedImporter) -> (artifact id: 'd5f0373e49f492d847dce3a508ab7abb') in 0.0140302 seconds
Number of updated asset objects reloaded before import = 0Number of asset objects unloaded after import = 0

========================================================================
Received Import Request.
  Time since last request: 0.000014 seconds.
  path: Assets/Plugins & Utilities/FMOD/platforms/android/lib/armeabi-v7a/libfmodstudio.so
  artifactKey: Guid(cf01ad74bd6e5df46996c61b81ba590c) Importer(2089858483,b0f066a214c2f5e87bad3c948f4d605d)
Start importing Assets/Plugins & Utilities/FMOD/platforms/android/lib/armeabi-v7a/libfmodstudio.so using Guid(cf01ad74bd6e5df46996c61b81ba590c) Importer(2089858483,b0f066a214c2f5e87bad3c948f4d605d) (ScriptedImporter) -> (artifact id: '4e2a5808579d70d127f6128068c3ef27') in 0.0163645 seconds
Number of updated asset objects reloaded before import = 0Number of asset objects unloaded after import = 0

========================================================================
Received Import Request.
  Time since last request: 0.000017 seconds.
  path: Assets/Plugins & Utilities/FMOD/platforms/android/lib/x86/libfmodstudio.so
  artifactKey: Guid(a20d361b085100b4997c4e5b0b83af31) Importer(2089858483,b0f066a214c2f5e87bad3c948f4d605d)
Start importing Assets/Plugins & Utilities/FMOD/platforms/android/lib/x86/libfmodstudio.so using Guid(a20d361b085100b4997c4e5b0b83af31) Importer(2089858483,b0f066a214c2f5e87bad3c948f4d605d) (ScriptedImporter) -> (artifact id: 'e4b4174b9888c2da4207ed358b538648') in 0.0162431 seconds
Number of updated asset objects reloaded before import = 0Number of asset objects unloaded after import = 0

========================================================================
Received Import Request.
  Time since last request: 0.000018 seconds.
  path: Assets/Plugins & Utilities/FMOD/platforms/android/lib/armeabi-v7a/libresonanceaudio.so
  artifactKey: Guid(fb0aabfc61c4c1548ac6990286c84327) Importer(2089858483,b0f066a214c2f5e87bad3c948f4d605d)
Start importing Assets/Plugins & Utilities/FMOD/platforms/android/lib/armeabi-v7a/libresonanceaudio.so using Guid(fb0aabfc61c4c1548ac6990286c84327) Importer(2089858483,b0f066a214c2f5e87bad3c948f4d605d) (ScriptedImporter) -> (artifact id: '312659d4bb4c5f73a339066bf93d5baa') in 0.0176741 seconds
Number of updated asset objects reloaded before import = 0Number of asset objects unloaded after import = 0

========================================================================
Received Import Request.
  Time since last request: 0.000023 seconds.
  path: Assets/Plugins & Utilities/FMOD/platforms/html5/lib/2.0.19/libfmodstudioL.a
  artifactKey: Guid(072de5b62d53c944fa2bae4cc3cd1754) Importer(2089858483,b0f066a214c2f5e87bad3c948f4d605d)
Start importing Assets/Plugins & Utilities/FMOD/platforms/html5/lib/2.0.19/libfmodstudioL.a using Guid(072de5b62d53c944fa2bae4cc3cd1754) Importer(2089858483,b0f066a214c2f5e87bad3c948f4d605d) (ScriptedImporter) -> (artifact id: '3e3aeb81ce5a8619a5bb468280c9a359') in 0.0186239 seconds
Number of updated asset objects reloaded before import = 0Number of asset objects unloaded after import = 0

========================================================================
Received Import Request.
  Time since last request: 0.000020 seconds.
  path: Assets/Plugins & Utilities/FMOD/platforms/android/lib/x86/libresonanceaudio.so
  artifactKey: Guid(5c35d7fa6769b114aa63172aaf1fd782) Importer(2089858483,b0f066a214c2f5e87bad3c948f4d605d)
Start importing Assets/Plugins & Utilities/FMOD/platforms/android/lib/x86/libresonanceaudio.so using Guid(5c35d7fa6769b114aa63172aaf1fd782) Importer(2089858483,b0f066a214c2f5e87bad3c948f4d605d) (ScriptedImporter) -> (artifact id: 'dff4a21c9ef15b921bbc8e2e5d2e614d') in 0.0189248 seconds
Number of updated asset objects reloaded before import = 0Number of asset objects unloaded after import = 0

========================================================================
Received Import Request.
  Time since last request: 0.000017 seconds.
  path: Assets/Plugins & Utilities/FMOD/platforms/android/lib/x86/libfmod.so
  artifactKey: Guid(099e80baee62d0c439475fae45e69f4e) Importer(2089858483,b0f066a214c2f5e87bad3c948f4d605d)
Start importing Assets/Plugins & Utilities/FMOD/platforms/android/lib/x86/libfmod.so using Guid(099e80baee62d0c439475fae45e69f4e) Importer(2089858483,b0f066a214c2f5e87bad3c948f4d605d) (ScriptedImporter) -> (artifact id: '8124b4612e85e4fab3c9da93c3e83d64') in 0.0194493 seconds
Number of updated asset objects reloaded before import = 0Number of asset objects unloaded after import = 0

========================================================================
Received Import Request.
  Time since last request: 0.000022 seconds.
  path: Assets/Plugins & Utilities/FMOD/platforms/android/lib/x86/libfmodstudioL.so
  artifactKey: Guid(0975b093811db4e4e9e67bc483ad2299) Importer(2089858483,b0f066a214c2f5e87bad3c948f4d605d)
Start importing Assets/Plugins & Utilities/FMOD/platforms/android/lib/x86/libfmodstudioL.so using Guid(0975b093811db4e4e9e67bc483ad2299) Importer(2089858483,b0f066a214c2f5e87bad3c948f4d605d) (ScriptedImporter) -> (artifact id: '9cd43e3ea674bc02afa96a9c111a7741') in 0.0201893 seconds
Number of updated asset objects reloaded before import = 0Number of asset objects unloaded after import = 0

========================================================================
Received Import Request.
  Time since last request: 0.000022 seconds.
  path: Assets/Plugins & Utilities/FMOD/platforms/android/lib/x86_64/libfmod.so
  artifactKey: Guid(7b1a5b0e7617bcf49885fb2dd09d7085) Importer(2089858483,b0f066a214c2f5e87bad3c948f4d605d)
Start importing Assets/Plugins & Utilities/FMOD/platforms/android/lib/x86_64/libfmod.so using Guid(7b1a5b0e7617bcf49885fb2dd09d7085) Importer(2089858483,b0f066a214c2f5e87bad3c948f4d605d) (ScriptedImporter) -> (artifact id: '42c175d8a832ce056d5e0ade065b1a07') in 0.0234086 seconds
Number of updated asset objects reloaded before import = 0Number of asset objects unloaded after import = 0

========================================================================
Received Import Request.
  Time since last request: 0.000029 seconds.
  path: Assets/Plugins & Utilities/FMOD/platforms/android/lib/x86_64/libfmodstudio.so
  artifactKey: Guid(8c078c4748d95c2489bb3b82aa144194) Importer(2089858483,b0f066a214c2f5e87bad3c948f4d605d)
Start importing Assets/Plugins & Utilities/FMOD/platforms/android/lib/x86_64/libfmodstudio.so using Guid(8c078c4748d95c2489bb3b82aa144194) Importer(2089858483,b0f066a214c2f5e87bad3c948f4d605d) (ScriptedImporter) -> (artifact id: 'e23a9fe87885e5e103ee263074dccfba') in 0.0166415 seconds
Number of updated asset objects reloaded before import = 0Number of asset objects unloaded after import = 0

========================================================================
Received Import Request.
  Time since last request: 0.000014 seconds.
  path: Assets/Plugins & Utilities/FMOD/platforms/uwp/lib/x64/fmodstudio.dll
  artifactKey: Guid(29800d7cce1a5fc46ae163c8a68d8346) Importer(2089858483,b0f066a214c2f5e87bad3c948f4d605d)
Start importing Assets/Plugins & Utilities/FMOD/platforms/uwp/lib/x64/fmodstudio.dll using Guid(29800d7cce1a5fc46ae163c8a68d8346) Importer(2089858483,b0f066a214c2f5e87bad3c948f4d605d) (ScriptedImporter) -> (artifact id: '84f5847b6e07d918ee3a0e4a441cef1a') in 0.016641 seconds
Number of updated asset objects reloaded before import = 0Number of asset objects unloaded after import = 0

========================================================================
Received Import Request.
  Time since last request: 0.000019 seconds.
  path: Assets/Plugins & Utilities/FMOD/platforms/uwp/lib/x86/fmodstudioL.dll
  artifactKey: Guid(43ab9a198caf2d841b813eb81e02486d) Importer(2089858483,b0f066a214c2f5e87bad3c948f4d605d)
Start importing Assets/Plugins & Utilities/FMOD/platforms/uwp/lib/x86/fmodstudioL.dll using Guid(43ab9a198caf2d841b813eb81e02486d) Importer(2089858483,b0f066a214c2f5e87bad3c948f4d605d) (ScriptedImporter) -> (artifact id: '93005566aba9d35ea4ab34e6c2348060') in 0.0186937 seconds
Number of updated asset objects reloaded before import = 0Number of asset objects unloaded after import = 0

========================================================================
Received Import Request.
  Time since last request: 0.000021 seconds.
  path: Assets/Plugins & Utilities/FMOD/platforms/uwp/lib/x64/fmodstudioL.dll
  artifactKey: Guid(813ca429588de5d40b5c8a184a15bcd9) Importer(2089858483,b0f066a214c2f5e87bad3c948f4d605d)
Start importing Assets/Plugins & Utilities/FMOD/platforms/uwp/lib/x64/fmodstudioL.dll using Guid(813ca429588de5d40b5c8a184a15bcd9) Importer(2089858483,b0f066a214c2f5e87bad3c948f4d605d) (ScriptedImporter) -> (artifact id: '5f52c8d8a7e1960e03f5c57216bc7c82') in 0.0175264 seconds
Number of updated asset objects reloaded before import = 0Number of asset objects unloaded after import = 0

========================================================================
Received Import Request.
  Time since last request: 0.000027 seconds.
  path: Assets/Plugins & Utilities/FMOD/platforms/uwp/lib/x64/fmodL.dll
  artifactKey: Guid(d15f9d3e1089b114a8f625e994fea839) Importer(2089858483,b0f066a214c2f5e87bad3c948f4d605d)
Start importing Assets/Plugins & Utilities/FMOD/platforms/uwp/lib/x64/fmodL.dll using Guid(d15f9d3e1089b114a8f625e994fea839) Importer(2089858483,b0f066a214c2f5e87bad3c948f4d605d) (ScriptedImporter) -> (artifact id: 'e0c705db14078739e0f801684b9604a9') in 0.0151557 seconds
Number of updated asset objects reloaded before import = 0Number of asset objects unloaded after import = 0

========================================================================
Received Import Request.
  Time since last request: 0.000031 seconds.
  path: Assets/Plugins & Utilities/FMOD/platforms/uwp/lib/x86/fmodL.dll
  artifactKey: Guid(243e8fba07980f74b8d49ef345dadd64) Importer(2089858483,b0f066a214c2f5e87bad3c948f4d605d)
Start importing Assets/Plugins & Utilities/FMOD/platforms/uwp/lib/x86/fmodL.dll using Guid(243e8fba07980f74b8d49ef345dadd64) Importer(2089858483,b0f066a214c2f5e87bad3c948f4d605d) (ScriptedImporter) -> (artifact id: 'f8d358bdc73b4b64d32e05258c79e6d8') in 0.0188368 seconds
Number of updated asset objects reloaded before import = 0Number of asset objects unloaded after import = 0

========================================================================
Received Import Request.
  Time since last request: 0.000016 seconds.
  path: Assets/Plugins & Utilities/FMOD/platforms/uwp/lib/arm/fmodL.dll
  artifactKey: Guid(82bacb4b0f3cc85418d2a1aa2ca57df6) Importer(2089858483,b0f066a214c2f5e87bad3c948f4d605d)
Start importing Assets/Plugins & Utilities/FMOD/platforms/uwp/lib/arm/fmodL.dll using Guid(82bacb4b0f3cc85418d2a1aa2ca57df6) Importer(2089858483,b0f066a214c2f5e87bad3c948f4d605d) (ScriptedImporter) -> (artifact id: '2399730f6d9358826d8808f9a72d700e') in 0.0219254 seconds
Number of updated asset objects reloaded before import = 0Number of asset objects unloaded after import = 0

========================================================================
Received Import Request.
  Time since last request: 0.000017 seconds.
  path: Assets/Plugins & Utilities/FMOD/platforms/win/lib/x86_64/resonanceaudio.dll
  artifactKey: Guid(4c8fb9b92ea2eae4f9112a3941c4f128) Importer(2089858483,b0f066a214c2f5e87bad3c948f4d605d)
Start importing Assets/Plugins & Utilities/FMOD/platforms/win/lib/x86_64/resonanceaudio.dll using Guid(4c8fb9b92ea2eae4f9112a3941c4f128) Importer(2089858483,b0f066a214c2f5e87bad3c948f4d605d) (ScriptedImporter) -> (artifact id: '5636e40e6816186c45f0968ef0d36a10') in 0.0206287 seconds
Number of updated asset objects reloaded before import = 0Number of asset objects unloaded after import = 0

========================================================================
Received Import Request.
  Time since last request: 0.000015 seconds.
  path: Assets/Plugins & Utilities/FMOD/platforms/uwp/lib/x64/fmod.dll
  artifactKey: Guid(68f9a982a926833498d438319388a455) Importer(2089858483,b0f066a214c2f5e87bad3c948f4d605d)
Start importing Assets/Plugins & Utilities/FMOD/platforms/uwp/lib/x64/fmod.dll using Guid(68f9a982a926833498d438319388a455) Importer(2089858483,b0f066a214c2f5e87bad3c948f4d605d) (ScriptedImporter) -> (artifact id: '90b93e8f6c83da14f2bf05797de0c5ad') in 0.0205843 seconds
Number of updated asset objects reloaded before import = 0Number of asset objects unloaded after import = 0

========================================================================
Received Import Request.
  Time since last request: 0.000019 seconds.
  path: Assets/UI/UI Asset/Assets/Common/Images/Heathen Corporate/HeathenLogoVectorized.svg
  artifactKey: Guid(d1fed8103256f274489426edd19f7da3) Importer(2089858483,b0f066a214c2f5e87bad3c948f4d605d)
Start importing Assets/UI/UI Asset/Assets/Common/Images/Heathen Corporate/HeathenLogoVectorized.svg using Guid(d1fed8103256f274489426edd19f7da3) Importer(2089858483,b0f066a214c2f5e87bad3c948f4d605d) (ScriptedImporter) -> (artifact id: 'a5ea6d9d2475b1c77c09c81d9f274dd7') in 0.0367182 seconds
Number of updated asset objects reloaded before import = 0Number of asset objects unloaded after import = 1

========================================================================
Received Import Request.
  Time since last request: 0.000035 seconds.
  path: Assets/UI/UI Asset/Assets/Common/Images/Heathen Corporate/Heathen Logo 2019.png
  artifactKey: Guid(9a5dc521372f65d47aa5077047bd5606) Importer(2089858483,b0f066a214c2f5e87bad3c948f4d605d)
Start importing Assets/UI/UI Asset/Assets/Common/Images/Heathen Corporate/Heathen Logo 2019.png using Guid(9a5dc521372f65d47aa5077047bd5606) Importer(2089858483,b0f066a214c2f5e87bad3c948f4d605d) (ScriptedImporter) -> (artifact id: '2ebcbf14f2cbffb9f13f3125d53914de') in 0.0372841 seconds
Number of updated asset objects reloaded before import = 0Number of asset objects unloaded after import = 1

========================================================================
Received Import Request.
  Time since last request: 0.000017 seconds.
  path: Assets/UI/UI Asset/Free/Lock.png
  artifactKey: Guid(f9e4c141412ca6345963f9ece84aae0a) Importer(2089858483,b0f066a214c2f5e87bad3c948f4d605d)
Start importing Assets/UI/UI Asset/Free/Lock.png using Guid(f9e4c141412ca6345963f9ece84aae0a) Importer(2089858483,b0f066a214c2f5e87bad3c948f4d605d) (ScriptedImporter) -> (artifact id: '547ce75aebdec1a40ec49158220c1fac') in 0.0332531 seconds
Number of updated asset objects reloaded before import = 0Number of asset objects unloaded after import = 3

========================================================================
Received Import Request.
  Time since last request: 0.000018 seconds.
  path: Assets/Plugins & Utilities/DA-Shared/Assembly/SVGMeshUnity/LICENSES/abs-svg-path.txt
  artifactKey: Guid(bce8eafaf56c7c3408c99182ce13cf46) Importer(2089858483,b0f066a214c2f5e87bad3c948f4d605d)
Start importing Assets/Plugins & Utilities/DA-Shared/Assembly/SVGMeshUnity/LICENSES/abs-svg-path.txt using Guid(bce8eafaf56c7c3408c99182ce13cf46) Importer(2089858483,b0f066a214c2f5e87bad3c948f4d605d) (ScriptedImporter) -> (artifact id: 'f0c13f552ec5cec144a15cd950ff6cb3') in 0.0305377 seconds
Number of updated asset objects reloaded before import = 0Number of asset objects unloaded after import = 1

========================================================================
Received Import Request.
  Time since last request: 0.000019 seconds.
  path: Assets/Plugins & Utilities/FMOD/platforms/linux/lib/x86_64/libresonanceaudio.so
  artifactKey: Guid(bca6f630c310b4945b52486d2ed1da0a) Importer(2089858483,b0f066a214c2f5e87bad3c948f4d605d)
Start importing Assets/Plugins & Utilities/FMOD/platforms/linux/lib/x86_64/libresonanceaudio.so using Guid(bca6f630c310b4945b52486d2ed1da0a) Importer(2089858483,b0f066a214c2f5e87bad3c948f4d605d) (ScriptedImporter) -> (artifact id: '4f7091491f8641612cf9c4850ebeedcd') in 0.019499 seconds
Number of updated asset objects reloaded before import = 0Number of asset objects unloaded after import = 0

========================================================================
Received Import Request.
  Time since last request: 0.000026 seconds.
  path: Assets/UI/Circuit Details UI/Lap Time Details/Delta 4x 1598598585.png
  artifactKey: Guid(f33331ac4ba3de3428ca8cb018c85bce) Importer(2089858483,b0f066a214c2f5e87bad3c948f4d605d)
Start importing Assets/UI/Circuit Details UI/Lap Time Details/Delta 4x 1598598585.png using Guid(f33331ac4ba3de3428ca8cb018c85bce) Importer(2089858483,b0f066a214c2f5e87bad3c948f4d605d) (ScriptedImporter) -> (artifact id: '14c4e52a59134e39c9616b1045072af5') in 0.0363372 seconds
Number of updated asset objects reloaded before import = 0Number of asset objects unloaded after import = 3

========================================================================
Received Import Request.
  Time since last request: 0.000020 seconds.
  path: Assets/Plugins & Utilities/FMOD/src/Editor/EventBrowser.cs
  artifactKey: Guid(5332ad2baabb58844975479e906001c8) Importer(2089858483,b0f066a214c2f5e87bad3c948f4d605d)
Start importing Assets/Plugins & Utilities/FMOD/src/Editor/EventBrowser.cs using Guid(5332ad2baabb58844975479e906001c8) Importer(2089858483,b0f066a214c2f5e87bad3c948f4d605d) (ScriptedImporter) -> (artifact id: 'f15637a1f4702f372cdf9abf85964017') in 0.0198871 seconds
Number of updated asset objects reloaded before import = 0Number of asset objects unloaded after import = 0

========================================================================
Received Import Request.
  Time since last request: 0.000014 seconds.
  path: Assets/Models/Car Model 6.fbx
  artifactKey: Guid(19041b4b9cfa765439259c7f3a46b01d) Importer(2089858483,b0f066a214c2f5e87bad3c948f4d605d)
Start importing Assets/Models/Car Model 6.fbx using Guid(19041b4b9cfa765439259c7f3a46b01d) Importer(2089858483,b0f066a214c2f5e87bad3c948f4d605d) (ScriptedImporter) -> (artifact id: 'ec7f04bdc69513fd8ca4c3f93114f3d5') in 0.0472786 seconds
Number of updated asset objects reloaded before import = 0Number of asset objects unloaded after import = 37

========================================================================
Received Import Request.
  Time since last request: 0.000024 seconds.
  path: Assets/UI/UI Asset/Free/128.png
  artifactKey: Guid(87ea2079a91b3e74f84b5cb700abb4d6) Importer(2089858483,b0f066a214c2f5e87bad3c948f4d605d)
Start importing Assets/UI/UI Asset/Free/128.png using Guid(87ea2079a91b3e74f84b5cb700abb4d6) Importer(2089858483,b0f066a214c2f5e87bad3c948f4d605d) (ScriptedImporter) -> (artifact id: '9dbe9bdad33159492c9b206d856e4106') in 0.0425075 seconds
Number of updated asset objects reloaded before import = 0Number of asset objects unloaded after import = 3

========================================================================
Received Import Request.
  Time since last request: 0.000034 seconds.
  path: Assets/Scripts/Car/CameraController.cs
  artifactKey: Guid(717d4fdc54b80294891ee6d429dbb38e) Importer(2089858483,b0f066a214c2f5e87bad3c948f4d605d)
Start importing Assets/Scripts/Car/CameraController.cs using Guid(717d4fdc54b80294891ee6d429dbb38e) Importer(2089858483,b0f066a214c2f5e87bad3c948f4d605d) (ScriptedImporter) -> (artifact id: '2bb6d3bd7b1b332b8db26582ae86233c') in 0.0163029 seconds
Number of updated asset objects reloaded before import = 0Number of asset objects unloaded after import = 0

========================================================================
Received Import Request.
  Time since last request: 0.000015 seconds.
  path: Assets/UI/UI Asset/Free/Facebook 2.png
  artifactKey: Guid(741fdffd863c9784990792a90548e1f2) Importer(2089858483,b0f066a214c2f5e87bad3c948f4d605d)
Start importing Assets/UI/UI Asset/Free/Facebook 2.png using Guid(741fdffd863c9784990792a90548e1f2) Importer(2089858483,b0f066a214c2f5e87bad3c948f4d605d) (ScriptedImporter) -> (artifact id: '7763b5930aec42e9816edf3444551f1c') in 0.0390033 seconds
Number of updated asset objects reloaded before import = 0Number of asset objects unloaded after import = 3

========================================================================
Received Import Request.
  Time since last request: 0.000018 seconds.
  path: Assets/Plugins & Utilities/DA-Shared/Assembly/Coroutine/DARunner.cs
  artifactKey: Guid(bcfcbb6fdb2dcf64796f367078d7722b) Importer(2089858483,b0f066a214c2f5e87bad3c948f4d605d)
Start importing Assets/Plugins & Utilities/DA-Shared/Assembly/Coroutine/DARunner.cs using Guid(bcfcbb6fdb2dcf64796f367078d7722b) Importer(2089858483,b0f066a214c2f5e87bad3c948f4d605d) (ScriptedImporter) -> (artifact id: '6696d982c9676b212c506abee418df6d') in 0.0202603 seconds
Number of updated asset objects reloaded before import = 0Number of asset objects unloaded after import = 0

========================================================================
Received Import Request.
  Time since last request: 0.000013 seconds.
  path: Assets/Plugins & Utilities/DA-Shared/Assembly/SVGMeshUnity/LICENSES/svg-arc-to-cubic-bezier.txt
  artifactKey: Guid(99248ff198330e1489d4213f3818433b) Importer(2089858483,b0f066a214c2f5e87bad3c948f4d605d)
Start importing Assets/Plugins & Utilities/DA-Shared/Assembly/SVGMeshUnity/LICENSES/svg-arc-to-cubic-bezier.txt using Guid(99248ff198330e1489d4213f3818433b) Importer(2089858483,b0f066a214c2f5e87bad3c948f4d605d) (ScriptedImporter) -> (artifact id: '3846cf4cdc56db59f26e78577bf68fab') in 0.0338006 seconds
Number of updated asset objects reloaded before import = 0Number of asset objects unloaded after import = 1

========================================================================
Received Import Request.
  Time since last request: 0.000017 seconds.
  path: Assets/UI/UI Asset/Free/Divider.png
  artifactKey: Guid(3e33bda025a5e1d4eae51ae3933d9954) Importer(2089858483,b0f066a214c2f5e87bad3c948f4d605d)
Start importing Assets/UI/UI Asset/Free/Divider.png using Guid(3e33bda025a5e1d4eae51ae3933d9954) Importer(2089858483,b0f066a214c2f5e87bad3c948f4d605d) (ScriptedImporter) -> (artifact id: '3358b32519f3ace0c7fd820a20d9fbc3') in 0.0330841 seconds
Number of updated asset objects reloaded before import = 0Number of asset objects unloaded after import = 3

========================================================================
Received Import Request.
  Time since last request: 0.000161 seconds.
  path: Assets/Scripts/UI/MainMenuUI.cs
  artifactKey: Guid(c2c77fd244a0c934f8b259dd9eedc285) Importer(2089858483,b0f066a214c2f5e87bad3c948f4d605d)
Start importing Assets/Scripts/UI/MainMenuUI.cs using Guid(c2c77fd244a0c934f8b259dd9eedc285) Importer(2089858483,b0f066a214c2f5e87bad3c948f4d605d) (ScriptedImporter) -> (artifact id: '2f13c8f2e50998bd65b04e063331ec5e') in 0.0144633 seconds
Number of updated asset objects reloaded before import = 0Number of asset objects unloaded after import = 0

========================================================================
Received Import Request.
  Time since last request: 0.000017 seconds.
  path: Assets/Plugins & Utilities/StreamingAssets/Master.strings.bank
  artifactKey: Guid(e91bba96ffa088d4f8a45b98ea382444) Importer(2089858483,b0f066a214c2f5e87bad3c948f4d605d)
Start importing Assets/Plugins & Utilities/StreamingAssets/Master.strings.bank using Guid(e91bba96ffa088d4f8a45b98ea382444) Importer(2089858483,b0f066a214c2f5e87bad3c948f4d605d) (ScriptedImporter) -> (artifact id: 'b81d86bd366f190215c49cbcd9a1ee86') in 0.017787 seconds
Number of updated asset objects reloaded before import = 0Number of asset objects unloaded after import = 1

========================================================================
Received Import Request.
  Time since last request: 0.000026 seconds.
  path: Assets/UI/TextMesh Pro/Shaders/TMP_SDF SSD.shader
  artifactKey: Guid(14eb328de4b8eb245bb7cea29e4ac00b) Importer(2089858483,b0f066a214c2f5e87bad3c948f4d605d)
Start importing Assets/UI/TextMesh Pro/Shaders/TMP_SDF SSD.shader using Guid(14eb328de4b8eb245bb7cea29e4ac00b) Importer(2089858483,b0f066a214c2f5e87bad3c948f4d605d) (ScriptedImporter) -> (artifact id: '8b7ac1ec9a23d0530b785381e13ccd1c') in 0.0216833 seconds
Number of updated asset objects reloaded before import = 0Number of asset objects unloaded after import = 1

========================================================================
Received Import Request.
  Time since last request: 0.000013 seconds.
  path: Assets/Plugins & Utilities/DA-Shared/Assembly/DALocalizator.cs
  artifactKey: Guid(45bb25dc75ecfe84da6e12e0fb28cc9c) Importer(2089858483,b0f066a214c2f5e87bad3c948f4d605d)
Start importing Assets/Plugins & Utilities/DA-Shared/Assembly/DALocalizator.cs using Guid(45bb25dc75ecfe84da6e12e0fb28cc9c) Importer(2089858483,b0f066a214c2f5e87bad3c948f4d605d) (ScriptedImporter) -> (artifact id: '29b789fdd35d5049707093ce3a4b5898') in 0.0180468 seconds
Number of updated asset objects reloaded before import = 0Number of asset objects unloaded after import = 0

========================================================================
Received Import Request.
  Time since last request: 0.000019 seconds.
  path: Assets/Skybox/Skybox Cubemap Extended/Core/Editor/SkyboxExtendedWindows.cs
  artifactKey: Guid(7c986bd7ffe2fa34a857eb813db03d77) Importer(2089858483,b0f066a214c2f5e87bad3c948f4d605d)
Start importing Assets/Skybox/Skybox Cubemap Extended/Core/Editor/SkyboxExtendedWindows.cs using Guid(7c986bd7ffe2fa34a857eb813db03d77) Importer(2089858483,b0f066a214c2f5e87bad3c948f4d605d) (ScriptedImporter) -> (artifact id: 'c5c66b55ebfc6b6e790a3c7bade30676') in 0.0175758 seconds
Number of updated asset objects reloaded before import = 0Number of asset objects unloaded after import = 0

========================================================================
Received Import Request.
  Time since last request: 0.000090 seconds.
  path: Assets/Plugins & Utilities/FMOD/FMODUnity.asmdef
  artifactKey: Guid(0c752da273b17c547ae705acf0f2adf2) Importer(2089858483,b0f066a214c2f5e87bad3c948f4d605d)
Start importing Assets/Plugins & Utilities/FMOD/FMODUnity.asmdef using Guid(0c752da273b17c547ae705acf0f2adf2) Importer(2089858483,b0f066a214c2f5e87bad3c948f4d605d) (ScriptedImporter) -> (artifact id: '8f15732d8a48b19d7a96e69d5d661c8f') in 0.0286809 seconds
Number of updated asset objects reloaded before import = 0Number of asset objects unloaded after import = 1

========================================================================
Received Import Request.
  Time since last request: 0.000014 seconds.
  path: Assets/Bahrain International Circuit/Textures/Noise/Noise - Normal.png
  artifactKey: Guid(37d36678a0f7990439fe5747931626b9) Importer(2089858483,b0f066a214c2f5e87bad3c948f4d605d)
Start importing Assets/Bahrain International Circuit/Textures/Noise/Noise - Normal.png using Guid(37d36678a0f7990439fe5747931626b9) Importer(2089858483,b0f066a214c2f5e87bad3c948f4d605d) (ScriptedImporter) -> (artifact id: 'b332a4c347f275742f2920cdae7f26db') in 0.0231282 seconds
Number of updated asset objects reloaded before import = 0Number of asset objects unloaded after import = 1

========================================================================
Received Import Request.
  Time since last request: 0.000014 seconds.
  path: Assets/Plugins & Utilities/FMOD/images/ArrowIcon.png
  artifactKey: Guid(01c0101f357b9da4ba78b8f58c290f86) Importer(2089858483,b0f066a214c2f5e87bad3c948f4d605d)
Start importing Assets/Plugins & Utilities/FMOD/images/ArrowIcon.png using Guid(01c0101f357b9da4ba78b8f58c290f86) Importer(2089858483,b0f066a214c2f5e87bad3c948f4d605d) (ScriptedImporter) -> (artifact id: '7e308b89075f4529e89b6ee09be8130b') in 0.033541 seconds
Number of updated asset objects reloaded before import = 0Number of asset objects unloaded after import = 1

========================================================================
Received Import Request.
  Time since last request: 0.000014 seconds.
  path: Assets/Plugins & Utilities/FMOD/platform_ios.mm
  artifactKey: Guid(fc7eb3c9194584004bdf04921e5cb057) Importer(2089858483,b0f066a214c2f5e87bad3c948f4d605d)
Start importing Assets/Plugins & Utilities/FMOD/platform_ios.mm using Guid(fc7eb3c9194584004bdf04921e5cb057) Importer(2089858483,b0f066a214c2f5e87bad3c948f4d605d) (ScriptedImporter) -> (artifact id: 'ef75dbfc55db4658a15c9ab00d0a6817') in 0.0223439 seconds
Number of updated asset objects reloaded before import = 0Number of asset objects unloaded after import = 0

========================================================================
Received Import Request.
  Time since last request: 0.000017 seconds.
  path: Assets/Plugins & Utilities/FMOD/platforms/visionos/lib/libresonanceaudio_xros.a
  artifactKey: Guid(c56aac88d64894d01a74d1cf8f609da6) Importer(2089858483,b0f066a214c2f5e87bad3c948f4d605d)
Start importing Assets/Plugins & Utilities/FMOD/platforms/visionos/lib/libresonanceaudio_xros.a using Guid(c56aac88d64894d01a74d1cf8f609da6) Importer(2089858483,b0f066a214c2f5e87bad3c948f4d605d) (ScriptedImporter) -> (artifact id: '8424ffdadbc62b72cd60020a863aa74f') in 0.0143215 seconds
Number of updated asset objects reloaded before import = 0Number of asset objects unloaded after import = 0

========================================================================
Received Import Request.
  Time since last request: 0.000024 seconds.
  path: Assets/Skybox/Utils/Editor/Boxophobic.Utils.Editor.asmdef
  artifactKey: Guid(10f1dd4cfd6afb54da274d7d818bd8f6) Importer(2089858483,b0f066a214c2f5e87bad3c948f4d605d)
Start importing Assets/Skybox/Utils/Editor/Boxophobic.Utils.Editor.asmdef using Guid(10f1dd4cfd6afb54da274d7d818bd8f6) Importer(2089858483,b0f066a214c2f5e87bad3c948f4d605d) (ScriptedImporter) -> (artifact id: '6895e7616a4c5e1fdfd6752f88b5ae49') in 0.0333008 seconds
Number of updated asset objects reloaded before import = 0Number of asset objects unloaded after import = 1

========================================================================
Received Import Request.
  Time since last request: 0.000016 seconds.
  path: Assets/Plugins & Utilities/DA-Shared/Assembly/SVGMeshUnity/LICENSES/binary-search-bounds.txt
  artifactKey: Guid(aff55329990286a448952ec0acb9b26b) Importer(2089858483,b0f066a214c2f5e87bad3c948f4d605d)
Start importing Assets/Plugins & Utilities/DA-Shared/Assembly/SVGMeshUnity/LICENSES/binary-search-bounds.txt using Guid(aff55329990286a448952ec0acb9b26b) Importer(2089858483,b0f066a214c2f5e87bad3c948f4d605d) (ScriptedImporter) -> (artifact id: '96fc1e9aa53a3a22902f83cf7ac396e5') in 0.0293379 seconds
Number of updated asset objects reloaded before import = 0Number of asset objects unloaded after import = 1

========================================================================
Received Import Request.
  Time since last request: 0.000015 seconds.
  path: Assets/Bahrain International Circuit/Textures/Solid Colors/Solid - 2.png
  artifactKey: Guid(0a882174366d2744095b0960845c5638) Importer(2089858483,b0f066a214c2f5e87bad3c948f4d605d)
Start importing Assets/Bahrain International Circuit/Textures/Solid Colors/Solid - 2.png using Guid(0a882174366d2744095b0960845c5638) Importer(2089858483,b0f066a214c2f5e87bad3c948f4d605d) (ScriptedImporter) -> (artifact id: '754fb6d43ce03de642ed228626b27cf5') in 0.0179379 seconds
Number of updated asset objects reloaded before import = 0Number of asset objects unloaded after import = 1

========================================================================
Received Import Request.
  Time since last request: 0.000017 seconds.
  path: Assets/CarFriction.physicMaterial
  artifactKey: Guid(dfb5d8318f8f1cb47afc8bf42c77bb9f) Importer(2089858483,b0f066a214c2f5e87bad3c948f4d605d)
Start importing Assets/CarFriction.physicMaterial using Guid(dfb5d8318f8f1cb47afc8bf42c77bb9f) Importer(2089858483,b0f066a214c2f5e87bad3c948f4d605d) (ScriptedImporter) -> (artifact id: 'e0d191c53a0d77997b76d99502a2f265') in 0.0308539 seconds
Number of updated asset objects reloaded before import = 0Number of asset objects unloaded after import = 1

========================================================================
Received Import Request.
  Time since last request: 0.000045 seconds.
  path: Assets/Skybox/Utils/Editor/StyledInspector/StyledSpaceDrawer.cs
  artifactKey: Guid(db0457065a494f34aa3b619f240d8bda) Importer(2089858483,b0f066a214c2f5e87bad3c948f4d605d)
Start importing Assets/Skybox/Utils/Editor/StyledInspector/StyledSpaceDrawer.cs using Guid(db0457065a494f34aa3b619f240d8bda) Importer(2089858483,b0f066a214c2f5e87bad3c948f4d605d) (ScriptedImporter) -> (artifact id: '2cccbda1989777944d7e660075d0f3c7') in 0.0154629 seconds
Number of updated asset objects reloaded before import = 0Number of asset objects unloaded after import = 0

========================================================================
Received Import Request.
  Time since last request: 0.000017 seconds.
  path: Assets/Skybox/Skybox Cubemap Extended/Demo/Materials/LowPoly - TreeTrunk.mat
  artifactKey: Guid(2a8f9a878cb7cff45b00339938d945ce) Importer(2089858483,b0f066a214c2f5e87bad3c948f4d605d)
Start importing Assets/Skybox/Skybox Cubemap Extended/Demo/Materials/LowPoly - TreeTrunk.mat using Guid(2a8f9a878cb7cff45b00339938d945ce) Importer(2089858483,b0f066a214c2f5e87bad3c948f4d605d) (ScriptedImporter) -> (artifact id: '53a9bae38b29023cde899a6f0349bb26') in 0.0152838 seconds
Number of updated asset objects reloaded before import = 0Number of asset objects unloaded after import = 1

========================================================================
Received Import Request.
  Time since last request: 0.000122 seconds.
  path: Assets/Plugins & Utilities/FMOD/src/EventRefAttribute.cs
  artifactKey: Guid(1b29a1189268c3b47aa2ec4b96a9e7ef) Importer(2089858483,b0f066a214c2f5e87bad3c948f4d605d)
Start importing Assets/Plugins & Utilities/FMOD/src/EventRefAttribute.cs using Guid(1b29a1189268c3b47aa2ec4b96a9e7ef) Importer(2089858483,b0f066a214c2f5e87bad3c948f4d605d) (ScriptedImporter) -> (artifact id: '40b43a4d1d0f946258d77e03c8119c99') in 0.0150179 seconds
Number of updated asset objects reloaded before import = 0Number of asset objects unloaded after import = 0

========================================================================
Received Import Request.
  Time since last request: 0.000016 seconds.
  path: Assets/Plugins & Utilities/DA-Shared/Assembly/SVGMeshUnity/LICENSES/robust-sum.txt
  artifactKey: Guid(6acbd044513dcb046ad452216898aaf2) Importer(2089858483,b0f066a214c2f5e87bad3c948f4d605d)
Start importing Assets/Plugins & Utilities/DA-Shared/Assembly/SVGMeshUnity/LICENSES/robust-sum.txt using Guid(6acbd044513dcb046ad452216898aaf2) Importer(2089858483,b0f066a214c2f5e87bad3c948f4d605d) (ScriptedImporter) -> (artifact id: 'f64f8ff3d28efbf5487b9e84a95c5a90') in 0.0298213 seconds
Number of updated asset objects reloaded before import = 0Number of asset objects unloaded after import = 1

========================================================================
Received Import Request.
  Time since last request: 0.000019 seconds.
  path: Assets/Bahrain International Circuit/Textures/Metal/Metal - Metallic.png
  artifactKey: Guid(def74900eb4b5c24481421ab9e94db30) Importer(2089858483,b0f066a214c2f5e87bad3c948f4d605d)
Start importing Assets/Bahrain International Circuit/Textures/Metal/Metal - Metallic.png using Guid(def74900eb4b5c24481421ab9e94db30) Importer(2089858483,b0f066a214c2f5e87bad3c948f4d605d) (ScriptedImporter) -> (artifact id: '90398899d5e0dfc4eeb53c4ae1f6d213') in 0.0247364 seconds
Number of updated asset objects reloaded before import = 0Number of asset objects unloaded after import = 1

========================================================================
Received Import Request.
  Time since last request: 0.000084 seconds.
  path: Assets/Plugins & Utilities/FMOD/src/PlatformMobileLow.cs
  artifactKey: Guid(3abeb1429547a134480f4f2f1efc7e21) Importer(2089858483,b0f066a214c2f5e87bad3c948f4d605d)
Start importing Assets/Plugins & Utilities/FMOD/src/PlatformMobileLow.cs using Guid(3abeb1429547a134480f4f2f1efc7e21) Importer(2089858483,b0f066a214c2f5e87bad3c948f4d605d) (ScriptedImporter) -> (artifact id: 'c1d588a468e9557fcbef36a3658dbafa') in 0.0160138 seconds
Number of updated asset objects reloaded before import = 0Number of asset objects unloaded after import = 0

========================================================================
Received Import Request.
  Time since last request: 0.000019 seconds.
  path: Assets/Bahrain International Circuit/Textures/Solid Colors/Solid - 5.png
  artifactKey: Guid(23d1b428ca7f3f842ade9440ef358973) Importer(2089858483,b0f066a214c2f5e87bad3c948f4d605d)
Start importing Assets/Bahrain International Circuit/Textures/Solid Colors/Solid - 5.png using Guid(23d1b428ca7f3f842ade9440ef358973) Importer(2089858483,b0f066a214c2f5e87bad3c948f4d605d) (ScriptedImporter) -> (artifact id: 'd72d76ae1e28495d8129e8f85af1db67') in 0.0443589 seconds
Number of updated asset objects reloaded before import = 0Number of asset objects unloaded after import = 1

========================================================================
Received Import Request.
  Time since last request: 0.000021 seconds.
  path: Assets/UI/TextMesh Pro/Shaders/TMP_Bitmap.shader
  artifactKey: Guid(128e987d567d4e2c824d754223b3f3b0) Importer(2089858483,b0f066a214c2f5e87bad3c948f4d605d)
Start importing Assets/UI/TextMesh Pro/Shaders/TMP_Bitmap.shader using Guid(128e987d567d4e2c824d754223b3f3b0) Importer(2089858483,b0f066a214c2f5e87bad3c948f4d605d) (ScriptedImporter) -> (artifact id: 'f840f404b3b018914b5caebb06a7c3e5') in 0.0197387 seconds
Number of updated asset objects reloaded before import = 0Number of asset objects unloaded after import = 1

========================================================================
Received Import Request.
  Time since last request: 0.000017 seconds.
  path: Assets/Skybox/Utils/Editor/StyledMono/StyledMonoBehaviourEditor.cs
  artifactKey: Guid(29c1ac24df072a744a4bdc6a209772bf) Importer(2089858483,b0f066a214c2f5e87bad3c948f4d605d)
Start importing Assets/Skybox/Utils/Editor/StyledMono/StyledMonoBehaviourEditor.cs using Guid(29c1ac24df072a744a4bdc6a209772bf) Importer(2089858483,b0f066a214c2f5e87bad3c948f4d605d) (ScriptedImporter) -> (artifact id: '8ac944ea894a48a069f3538941e9bd36') in 0.0159692 seconds
Number of updated asset objects reloaded before import = 0Number of asset objects unloaded after import = 0

========================================================================
Received Import Request.
  Time since last request: 0.000024 seconds.
  path: Assets/Models/Missing Ground.fbx
  artifactKey: Guid(f5774d7e1f100194fb966a0b1e80e555) Importer(2089858483,b0f066a214c2f5e87bad3c948f4d605d)
Start importing Assets/Models/Missing Ground.fbx using Guid(f5774d7e1f100194fb966a0b1e80e555) Importer(2089858483,b0f066a214c2f5e87bad3c948f4d605d) (ScriptedImporter) -> (artifact id: '73eb5fb028b58d51cf3ce92b048a0bd3') in 0.0238208 seconds
Number of updated asset objects reloaded before import = 0Number of asset objects unloaded after import = 8

========================================================================
Received Import Request.
  Time since last request: 0.000019 seconds.
  path: Assets/Skybox/Skybox Cubemap Extended/Demo/Materials/LowPoly - Wood.mat
  artifactKey: Guid(ff059fc016fcf8d4a88162b27e334cba) Importer(2089858483,b0f066a214c2f5e87bad3c948f4d605d)
Start importing Assets/Skybox/Skybox Cubemap Extended/Demo/Materials/LowPoly - Wood.mat using Guid(ff059fc016fcf8d4a88162b27e334cba) Importer(2089858483,b0f066a214c2f5e87bad3c948f4d605d) (ScriptedImporter) -> (artifact id: '269e4d80213ada42a0c0545284d857e5') in 0.0191733 seconds
Number of updated asset objects reloaded before import = 0Number of asset objects unloaded after import = 1

========================================================================
Received Import Request.
  Time since last request: 0.000029 seconds.
  path: Assets/Plugins & Utilities/DA-Shared/Assembly/TProp.cs
  artifactKey: Guid(8e7608d91828e5045a221dc74d7dfb5e) Importer(2089858483,b0f066a214c2f5e87bad3c948f4d605d)
Start importing Assets/Plugins & Utilities/DA-Shared/Assembly/TProp.cs using Guid(8e7608d91828e5045a221dc74d7dfb5e) Importer(2089858483,b0f066a214c2f5e87bad3c948f4d605d) (ScriptedImporter) -> (artifact id: '576446259007a497166ef23d0db3f0da') in 0.0174157 seconds
Number of updated asset objects reloaded before import = 0Number of asset objects unloaded after import = 0

========================================================================
Received Import Request.
  Time since last request: 0.000022 seconds.
  path: Assets/Scripts/UI/CircuitSelectionUI.cs
  artifactKey: Guid(4ca8586dfd64e61438b6810929eb47a9) Importer(2089858483,b0f066a214c2f5e87bad3c948f4d605d)
Start importing Assets/Scripts/UI/CircuitSelectionUI.cs using Guid(4ca8586dfd64e61438b6810929eb47a9) Importer(2089858483,b0f066a214c2f5e87bad3c948f4d605d) (ScriptedImporter) -> (artifact id: '041b60dcd564d6e8ae4130dbdb178064') in 0.0219842 seconds
Number of updated asset objects reloaded before import = 0Number of asset objects unloaded after import = 0

========================================================================
Received Import Request.
  Time since last request: 0.000020 seconds.
  path: Assets/Prefabs/F1-Car (Ghost).prefab
  artifactKey: Guid(7fa0f941770f32f4d8a9ff2a11d06727) Importer(2089858483,b0f066a214c2f5e87bad3c948f4d605d)
Start importing Assets/Prefabs/F1-Car (Ghost).prefab using Guid(7fa0f941770f32f4d8a9ff2a11d06727) Importer(2089858483,b0f066a214c2f5e87bad3c948f4d605d) (ScriptedImporter) -> (artifact id: 'ff2240cf36d031701e633bd2e367969e') in 0.0392106 seconds
Number of updated asset objects reloaded before import = 0Number of asset objects unloaded after import = 38

========================================================================
Received Import Request.
  Time since last request: 0.000026 seconds.
  path: Assets/Plugins & Utilities/DA-Shared/Assembly/SVGMeshUnity/SVGData.cs
  artifactKey: Guid(7927a8fbe7ef84ebc95a11f2b57680f5) Importer(2089858483,b0f066a214c2f5e87bad3c948f4d605d)
Start importing Assets/Plugins & Utilities/DA-Shared/Assembly/SVGMeshUnity/SVGData.cs using Guid(7927a8fbe7ef84ebc95a11f2b57680f5) Importer(2089858483,b0f066a214c2f5e87bad3c948f4d605d) (ScriptedImporter) -> (artifact id: 'c43d0853e8b71dcec02d4193947124e7') in 0.0173065 seconds
Number of updated asset objects reloaded before import = 0Number of asset objects unloaded after import = 0

========================================================================
Received Import Request.
  Time since last request: 0.000014 seconds.
  path: Assets/Skybox/Skybox Cubemap Extended/Demo/Materials/LowPoly - Rock.mat
  artifactKey: Guid(37524ae4594222f4f8acd7b76234f79a) Importer(2089858483,b0f066a214c2f5e87bad3c948f4d605d)
Start importing Assets/Skybox/Skybox Cubemap Extended/Demo/Materials/LowPoly - Rock.mat using Guid(37524ae4594222f4f8acd7b76234f79a) Importer(2089858483,b0f066a214c2f5e87bad3c948f4d605d) (ScriptedImporter) -> (artifact id: '6fc5c4ffee1a631ad6caf28211f82a28') in 0.0237419 seconds
Number of updated asset objects reloaded before import = 0Number of asset objects unloaded after import = 1

========================================================================
Received Import Request.
  Time since last request: 0.000018 seconds.
  path: Assets/Models/FNIL - Wheels.mat
  artifactKey: Guid(0957a5587f6a273438c5de16a8232d60) Importer(2089858483,b0f066a214c2f5e87bad3c948f4d605d)
Start importing Assets/Models/FNIL - Wheels.mat using Guid(0957a5587f6a273438c5de16a8232d60) Importer(2089858483,b0f066a214c2f5e87bad3c948f4d605d) (ScriptedImporter) -> (artifact id: '7efba08a333ad3f388304cb893f4719e') in 0.0185601 seconds
Number of updated asset objects reloaded before import = 0Number of asset objects unloaded after import = 1

