Base path: 'C:/Program Files/Unity/Hub/Editor/6000.5.2f1/Editor/Data', plugins path 'C:/Program Files/Unity/Hub/Editor/6000.5.2f1/Editor/Data/PlaybackEngines', jobs: n
Cmd: initializeCompiler

Cmd: compileSnippet
  insize=8594 file=Packages/com.unity.render-pipelines.universal/Shaders/PostProcessing/FinalPost.shader name=Hidden/Universal Render Pipeline/FinalPost pass=FinalPostXR ppOnly=0 stripLineD=0 buildPlatform=19 rsLen=0 pKW=UNITY_ENABLE_REFLECTION_BUFFERS UNITY_USE_DITHER_MASK_FOR_ALPHABLENDED_SHADOWS UNITY_PBS_USE_BRDF1 UNITY_SPECCUBE_BOX_PROJECTION UNITY_SPECCUBE_BLENDING UNITY_ENABLE_DETAIL_NORMALMAP SHADER_API_DESKTOP UNITY_LIGHT_PROBE_PROXY_VOLUME UNITY_LIGHTMAP_FULL_HDR UNITY_PLATFORM_SUPPORTS_DEPTH_FETCH uKW= dKW=UNITY_NO_DXT5nm UNITY_FRAMEBUFFER_FETCH_AVAILABLE UNITY_METAL_SHADOWS_USE_POINT_FILTERING UNITY_NO_SCREENSPACE_SHADOWS UNITY_PBS_USE_BRDF2 UNITY_PBS_USE_BRDF3 UNITY_HARDWARE_TIER1 UNITY_HARDWARE_TIER2 UNITY_HARDWARE_TIER3 UNITY_COLORSPACE_GAMMA UNITY_LIGHTMAP_DLDR_ENCODING UNITY_LIGHTMAP_RGBM_ENCODING UNITY_VIRTUAL_TEXTURING UNITY_PRETRANSFORM_TO_DISPLAY_ORIENTATION UNITY_ASTC_NORMALMAP_ENCODING SHADER_API_GLES30 SHADER_API_GLES31 SHADER_API_GLES32 UNITY_UNIFIED_SHADER_PRECISION_MODEL flags=0 lang=3 type=Vertex platform=d3d11 reqs=33 mask=6 start=217
RunExternalCompiler: begin name=FXC
RunExternalCompiler: end
compileSnippet complete
 ok=1 outsize=642

Cmd: compileSnippet
  insize=1646 file=Packages/com.unity.render-pipelines.universal/Shaders/Particles/ParticlesSimpleLit.shader name=Universal Render Pipeline/Particles/Simple Lit pass=Universal2D ppOnly=0 stripLineD=0 buildPlatform=19 rsLen=0 pKW=UNITY_ENABLE_REFLECTION_BUFFERS UNITY_USE_DITHER_MASK_FOR_ALPHABLENDED_SHADOWS UNITY_PBS_USE_BRDF1 UNITY_SPECCUBE_BOX_PROJECTION UNITY_SPECCUBE_BLENDING UNITY_ENABLE_DETAIL_NORMALMAP SHADER_API_DESKTOP UNITY_LIGHT_PROBE_PROXY_VOLUME UNITY_LIGHTMAP_FULL_HDR UNITY_PLATFORM_SUPPORTS_DEPTH_FETCH uKW= dKW=UNITY_NO_DXT5nm UNITY_FRAMEBUFFER_FETCH_AVAILABLE UNITY_METAL_SHADOWS_USE_POINT_FILTERING UNITY_NO_SCREENSPACE_SHADOWS UNITY_PBS_USE_BRDF2 UNITY_PBS_USE_BRDF3 UNITY_HARDWARE_TIER1 UNITY_HARDWARE_TIER2 UNITY_HARDWARE_TIER3 UNITY_COLORSPACE_GAMMA UNITY_LIGHTMAP_DLDR_ENCODING UNITY_LIGHTMAP_RGBM_ENCODING UNITY_VIRTUAL_TEXTURING UNITY_PRETRANSFORM_TO_DISPLAY_ORIENTATION UNITY_ASTC_NORMALMAP_ENCODING SHADER_API_GLES30 SHADER_API_GLES31 SHADER_API_GLES32 UNITY_UNIFIED_SHADER_PRECISION_MODEL flags=0 lang=3 type=Vertex platform=d3d11 reqs=1 mask=6 start=440
RunExternalCompiler: begin name=FXC
RunExternalCompiler: end
compileSnippet complete
 ok=1 outsize=714

Cmd: compileSnippet
  insize=2497 file=Packages/com.unity.render-pipelines.universal/Shaders/Particles/ParticlesLit.shader name=Universal Render Pipeline/Particles/Lit pass=SceneSelectionPass ppOnly=0 stripLineD=0 buildPlatform=19 rsLen=0 pKW=UNITY_ENABLE_REFLECTION_BUFFERS UNITY_USE_DITHER_MASK_FOR_ALPHABLENDED_SHADOWS UNITY_PBS_USE_BRDF1 UNITY_SPECCUBE_BOX_PROJECTION UNITY_SPECCUBE_BLENDING UNITY_ENABLE_DETAIL_NORMALMAP SHADER_API_DESKTOP UNITY_LIGHT_PROBE_PROXY_VOLUME UNITY_LIGHTMAP_FULL_HDR UNITY_PLATFORM_SUPPORTS_DEPTH_FETCH uKW= dKW=DOTS_INSTANCING_ON INSTANCING_ON PROCEDURAL_INSTANCING_ON _FLIPBOOKBLENDING_ON UNITY_NO_DXT5nm UNITY_FRAMEBUFFER_FETCH_AVAILABLE UNITY_METAL_SHADOWS_USE_POINT_FILTERING UNITY_NO_SCREENSPACE_SHADOWS UNITY_PBS_USE_BRDF2 UNITY_PBS_USE_BRDF3 UNITY_HARDWARE_TIER1 UNITY_HARDWARE_TIER2 UNITY_HARDWARE_TIER3 UNITY_COLORSPACE_GAMMA UNITY_LIGHTMAP_DLDR_ENCODING UNITY_LIGHTMAP_RGBM_ENCODING UNITY_VIRTUAL_TEXTURING UNITY_PRETRANSFORM_TO_DISPLAY_ORIENTATION UNITY_ASTC_NORMALMAP_ENCODING SHADER_API_GLES30 SHADER_API_GLES31 SHADER_API_GLES32 UNITY_UNIFIED_SHADER_PRECISION_MODEL flags=0 lang=3 type=Vertex platform=d3d11 reqs=1 mask=6 start=346
RunExternalCompiler: begin name=FXC
RunExternalCompiler: end
compileSnippet complete
 ok=1 outsize=774

Cmd: compileSnippet
  insize=10834 file=Packages/com.unity.render-pipelines.universal/Shaders/2D/Light2D.shader name=Hidden/Light2D pass=<Unnamed Pass 0> ppOnly=0 stripLineD=0 buildPlatform=19 rsLen=0 pKW=UNITY_ENABLE_REFLECTION_BUFFERS UNITY_USE_DITHER_MASK_FOR_ALPHABLENDED_SHADOWS UNITY_PBS_USE_BRDF1 UNITY_SPECCUBE_BOX_PROJECTION UNITY_SPECCUBE_BLENDING UNITY_ENABLE_DETAIL_NORMALMAP SHADER_API_DESKTOP UNITY_LIGHT_PROBE_PROXY_VOLUME UNITY_LIGHTMAP_FULL_HDR UNITY_PLATFORM_SUPPORTS_DEPTH_FETCH uKW= dKW=USE_SHAPE_LIGHT_TYPE_0 USE_SHAPE_LIGHT_TYPE_1 USE_SHAPE_LIGHT_TYPE_2 USE_SHAPE_LIGHT_TYPE_3 USE_NORMAL_MAP USE_SHADOW_MAP USE_ADDITIVE_BLENDING USE_VOLUMETRIC USE_POINT_LIGHT_COOKIES LIGHT_QUALITY_FAST UNITY_NO_DXT5nm UNITY_FRAMEBUFFER_FETCH_AVAILABLE UNITY_METAL_SHADOWS_USE_POINT_FILTERING UNITY_NO_SCREENSPACE_SHADOWS UNITY_PBS_USE_BRDF2 UNITY_PBS_USE_BRDF3 UNITY_HARDWARE_TIER1 UNITY_HARDWARE_TIER2 UNITY_HARDWARE_TIER3 UNITY_COLORSPACE_GAMMA UNITY_LIGHTMAP_DLDR_ENCODING UNITY_LIGHTMAP_RGBM_ENCODING UNITY_VIRTUAL_TEXTURING UNITY_PRETRANSFORM_TO_DISPLAY_ORIENTATION UNITY_ASTC_NORMALMAP_ENCODING SHADER_API_GLES30 SHADER_API_GLES31 SHADER_API_GLES32 UNITY_UNIFIED_SHADER_PRECISION_MODEL flags=0 lang=3 type=Fragment platform=d3d11 reqs=33 mask=6 start=20
RunExternalCompiler: begin name=FXC
RunExternalCompiler: end
compileSnippet complete
 ok=1 outsize=1310

Cmd: compileSnippet
  insize=2373 file=Packages/com.unity.render-pipelines.universal/Shaders/Utils/ScreenSpaceAmbientOcclusion.shader name=Hidden/Universal Render Pipeline/ScreenSpaceAmbientOcclusion pass=SSAO_Occlusion ppOnly=0 stripLineD=0 buildPlatform=19 rsLen=0 pKW=UNITY_ENABLE_REFLECTION_BUFFERS UNITY_USE_DITHER_MASK_FOR_ALPHABLENDED_SHADOWS UNITY_PBS_USE_BRDF1 UNITY_SPECCUBE_BOX_PROJECTION UNITY_SPECCUBE_BLENDING UNITY_ENABLE_DETAIL_NORMALMAP SHADER_API_DESKTOP UNITY_LIGHT_PROBE_PROXY_VOLUME UNITY_LIGHTMAP_FULL_HDR UNITY_PLATFORM_SUPPORTS_DEPTH_FETCH uKW= dKW=UNITY_NO_DXT5nm UNITY_FRAMEBUFFER_FETCH_AVAILABLE UNITY_METAL_SHADOWS_USE_POINT_FILTERING UNITY_NO_SCREENSPACE_SHADOWS UNITY_PBS_USE_BRDF2 UNITY_PBS_USE_BRDF3 UNITY_HARDWARE_TIER1 UNITY_HARDWARE_TIER2 UNITY_HARDWARE_TIER3 UNITY_COLORSPACE_GAMMA UNITY_LIGHTMAP_DLDR_ENCODING UNITY_LIGHTMAP_RGBM_ENCODING UNITY_VIRTUAL_TEXTURING UNITY_PRETRANSFORM_TO_DISPLAY_ORIENTATION UNITY_ASTC_NORMALMAP_ENCODING SHADER_API_GLES30 SHADER_API_GLES31 SHADER_API_GLES32 UNITY_UNIFIED_SHADER_PRECISION_MODEL flags=0 lang=3 type=Vertex platform=d3d11 reqs=33 mask=6 start=33
RunExternalCompiler: begin name=FXC
RunExternalCompiler: end
compileSnippet complete
 ok=1 outsize=582

Cmd: compileSnippet
  insize=1259 file=Packages/com.unity.render-pipelines.universal/Shaders/Utils/ScreenSpaceAmbientOcclusion.shader name=Hidden/Universal Render Pipeline/ScreenSpaceAmbientOcclusion pass=SSAO_Gaussian_HorizontalBlur ppOnly=0 stripLineD=0 buildPlatform=19 rsLen=0 pKW=UNITY_ENABLE_REFLECTION_BUFFERS UNITY_USE_DITHER_MASK_FOR_ALPHABLENDED_SHADOWS UNITY_PBS_USE_BRDF1 UNITY_SPECCUBE_BOX_PROJECTION UNITY_SPECCUBE_BLENDING UNITY_ENABLE_DETAIL_NORMALMAP SHADER_API_DESKTOP UNITY_LIGHT_PROBE_PROXY_VOLUME UNITY_LIGHTMAP_FULL_HDR UNITY_PLATFORM_SUPPORTS_DEPTH_FETCH uKW= dKW=UNITY_NO_DXT5nm UNITY_FRAMEBUFFER_FETCH_AVAILABLE UNITY_METAL_SHADOWS_USE_POINT_FILTERING UNITY_NO_SCREENSPACE_SHADOWS UNITY_PBS_USE_BRDF2 UNITY_PBS_USE_BRDF3 UNITY_HARDWARE_TIER1 UNITY_HARDWARE_TIER2 UNITY_HARDWARE_TIER3 UNITY_COLORSPACE_GAMMA UNITY_LIGHTMAP_DLDR_ENCODING UNITY_LIGHTMAP_RGBM_ENCODING UNITY_VIRTUAL_TEXTURING UNITY_PRETRANSFORM_TO_DISPLAY_ORIENTATION UNITY_ASTC_NORMALMAP_ENCODING SHADER_API_GLES30 SHADER_API_GLES31 SHADER_API_GLES32 UNITY_UNIFIED_SHADER_PRECISION_MODEL flags=0 lang=3 type=Vertex platform=d3d11 reqs=33 mask=6 start=126
RunExternalCompiler: begin name=FXC
RunExternalCompiler: end
compileSnippet complete
 ok=1 outsize=582

Cmd: compileSnippet
  insize=1473 file=Packages/com.unity.render-pipelines.universal/Shaders/Utils/ScreenSpaceAmbientOcclusion.shader name=Hidden/Universal Render Pipeline/ScreenSpaceAmbientOcclusion pass=SSAO_Kawase_AfterOpaque ppOnly=0 stripLineD=0 buildPlatform=19 rsLen=0 pKW=UNITY_ENABLE_REFLECTION_BUFFERS UNITY_USE_DITHER_MASK_FOR_ALPHABLENDED_SHADOWS UNITY_PBS_USE_BRDF1 UNITY_SPECCUBE_BOX_PROJECTION UNITY_SPECCUBE_BLENDING UNITY_ENABLE_DETAIL_NORMALMAP SHADER_API_DESKTOP UNITY_LIGHT_PROBE_PROXY_VOLUME UNITY_LIGHTMAP_FULL_HDR UNITY_PLATFORM_SUPPORTS_DEPTH_FETCH uKW= dKW=UNITY_NO_DXT5nm UNITY_FRAMEBUFFER_FETCH_AVAILABLE UNITY_METAL_SHADOWS_USE_POINT_FILTERING UNITY_NO_SCREENSPACE_SHADOWS UNITY_PBS_USE_BRDF2 UNITY_PBS_USE_BRDF3 UNITY_HARDWARE_TIER1 UNITY_HARDWARE_TIER2 UNITY_HARDWARE_TIER3 UNITY_COLORSPACE_GAMMA UNITY_LIGHTMAP_DLDR_ENCODING UNITY_LIGHTMAP_RGBM_ENCODING UNITY_VIRTUAL_TEXTURING UNITY_PRETRANSFORM_TO_DISPLAY_ORIENTATION UNITY_ASTC_NORMALMAP_ENCODING SHADER_API_GLES30 SHADER_API_GLES31 SHADER_API_GLES32 UNITY_UNIFIED_SHADER_PRECISION_MODEL flags=0 lang=3 type=Fragment platform=d3d11 reqs=33 mask=6 start=202
RunExternalCompiler: begin name=FXC
RunExternalCompiler: end
compileSnippet complete
 ok=1 outsize=842

Cmd: compileSnippet
  insize=9366 file=Packages/com.unity.render-pipelines.universal/Runtime/RendererFeatures/OnTileUberPost.shader name=OnTileUberPost pass=OnTileUberPostVisMesh ppOnly=0 stripLineD=0 buildPlatform=19 rsLen=0 pKW=UNITY_ENABLE_REFLECTION_BUFFERS UNITY_USE_DITHER_MASK_FOR_ALPHABLENDED_SHADOWS UNITY_PBS_USE_BRDF1 UNITY_SPECCUBE_BOX_PROJECTION UNITY_SPECCUBE_BLENDING UNITY_ENABLE_DETAIL_NORMALMAP SHADER_API_DESKTOP UNITY_LIGHT_PROBE_PROXY_VOLUME UNITY_LIGHTMAP_FULL_HDR UNITY_PLATFORM_SUPPORTS_DEPTH_FETCH uKW= dKW=UNITY_NO_DXT5nm UNITY_FRAMEBUFFER_FETCH_AVAILABLE UNITY_METAL_SHADOWS_USE_POINT_FILTERING UNITY_NO_SCREENSPACE_SHADOWS UNITY_PBS_USE_BRDF2 UNITY_PBS_USE_BRDF3 UNITY_HARDWARE_TIER1 UNITY_HARDWARE_TIER2 UNITY_HARDWARE_TIER3 UNITY_COLORSPACE_GAMMA UNITY_LIGHTMAP_DLDR_ENCODING UNITY_LIGHTMAP_RGBM_ENCODING UNITY_VIRTUAL_TEXTURING UNITY_PRETRANSFORM_TO_DISPLAY_ORIENTATION UNITY_ASTC_NORMALMAP_ENCODING SHADER_API_GLES30 SHADER_API_GLES31 SHADER_API_GLES32 UNITY_UNIFIED_SHADER_PRECISION_MODEL flags=0 lang=3 type=Vertex platform=d3d11 reqs=33 mask=6 start=272
RunExternalCompiler: begin name=FXC
RunExternalCompiler: end
compileSnippet complete
 ok=1 outsize=642

Cmd: compileSnippet
  insize=1411 file=Packages/com.unity.render-pipelines.universal/Shaders/Terrain/WavingGrassBillboard.shader name=Hidden/TerrainEngine/Details/UniversalPipeline/BillboardWavingDoublePass pass=DepthNormals ppOnly=0 stripLineD=0 buildPlatform=19 rsLen=0 pKW=UNITY_ENABLE_REFLECTION_BUFFERS UNITY_USE_DITHER_MASK_FOR_ALPHABLENDED_SHADOWS UNITY_PBS_USE_BRDF1 UNITY_SPECCUBE_BOX_PROJECTION UNITY_SPECCUBE_BLENDING UNITY_ENABLE_DETAIL_NORMALMAP SHADER_API_DESKTOP UNITY_LIGHT_PROBE_PROXY_VOLUME UNITY_LIGHTMAP_FULL_HDR UNITY_PLATFORM_SUPPORTS_DEPTH_FETCH uKW= dKW=INSTANCING_ON _GLOSSINESS_FROM_BASE_ALPHA UNITY_NO_DXT5nm UNITY_FRAMEBUFFER_FETCH_AVAILABLE UNITY_METAL_SHADOWS_USE_POINT_FILTERING UNITY_NO_SCREENSPACE_SHADOWS UNITY_PBS_USE_BRDF2 UNITY_PBS_USE_BRDF3 UNITY_HARDWARE_TIER1 UNITY_HARDWARE_TIER2 UNITY_HARDWARE_TIER3 UNITY_COLORSPACE_GAMMA UNITY_LIGHTMAP_DLDR_ENCODING UNITY_LIGHTMAP_RGBM_ENCODING UNITY_VIRTUAL_TEXTURING UNITY_PRETRANSFORM_TO_DISPLAY_ORIENTATION UNITY_ASTC_NORMALMAP_ENCODING SHADER_API_GLES30 SHADER_API_GLES31 SHADER_API_GLES32 UNITY_UNIFIED_SHADER_PRECISION_MODEL flags=0 lang=3 type=Fragment platform=d3d11 reqs=1 mask=6 start=152
RunExternalCompiler: begin name=FXC
RunExternalCompiler: end
compileSnippet complete
 ok=1 outsize=1098

Cmd: compileSnippet
  insize=8577 file=Packages/com.unity.render-pipelines.universal/Shaders/PostProcessing/GaussianDepthOfField.shader name=Hidden/Universal Render Pipeline/GaussianDepthOfField pass=Gaussian Depth Of Field Blur Horizontal ppOnly=0 stripLineD=0 buildPlatform=19 rsLen=0 pKW=UNITY_ENABLE_REFLECTION_BUFFERS UNITY_USE_DITHER_MASK_FOR_ALPHABLENDED_SHADOWS UNITY_PBS_USE_BRDF1 UNITY_SPECCUBE_BOX_PROJECTION UNITY_SPECCUBE_BLENDING UNITY_ENABLE_DETAIL_NORMALMAP SHADER_API_DESKTOP UNITY_LIGHT_PROBE_PROXY_VOLUME UNITY_LIGHTMAP_FULL_HDR UNITY_PLATFORM_SUPPORTS_DEPTH_FETCH uKW= dKW=UNITY_NO_DXT5nm UNITY_FRAMEBUFFER_FETCH_AVAILABLE UNITY_METAL_SHADOWS_USE_POINT_FILTERING UNITY_NO_SCREENSPACE_SHADOWS UNITY_PBS_USE_BRDF2 UNITY_PBS_USE_BRDF3 UNITY_HARDWARE_TIER1 UNITY_HARDWARE_TIER2 UNITY_HARDWARE_TIER3 UNITY_COLORSPACE_GAMMA UNITY_LIGHTMAP_DLDR_ENCODING UNITY_LIGHTMAP_RGBM_ENCODING UNITY_VIRTUAL_TEXTURING UNITY_PRETRANSFORM_TO_DISPLAY_ORIENTATION UNITY_ASTC_NORMALMAP_ENCODING SHADER_API_GLES30 SHADER_API_GLES31 SHADER_API_GLES32 UNITY_UNIFIED_SHADER_PRECISION_MODEL flags=0 lang=3 type=Vertex platform=d3d11 reqs=4075 mask=6 start=259
RunExternalCompiler: begin name=FXC
RunExternalCompiler: end
compileSnippet complete
 ok=1 outsize=582

Cmd: compileSnippet
  insize=1882 file=Packages/com.unity.shadergraph/Editor/Resources/Shaders/FallbackError.shader name=Hidden/Shader Graph/FallbackError pass=<Unnamed Pass 0> ppOnly=0 stripLineD=0 buildPlatform=19 rsLen=0 pKW=UNITY_ENABLE_REFLECTION_BUFFERS UNITY_USE_DITHER_MASK_FOR_ALPHABLENDED_SHADOWS UNITY_PBS_USE_BRDF1 UNITY_SPECCUBE_BOX_PROJECTION UNITY_SPECCUBE_BLENDING UNITY_ENABLE_DETAIL_NORMALMAP SHADER_API_DESKTOP UNITY_LIGHT_PROBE_PROXY_VOLUME UNITY_LIGHTMAP_FULL_HDR UNITY_PLATFORM_SUPPORTS_DEPTH_FETCH uKW= dKW=UNITY_SINGLE_PASS_STEREO STEREO_INSTANCING_ON STEREO_MULTIVIEW_ON UNITY_NO_DXT5nm UNITY_FRAMEBUFFER_FETCH_AVAILABLE UNITY_METAL_SHADOWS_USE_POINT_FILTERING UNITY_NO_SCREENSPACE_SHADOWS UNITY_PBS_USE_BRDF2 UNITY_PBS_USE_BRDF3 UNITY_HARDWARE_TIER1 UNITY_HARDWARE_TIER2 UNITY_HARDWARE_TIER3 UNITY_COLORSPACE_GAMMA UNITY_LIGHTMAP_DLDR_ENCODING UNITY_LIGHTMAP_RGBM_ENCODING UNITY_VIRTUAL_TEXTURING UNITY_PRETRANSFORM_TO_DISPLAY_ORIENTATION UNITY_ASTC_NORMALMAP_ENCODING SHADER_API_GLES30 SHADER_API_GLES31 SHADER_API_GLES32 UNITY_UNIFIED_SHADER_PRECISION_MODEL flags=0 lang=0 type=Vertex platform=d3d11 reqs=1 mask=6 start=12
RunExternalCompiler: begin name=FXC
RunExternalCompiler: end
compileSnippet complete
 ok=1 outsize=570

Cmd: compileSnippet
  insize=1794 file=Packages/com.unity.render-pipelines.universal/Shaders/2D/RenderAs2D-Flattening.shader name=2D/RenderAs2D-Flattening pass=<Unnamed Pass 0> ppOnly=0 stripLineD=0 buildPlatform=19 rsLen=0 pKW=UNITY_ENABLE_REFLECTION_BUFFERS UNITY_USE_DITHER_MASK_FOR_ALPHABLENDED_SHADOWS UNITY_PBS_USE_BRDF1 UNITY_SPECCUBE_BOX_PROJECTION UNITY_SPECCUBE_BLENDING UNITY_ENABLE_DETAIL_NORMALMAP SHADER_API_DESKTOP UNITY_LIGHT_PROBE_PROXY_VOLUME UNITY_LIGHTMAP_FULL_HDR UNITY_PLATFORM_SUPPORTS_DEPTH_FETCH uKW= dKW=UNITY_NO_DXT5nm UNITY_FRAMEBUFFER_FETCH_AVAILABLE UNITY_METAL_SHADOWS_USE_POINT_FILTERING UNITY_NO_SCREENSPACE_SHADOWS UNITY_PBS_USE_BRDF2 UNITY_PBS_USE_BRDF3 UNITY_HARDWARE_TIER1 UNITY_HARDWARE_TIER2 UNITY_HARDWARE_TIER3 UNITY_COLORSPACE_GAMMA UNITY_LIGHTMAP_DLDR_ENCODING UNITY_LIGHTMAP_RGBM_ENCODING UNITY_VIRTUAL_TEXTURING UNITY_PRETRANSFORM_TO_DISPLAY_ORIENTATION UNITY_ASTC_NORMALMAP_ENCODING SHADER_API_GLES30 SHADER_API_GLES31 SHADER_API_GLES32 UNITY_UNIFIED_SHADER_PRECISION_MODEL flags=0 lang=3 type=Vertex platform=d3d11 reqs=33 mask=6 start=36
RunExternalCompiler: begin name=FXC
RunExternalCompiler: end
compileSnippet complete
 ok=1 outsize=590

Cmd: compileSnippet
  insize=2472 file=Packages/com.unity.render-pipelines.universal/Shaders/2D/Sprite-Lit-Default.shader name=Universal Render Pipeline/2D/Sprite-Lit-Default pass=<Unnamed Pass 1> ppOnly=0 stripLineD=0 buildPlatform=19 rsLen=0 pKW=UNITY_ENABLE_REFLECTION_BUFFERS UNITY_USE_DITHER_MASK_FOR_ALPHABLENDED_SHADOWS UNITY_PBS_USE_BRDF1 UNITY_SPECCUBE_BOX_PROJECTION UNITY_SPECCUBE_BLENDING UNITY_ENABLE_DETAIL_NORMALMAP SHADER_API_DESKTOP UNITY_LIGHT_PROBE_PROXY_VOLUME UNITY_LIGHTMAP_FULL_HDR UNITY_PLATFORM_SUPPORTS_DEPTH_FETCH uKW= dKW=SKINNED_SPRITE INSTANCING_ON UNITY_NO_DXT5nm UNITY_FRAMEBUFFER_FETCH_AVAILABLE UNITY_METAL_SHADOWS_USE_POINT_FILTERING UNITY_NO_SCREENSPACE_SHADOWS UNITY_PBS_USE_BRDF2 UNITY_PBS_USE_BRDF3 UNITY_HARDWARE_TIER1 UNITY_HARDWARE_TIER2 UNITY_HARDWARE_TIER3 UNITY_COLORSPACE_GAMMA UNITY_LIGHTMAP_DLDR_ENCODING UNITY_LIGHTMAP_RGBM_ENCODING UNITY_VIRTUAL_TEXTURING UNITY_PRETRANSFORM_TO_DISPLAY_ORIENTATION UNITY_ASTC_NORMALMAP_ENCODING SHADER_API_GLES30 SHADER_API_GLES31 SHADER_API_GLES32 UNITY_UNIFIED_SHADER_PRECISION_MODEL flags=0 lang=3 type=Vertex platform=d3d11 reqs=33 mask=6 start=85
RunExternalCompiler: begin name=FXC
RunExternalCompiler: end
compileSnippet complete
 ok=1 outsize=1638

Cmd: compileSnippet
  insize=1707 file=Packages/com.unity.render-pipelines.universal/Shaders/2D/Shadow2D-Unshadow-Sprite.shader name=Hidden/Shadow2DUnshadowSprite pass=Sprite Unshadow (B) - Stencil: Ref 1, Comp Always, Pass Replace ppOnly=0 stripLineD=0 buildPlatform=19 rsLen=0 pKW=UNITY_ENABLE_REFLECTION_BUFFERS UNITY_USE_DITHER_MASK_FOR_ALPHABLENDED_SHADOWS UNITY_PBS_USE_BRDF1 UNITY_SPECCUBE_BOX_PROJECTION UNITY_SPECCUBE_BLENDING UNITY_ENABLE_DETAIL_NORMALMAP SHADER_API_DESKTOP UNITY_LIGHT_PROBE_PROXY_VOLUME UNITY_LIGHTMAP_FULL_HDR UNITY_PLATFORM_SUPPORTS_DEPTH_FETCH uKW= dKW=UNITY_NO_DXT5nm UNITY_FRAMEBUFFER_FETCH_AVAILABLE UNITY_METAL_SHADOWS_USE_POINT_FILTERING UNITY_NO_SCREENSPACE_SHADOWS UNITY_PBS_USE_BRDF2 UNITY_PBS_USE_BRDF3 UNITY_HARDWARE_TIER1 UNITY_HARDWARE_TIER2 UNITY_HARDWARE_TIER3 UNITY_COLORSPACE_GAMMA UNITY_LIGHTMAP_DLDR_ENCODING UNITY_LIGHTMAP_RGBM_ENCODING UNITY_VIRTUAL_TEXTURING UNITY_PRETRANSFORM_TO_DISPLAY_ORIENTATION UNITY_ASTC_NORMALMAP_ENCODING SHADER_API_GLES30 SHADER_API_GLES31 SHADER_API_GLES32 UNITY_UNIFIED_SHADER_PRECISION_MODEL flags=0 lang=3 type=Vertex platform=d3d11 reqs=33 mask=6 start=32
RunExternalCompiler: begin name=FXC
RunExternalCompiler: end
compileSnippet complete
 ok=1 outsize=818

Cmd: compileSnippet
  insize=1702 file=Packages/com.unity.render-pipelines.universal/Shaders/2D/Shadow2D-Unshadow-Sprite.shader name=Hidden/Shadow2DUnshadowSprite pass=Sprite Unshadow (B) - Stencil: Ref 0, Comp Always, Pass Replace ppOnly=0 stripLineD=0 buildPlatform=19 rsLen=0 pKW=UNITY_ENABLE_REFLECTION_BUFFERS UNITY_USE_DITHER_MASK_FOR_ALPHABLENDED_SHADOWS UNITY_PBS_USE_BRDF1 UNITY_SPECCUBE_BOX_PROJECTION UNITY_SPECCUBE_BLENDING UNITY_ENABLE_DETAIL_NORMALMAP SHADER_API_DESKTOP UNITY_LIGHT_PROBE_PROXY_VOLUME UNITY_LIGHTMAP_FULL_HDR UNITY_PLATFORM_SUPPORTS_DEPTH_FETCH uKW= dKW=UNITY_NO_DXT5nm UNITY_FRAMEBUFFER_FETCH_AVAILABLE UNITY_METAL_SHADOWS_USE_POINT_FILTERING UNITY_NO_SCREENSPACE_SHADOWS UNITY_PBS_USE_BRDF2 UNITY_PBS_USE_BRDF3 UNITY_HARDWARE_TIER1 UNITY_HARDWARE_TIER2 UNITY_HARDWARE_TIER3 UNITY_COLORSPACE_GAMMA UNITY_LIGHTMAP_DLDR_ENCODING UNITY_LIGHTMAP_RGBM_ENCODING UNITY_VIRTUAL_TEXTURING UNITY_PRETRANSFORM_TO_DISPLAY_ORIENTATION UNITY_ASTC_NORMALMAP_ENCODING SHADER_API_GLES30 SHADER_API_GLES31 SHADER_API_GLES32 UNITY_UNIFIED_SHADER_PRECISION_MODEL flags=0 lang=3 type=Fragment platform=d3d11 reqs=33 mask=6 start=97
RunExternalCompiler: begin name=FXC
RunExternalCompiler: end
compileSnippet complete
 ok=1 outsize=498

Cmd: compileSnippet
  insize=1854 file=Packages/com.unity.render-pipelines.universal/Shaders/Utils/CoreBlit.shader name=Hidden/Universal/CoreBlit pass=BilinearQuadPadding ppOnly=0 stripLineD=0 buildPlatform=19 rsLen=0 pKW=UNITY_ENABLE_REFLECTION_BUFFERS UNITY_USE_DITHER_MASK_FOR_ALPHABLENDED_SHADOWS UNITY_PBS_USE_BRDF1 UNITY_SPECCUBE_BOX_PROJECTION UNITY_SPECCUBE_BLENDING UNITY_ENABLE_DETAIL_NORMALMAP SHADER_API_DESKTOP UNITY_LIGHT_PROBE_PROXY_VOLUME UNITY_LIGHTMAP_FULL_HDR UNITY_PLATFORM_SUPPORTS_DEPTH_FETCH uKW= dKW=UNITY_NO_DXT5nm UNITY_FRAMEBUFFER_FETCH_AVAILABLE UNITY_METAL_SHADOWS_USE_POINT_FILTERING UNITY_NO_SCREENSPACE_SHADOWS UNITY_PBS_USE_BRDF2 UNITY_PBS_USE_BRDF3 UNITY_HARDWARE_TIER1 UNITY_HARDWARE_TIER2 UNITY_HARDWARE_TIER3 UNITY_COLORSPACE_GAMMA UNITY_LIGHTMAP_DLDR_ENCODING UNITY_LIGHTMAP_RGBM_ENCODING UNITY_VIRTUAL_TEXTURING UNITY_PRETRANSFORM_TO_DISPLAY_ORIENTATION UNITY_ASTC_NORMALMAP_ENCODING SHADER_API_GLES30 SHADER_API_GLES31 SHADER_API_GLES32 UNITY_UNIFIED_SHADER_PRECISION_MODEL flags=0 lang=3 type=Vertex platform=d3d11 reqs=1 mask=6 start=109
RunExternalCompiler: begin name=FXC
RunExternalCompiler: end
compileSnippet complete
 ok=1 outsize=970

Cmd: compileSnippet
  insize=1865 file=Packages/com.unity.render-pipelines.universal/Shaders/Utils/CoreBlit.shader name=Hidden/Universal/CoreBlit pass=CubeToOctahedralLuminance ppOnly=0 stripLineD=0 buildPlatform=19 rsLen=0 pKW=UNITY_ENABLE_REFLECTION_BUFFERS UNITY_USE_DITHER_MASK_FOR_ALPHABLENDED_SHADOWS UNITY_PBS_USE_BRDF1 UNITY_SPECCUBE_BOX_PROJECTION UNITY_SPECCUBE_BLENDING UNITY_ENABLE_DETAIL_NORMALMAP SHADER_API_DESKTOP UNITY_LIGHT_PROBE_PROXY_VOLUME UNITY_LIGHTMAP_FULL_HDR UNITY_PLATFORM_SUPPORTS_DEPTH_FETCH uKW= dKW=UNITY_NO_DXT5nm UNITY_FRAMEBUFFER_FETCH_AVAILABLE UNITY_METAL_SHADOWS_USE_POINT_FILTERING UNITY_NO_SCREENSPACE_SHADOWS UNITY_PBS_USE_BRDF2 UNITY_PBS_USE_BRDF3 UNITY_HARDWARE_TIER1 UNITY_HARDWARE_TIER2 UNITY_HARDWARE_TIER3 UNITY_COLORSPACE_GAMMA UNITY_LIGHTMAP_DLDR_ENCODING UNITY_LIGHTMAP_RGBM_ENCODING UNITY_VIRTUAL_TEXTURING UNITY_PRETRANSFORM_TO_DISPLAY_ORIENTATION UNITY_ASTC_NORMALMAP_ENCODING SHADER_API_GLES30 SHADER_API_GLES31 SHADER_API_GLES32 UNITY_UNIFIED_SHADER_PRECISION_MODEL flags=0 lang=3 type=Fragment platform=d3d11 reqs=1 mask=6 start=235
RunExternalCompiler: begin name=FXC
RunExternalCompiler: end
compileSnippet complete
 ok=1 outsize=846

Cmd: compileSnippet
  insize=44259 file=Assets/UI/TextMesh Pro/Shaders/TMP_SDF-Surface.shader name=TextMeshPro/Distance Field (Surface) pass=FORWARD ppOnly=0 stripLineD=0 buildPlatform=19 rsLen=0 pKW=UNITY_ENABLE_REFLECTION_BUFFERS UNITY_USE_DITHER_MASK_FOR_ALPHABLENDED_SHADOWS UNITY_PBS_USE_BRDF1 UNITY_SPECCUBE_BOX_PROJECTION UNITY_SPECCUBE_BLENDING UNITY_ENABLE_DETAIL_NORMALMAP SHADER_API_DESKTOP UNITY_LIGHT_PROBE_PROXY_VOLUME UNITY_LIGHTMAP_FULL_HDR UNITY_PLATFORM_SUPPORTS_DEPTH_FETCH UNITY_PASS_FORWARDBASE uKW=DIRECTIONAL dKW=GLOW_ON INSTANCING_ON FOG_LINEAR FOG_EXP FOG_EXP2 LIGHTPROBE_SH VERTEXLIGHT_ON UNITY_NO_DXT5nm UNITY_FRAMEBUFFER_FETCH_AVAILABLE UNITY_METAL_SHADOWS_USE_POINT_FILTERING UNITY_NO_SCREENSPACE_SHADOWS UNITY_PBS_USE_BRDF2 UNITY_PBS_USE_BRDF3 UNITY_HARDWARE_TIER1 UNITY_HARDWARE_TIER2 UNITY_HARDWARE_TIER3 UNITY_COLORSPACE_GAMMA UNITY_LIGHTMAP_DLDR_ENCODING UNITY_LIGHTMAP_RGBM_ENCODING UNITY_VIRTUAL_TEXTURING UNITY_PRETRANSFORM_TO_DISPLAY_ORIENTATION UNITY_ASTC_NORMALMAP_ENCODING SHADER_API_GLES30 SHADER_API_GLES31 SHADER_API_GLES32 UNITY_UNIFIED_SHADER_PRECISION_MODEL flags=0 lang=0 type=Vertex platform=d3d11 reqs=227 mask=6 start=87
RunExternalCompiler: begin name=FXC
RunExternalCompiler: end
compileSnippet complete
 ok=1 outsize=3866

Cmd: compileSnippet
  insize=1031 file=Packages/com.unity.render-pipelines.universal/Shaders/ObjectMotionVectorFallback.shader name=Hidden/Universal Render Pipeline/ObjectMotionVectorFallback pass=MotionVectors ppOnly=0 stripLineD=0 buildPlatform=19 rsLen=0 pKW=UNITY_ENABLE_REFLECTION_BUFFERS UNITY_USE_DITHER_MASK_FOR_ALPHABLENDED_SHADOWS UNITY_PBS_USE_BRDF1 UNITY_SPECCUBE_BOX_PROJECTION UNITY_SPECCUBE_BLENDING UNITY_ENABLE_DETAIL_NORMALMAP SHADER_API_DESKTOP UNITY_LIGHT_PROBE_PROXY_VOLUME UNITY_LIGHTMAP_FULL_HDR UNITY_PLATFORM_SUPPORTS_DEPTH_FETCH UNITY_PASS_MOTIONVECTORS uKW= dKW=DOTS_INSTANCING_ON INSTANCING_ON UNITY_NO_DXT5nm UNITY_FRAMEBUFFER_FETCH_AVAILABLE UNITY_METAL_SHADOWS_USE_POINT_FILTERING UNITY_NO_SCREENSPACE_SHADOWS UNITY_PBS_USE_BRDF2 UNITY_PBS_USE_BRDF3 UNITY_HARDWARE_TIER1 UNITY_HARDWARE_TIER2 UNITY_HARDWARE_TIER3 UNITY_COLORSPACE_GAMMA UNITY_LIGHTMAP_DLDR_ENCODING UNITY_LIGHTMAP_RGBM_ENCODING UNITY_VIRTUAL_TEXTURING UNITY_PRETRANSFORM_TO_DISPLAY_ORIENTATION UNITY_ASTC_NORMALMAP_ENCODING SHADER_API_GLES30 SHADER_API_GLES31 SHADER_API_GLES32 UNITY_UNIFIED_SHADER_PRECISION_MODEL flags=0 lang=3 type=Vertex platform=d3d11 reqs=4075 mask=6 start=12
RunExternalCompiler: begin name=FXC
RunExternalCompiler: end
compileSnippet complete
 ok=1 outsize=1446

Cmd: compileSnippet
  insize=3980 file=Packages/com.unity.render-pipelines.universal/Editor/Overrides/Shaders/TrackballEditor.shader name=Hidden/Universal Render Pipeline/Editor/Trackball pass=<Unnamed Pass 0> ppOnly=0 stripLineD=0 buildPlatform=19 rsLen=0 pKW=UNITY_ENABLE_REFLECTION_BUFFERS UNITY_USE_DITHER_MASK_FOR_ALPHABLENDED_SHADOWS UNITY_PBS_USE_BRDF1 UNITY_SPECCUBE_BOX_PROJECTION UNITY_SPECCUBE_BLENDING UNITY_ENABLE_DETAIL_NORMALMAP SHADER_API_DESKTOP UNITY_LIGHT_PROBE_PROXY_VOLUME UNITY_LIGHTMAP_FULL_HDR UNITY_PLATFORM_SUPPORTS_DEPTH_FETCH uKW= dKW=UNITY_NO_DXT5nm UNITY_FRAMEBUFFER_FETCH_AVAILABLE UNITY_METAL_SHADOWS_USE_POINT_FILTERING UNITY_NO_SCREENSPACE_SHADOWS UNITY_PBS_USE_BRDF2 UNITY_PBS_USE_BRDF3 UNITY_HARDWARE_TIER1 UNITY_HARDWARE_TIER2 UNITY_HARDWARE_TIER3 UNITY_COLORSPACE_GAMMA UNITY_LIGHTMAP_DLDR_ENCODING UNITY_LIGHTMAP_RGBM_ENCODING UNITY_VIRTUAL_TEXTURING UNITY_PRETRANSFORM_TO_DISPLAY_ORIENTATION UNITY_ASTC_NORMALMAP_ENCODING SHADER_API_GLES30 SHADER_API_GLES31 SHADER_API_GLES32 UNITY_UNIFIED_SHADER_PRECISION_MODEL flags=0 lang=0 type=Vertex platform=d3d11 reqs=33 mask=6 start=107
RunExternalCompiler: begin name=FXC
RunExternalCompiler: end
compileSnippet complete
 ok=1 outsize=682

Cmd: compileSnippet
  insize=3981 file=Packages/com.unity.render-pipelines.universal/Editor/Overrides/Shaders/TrackballEditor.shader name=Hidden/Universal Render Pipeline/Editor/Trackball pass=<Unnamed Pass 1> ppOnly=0 stripLineD=0 buildPlatform=19 rsLen=0 pKW=UNITY_ENABLE_REFLECTION_BUFFERS UNITY_USE_DITHER_MASK_FOR_ALPHABLENDED_SHADOWS UNITY_PBS_USE_BRDF1 UNITY_SPECCUBE_BOX_PROJECTION UNITY_SPECCUBE_BLENDING UNITY_ENABLE_DETAIL_NORMALMAP SHADER_API_DESKTOP UNITY_LIGHT_PROBE_PROXY_VOLUME UNITY_LIGHTMAP_FULL_HDR UNITY_PLATFORM_SUPPORTS_DEPTH_FETCH uKW= dKW=UNITY_NO_DXT5nm UNITY_FRAMEBUFFER_FETCH_AVAILABLE UNITY_METAL_SHADOWS_USE_POINT_FILTERING UNITY_NO_SCREENSPACE_SHADOWS UNITY_PBS_USE_BRDF2 UNITY_PBS_USE_BRDF3 UNITY_HARDWARE_TIER1 UNITY_HARDWARE_TIER2 UNITY_HARDWARE_TIER3 UNITY_COLORSPACE_GAMMA UNITY_LIGHTMAP_DLDR_ENCODING UNITY_LIGHTMAP_RGBM_ENCODING UNITY_VIRTUAL_TEXTURING UNITY_PRETRANSFORM_TO_DISPLAY_ORIENTATION UNITY_ASTC_NORMALMAP_ENCODING SHADER_API_GLES30 SHADER_API_GLES31 SHADER_API_GLES32 UNITY_UNIFIED_SHADER_PRECISION_MODEL flags=0 lang=0 type=Vertex platform=d3d11 reqs=33 mask=6 start=118
RunExternalCompiler: begin name=FXC
RunExternalCompiler: end
compileSnippet complete
 ok=1 outsize=682

Cmd: compileSnippet
  insize=1533 file=Packages/com.unity.render-pipelines.universal/Shaders/2D/Shadow2D-Projected.shader name=Hidden/ShadowProjected2D pass=Projected Unshadow (G) - Stencil: Ref 1, Comp Eq, Pass Keep ppOnly=0 stripLineD=0 buildPlatform=19 rsLen=0 pKW=UNITY_ENABLE_REFLECTION_BUFFERS UNITY_USE_DITHER_MASK_FOR_ALPHABLENDED_SHADOWS UNITY_PBS_USE_BRDF1 UNITY_SPECCUBE_BOX_PROJECTION UNITY_SPECCUBE_BLENDING UNITY_ENABLE_DETAIL_NORMALMAP SHADER_API_DESKTOP UNITY_LIGHT_PROBE_PROXY_VOLUME UNITY_LIGHTMAP_FULL_HDR UNITY_PLATFORM_SUPPORTS_DEPTH_FETCH uKW= dKW=UNITY_NO_DXT5nm UNITY_FRAMEBUFFER_FETCH_AVAILABLE UNITY_METAL_SHADOWS_USE_POINT_FILTERING UNITY_NO_SCREENSPACE_SHADOWS UNITY_PBS_USE_BRDF2 UNITY_PBS_USE_BRDF3 UNITY_HARDWARE_TIER1 UNITY_HARDWARE_TIER2 UNITY_HARDWARE_TIER3 UNITY_COLORSPACE_GAMMA UNITY_LIGHTMAP_DLDR_ENCODING UNITY_LIGHTMAP_RGBM_ENCODING UNITY_VIRTUAL_TEXTURING UNITY_PRETRANSFORM_TO_DISPLAY_ORIENTATION UNITY_ASTC_NORMALMAP_ENCODING SHADER_API_GLES30 SHADER_API_GLES31 SHADER_API_GLES32 UNITY_UNIFIED_SHADER_PRECISION_MODEL flags=0 lang=3 type=Vertex platform=d3d11 reqs=33 mask=6 start=80
RunExternalCompiler: begin name=FXC
RunExternalCompiler: end
compileSnippet complete
 ok=1 outsize=2442

Cmd: compileSnippet
  insize=3909 file=Packages/com.unity.render-pipelines.universal/Shaders/Nature/SpeedTree7Billboard.shader name=Universal Render Pipeline/Nature/SpeedTree7 Billboard pass=ForwardLit ppOnly=0 stripLineD=0 buildPlatform=19 rsLen=0 pKW=UNITY_ENABLE_REFLECTION_BUFFERS UNITY_USE_DITHER_MASK_FOR_ALPHABLENDED_SHADOWS UNITY_PBS_USE_BRDF1 UNITY_SPECCUBE_BOX_PROJECTION UNITY_SPECCUBE_BLENDING UNITY_ENABLE_DETAIL_NORMALMAP SHADER_API_DESKTOP UNITY_LIGHT_PROBE_PROXY_VOLUME UNITY_LIGHTMAP_FULL_HDR UNITY_PLATFORM_SUPPORTS_DEPTH_FETCH uKW= dKW=_SHADOWS_SOFT _SHADOWS_SOFT_LOW _SHADOWS_SOFT_MEDIUM _SHADOWS_SOFT_HIGH _LIGHT_COOKIES DEBUG_DISPLAY _MAIN_LIGHT_SHADOWS _MAIN_LIGHT_SHADOWS_CASCADE _MAIN_LIGHT_SHADOWS_SCREEN _ADDITIONAL_LIGHTS_VERTEX _ADDITIONAL_LIGHTS _ADDITIONAL_LIGHT_SHADOWS _CLUSTER_LIGHT_LOOP BILLBOARD_FACE_CAMERA_POS LOD_FADE_CROSSFADE FOG_LINEAR FOG_EXP FOG_EXP2 EFFECT_BUMP EFFECT_HUE_VARIATION UNITY_NO_DXT5nm UNITY_FRAMEBUFFER_FETCH_AVAILABLE UNITY_METAL_SHADOWS_USE_POINT_FILTERING UNITY_NO_SCREENSPACE_SHADOWS UNITY_PBS_USE_BRDF2 UNITY_PBS_USE_BRDF3 UNITY_HARDWARE_TIER1 UNITY_HARDWARE_TIER2 UNITY_HARDWARE_TIER3 UNITY_COLORSPACE_GAMMA UNITY_LIGHTMAP_DLDR_ENCODING UNITY_LIGHTMAP_RGBM_ENCODING UNITY_VIRTUAL_TEXTURING UNITY_PRETRANSFORM_TO_DISPLAY_ORIENTATION UNITY_ASTC_NORMALMAP_ENCODING SHADER_API_GLES30 SHADER_API_GLES31 SHADER_API_GLES32 UNITY_UNIFIED_SHADER_PRECISION_MODEL flags=0 lang=3 type=Fragment platform=d3d11 reqs=33 mask=6 start=31
RunExternalCompiler: begin name=FXC
RunExternalCompiler: end
compileSnippet complete
 ok=1 outsize=1694

Cmd: compileSnippet
  insize=1014 file=Packages/com.unity.render-pipelines.universal/Shaders/PostProcessing/TemporalAA.shader name=Hidden/Universal Render Pipeline/TemporalAA pass=TemporalAA - Accumulate - Quality High ppOnly=0 stripLineD=0 buildPlatform=19 rsLen=0 pKW=UNITY_ENABLE_REFLECTION_BUFFERS UNITY_USE_DITHER_MASK_FOR_ALPHABLENDED_SHADOWS UNITY_PBS_USE_BRDF1 UNITY_SPECCUBE_BOX_PROJECTION UNITY_SPECCUBE_BLENDING UNITY_ENABLE_DETAIL_NORMALMAP SHADER_API_DESKTOP UNITY_LIGHT_PROBE_PROXY_VOLUME UNITY_LIGHTMAP_FULL_HDR UNITY_PLATFORM_SUPPORTS_DEPTH_FETCH uKW= dKW=UNITY_NO_DXT5nm UNITY_FRAMEBUFFER_FETCH_AVAILABLE UNITY_METAL_SHADOWS_USE_POINT_FILTERING UNITY_NO_SCREENSPACE_SHADOWS UNITY_PBS_USE_BRDF2 UNITY_PBS_USE_BRDF3 UNITY_HARDWARE_TIER1 UNITY_HARDWARE_TIER2 UNITY_HARDWARE_TIER3 UNITY_COLORSPACE_GAMMA UNITY_LIGHTMAP_DLDR_ENCODING UNITY_LIGHTMAP_RGBM_ENCODING UNITY_VIRTUAL_TEXTURING UNITY_PRETRANSFORM_TO_DISPLAY_ORIENTATION UNITY_ASTC_NORMALMAP_ENCODING SHADER_API_GLES30 SHADER_API_GLES31 SHADER_API_GLES32 UNITY_UNIFIED_SHADER_PRECISION_MODEL flags=0 lang=3 type=Vertex platform=d3d11 reqs=33 mask=6 start=71
RunExternalCompiler: begin name=FXC
RunExternalCompiler: end
compileSnippet complete
 ok=1 outsize=582

Cmd: compileSnippet
  insize=2405 file=Packages/com.unity.render-pipelines.universal/Shaders/Utils/FallbackError.shader name=Hidden/Universal Render Pipeline/FallbackError pass=<Unnamed Pass 0> ppOnly=0 stripLineD=0 buildPlatform=19 rsLen=0 pKW=UNITY_ENABLE_REFLECTION_BUFFERS UNITY_USE_DITHER_MASK_FOR_ALPHABLENDED_SHADOWS UNITY_PBS_USE_BRDF1 UNITY_SPECCUBE_BOX_PROJECTION UNITY_SPECCUBE_BLENDING UNITY_ENABLE_DETAIL_NORMALMAP SHADER_API_DESKTOP UNITY_LIGHT_PROBE_PROXY_VOLUME UNITY_LIGHTMAP_FULL_HDR UNITY_PLATFORM_SUPPORTS_DEPTH_FETCH uKW= dKW=STEREO_INSTANCING_ON STEREO_MULTIVIEW_ON DOTS_INSTANCING_ON UNITY_NO_DXT5nm UNITY_FRAMEBUFFER_FETCH_AVAILABLE UNITY_METAL_SHADOWS_USE_POINT_FILTERING UNITY_NO_SCREENSPACE_SHADOWS UNITY_PBS_USE_BRDF2 UNITY_PBS_USE_BRDF3 UNITY_HARDWARE_TIER1 UNITY_HARDWARE_TIER2 UNITY_HARDWARE_TIER3 UNITY_COLORSPACE_GAMMA UNITY_LIGHTMAP_DLDR_ENCODING UNITY_LIGHTMAP_RGBM_ENCODING UNITY_VIRTUAL_TEXTURING UNITY_PRETRANSFORM_TO_DISPLAY_ORIENTATION UNITY_ASTC_NORMALMAP_ENCODING SHADER_API_GLES30 SHADER_API_GLES31 SHADER_API_GLES32 UNITY_UNIFIED_SHADER_PRECISION_MODEL flags=0 lang=3 type=Vertex platform=d3d11 reqs=1101803 mask=6 start=15
RunExternalCompiler: begin name=FXC
RunExternalCompiler: end
compileSnippet complete
 ok=1 outsize=574

Cmd: compileSnippet
  insize=3096 file=Packages/com.unity.render-pipelines.universal/Shaders/ComplexLit.shader name=Universal Render Pipeline/Complex Lit pass=DepthNormalsOnly ppOnly=0 stripLineD=0 buildPlatform=19 rsLen=0 pKW=UNITY_ENABLE_REFLECTION_BUFFERS UNITY_USE_DITHER_MASK_FOR_ALPHABLENDED_SHADOWS UNITY_PBS_USE_BRDF1 UNITY_SPECCUBE_BOX_PROJECTION UNITY_SPECCUBE_BLENDING UNITY_ENABLE_DETAIL_NORMALMAP SHADER_API_DESKTOP UNITY_LIGHT_PROBE_PROXY_VOLUME UNITY_LIGHTMAP_FULL_HDR UNITY_PLATFORM_SUPPORTS_DEPTH_FETCH uKW= dKW=_GBUFFER_NORMALS_OCT _WRITE_RENDERING_LAYERS LOD_FADE_CROSSFADE DOTS_INSTANCING_ON INSTANCING_ON _SMOOTHNESS_TEXTURE_ALBEDO_CHANNEL_A _NORMALMAP _PARALLAXMAP _DETAIL_MULX2 _DETAIL_SCALED _ALPHATEST_ON UNITY_NO_DXT5nm UNITY_FRAMEBUFFER_FETCH_AVAILABLE UNITY_METAL_SHADOWS_USE_POINT_FILTERING UNITY_NO_SCREENSPACE_SHADOWS UNITY_PBS_USE_BRDF2 UNITY_PBS_USE_BRDF3 UNITY_HARDWARE_TIER1 UNITY_HARDWARE_TIER2 UNITY_HARDWARE_TIER3 UNITY_COLORSPACE_GAMMA UNITY_LIGHTMAP_DLDR_ENCODING UNITY_LIGHTMAP_RGBM_ENCODING UNITY_VIRTUAL_TEXTURING UNITY_PRETRANSFORM_TO_DISPLAY_ORIENTATION UNITY_ASTC_NORMALMAP_ENCODING SHADER_API_GLES30 SHADER_API_GLES31 SHADER_API_GLES32 UNITY_UNIFIED_SHADER_PRECISION_MODEL flags=0 lang=3 type=Fragment platform=d3d11 reqs=1 mask=6 start=387
RunExternalCompiler: begin name=FXC
RunExternalCompiler: end
compileSnippet complete
 ok=1 outsize=394

Cmd: compileSnippet
  insize=3628 file=Packages/com.unity.render-pipelines.universal/Shaders/Utils/StencilDeferred.shader name=Hidden/Universal Render Pipeline/StencilDeferred pass=Deferred Directional Light (Lit) ppOnly=0 stripLineD=0 buildPlatform=19 rsLen=0 pKW=UNITY_ENABLE_REFLECTION_BUFFERS UNITY_USE_DITHER_MASK_FOR_ALPHABLENDED_SHADOWS UNITY_PBS_USE_BRDF1 UNITY_SPECCUBE_BOX_PROJECTION UNITY_SPECCUBE_BLENDING UNITY_ENABLE_DETAIL_NORMALMAP SHADER_API_DESKTOP UNITY_LIGHT_PROBE_PROXY_VOLUME UNITY_LIGHTMAP_FULL_HDR UNITY_PLATFORM_SUPPORTS_DEPTH_FETCH uKW= dKW=_LIGHT_LAYERS UNITY_NO_DXT5nm UNITY_FRAMEBUFFER_FETCH_AVAILABLE UNITY_METAL_SHADOWS_USE_POINT_FILTERING UNITY_NO_SCREENSPACE_SHADOWS UNITY_PBS_USE_BRDF2 UNITY_PBS_USE_BRDF3 UNITY_HARDWARE_TIER1 UNITY_HARDWARE_TIER2 UNITY_HARDWARE_TIER3 UNITY_COLORSPACE_GAMMA UNITY_LIGHTMAP_DLDR_ENCODING UNITY_LIGHTMAP_RGBM_ENCODING UNITY_VIRTUAL_TEXTURING UNITY_PRETRANSFORM_TO_DISPLAY_ORIENTATION UNITY_ASTC_NORMALMAP_ENCODING SHADER_API_GLES30 SHADER_API_GLES31 SHADER_API_GLES32 UNITY_UNIFIED_SHADER_PRECISION_MODEL flags=0 lang=3 type=Vertex platform=d3d11 reqs=1101803 mask=6 start=237
RunExternalCompiler: begin name=FXC
RunExternalCompiler: end
compileSnippet complete
 ok=1 outsize=510

Cmd: compileSnippet
  insize=43614 file=Assets/UI/TextMesh Pro/Shaders/TMP_SDF-Surface-Mobile.shader name=TextMeshPro/Mobile/Distance Field (Surface) pass=FORWARD ppOnly=0 stripLineD=0 buildPlatform=19 rsLen=0 pKW=UNITY_ENABLE_REFLECTION_BUFFERS UNITY_USE_DITHER_MASK_FOR_ALPHABLENDED_SHADOWS UNITY_PBS_USE_BRDF1 UNITY_SPECCUBE_BOX_PROJECTION UNITY_SPECCUBE_BLENDING UNITY_ENABLE_DETAIL_NORMALMAP SHADER_API_DESKTOP UNITY_LIGHT_PROBE_PROXY_VOLUME UNITY_LIGHTMAP_FULL_HDR UNITY_PLATFORM_SUPPORTS_DEPTH_FETCH UNITY_PASS_FORWARDBASE uKW=DIRECTIONAL dKW=GLOW_ON INSTANCING_ON FOG_LINEAR FOG_EXP FOG_EXP2 LIGHTPROBE_SH UNITY_NO_DXT5nm UNITY_FRAMEBUFFER_FETCH_AVAILABLE UNITY_METAL_SHADOWS_USE_POINT_FILTERING UNITY_NO_SCREENSPACE_SHADOWS UNITY_PBS_USE_BRDF2 UNITY_PBS_USE_BRDF3 UNITY_HARDWARE_TIER1 UNITY_HARDWARE_TIER2 UNITY_HARDWARE_TIER3 UNITY_COLORSPACE_GAMMA UNITY_LIGHTMAP_DLDR_ENCODING UNITY_LIGHTMAP_RGBM_ENCODING UNITY_VIRTUAL_TEXTURING UNITY_PRETRANSFORM_TO_DISPLAY_ORIENTATION UNITY_ASTC_NORMALMAP_ENCODING SHADER_API_GLES30 SHADER_API_GLES31 SHADER_API_GLES32 UNITY_UNIFIED_SHADER_PRECISION_MODEL flags=0 lang=0 type=Fragment platform=d3d11 reqs=227 mask=6 start=73
RunExternalCompiler: begin name=FXC
RunExternalCompiler: end
compileSnippet complete
 ok=1 outsize=3702

Cmd: compileSnippet
  insize=1727 file=Packages/com.unity.render-pipelines.universal/Shaders/PostProcessing/LensFlareDataDriven.shader name=Hidden/Universal Render Pipeline/LensFlareDataDriven pass=LensFlarePremultiply ppOnly=0 stripLineD=0 buildPlatform=19 rsLen=0 pKW=UNITY_ENABLE_REFLECTION_BUFFERS UNITY_USE_DITHER_MASK_FOR_ALPHABLENDED_SHADOWS UNITY_PBS_USE_BRDF1 UNITY_SPECCUBE_BOX_PROJECTION UNITY_SPECCUBE_BLENDING UNITY_ENABLE_DETAIL_NORMALMAP SHADER_API_DESKTOP UNITY_LIGHT_PROBE_PROXY_VOLUME UNITY_LIGHTMAP_FULL_HDR UNITY_PLATFORM_SUPPORTS_DEPTH_FETCH uKW= dKW=FLARE_INVERSE_SDF FLARE_HAS_OCCLUSION UNITY_NO_DXT5nm UNITY_FRAMEBUFFER_FETCH_AVAILABLE UNITY_METAL_SHADOWS_USE_POINT_FILTERING UNITY_NO_SCREENSPACE_SHADOWS UNITY_PBS_USE_BRDF2 UNITY_PBS_USE_BRDF3 UNITY_HARDWARE_TIER1 UNITY_HARDWARE_TIER2 UNITY_HARDWARE_TIER3 UNITY_COLORSPACE_GAMMA UNITY_LIGHTMAP_DLDR_ENCODING UNITY_LIGHTMAP_RGBM_ENCODING UNITY_VIRTUAL_TEXTURING UNITY_PRETRANSFORM_TO_DISPLAY_ORIENTATION UNITY_ASTC_NORMALMAP_ENCODING SHADER_API_GLES30 SHADER_API_GLES31 SHADER_API_GLES32 UNITY_UNIFIED_SHADER_PRECISION_MODEL flags=0 lang=3 type=Fragment platform=d3d11 reqs=227 mask=6 start=93
RunExternalCompiler: begin name=FXC
RunExternalCompiler: end
compileSnippet complete
 ok=1 outsize=8034

Cmd: compileSnippet
  insize=1237 file=Packages/com.unity.render-pipelines.universal/Shaders/Utils/CopyDepth.shader name=Hidden/Universal Render Pipeline/CopyDepth pass=CopyDepth ppOnly=0 stripLineD=0 buildPlatform=19 rsLen=0 pKW=UNITY_ENABLE_REFLECTION_BUFFERS UNITY_USE_DITHER_MASK_FOR_ALPHABLENDED_SHADOWS UNITY_PBS_USE_BRDF1 UNITY_SPECCUBE_BOX_PROJECTION UNITY_SPECCUBE_BLENDING UNITY_ENABLE_DETAIL_NORMALMAP SHADER_API_DESKTOP UNITY_LIGHT_PROBE_PROXY_VOLUME UNITY_LIGHTMAP_FULL_HDR UNITY_PLATFORM_SUPPORTS_DEPTH_FETCH uKW= dKW=_DEPTH_MSAA_2 _DEPTH_MSAA_4 _DEPTH_MSAA_8 _OUTPUT_DEPTH UNITY_NO_DXT5nm UNITY_FRAMEBUFFER_FETCH_AVAILABLE UNITY_METAL_SHADOWS_USE_POINT_FILTERING UNITY_NO_SCREENSPACE_SHADOWS UNITY_PBS_USE_BRDF2 UNITY_PBS_USE_BRDF3 UNITY_HARDWARE_TIER1 UNITY_HARDWARE_TIER2 UNITY_HARDWARE_TIER3 UNITY_COLORSPACE_GAMMA UNITY_LIGHTMAP_DLDR_ENCODING UNITY_LIGHTMAP_RGBM_ENCODING UNITY_VIRTUAL_TEXTURING UNITY_PRETRANSFORM_TO_DISPLAY_ORIENTATION UNITY_ASTC_NORMALMAP_ENCODING SHADER_API_GLES30 SHADER_API_GLES31 SHADER_API_GLES32 UNITY_UNIFIED_SHADER_PRECISION_MODEL flags=0 lang=3 type=Fragment platform=d3d11 reqs=33 mask=6 start=15
RunExternalCompiler: begin name=FXC
RunExternalCompiler: end
compileSnippet complete
 ok=1 outsize=394

Cmd: compileSnippet
  insize=794 file=Packages/com.unity.render-pipelines.core/Editor/Lighting/ProbeVolume/VoxelizeScene.shader name=Hidden/ProbeVolume/VoxelizeScene pass=VoxelizeMeshInstanced ppOnly=0 stripLineD=0 buildPlatform=19 rsLen=0 pKW=UNITY_ENABLE_REFLECTION_BUFFERS UNITY_USE_DITHER_MASK_FOR_ALPHABLENDED_SHADOWS UNITY_PBS_USE_BRDF1 UNITY_SPECCUBE_BOX_PROJECTION UNITY_SPECCUBE_BLENDING UNITY_ENABLE_DETAIL_NORMALMAP SHADER_API_DESKTOP UNITY_LIGHT_PROBE_PROXY_VOLUME UNITY_LIGHTMAP_FULL_HDR UNITY_PLATFORM_SUPPORTS_DEPTH_FETCH uKW= dKW=UNITY_NO_DXT5nm UNITY_FRAMEBUFFER_FETCH_AVAILABLE UNITY_METAL_SHADOWS_USE_POINT_FILTERING UNITY_NO_SCREENSPACE_SHADOWS UNITY_PBS_USE_BRDF2 UNITY_PBS_USE_BRDF3 UNITY_HARDWARE_TIER1 UNITY_HARDWARE_TIER2 UNITY_HARDWARE_TIER3 UNITY_COLORSPACE_GAMMA UNITY_LIGHTMAP_DLDR_ENCODING UNITY_LIGHTMAP_RGBM_ENCODING UNITY_VIRTUAL_TEXTURING UNITY_PRETRANSFORM_TO_DISPLAY_ORIENTATION UNITY_ASTC_NORMALMAP_ENCODING SHADER_API_GLES30 SHADER_API_GLES31 SHADER_API_GLES32 UNITY_UNIFIED_SHADER_PRECISION_MODEL flags=0 lang=3 type=Fragment platform=d3d11 reqs=32801 mask=6 start=63
RunExternalCompiler: begin name=FXC
RunExternalCompiler: end
compileSnippet complete
 ok=1 outsize=1294

Cmd: compileSnippet
  insize=5521 file=Packages/com.unity.render-pipelines.universal/Shaders/Terrain/TerrainLitAdd.shader name=Hidden/Universal Render Pipeline/Terrain/Lit (Add Pass) pass=GBuffer ppOnly=0 stripLineD=0 buildPlatform=19 rsLen=0 pKW=UNITY_ENABLE_REFLECTION_BUFFERS UNITY_USE_DITHER_MASK_FOR_ALPHABLENDED_SHADOWS UNITY_PBS_USE_BRDF1 UNITY_SPECCUBE_BOX_PROJECTION UNITY_SPECCUBE_BLENDING UNITY_ENABLE_DETAIL_NORMALMAP SHADER_API_DESKTOP UNITY_LIGHT_PROBE_PROXY_VOLUME UNITY_LIGHTMAP_FULL_HDR UNITY_PLATFORM_SUPPORTS_DEPTH_FETCH uKW= dKW=_MAIN_LIGHT_SHADOWS _MAIN_LIGHT_SHADOWS_CASCADE _MAIN_LIGHT_SHADOWS_SCREEN _CLUSTER_LIGHT_LOOP LIGHTMAP_SHADOW_MIXING SHADOWS_SHADOWMASK DIRLIGHTMAP_COMBINED LIGHTMAP_ON PROBE_VOLUMES_L1 PROBE_VOLUMES_L2 INSTANCING_ON _TERRAIN_BLEND_HEIGHT _NORMALMAP _MASKMAP _TERRAIN_INSTANCED_PERPIXEL_NORMAL UNITY_NO_DXT5nm UNITY_FRAMEBUFFER_FETCH_AVAILABLE UNITY_METAL_SHADOWS_USE_POINT_FILTERING UNITY_NO_SCREENSPACE_SHADOWS UNITY_PBS_USE_BRDF2 UNITY_PBS_USE_BRDF3 UNITY_HARDWARE_TIER1 UNITY_HARDWARE_TIER2 UNITY_HARDWARE_TIER3 UNITY_COLORSPACE_GAMMA UNITY_LIGHTMAP_DLDR_ENCODING UNITY_LIGHTMAP_RGBM_ENCODING UNITY_VIRTUAL_TEXTURING UNITY_PRETRANSFORM_TO_DISPLAY_ORIENTATION UNITY_ASTC_NORMALMAP_ENCODING SHADER_API_GLES30 SHADER_API_GLES31 SHADER_API_GLES32 UNITY_UNIFIED_SHADER_PRECISION_MODEL flags=0 lang=3 type=Vertex platform=d3d11 reqs=1101803 mask=6 start=128
RunExternalCompiler: begin name=FXC
RunExternalCompiler: end
compileSnippet complete
 ok=1 outsize=1462

Cmd: compileSnippet
  insize=8380 file=Assets/UI/TextMesh Pro/Shaders/TMP_SDF Overlay.shader name=TextMeshPro/Distance Field Overlay pass=<Unnamed Pass 0> ppOnly=0 stripLineD=0 buildPlatform=19 rsLen=0 pKW=UNITY_ENABLE_REFLECTION_BUFFERS UNITY_USE_DITHER_MASK_FOR_ALPHABLENDED_SHADOWS UNITY_PBS_USE_BRDF1 UNITY_SPECCUBE_BOX_PROJECTION UNITY_SPECCUBE_BLENDING UNITY_ENABLE_DETAIL_NORMALMAP SHADER_API_DESKTOP UNITY_LIGHT_PROBE_PROXY_VOLUME UNITY_LIGHTMAP_FULL_HDR UNITY_PLATFORM_SUPPORTS_DEPTH_FETCH uKW= dKW=BEVEL_ON UNDERLAY_ON UNDERLAY_INNER GLOW_ON UNITY_UI_CLIP_RECT UNITY_UI_ALPHACLIP UNITY_NO_DXT5nm UNITY_FRAMEBUFFER_FETCH_AVAILABLE UNITY_METAL_SHADOWS_USE_POINT_FILTERING UNITY_NO_SCREENSPACE_SHADOWS UNITY_PBS_USE_BRDF2 UNITY_PBS_USE_BRDF3 UNITY_HARDWARE_TIER1 UNITY_HARDWARE_TIER2 UNITY_HARDWARE_TIER3 UNITY_COLORSPACE_GAMMA UNITY_LIGHTMAP_DLDR_ENCODING UNITY_LIGHTMAP_RGBM_ENCODING UNITY_VIRTUAL_TEXTURING UNITY_PRETRANSFORM_TO_DISPLAY_ORIENTATION UNITY_ASTC_NORMALMAP_ENCODING SHADER_API_GLES30 SHADER_API_GLES31 SHADER_API_GLES32 UNITY_UNIFIED_SHADER_PRECISION_MODEL flags=0 lang=0 type=Fragment platform=d3d11 reqs=227 mask=6 start=114
RunExternalCompiler: begin name=FXC
RunExternalCompiler: end
compileSnippet complete
 ok=1 outsize=1594

Cmd: compileSnippet
  insize=10814 file=Packages/com.unity.render-pipelines.universal/Shaders/PostProcessing/BokehDepthOfField.shader name=Hidden/Universal Render Pipeline/BokehDepthOfField pass=Bokeh Depth Of Field CoC ppOnly=0 stripLineD=0 buildPlatform=19 rsLen=0 pKW=UNITY_ENABLE_REFLECTION_BUFFERS UNITY_USE_DITHER_MASK_FOR_ALPHABLENDED_SHADOWS UNITY_PBS_USE_BRDF1 UNITY_SPECCUBE_BOX_PROJECTION UNITY_SPECCUBE_BLENDING UNITY_ENABLE_DETAIL_NORMALMAP SHADER_API_DESKTOP UNITY_LIGHT_PROBE_PROXY_VOLUME UNITY_LIGHTMAP_FULL_HDR UNITY_PLATFORM_SUPPORTS_DEPTH_FETCH uKW= dKW=_USE_FAST_SRGB_LINEAR_CONVERSION UNITY_NO_DXT5nm UNITY_FRAMEBUFFER_FETCH_AVAILABLE UNITY_METAL_SHADOWS_USE_POINT_FILTERING UNITY_NO_SCREENSPACE_SHADOWS UNITY_PBS_USE_BRDF2 UNITY_PBS_USE_BRDF3 UNITY_HARDWARE_TIER1 UNITY_HARDWARE_TIER2 UNITY_HARDWARE_TIER3 UNITY_COLORSPACE_GAMMA UNITY_LIGHTMAP_DLDR_ENCODING UNITY_LIGHTMAP_RGBM_ENCODING UNITY_VIRTUAL_TEXTURING UNITY_PRETRANSFORM_TO_DISPLAY_ORIENTATION UNITY_ASTC_NORMALMAP_ENCODING SHADER_API_GLES30 SHADER_API_GLES31 SHADER_API_GLES32 UNITY_UNIFIED_SHADER_PRECISION_MODEL flags=0 lang=3 type=Fragment platform=d3d11 reqs=1101803 mask=6 start=244
RunExternalCompiler: begin name=FXC
RunExternalCompiler: end
compileSnippet complete
 ok=1 outsize=770

Cmd: compileSnippet
  insize=10815 file=Packages/com.unity.render-pipelines.universal/Shaders/PostProcessing/BokehDepthOfField.shader name=Hidden/Universal Render Pipeline/BokehDepthOfField pass=Bokeh Depth Of Field Blur ppOnly=0 stripLineD=0 buildPlatform=19 rsLen=0 pKW=UNITY_ENABLE_REFLECTION_BUFFERS UNITY_USE_DITHER_MASK_FOR_ALPHABLENDED_SHADOWS UNITY_PBS_USE_BRDF1 UNITY_SPECCUBE_BOX_PROJECTION UNITY_SPECCUBE_BLENDING UNITY_ENABLE_DETAIL_NORMALMAP SHADER_API_DESKTOP UNITY_LIGHT_PROBE_PROXY_VOLUME UNITY_LIGHTMAP_FULL_HDR UNITY_PLATFORM_SUPPORTS_DEPTH_FETCH uKW= dKW=UNITY_NO_DXT5nm UNITY_FRAMEBUFFER_FETCH_AVAILABLE UNITY_METAL_SHADOWS_USE_POINT_FILTERING UNITY_NO_SCREENSPACE_SHADOWS UNITY_PBS_USE_BRDF2 UNITY_PBS_USE_BRDF3 UNITY_HARDWARE_TIER1 UNITY_HARDWARE_TIER2 UNITY_HARDWARE_TIER3 UNITY_COLORSPACE_GAMMA UNITY_LIGHTMAP_DLDR_ENCODING UNITY_LIGHTMAP_RGBM_ENCODING UNITY_VIRTUAL_TEXTURING UNITY_PRETRANSFORM_TO_DISPLAY_ORIENTATION UNITY_ASTC_NORMALMAP_ENCODING SHADER_API_GLES30 SHADER_API_GLES31 SHADER_API_GLES32 UNITY_UNIFIED_SHADER_PRECISION_MODEL flags=0 lang=3 type=Vertex platform=d3d11 reqs=4075 mask=6 start=330
RunExternalCompiler: begin name=FXC
RunExternalCompiler: end
compileSnippet complete
 ok=1 outsize=582

Cmd: compileSnippet
  insize=2521 file=Packages/com.unity.render-pipelines.universal/Shaders/BakedLit.shader name=Universal Render Pipeline/Baked Lit pass=DepthNormalsOnly ppOnly=0 stripLineD=0 buildPlatform=19 rsLen=0 pKW=UNITY_ENABLE_REFLECTION_BUFFERS UNITY_USE_DITHER_MASK_FOR_ALPHABLENDED_SHADOWS UNITY_PBS_USE_BRDF1 UNITY_SPECCUBE_BOX_PROJECTION UNITY_SPECCUBE_BLENDING UNITY_ENABLE_DETAIL_NORMALMAP SHADER_API_DESKTOP UNITY_LIGHT_PROBE_PROXY_VOLUME UNITY_LIGHTMAP_FULL_HDR UNITY_PLATFORM_SUPPORTS_DEPTH_FETCH uKW= dKW=LOD_FADE_CROSSFADE DOTS_INSTANCING_ON INSTANCING_ON _NORMALMAP UNITY_NO_DXT5nm UNITY_FRAMEBUFFER_FETCH_AVAILABLE UNITY_METAL_SHADOWS_USE_POINT_FILTERING UNITY_NO_SCREENSPACE_SHADOWS UNITY_PBS_USE_BRDF2 UNITY_PBS_USE_BRDF3 UNITY_HARDWARE_TIER1 UNITY_HARDWARE_TIER2 UNITY_HARDWARE_TIER3 UNITY_COLORSPACE_GAMMA UNITY_LIGHTMAP_DLDR_ENCODING UNITY_LIGHTMAP_RGBM_ENCODING UNITY_VIRTUAL_TEXTURING UNITY_PRETRANSFORM_TO_DISPLAY_ORIENTATION UNITY_ASTC_NORMALMAP_ENCODING SHADER_API_GLES30 SHADER_API_GLES31 SHADER_API_GLES32 UNITY_UNIFIED_SHADER_PRECISION_MODEL flags=0 lang=3 type=Vertex platform=d3d11 reqs=1 mask=6 start=262
RunExternalCompiler: begin name=FXC
RunExternalCompiler: end
compileSnippet complete
 ok=1 outsize=1002

Cmd: compileSnippet
  insize=2951 file=Packages/com.unity.render-pipelines.universal/Shaders/Lit.shader name=Universal Render Pipeline/Lit pass=DepthNormals ppOnly=0 stripLineD=0 buildPlatform=19 rsLen=0 pKW=UNITY_ENABLE_REFLECTION_BUFFERS UNITY_USE_DITHER_MASK_FOR_ALPHABLENDED_SHADOWS UNITY_PBS_USE_BRDF1 UNITY_SPECCUBE_BOX_PROJECTION UNITY_SPECCUBE_BLENDING UNITY_ENABLE_DETAIL_NORMALMAP SHADER_API_DESKTOP UNITY_LIGHT_PROBE_PROXY_VOLUME UNITY_LIGHTMAP_FULL_HDR UNITY_PLATFORM_SUPPORTS_DEPTH_FETCH uKW= dKW=LOD_FADE_CROSSFADE DOTS_INSTANCING_ON INSTANCING_ON _NORMALMAP _PARALLAXMAP _DETAIL_MULX2 _DETAIL_SCALED _ALPHATEST_ON UNITY_NO_DXT5nm UNITY_FRAMEBUFFER_FETCH_AVAILABLE UNITY_METAL_SHADOWS_USE_POINT_FILTERING UNITY_NO_SCREENSPACE_SHADOWS UNITY_PBS_USE_BRDF2 UNITY_PBS_USE_BRDF3 UNITY_HARDWARE_TIER1 UNITY_HARDWARE_TIER2 UNITY_HARDWARE_TIER3 UNITY_COLORSPACE_GAMMA UNITY_LIGHTMAP_DLDR_ENCODING UNITY_LIGHTMAP_RGBM_ENCODING UNITY_VIRTUAL_TEXTURING UNITY_PRETRANSFORM_TO_DISPLAY_ORIENTATION UNITY_ASTC_NORMALMAP_ENCODING SHADER_API_GLES30 SHADER_API_GLES31 SHADER_API_GLES32 UNITY_UNIFIED_SHADER_PRECISION_MODEL flags=0 lang=3 type=Vertex platform=d3d11 reqs=1 mask=6 start=385
RunExternalCompiler: begin name=FXC
RunExternalCompiler: end
compileSnippet complete
 ok=1 outsize=994

Cmd: compileSnippet
  insize=1398 file=Assets/Shaders/Ghost.shader name=Custom/Ghost pass=<Unnamed Pass 0> ppOnly=0 stripLineD=0 buildPlatform=19 rsLen=0 pKW=UNITY_ENABLE_REFLECTION_BUFFERS UNITY_USE_DITHER_MASK_FOR_ALPHABLENDED_SHADOWS UNITY_PBS_USE_BRDF1 UNITY_SPECCUBE_BOX_PROJECTION UNITY_SPECCUBE_BLENDING UNITY_ENABLE_DETAIL_NORMALMAP SHADER_API_DESKTOP UNITY_LIGHT_PROBE_PROXY_VOLUME UNITY_LIGHTMAP_FULL_HDR UNITY_PLATFORM_SUPPORTS_DEPTH_FETCH uKW= dKW=UNITY_NO_DXT5nm UNITY_FRAMEBUFFER_FETCH_AVAILABLE UNITY_METAL_SHADOWS_USE_POINT_FILTERING UNITY_NO_SCREENSPACE_SHADOWS UNITY_PBS_USE_BRDF2 UNITY_PBS_USE_BRDF3 UNITY_HARDWARE_TIER1 UNITY_HARDWARE_TIER2 UNITY_HARDWARE_TIER3 UNITY_COLORSPACE_GAMMA UNITY_LIGHTMAP_DLDR_ENCODING UNITY_LIGHTMAP_RGBM_ENCODING UNITY_VIRTUAL_TEXTURING UNITY_PRETRANSFORM_TO_DISPLAY_ORIENTATION UNITY_ASTC_NORMALMAP_ENCODING SHADER_API_GLES30 SHADER_API_GLES31 SHADER_API_GLES32 UNITY_UNIFIED_SHADER_PRECISION_MODEL flags=0 lang=0 type=Vertex platform=d3d11 reqs=33 mask=6 start=17
RunExternalCompiler: begin name=FXC
RunExternalCompiler: end
compileSnippet complete
 ok=1 outsize=682

Cmd: compileSnippet
  insize=9194 file=Assets/UI/TextMesh Pro/Shaders/TMP_SDF SSD.shader name=TextMeshPro/Distance Field SSD pass=<Unnamed Pass 0> ppOnly=0 stripLineD=0 buildPlatform=19 rsLen=0 pKW=UNITY_ENABLE_REFLECTION_BUFFERS UNITY_USE_DITHER_MASK_FOR_ALPHABLENDED_SHADOWS UNITY_PBS_USE_BRDF1 UNITY_SPECCUBE_BOX_PROJECTION UNITY_SPECCUBE_BLENDING UNITY_ENABLE_DETAIL_NORMALMAP SHADER_API_DESKTOP UNITY_LIGHT_PROBE_PROXY_VOLUME UNITY_LIGHTMAP_FULL_HDR UNITY_PLATFORM_SUPPORTS_DEPTH_FETCH uKW= dKW=BEVEL_ON UNDERLAY_ON UNDERLAY_INNER GLOW_ON FORCE_LINEAR UNITY_UI_CLIP_RECT UNITY_UI_ALPHACLIP UNITY_NO_DXT5nm UNITY_FRAMEBUFFER_FETCH_AVAILABLE UNITY_METAL_SHADOWS_USE_POINT_FILTERING UNITY_NO_SCREENSPACE_SHADOWS UNITY_PBS_USE_BRDF2 UNITY_PBS_USE_BRDF3 UNITY_HARDWARE_TIER1 UNITY_HARDWARE_TIER2 UNITY_HARDWARE_TIER3 UNITY_COLORSPACE_GAMMA UNITY_LIGHTMAP_DLDR_ENCODING UNITY_LIGHTMAP_RGBM_ENCODING UNITY_VIRTUAL_TEXTURING UNITY_PRETRANSFORM_TO_DISPLAY_ORIENTATION UNITY_ASTC_NORMALMAP_ENCODING SHADER_API_GLES30 SHADER_API_GLES31 SHADER_API_GLES32 UNITY_UNIFIED_SHADER_PRECISION_MODEL flags=0 lang=0 type=Fragment platform=d3d11 reqs=227 mask=6 start=114
RunExternalCompiler: begin name=FXC
RunExternalCompiler: end
compileSnippet complete
 ok=1 outsize=1878

Cmd: compileSnippet
  insize=8344 file=Assets/UI/TextMesh Pro/Shaders/TMP_SDF.shader name=TextMeshPro/Distance Field pass=<Unnamed Pass 0> ppOnly=0 stripLineD=0 buildPlatform=19 rsLen=0 pKW=UNITY_ENABLE_REFLECTION_BUFFERS UNITY_USE_DITHER_MASK_FOR_ALPHABLENDED_SHADOWS UNITY_PBS_USE_BRDF1 UNITY_SPECCUBE_BOX_PROJECTION UNITY_SPECCUBE_BLENDING UNITY_ENABLE_DETAIL_NORMALMAP SHADER_API_DESKTOP UNITY_LIGHT_PROBE_PROXY_VOLUME UNITY_LIGHTMAP_FULL_HDR UNITY_PLATFORM_SUPPORTS_DEPTH_FETCH uKW= dKW=BEVEL_ON UNDERLAY_ON UNDERLAY_INNER GLOW_ON UNITY_UI_CLIP_RECT UNITY_UI_ALPHACLIP UNITY_NO_DXT5nm UNITY_FRAMEBUFFER_FETCH_AVAILABLE UNITY_METAL_SHADOWS_USE_POINT_FILTERING UNITY_NO_SCREENSPACE_SHADOWS UNITY_PBS_USE_BRDF2 UNITY_PBS_USE_BRDF3 UNITY_HARDWARE_TIER1 UNITY_HARDWARE_TIER2 UNITY_HARDWARE_TIER3 UNITY_COLORSPACE_GAMMA UNITY_LIGHTMAP_DLDR_ENCODING UNITY_LIGHTMAP_RGBM_ENCODING UNITY_VIRTUAL_TEXTURING UNITY_PRETRANSFORM_TO_DISPLAY_ORIENTATION UNITY_ASTC_NORMALMAP_ENCODING SHADER_API_GLES30 SHADER_API_GLES31 SHADER_API_GLES32 UNITY_UNIFIED_SHADER_PRECISION_MODEL flags=0 lang=0 type=Vertex platform=d3d11 reqs=227 mask=6 start=114
RunExternalCompiler: begin name=FXC
RunExternalCompiler: end
compileSnippet complete
 ok=1 outsize=3326

Cmd: compileSnippet
  insize=2418 file=Packages/com.unity.render-pipelines.universal/Shaders/SimpleLit.shader name=Universal Render Pipeline/Simple Lit pass=ShadowCaster ppOnly=0 stripLineD=0 buildPlatform=19 rsLen=0 pKW=UNITY_ENABLE_REFLECTION_BUFFERS UNITY_USE_DITHER_MASK_FOR_ALPHABLENDED_SHADOWS UNITY_PBS_USE_BRDF1 UNITY_SPECCUBE_BOX_PROJECTION UNITY_SPECCUBE_BLENDING UNITY_ENABLE_DETAIL_NORMALMAP SHADER_API_DESKTOP UNITY_LIGHT_PROBE_PROXY_VOLUME UNITY_LIGHTMAP_FULL_HDR UNITY_PLATFORM_SUPPORTS_DEPTH_FETCH UNITY_PASS_SHADOWCASTER uKW= dKW=LOD_FADE_CROSSFADE DOTS_INSTANCING_ON INSTANCING_ON _GLOSSINESS_FROM_BASE_ALPHA _ALPHATEST_ON UNITY_NO_DXT5nm UNITY_FRAMEBUFFER_FETCH_AVAILABLE UNITY_METAL_SHADOWS_USE_POINT_FILTERING UNITY_NO_SCREENSPACE_SHADOWS UNITY_PBS_USE_BRDF2 UNITY_PBS_USE_BRDF3 UNITY_HARDWARE_TIER1 UNITY_HARDWARE_TIER2 UNITY_HARDWARE_TIER3 UNITY_COLORSPACE_GAMMA UNITY_LIGHTMAP_DLDR_ENCODING UNITY_LIGHTMAP_RGBM_ENCODING UNITY_VIRTUAL_TEXTURING UNITY_PRETRANSFORM_TO_DISPLAY_ORIENTATION UNITY_ASTC_NORMALMAP_ENCODING SHADER_API_GLES30 SHADER_API_GLES31 SHADER_API_GLES32 UNITY_UNIFIED_SHADER_PRECISION_MODEL flags=0 lang=3 type=Fragment platform=d3d11 reqs=1 mask=6 start=172
RunExternalCompiler: begin name=FXC
RunExternalCompiler: end
compileSnippet complete
 ok=1 outsize=250

Cmd: compileSnippet
  insize=1577 file=Packages/com.unity.render-pipelines.universal/Shaders/SimpleLit.shader name=Universal Render Pipeline/Simple Lit pass=MotionVectors ppOnly=0 stripLineD=0 buildPlatform=19 rsLen=0 pKW=UNITY_ENABLE_REFLECTION_BUFFERS UNITY_USE_DITHER_MASK_FOR_ALPHABLENDED_SHADOWS UNITY_PBS_USE_BRDF1 UNITY_SPECCUBE_BOX_PROJECTION UNITY_SPECCUBE_BLENDING UNITY_ENABLE_DETAIL_NORMALMAP SHADER_API_DESKTOP UNITY_LIGHT_PROBE_PROXY_VOLUME UNITY_LIGHTMAP_FULL_HDR UNITY_PLATFORM_SUPPORTS_DEPTH_FETCH UNITY_PASS_MOTIONVECTORS uKW= dKW=LOD_FADE_CROSSFADE DOTS_INSTANCING_ON INSTANCING_ON _ADD_PRECOMPUTED_VELOCITY _ALPHATEST_ON UNITY_NO_DXT5nm UNITY_FRAMEBUFFER_FETCH_AVAILABLE UNITY_METAL_SHADOWS_USE_POINT_FILTERING UNITY_NO_SCREENSPACE_SHADOWS UNITY_PBS_USE_BRDF2 UNITY_PBS_USE_BRDF3 UNITY_HARDWARE_TIER1 UNITY_HARDWARE_TIER2 UNITY_HARDWARE_TIER3 UNITY_COLORSPACE_GAMMA UNITY_LIGHTMAP_DLDR_ENCODING UNITY_LIGHTMAP_RGBM_ENCODING UNITY_VIRTUAL_TEXTURING UNITY_PRETRANSFORM_TO_DISPLAY_ORIENTATION UNITY_ASTC_NORMALMAP_ENCODING SHADER_API_GLES30 SHADER_API_GLES31 SHADER_API_GLES32 UNITY_UNIFIED_SHADER_PRECISION_MODEL flags=0 lang=3 type=Vertex platform=d3d11 reqs=4075 mask=6 start=446
RunExternalCompiler: begin name=FXC
RunExternalCompiler: end
compileSnippet complete
 ok=1 outsize=1446

Cmd: compileSnippet
  insize=2294 file=Packages/com.unity.render-pipelines.universal/Shaders/Unlit.shader name=Universal Render Pipeline/Unlit pass=DepthNormalsOnly ppOnly=0 stripLineD=0 buildPlatform=19 rsLen=0 pKW=UNITY_ENABLE_REFLECTION_BUFFERS UNITY_USE_DITHER_MASK_FOR_ALPHABLENDED_SHADOWS UNITY_PBS_USE_BRDF1 UNITY_SPECCUBE_BOX_PROJECTION UNITY_SPECCUBE_BLENDING UNITY_ENABLE_DETAIL_NORMALMAP SHADER_API_DESKTOP UNITY_LIGHT_PROBE_PROXY_VOLUME UNITY_LIGHTMAP_FULL_HDR UNITY_PLATFORM_SUPPORTS_DEPTH_FETCH uKW= dKW=LOD_FADE_CROSSFADE DOTS_INSTANCING_ON INSTANCING_ON _ALPHATEST_ON UNITY_NO_DXT5nm UNITY_FRAMEBUFFER_FETCH_AVAILABLE UNITY_METAL_SHADOWS_USE_POINT_FILTERING UNITY_NO_SCREENSPACE_SHADOWS UNITY_PBS_USE_BRDF2 UNITY_PBS_USE_BRDF3 UNITY_HARDWARE_TIER1 UNITY_HARDWARE_TIER2 UNITY_HARDWARE_TIER3 UNITY_COLORSPACE_GAMMA UNITY_LIGHTMAP_DLDR_ENCODING UNITY_LIGHTMAP_RGBM_ENCODING UNITY_VIRTUAL_TEXTURING UNITY_PRETRANSFORM_TO_DISPLAY_ORIENTATION UNITY_ASTC_NORMALMAP_ENCODING SHADER_API_GLES30 SHADER_API_GLES31 SHADER_API_GLES32 UNITY_UNIFIED_SHADER_PRECISION_MODEL flags=0 lang=3 type=Vertex platform=d3d11 reqs=1 mask=6 start=199
RunExternalCompiler: begin name=FXC
RunExternalCompiler: end
compileSnippet complete
 ok=1 outsize=1002

Cmd: compileSnippet
  insize=851 file=Packages/com.unity.render-pipelines.core/Editor/PostProcessing/LensFlareResource/LensFlareDataDrivenPreview.shader name=Hidden/Core/LensFlareDataDrivenPreview pass=FlarePreviewInverted ppOnly=0 stripLineD=0 buildPlatform=19 rsLen=0 pKW=UNITY_ENABLE_REFLECTION_BUFFERS UNITY_USE_DITHER_MASK_FOR_ALPHABLENDED_SHADOWS UNITY_PBS_USE_BRDF1 UNITY_SPECCUBE_BOX_PROJECTION UNITY_SPECCUBE_BLENDING UNITY_ENABLE_DETAIL_NORMALMAP SHADER_API_DESKTOP UNITY_LIGHT_PROBE_PROXY_VOLUME UNITY_LIGHTMAP_FULL_HDR UNITY_PLATFORM_SUPPORTS_DEPTH_FETCH uKW= dKW=UNITY_NO_DXT5nm UNITY_FRAMEBUFFER_FETCH_AVAILABLE UNITY_METAL_SHADOWS_USE_POINT_FILTERING UNITY_NO_SCREENSPACE_SHADOWS UNITY_PBS_USE_BRDF2 UNITY_PBS_USE_BRDF3 UNITY_HARDWARE_TIER1 UNITY_HARDWARE_TIER2 UNITY_HARDWARE_TIER3 UNITY_COLORSPACE_GAMMA UNITY_LIGHTMAP_DLDR_ENCODING UNITY_LIGHTMAP_RGBM_ENCODING UNITY_VIRTUAL_TEXTURING UNITY_PRETRANSFORM_TO_DISPLAY_ORIENTATION UNITY_ASTC_NORMALMAP_ENCODING SHADER_API_GLES30 SHADER_API_GLES31 SHADER_API_GLES32 UNITY_UNIFIED_SHADER_PRECISION_MODEL flags=0 lang=3 type=Vertex platform=d3d11 reqs=227 mask=6 start=45
RunExternalCompiler: begin name=FXC
RunExternalCompiler: end
compileSnippet complete
 ok=1 outsize=1062

Cmd: compileSnippet
  insize=1504 file=Packages/com.unity.render-pipelines.universal/Shaders/2D/Mesh2D-Lit-Default.shader name=Universal Render Pipeline/2D/Mesh2D-Lit-Default pass=<Unnamed Pass 2> ppOnly=0 stripLineD=0 buildPlatform=19 rsLen=0 pKW=UNITY_ENABLE_REFLECTION_BUFFERS UNITY_USE_DITHER_MASK_FOR_ALPHABLENDED_SHADOWS UNITY_PBS_USE_BRDF1 UNITY_SPECCUBE_BOX_PROJECTION UNITY_SPECCUBE_BLENDING UNITY_ENABLE_DETAIL_NORMALMAP SHADER_API_DESKTOP UNITY_LIGHT_PROBE_PROXY_VOLUME UNITY_LIGHTMAP_FULL_HDR UNITY_PLATFORM_SUPPORTS_DEPTH_FETCH uKW= dKW=INSTANCING_ON UNITY_NO_DXT5nm UNITY_FRAMEBUFFER_FETCH_AVAILABLE UNITY_METAL_SHADOWS_USE_POINT_FILTERING UNITY_NO_SCREENSPACE_SHADOWS UNITY_PBS_USE_BRDF2 UNITY_PBS_USE_BRDF3 UNITY_HARDWARE_TIER1 UNITY_HARDWARE_TIER2 UNITY_HARDWARE_TIER3 UNITY_COLORSPACE_GAMMA UNITY_LIGHTMAP_DLDR_ENCODING UNITY_LIGHTMAP_RGBM_ENCODING UNITY_VIRTUAL_TEXTURING UNITY_PRETRANSFORM_TO_DISPLAY_ORIENTATION UNITY_ASTC_NORMALMAP_ENCODING SHADER_API_GLES30 SHADER_API_GLES31 SHADER_API_GLES32 UNITY_UNIFIED_SHADER_PRECISION_MODEL flags=0 lang=3 type=Vertex platform=d3d11 reqs=33 mask=6 start=111
RunExternalCompiler: begin name=FXC
RunExternalCompiler: end
compileSnippet complete
 ok=1 outsize=714

Cmd: compileSnippet
  insize=18093 file=Packages/com.unity.render-pipelines.universal/Shaders/PostProcessing/UberPost.shader name=Hidden/Universal Render Pipeline/UberPost pass=UberPost ppOnly=0 stripLineD=0 buildPlatform=19 rsLen=0 pKW=UNITY_ENABLE_REFLECTION_BUFFERS UNITY_USE_DITHER_MASK_FOR_ALPHABLENDED_SHADOWS UNITY_PBS_USE_BRDF1 UNITY_SPECCUBE_BOX_PROJECTION UNITY_SPECCUBE_BLENDING UNITY_ENABLE_DETAIL_NORMALMAP SHADER_API_DESKTOP UNITY_LIGHT_PROBE_PROXY_VOLUME UNITY_LIGHTMAP_FULL_HDR UNITY_PLATFORM_SUPPORTS_DEPTH_FETCH uKW=_DISTORTION _CHROMATIC_ABERRATION _BLOOM_HQ _TONEMAP_ACES dKW=DEBUG_DISPLAY SCREEN_COORD_OVERRIDE _POINT_SAMPLING _BLOOM_LQ _BLOOM_LQ_DIRT _BLOOM_HQ_DIRT _HDR_GRADING _TONEMAP_NEUTRAL _FILM_GRAIN _DITHERING _GAMMA_20 _LINEAR_TO_SRGB_CONVERSION _USE_FAST_SRGB_LINEAR_CONVERSION _ENABLE_ALPHA_OUTPUT HDR_INPUT HDR_ENCODING UNITY_NO_DXT5nm UNITY_FRAMEBUFFER_FETCH_AVAILABLE UNITY_METAL_SHADOWS_USE_POINT_FILTERING UNITY_NO_SCREENSPACE_SHADOWS UNITY_PBS_USE_BRDF2 UNITY_PBS_USE_BRDF3 UNITY_HARDWARE_TIER1 UNITY_HARDWARE_TIER2 UNITY_HARDWARE_TIER3 UNITY_COLORSPACE_GAMMA UNITY_LIGHTMAP_DLDR_ENCODING UNITY_LIGHTMAP_RGBM_ENCODING UNITY_VIRTUAL_TEXTURING UNITY_PRETRANSFORM_TO_DISPLAY_ORIENTATION UNITY_ASTC_NORMALMAP_ENCODING SHADER_API_GLES30 SHADER_API_GLES31 SHADER_API_GLES32 UNITY_UNIFIED_SHADER_PRECISION_MODEL flags=0 lang=3 type=Fragment platform=d3d11 reqs=33 mask=6 start=366
RunExternalCompiler: begin name=FXC
RunExternalCompiler: end
compileSnippet complete
 ok=1 outsize=12350

Cmd: compileSnippet
  insize=6773 file=Assets/UI/TextMesh Pro/Shaders/TMP_SDF-Mobile.shader name=TextMeshPro/Mobile/Distance Field pass=<Unnamed Pass 0> ppOnly=0 stripLineD=0 buildPlatform=19 rsLen=0 pKW=UNITY_ENABLE_REFLECTION_BUFFERS UNITY_USE_DITHER_MASK_FOR_ALPHABLENDED_SHADOWS UNITY_PBS_USE_BRDF1 UNITY_SPECCUBE_BOX_PROJECTION UNITY_SPECCUBE_BLENDING UNITY_ENABLE_DETAIL_NORMALMAP SHADER_API_DESKTOP UNITY_LIGHT_PROBE_PROXY_VOLUME UNITY_LIGHTMAP_FULL_HDR UNITY_PLATFORM_SUPPORTS_DEPTH_FETCH uKW=OUTLINE_ON UNITY_UI_CLIP_RECT dKW=UNDERLAY_ON UNDERLAY_INNER UNITY_UI_ALPHACLIP UNITY_NO_DXT5nm UNITY_FRAMEBUFFER_FETCH_AVAILABLE UNITY_METAL_SHADOWS_USE_POINT_FILTERING UNITY_NO_SCREENSPACE_SHADOWS UNITY_PBS_USE_BRDF2 UNITY_PBS_USE_BRDF3 UNITY_HARDWARE_TIER1 UNITY_HARDWARE_TIER2 UNITY_HARDWARE_TIER3 UNITY_COLORSPACE_GAMMA UNITY_LIGHTMAP_DLDR_ENCODING UNITY_LIGHTMAP_RGBM_ENCODING UNITY_VIRTUAL_TEXTURING UNITY_PRETRANSFORM_TO_DISPLAY_ORIENTATION UNITY_ASTC_NORMALMAP_ENCODING SHADER_API_GLES30 SHADER_API_GLES31 SHADER_API_GLES32 UNITY_UNIFIED_SHADER_PRECISION_MODEL flags=0 lang=0 type=Vertex platform=d3d11 reqs=33 mask=6 start=83
RunExternalCompiler: begin name=FXC
RunExternalCompiler: end
compileSnippet complete
 ok=1 outsize=93014

Cmd: compileSnippet
  insize=4862 file=Packages/com.unity.render-pipelines.universal/Shaders/Terrain/WavingGrassBillboard.shader name=Hidden/TerrainEngine/Details/UniversalPipeline/BillboardWavingDoublePass pass=ForwardLit ppOnly=0 stripLineD=0 buildPlatform=19 rsLen=0 pKW=UNITY_ENABLE_REFLECTION_BUFFERS UNITY_USE_DITHER_MASK_FOR_ALPHABLENDED_SHADOWS UNITY_PBS_USE_BRDF1 UNITY_SPECCUBE_BOX_PROJECTION UNITY_SPECCUBE_BLENDING UNITY_ENABLE_DETAIL_NORMALMAP SHADER_API_DESKTOP UNITY_LIGHT_PROBE_PROXY_VOLUME UNITY_LIGHTMAP_FULL_HDR UNITY_PLATFORM_SUPPORTS_DEPTH_FETCH uKW=_MAIN_LIGHT_SHADOWS_CASCADE _CLUSTER_LIGHT_LOOP _ADDITIONAL_LIGHT_SHADOWS dKW=_SHADOWS_SOFT _SHADOWS_SOFT_LOW _SHADOWS_SOFT_MEDIUM _SHADOWS_SOFT_HIGH _SCREEN_SPACE_IRRADIANCE LIGHTMAP_BICUBIC_SAMPLING REFLECTION_PROBE_ROTATION DEBUG_DISPLAY _MAIN_LIGHT_SHADOWS _MAIN_LIGHT_SHADOWS_SCREEN _ADDITIONAL_LIGHTS_VERTEX _ADDITIONAL_LIGHTS LIGHTMAP_SHADOW_MIXING SHADOWS_SHADOWMASK DIRLIGHTMAP_COMBINED LIGHTMAP_ON FOG_LINEAR FOG_EXP FOG_EXP2 INSTANCING_ON UNITY_NO_DXT5nm UNITY_FRAMEBUFFER_FETCH_AVAILABLE UNITY_METAL_SHADOWS_USE_POINT_FILTERING UNITY_NO_SCREENSPACE_SHADOWS UNITY_PBS_USE_BRDF2 UNITY_PBS_USE_BRDF3 UNITY_HARDWARE_TIER1 UNITY_HARDWARE_TIER2 UNITY_HARDWARE_TIER3 UNITY_COLORSPACE_GAMMA UNITY_LIGHTMAP_DLDR_ENCODING UNITY_LIGHTMAP_RGBM_ENCODING UNITY_VIRTUAL_TEXTURING UNITY_PRETRANSFORM_TO_DISPLAY_ORIENTATION UNITY_ASTC_NORMALMAP_ENCODING SHADER_API_GLES30 SHADER_API_GLES31 SHADER_API_GLES32 UNITY_UNIFIED_SHADER_PRECISION_MODEL flags=0 lang=3 type=Fragment platform=d3d11 reqs=1 mask=6 start=26
RunExternalCompiler: begin name=FXC
RunExternalCompiler: end
compileSnippet complete
 ok=1 outsize=9406

Cmd: compileSnippet
  insize=1137 file=Packages/com.unity.render-pipelines.universal/Shaders/PostProcessing/SubpixelMorphologicalAntialiasing.shader name=Hidden/Universal Render Pipeline/SubpixelMorphologicalAntialiasing pass= ppOnly=0 stripLineD=0 buildPlatform=19 rsLen=0 pKW=UNITY_ENABLE_REFLECTION_BUFFERS UNITY_USE_DITHER_MASK_FOR_ALPHABLENDED_SHADOWS UNITY_PBS_USE_BRDF1 UNITY_SPECCUBE_BOX_PROJECTION UNITY_SPECCUBE_BLENDING UNITY_ENABLE_DETAIL_NORMALMAP SHADER_API_DESKTOP UNITY_LIGHT_PROBE_PROXY_VOLUME UNITY_LIGHTMAP_FULL_HDR UNITY_PLATFORM_SUPPORTS_DEPTH_FETCH uKW=_SMAA_PRESET_MEDIUM dKW=_SMAA_PRESET_LOW _SMAA_PRESET_HIGH UNITY_NO_DXT5nm UNITY_FRAMEBUFFER_FETCH_AVAILABLE UNITY_METAL_SHADOWS_USE_POINT_FILTERING UNITY_NO_SCREENSPACE_SHADOWS UNITY_PBS_USE_BRDF2 UNITY_PBS_USE_BRDF3 UNITY_HARDWARE_TIER1 UNITY_HARDWARE_TIER2 UNITY_HARDWARE_TIER3 UNITY_COLORSPACE_GAMMA UNITY_LIGHTMAP_DLDR_ENCODING UNITY_LIGHTMAP_RGBM_ENCODING UNITY_VIRTUAL_TEXTURING UNITY_PRETRANSFORM_TO_DISPLAY_ORIENTATION UNITY_ASTC_NORMALMAP_ENCODING SHADER_API_GLES30 SHADER_API_GLES31 SHADER_API_GLES32 UNITY_UNIFIED_SHADER_PRECISION_MODEL flags=0 lang=3 type=Vertex platform=d3d11 reqs=33 mask=6 start=62
RunExternalCompiler: begin name=FXC
RunExternalCompiler: end
compileSnippet complete
 ok=1 outsize=690

Cmd: compileSnippet
  insize=1720 file=Packages/com.unity.render-pipelines.universal/Shaders/PostProcessing/LensFlareDataDriven.shader name=Hidden/Universal Render Pipeline/LensFlareDataDriven pass=LensFlareScreen ppOnly=0 stripLineD=0 buildPlatform=19 rsLen=0 pKW=UNITY_ENABLE_REFLECTION_BUFFERS UNITY_USE_DITHER_MASK_FOR_ALPHABLENDED_SHADOWS UNITY_PBS_USE_BRDF1 UNITY_SPECCUBE_BOX_PROJECTION UNITY_SPECCUBE_BLENDING UNITY_ENABLE_DETAIL_NORMALMAP SHADER_API_DESKTOP UNITY_LIGHT_PROBE_PROXY_VOLUME UNITY_LIGHTMAP_FULL_HDR UNITY_PLATFORM_SUPPORTS_DEPTH_FETCH uKW=FLARE_OPENGL3_OR_OPENGLCORE FLARE_HAS_OCCLUSION dKW=UNITY_NO_DXT5nm UNITY_FRAMEBUFFER_FETCH_AVAILABLE UNITY_METAL_SHADOWS_USE_POINT_FILTERING UNITY_NO_SCREENSPACE_SHADOWS UNITY_PBS_USE_BRDF2 UNITY_PBS_USE_BRDF3 UNITY_HARDWARE_TIER1 UNITY_HARDWARE_TIER2 UNITY_HARDWARE_TIER3 UNITY_COLORSPACE_GAMMA UNITY_LIGHTMAP_DLDR_ENCODING UNITY_LIGHTMAP_RGBM_ENCODING UNITY_VIRTUAL_TEXTURING UNITY_PRETRANSFORM_TO_DISPLAY_ORIENTATION UNITY_ASTC_NORMALMAP_ENCODING SHADER_API_GLES30 SHADER_API_GLES31 SHADER_API_GLES32 UNITY_UNIFIED_SHADER_PRECISION_MODEL flags=0 lang=3 type=Vertex platform=d3d11 reqs=227 mask=6 start=56
RunExternalCompiler: begin name=FXC
RunExternalCompiler: end
compileSnippet complete
 ok=1 outsize=3406

Cmd: compileSnippet
  insize=4679 file=Packages/com.unity.render-pipelines.universal/Shaders/PostProcessing/PaniniProjection.shader name=Hidden/Universal Render Pipeline/PaniniProjection pass=Panini Projection ppOnly=0 stripLineD=0 buildPlatform=19 rsLen=0 pKW=UNITY_ENABLE_REFLECTION_BUFFERS UNITY_USE_DITHER_MASK_FOR_ALPHABLENDED_SHADOWS UNITY_PBS_USE_BRDF1 UNITY_SPECCUBE_BOX_PROJECTION UNITY_SPECCUBE_BLENDING UNITY_ENABLE_DETAIL_NORMALMAP SHADER_API_DESKTOP UNITY_LIGHT_PROBE_PROXY_VOLUME UNITY_LIGHTMAP_FULL_HDR UNITY_PLATFORM_SUPPORTS_DEPTH_FETCH uKW=_UNIT_DISTANCE dKW=_GENERIC UNITY_NO_DXT5nm UNITY_FRAMEBUFFER_FETCH_AVAILABLE UNITY_METAL_SHADOWS_USE_POINT_FILTERING UNITY_NO_SCREENSPACE_SHADOWS UNITY_PBS_USE_BRDF2 UNITY_PBS_USE_BRDF3 UNITY_HARDWARE_TIER1 UNITY_HARDWARE_TIER2 UNITY_HARDWARE_TIER3 UNITY_COLORSPACE_GAMMA UNITY_LIGHTMAP_DLDR_ENCODING UNITY_LIGHTMAP_RGBM_ENCODING UNITY_VIRTUAL_TEXTURING UNITY_PRETRANSFORM_TO_DISPLAY_ORIENTATION UNITY_ASTC_NORMALMAP_ENCODING SHADER_API_GLES30 SHADER_API_GLES31 SHADER_API_GLES32 UNITY_UNIFIED_SHADER_PRECISION_MODEL flags=0 lang=3 type=Fragment platform=d3d11 reqs=33 mask=6 start=124
RunExternalCompiler: begin name=FXC
RunExternalCompiler: end
compileSnippet complete
 ok=1 outsize=974

Cmd: compileSnippet
  insize=8500 file=Packages/com.unity.render-pipelines.universal/Shaders/PostProcessing/FinalPost.shader name=Hidden/Universal Render Pipeline/FinalPost pass=FinalPost ppOnly=0 stripLineD=0 buildPlatform=19 rsLen=0 pKW=UNITY_ENABLE_REFLECTION_BUFFERS UNITY_USE_DITHER_MASK_FOR_ALPHABLENDED_SHADOWS UNITY_PBS_USE_BRDF1 UNITY_SPECCUBE_BOX_PROJECTION UNITY_SPECCUBE_BLENDING UNITY_ENABLE_DETAIL_NORMALMAP SHADER_API_DESKTOP UNITY_LIGHT_PROBE_PROXY_VOLUME UNITY_LIGHTMAP_FULL_HDR UNITY_PLATFORM_SUPPORTS_DEPTH_FETCH uKW=_DITHERING _LINEAR_TO_SRGB_CONVERSION dKW=DEBUG_DISPLAY SCREEN_COORD_OVERRIDE _POINT_SAMPLING _RCAS _EASU_RCAS_AND_HDR_INPUT _FXAA _FILM_GRAIN _ENABLE_ALPHA_OUTPUT HDR_INPUT HDR_COLORSPACE_CONVERSION HDR_ENCODING HDR_COLORSPACE_CONVERSION_AND_ENCODING UNITY_NO_DXT5nm UNITY_FRAMEBUFFER_FETCH_AVAILABLE UNITY_METAL_SHADOWS_USE_POINT_FILTERING UNITY_NO_SCREENSPACE_SHADOWS UNITY_PBS_USE_BRDF2 UNITY_PBS_USE_BRDF3 UNITY_HARDWARE_TIER1 UNITY_HARDWARE_TIER2 UNITY_HARDWARE_TIER3 UNITY_COLORSPACE_GAMMA UNITY_LIGHTMAP_DLDR_ENCODING UNITY_LIGHTMAP_RGBM_ENCODING UNITY_VIRTUAL_TEXTURING UNITY_PRETRANSFORM_TO_DISPLAY_ORIENTATION UNITY_ASTC_NORMALMAP_ENCODING SHADER_API_GLES30 SHADER_API_GLES31 SHADER_API_GLES32 UNITY_UNIFIED_SHADER_PRECISION_MODEL flags=0 lang=3 type=Fragment platform=d3d11 reqs=1101803 mask=6 start=171
RunExternalCompiler: begin name=FXC
RunExternalCompiler: end
compileSnippet complete
 ok=1 outsize=1586

Cmd: compileSnippet
  insize=8500 file=Packages/com.unity.render-pipelines.universal/Shaders/PostProcessing/FinalPost.shader name=Hidden/Universal Render Pipeline/FinalPost pass=FinalPost ppOnly=0 stripLineD=0 buildPlatform=19 rsLen=0 pKW=UNITY_ENABLE_REFLECTION_BUFFERS UNITY_USE_DITHER_MASK_FOR_ALPHABLENDED_SHADOWS UNITY_PBS_USE_BRDF1 UNITY_SPECCUBE_BOX_PROJECTION UNITY_SPECCUBE_BLENDING UNITY_ENABLE_DETAIL_NORMALMAP SHADER_API_DESKTOP UNITY_LIGHT_PROBE_PROXY_VOLUME UNITY_LIGHTMAP_FULL_HDR UNITY_PLATFORM_SUPPORTS_DEPTH_FETCH uKW=_RCAS _FXAA _FILM_GRAIN _DITHERING dKW=DEBUG_DISPLAY SCREEN_COORD_OVERRIDE _POINT_SAMPLING _EASU_RCAS_AND_HDR_INPUT _LINEAR_TO_SRGB_CONVERSION _ENABLE_ALPHA_OUTPUT HDR_INPUT HDR_COLORSPACE_CONVERSION HDR_ENCODING HDR_COLORSPACE_CONVERSION_AND_ENCODING UNITY_NO_DXT5nm UNITY_FRAMEBUFFER_FETCH_AVAILABLE UNITY_METAL_SHADOWS_USE_POINT_FILTERING UNITY_NO_SCREENSPACE_SHADOWS UNITY_PBS_USE_BRDF2 UNITY_PBS_USE_BRDF3 UNITY_HARDWARE_TIER1 UNITY_HARDWARE_TIER2 UNITY_HARDWARE_TIER3 UNITY_COLORSPACE_GAMMA UNITY_LIGHTMAP_DLDR_ENCODING UNITY_LIGHTMAP_RGBM_ENCODING UNITY_VIRTUAL_TEXTURING UNITY_PRETRANSFORM_TO_DISPLAY_ORIENTATION UNITY_ASTC_NORMALMAP_ENCODING SHADER_API_GLES30 SHADER_API_GLES31 SHADER_API_GLES32 UNITY_UNIFIED_SHADER_PRECISION_MODEL flags=0 lang=3 type=Fragment platform=d3d11 reqs=1101803 mask=6 start=171
RunExternalCompiler: begin name=FXC
RunExternalCompiler: end
compileSnippet complete
 ok=1 outsize=9570

Cmd: compileSnippet
  insize=8465 file=Packages/com.unity.render-pipelines.universal/Shaders/PostProcessing/FinalPost.shader name=Hidden/Universal Render Pipeline/FinalPost pass=FinalPost ppOnly=0 stripLineD=0 buildPlatform=19 rsLen=0 pKW=UNITY_ENABLE_REFLECTION_BUFFERS UNITY_USE_DITHER_MASK_FOR_ALPHABLENDED_SHADOWS UNITY_PBS_USE_BRDF1 UNITY_SPECCUBE_BOX_PROJECTION UNITY_SPECCUBE_BLENDING UNITY_ENABLE_DETAIL_NORMALMAP SHADER_API_DESKTOP UNITY_LIGHT_PROBE_PROXY_VOLUME UNITY_LIGHTMAP_FULL_HDR UNITY_PLATFORM_SUPPORTS_DEPTH_FETCH uKW=_RCAS _FILM_GRAIN _LINEAR_TO_SRGB_CONVERSION dKW=DEBUG_DISPLAY SCREEN_COORD_OVERRIDE _POINT_SAMPLING _EASU_RCAS_AND_HDR_INPUT _FXAA _DITHERING _ENABLE_ALPHA_OUTPUT HDR_INPUT HDR_COLORSPACE_CONVERSION HDR_ENCODING HDR_COLORSPACE_CONVERSION_AND_ENCODING UNITY_NO_DXT5nm UNITY_FRAMEBUFFER_FETCH_AVAILABLE UNITY_METAL_SHADOWS_USE_POINT_FILTERING UNITY_NO_SCREENSPACE_SHADOWS UNITY_PBS_USE_BRDF2 UNITY_PBS_USE_BRDF3 UNITY_HARDWARE_TIER1 UNITY_HARDWARE_TIER2 UNITY_HARDWARE_TIER3 UNITY_COLORSPACE_GAMMA UNITY_LIGHTMAP_DLDR_ENCODING UNITY_LIGHTMAP_RGBM_ENCODING UNITY_VIRTUAL_TEXTURING UNITY_PRETRANSFORM_TO_DISPLAY_ORIENTATION UNITY_ASTC_NORMALMAP_ENCODING SHADER_API_GLES30 SHADER_API_GLES31 SHADER_API_GLES32 UNITY_UNIFIED_SHADER_PRECISION_MODEL flags=0 lang=3 type=Fragment platform=d3d11 reqs=33 mask=6 start=205
RunExternalCompiler: begin name=FXC
RunExternalCompiler: end
compileSnippet complete
 ok=1 outsize=1022

Cmd: compileSnippet
  insize=1135 file=Packages/com.unity.render-pipelines.universal/Shaders/Utils/CoreBlitColorAndDepth.shader name=Hidden/Universal/CoreBlitColorAndDepth pass=ColorAndDepth ppOnly=0 stripLineD=0 buildPlatform=19 rsLen=0 pKW=UNITY_ENABLE_REFLECTION_BUFFERS UNITY_USE_DITHER_MASK_FOR_ALPHABLENDED_SHADOWS UNITY_PBS_USE_BRDF1 UNITY_SPECCUBE_BOX_PROJECTION UNITY_SPECCUBE_BLENDING UNITY_ENABLE_DETAIL_NORMALMAP SHADER_API_DESKTOP UNITY_LIGHT_PROBE_PROXY_VOLUME UNITY_LIGHTMAP_FULL_HDR UNITY_PLATFORM_SUPPORTS_DEPTH_FETCH uKW=_MSAA_4X dKW=_MSAA_2X _MSAA_8X UNITY_NO_DXT5nm UNITY_FRAMEBUFFER_FETCH_AVAILABLE UNITY_METAL_SHADOWS_USE_POINT_FILTERING UNITY_NO_SCREENSPACE_SHADOWS UNITY_PBS_USE_BRDF2 UNITY_PBS_USE_BRDF3 UNITY_HARDWARE_TIER1 UNITY_HARDWARE_TIER2 UNITY_HARDWARE_TIER3 UNITY_COLORSPACE_GAMMA UNITY_LIGHTMAP_DLDR_ENCODING UNITY_LIGHTMAP_RGBM_ENCODING UNITY_VIRTUAL_TEXTURING UNITY_PRETRANSFORM_TO_DISPLAY_ORIENTATION UNITY_ASTC_NORMALMAP_ENCODING SHADER_API_GLES30 SHADER_API_GLES31 SHADER_API_GLES32 UNITY_UNIFIED_SHADER_PRECISION_MODEL flags=0 lang=3 type=Vertex platform=d3d11 reqs=1 mask=6 start=33
RunExternalCompiler: begin name=FXC
RunExternalCompiler: end
compileSnippet complete
 ok=1 outsize=582

Cmd: compileSnippet
  insize=1237 file=Packages/com.unity.render-pipelines.universal/Shaders/Utils/CopyDepth.shader name=Hidden/Universal Render Pipeline/CopyDepth pass=CopyDepth ppOnly=0 stripLineD=0 buildPlatform=19 rsLen=0 pKW=UNITY_ENABLE_REFLECTION_BUFFERS UNITY_USE_DITHER_MASK_FOR_ALPHABLENDED_SHADOWS UNITY_PBS_USE_BRDF1 UNITY_SPECCUBE_BOX_PROJECTION UNITY_SPECCUBE_BLENDING UNITY_ENABLE_DETAIL_NORMALMAP SHADER_API_DESKTOP UNITY_LIGHT_PROBE_PROXY_VOLUME UNITY_LIGHTMAP_FULL_HDR UNITY_PLATFORM_SUPPORTS_DEPTH_FETCH uKW=_DEPTH_MSAA_4 dKW=_DEPTH_MSAA_2 _DEPTH_MSAA_8 _OUTPUT_DEPTH UNITY_NO_DXT5nm UNITY_FRAMEBUFFER_FETCH_AVAILABLE UNITY_METAL_SHADOWS_USE_POINT_FILTERING UNITY_NO_SCREENSPACE_SHADOWS UNITY_PBS_USE_BRDF2 UNITY_PBS_USE_BRDF3 UNITY_HARDWARE_TIER1 UNITY_HARDWARE_TIER2 UNITY_HARDWARE_TIER3 UNITY_COLORSPACE_GAMMA UNITY_LIGHTMAP_DLDR_ENCODING UNITY_LIGHTMAP_RGBM_ENCODING UNITY_VIRTUAL_TEXTURING UNITY_PRETRANSFORM_TO_DISPLAY_ORIENTATION UNITY_ASTC_NORMALMAP_ENCODING SHADER_API_GLES30 SHADER_API_GLES31 SHADER_API_GLES32 UNITY_UNIFIED_SHADER_PRECISION_MODEL flags=0 lang=3 type=Fragment platform=d3d11 reqs=33 mask=6 start=15
RunExternalCompiler: begin name=FXC
RunExternalCompiler: end
compileSnippet complete
 ok=1 outsize=602

Cmd: compileSnippet
  insize=5938 file=Packages/com.unity.render-pipelines.universal/Shaders/Terrain/WavingGrass.shader name=Hidden/TerrainEngine/Details/UniversalPipeline/WavingDoublePass pass=ForwardLit ppOnly=0 stripLineD=0 buildPlatform=19 rsLen=0 pKW=UNITY_ENABLE_REFLECTION_BUFFERS UNITY_USE_DITHER_MASK_FOR_ALPHABLENDED_SHADOWS UNITY_PBS_USE_BRDF1 UNITY_SPECCUBE_BOX_PROJECTION UNITY_SPECCUBE_BLENDING UNITY_ENABLE_DETAIL_NORMALMAP SHADER_API_DESKTOP UNITY_LIGHT_PROBE_PROXY_VOLUME UNITY_LIGHTMAP_FULL_HDR UNITY_PLATFORM_SUPPORTS_DEPTH_FETCH uKW=_MAIN_LIGHT_SHADOWS_CASCADE _LIGHT_LAYERS _CLUSTER_LIGHT_LOOP _ADDITIONAL_LIGHT_SHADOWS _SHADOWS_SOFT _SCREEN_SPACE_OCCLUSION _LIGHT_COOKIES dKW=_SHADOWS_SOFT_LOW _SHADOWS_SOFT_MEDIUM _SHADOWS_SOFT_HIGH _SCREEN_SPACE_IRRADIANCE LIGHTMAP_BICUBIC_SAMPLING REFLECTION_PROBE_ROTATION DEBUG_DISPLAY _MAIN_LIGHT_SHADOWS _MAIN_LIGHT_SHADOWS_SCREEN _ADDITIONAL_LIGHTS_VERTEX _ADDITIONAL_LIGHTS LIGHTMAP_SHADOW_MIXING SHADOWS_SHADOWMASK EVALUATE_SH_MIXED EVALUATE_SH_VERTEX PROBE_VOLUMES_L1 PROBE_VOLUMES_L2 DIRLIGHTMAP_COMBINED LIGHTMAP_ON FOG_LINEAR FOG_EXP FOG_EXP2 INSTANCING_ON UNITY_NO_DXT5nm UNITY_FRAMEBUFFER_FETCH_AVAILABLE UNITY_METAL_SHADOWS_USE_POINT_FILTERING UNITY_NO_SCREENSPACE_SHADOWS UNITY_PBS_USE_BRDF2 UNITY_PBS_USE_BRDF3 UNITY_HARDWARE_TIER1 UNITY_HARDWARE_TIER2 UNITY_HARDWARE_TIER3 UNITY_COLORSPACE_GAMMA UNITY_LIGHTMAP_DLDR_ENCODING UNITY_LIGHTMAP_RGBM_ENCODING UNITY_VIRTUAL_TEXTURING UNITY_PRETRANSFORM_TO_DISPLAY_ORIENTATION UNITY_ASTC_NORMALMAP_ENCODING SHADER_API_GLES30 SHADER_API_GLES31 SHADER_API_GLES32 UNITY_UNIFIED_SHADER_PRECISION_MODEL flags=0 lang=3 type=Fragment platform=d3d11 reqs=1 mask=6 start=26
RunExternalCompiler: begin name=FXC
RunExternalCompiler: end
compileSnippet complete
 ok=1 outsize=31954

Cmd: compileSnippet
  insize=18093 file=Packages/com.unity.render-pipelines.universal/Shaders/PostProcessing/UberPost.shader name=Hidden/Universal Render Pipeline/UberPost pass=UberPost ppOnly=0 stripLineD=0 buildPlatform=19 rsLen=0 pKW=UNITY_ENABLE_REFLECTION_BUFFERS UNITY_USE_DITHER_MASK_FOR_ALPHABLENDED_SHADOWS UNITY_PBS_USE_BRDF1 UNITY_SPECCUBE_BOX_PROJECTION UNITY_SPECCUBE_BLENDING UNITY_ENABLE_DETAIL_NORMALMAP SHADER_API_DESKTOP UNITY_LIGHT_PROBE_PROXY_VOLUME UNITY_LIGHTMAP_FULL_HDR UNITY_PLATFORM_SUPPORTS_DEPTH_FETCH uKW=_BLOOM_LQ _TONEMAP_NEUTRAL dKW=DEBUG_DISPLAY SCREEN_COORD_OVERRIDE _POINT_SAMPLING _DISTORTION _CHROMATIC_ABERRATION _BLOOM_HQ _BLOOM_LQ_DIRT _BLOOM_HQ_DIRT _HDR_GRADING _TONEMAP_ACES _FILM_GRAIN _DITHERING _GAMMA_20 _LINEAR_TO_SRGB_CONVERSION _USE_FAST_SRGB_LINEAR_CONVERSION _ENABLE_ALPHA_OUTPUT HDR_INPUT HDR_ENCODING UNITY_NO_DXT5nm UNITY_FRAMEBUFFER_FETCH_AVAILABLE UNITY_METAL_SHADOWS_USE_POINT_FILTERING UNITY_NO_SCREENSPACE_SHADOWS UNITY_PBS_USE_BRDF2 UNITY_PBS_USE_BRDF3 UNITY_HARDWARE_TIER1 UNITY_HARDWARE_TIER2 UNITY_HARDWARE_TIER3 UNITY_COLORSPACE_GAMMA UNITY_LIGHTMAP_DLDR_ENCODING UNITY_LIGHTMAP_RGBM_ENCODING UNITY_VIRTUAL_TEXTURING UNITY_PRETRANSFORM_TO_DISPLAY_ORIENTATION UNITY_ASTC_NORMALMAP_ENCODING SHADER_API_GLES30 SHADER_API_GLES31 SHADER_API_GLES32 UNITY_UNIFIED_SHADER_PRECISION_MODEL flags=0 lang=3 type=Fragment platform=d3d11 reqs=33 mask=6 start=366
RunExternalCompiler: begin name=FXC
RunExternalCompiler: end
compileSnippet complete
 ok=1 outsize=3146

Cmd: compileSnippet
  insize=18093 file=Packages/com.unity.render-pipelines.universal/Shaders/PostProcessing/UberPost.shader name=Hidden/Universal Render Pipeline/UberPost pass=UberPost ppOnly=0 stripLineD=0 buildPlatform=19 rsLen=0 pKW=UNITY_ENABLE_REFLECTION_BUFFERS UNITY_USE_DITHER_MASK_FOR_ALPHABLENDED_SHADOWS UNITY_PBS_USE_BRDF1 UNITY_SPECCUBE_BOX_PROJECTION UNITY_SPECCUBE_BLENDING UNITY_ENABLE_DETAIL_NORMALMAP SHADER_API_DESKTOP UNITY_LIGHT_PROBE_PROXY_VOLUME UNITY_LIGHTMAP_FULL_HDR UNITY_PLATFORM_SUPPORTS_DEPTH_FETCH uKW=_BLOOM_LQ _TONEMAP_NEUTRAL _GAMMA_20 dKW=DEBUG_DISPLAY SCREEN_COORD_OVERRIDE _POINT_SAMPLING _DISTORTION _CHROMATIC_ABERRATION _BLOOM_HQ _BLOOM_LQ_DIRT _BLOOM_HQ_DIRT _HDR_GRADING _TONEMAP_ACES _FILM_GRAIN _DITHERING _LINEAR_TO_SRGB_CONVERSION _USE_FAST_SRGB_LINEAR_CONVERSION _ENABLE_ALPHA_OUTPUT HDR_INPUT HDR_ENCODING UNITY_NO_DXT5nm UNITY_FRAMEBUFFER_FETCH_AVAILABLE UNITY_METAL_SHADOWS_USE_POINT_FILTERING UNITY_NO_SCREENSPACE_SHADOWS UNITY_PBS_USE_BRDF2 UNITY_PBS_USE_BRDF3 UNITY_HARDWARE_TIER1 UNITY_HARDWARE_TIER2 UNITY_HARDWARE_TIER3 UNITY_COLORSPACE_GAMMA UNITY_LIGHTMAP_DLDR_ENCODING UNITY_LIGHTMAP_RGBM_ENCODING UNITY_VIRTUAL_TEXTURING UNITY_PRETRANSFORM_TO_DISPLAY_ORIENTATION UNITY_ASTC_NORMALMAP_ENCODING SHADER_API_GLES30 SHADER_API_GLES31 SHADER_API_GLES32 UNITY_UNIFIED_SHADER_PRECISION_MODEL flags=0 lang=3 type=Fragment platform=d3d11 reqs=33 mask=6 start=366
RunExternalCompiler: begin name=FXC
RunExternalCompiler: end
compileSnippet complete
 ok=1 outsize=3166

Cmd: compileSnippet
  insize=18093 file=Packages/com.unity.render-pipelines.universal/Shaders/PostProcessing/UberPost.shader name=Hidden/Universal Render Pipeline/UberPost pass=UberPost ppOnly=0 stripLineD=0 buildPlatform=19 rsLen=0 pKW=UNITY_ENABLE_REFLECTION_BUFFERS UNITY_USE_DITHER_MASK_FOR_ALPHABLENDED_SHADOWS UNITY_PBS_USE_BRDF1 UNITY_SPECCUBE_BOX_PROJECTION UNITY_SPECCUBE_BLENDING UNITY_ENABLE_DETAIL_NORMALMAP SHADER_API_DESKTOP UNITY_LIGHT_PROBE_PROXY_VOLUME UNITY_LIGHTMAP_FULL_HDR UNITY_PLATFORM_SUPPORTS_DEPTH_FETCH uKW=_BLOOM_LQ _TONEMAP_NEUTRAL _LINEAR_TO_SRGB_CONVERSION dKW=DEBUG_DISPLAY SCREEN_COORD_OVERRIDE _POINT_SAMPLING _DISTORTION _CHROMATIC_ABERRATION _BLOOM_HQ _BLOOM_LQ_DIRT _BLOOM_HQ_DIRT _HDR_GRADING _TONEMAP_ACES _FILM_GRAIN _DITHERING _GAMMA_20 _USE_FAST_SRGB_LINEAR_CONVERSION _ENABLE_ALPHA_OUTPUT HDR_INPUT HDR_ENCODING UNITY_NO_DXT5nm UNITY_FRAMEBUFFER_FETCH_AVAILABLE UNITY_METAL_SHADOWS_USE_POINT_FILTERING UNITY_NO_SCREENSPACE_SHADOWS UNITY_PBS_USE_BRDF2 UNITY_PBS_USE_BRDF3 UNITY_HARDWARE_TIER1 UNITY_HARDWARE_TIER2 UNITY_HARDWARE_TIER3 UNITY_COLORSPACE_GAMMA UNITY_LIGHTMAP_DLDR_ENCODING UNITY_LIGHTMAP_RGBM_ENCODING UNITY_VIRTUAL_TEXTURING UNITY_PRETRANSFORM_TO_DISPLAY_ORIENTATION UNITY_ASTC_NORMALMAP_ENCODING SHADER_API_GLES30 SHADER_API_GLES31 SHADER_API_GLES32 UNITY_UNIFIED_SHADER_PRECISION_MODEL flags=0 lang=3 type=Fragment platform=d3d11 reqs=33 mask=6 start=366
RunExternalCompiler: begin name=FXC
RunExternalCompiler: end
compileSnippet complete
 ok=1 outsize=3406

Cmd: compileSnippet
  insize=18093 file=Packages/com.unity.render-pipelines.universal/Shaders/PostProcessing/UberPost.shader name=Hidden/Universal Render Pipeline/UberPost pass=UberPost ppOnly=0 stripLineD=0 buildPlatform=19 rsLen=0 pKW=UNITY_ENABLE_REFLECTION_BUFFERS UNITY_USE_DITHER_MASK_FOR_ALPHABLENDED_SHADOWS UNITY_PBS_USE_BRDF1 UNITY_SPECCUBE_BOX_PROJECTION UNITY_SPECCUBE_BLENDING UNITY_ENABLE_DETAIL_NORMALMAP SHADER_API_DESKTOP UNITY_LIGHT_PROBE_PROXY_VOLUME UNITY_LIGHTMAP_FULL_HDR UNITY_PLATFORM_SUPPORTS_DEPTH_FETCH uKW=_BLOOM_LQ _TONEMAP_NEUTRAL _DITHERING dKW=DEBUG_DISPLAY SCREEN_COORD_OVERRIDE _POINT_SAMPLING _DISTORTION _CHROMATIC_ABERRATION _BLOOM_HQ _BLOOM_LQ_DIRT _BLOOM_HQ_DIRT _HDR_GRADING _TONEMAP_ACES _FILM_GRAIN _GAMMA_20 _LINEAR_TO_SRGB_CONVERSION _USE_FAST_SRGB_LINEAR_CONVERSION _ENABLE_ALPHA_OUTPUT HDR_INPUT HDR_ENCODING UNITY_NO_DXT5nm UNITY_FRAMEBUFFER_FETCH_AVAILABLE UNITY_METAL_SHADOWS_USE_POINT_FILTERING UNITY_NO_SCREENSPACE_SHADOWS UNITY_PBS_USE_BRDF2 UNITY_PBS_USE_BRDF3 UNITY_HARDWARE_TIER1 UNITY_HARDWARE_TIER2 UNITY_HARDWARE_TIER3 UNITY_COLORSPACE_GAMMA UNITY_LIGHTMAP_DLDR_ENCODING UNITY_LIGHTMAP_RGBM_ENCODING UNITY_VIRTUAL_TEXTURING UNITY_PRETRANSFORM_TO_DISPLAY_ORIENTATION UNITY_ASTC_NORMALMAP_ENCODING SHADER_API_GLES30 SHADER_API_GLES31 SHADER_API_GLES32 UNITY_UNIFIED_SHADER_PRECISION_MODEL flags=0 lang=3 type=Fragment platform=d3d11 reqs=33 mask=6 start=366
RunExternalCompiler: begin name=FXC
RunExternalCompiler: end
compileSnippet complete
 ok=1 outsize=4106

Cmd: compileSnippet
  insize=18093 file=Packages/com.unity.render-pipelines.universal/Shaders/PostProcessing/UberPost.shader name=Hidden/Universal Render Pipeline/UberPost pass=UberPost ppOnly=0 stripLineD=0 buildPlatform=19 rsLen=0 pKW=UNITY_ENABLE_REFLECTION_BUFFERS UNITY_USE_DITHER_MASK_FOR_ALPHABLENDED_SHADOWS UNITY_PBS_USE_BRDF1 UNITY_SPECCUBE_BOX_PROJECTION UNITY_SPECCUBE_BLENDING UNITY_ENABLE_DETAIL_NORMALMAP SHADER_API_DESKTOP UNITY_LIGHT_PROBE_PROXY_VOLUME UNITY_LIGHTMAP_FULL_HDR UNITY_PLATFORM_SUPPORTS_DEPTH_FETCH uKW=_BLOOM_LQ _TONEMAP_NEUTRAL _DITHERING _GAMMA_20 dKW=DEBUG_DISPLAY SCREEN_COORD_OVERRIDE _POINT_SAMPLING _DISTORTION _CHROMATIC_ABERRATION _BLOOM_HQ _BLOOM_LQ_DIRT _BLOOM_HQ_DIRT _HDR_GRADING _TONEMAP_ACES _FILM_GRAIN _LINEAR_TO_SRGB_CONVERSION _USE_FAST_SRGB_LINEAR_CONVERSION _ENABLE_ALPHA_OUTPUT HDR_INPUT HDR_ENCODING UNITY_NO_DXT5nm UNITY_FRAMEBUFFER_FETCH_AVAILABLE UNITY_METAL_SHADOWS_USE_POINT_FILTERING UNITY_NO_SCREENSPACE_SHADOWS UNITY_PBS_USE_BRDF2 UNITY_PBS_USE_BRDF3 UNITY_HARDWARE_TIER1 UNITY_HARDWARE_TIER2 UNITY_HARDWARE_TIER3 UNITY_COLORSPACE_GAMMA UNITY_LIGHTMAP_DLDR_ENCODING UNITY_LIGHTMAP_RGBM_ENCODING UNITY_VIRTUAL_TEXTURING UNITY_PRETRANSFORM_TO_DISPLAY_ORIENTATION UNITY_ASTC_NORMALMAP_ENCODING SHADER_API_GLES30 SHADER_API_GLES31 SHADER_API_GLES32 UNITY_UNIFIED_SHADER_PRECISION_MODEL flags=0 lang=3 type=Fragment platform=d3d11 reqs=33 mask=6 start=366
RunExternalCompiler: begin name=FXC
RunExternalCompiler: end
compileSnippet complete
 ok=1 outsize=4102

Cmd: compileSnippet
  insize=18093 file=Packages/com.unity.render-pipelines.universal/Shaders/PostProcessing/UberPost.shader name=Hidden/Universal Render Pipeline/UberPost pass=UberPost ppOnly=0 stripLineD=0 buildPlatform=19 rsLen=0 pKW=UNITY_ENABLE_REFLECTION_BUFFERS UNITY_USE_DITHER_MASK_FOR_ALPHABLENDED_SHADOWS UNITY_PBS_USE_BRDF1 UNITY_SPECCUBE_BOX_PROJECTION UNITY_SPECCUBE_BLENDING UNITY_ENABLE_DETAIL_NORMALMAP SHADER_API_DESKTOP UNITY_LIGHT_PROBE_PROXY_VOLUME UNITY_LIGHTMAP_FULL_HDR UNITY_PLATFORM_SUPPORTS_DEPTH_FETCH uKW=_BLOOM_LQ _TONEMAP_NEUTRAL _DITHERING _LINEAR_TO_SRGB_CONVERSION dKW=DEBUG_DISPLAY SCREEN_COORD_OVERRIDE _POINT_SAMPLING _DISTORTION _CHROMATIC_ABERRATION _BLOOM_HQ _BLOOM_LQ_DIRT _BLOOM_HQ_DIRT _HDR_GRADING _TONEMAP_ACES _FILM_GRAIN _GAMMA_20 _USE_FAST_SRGB_LINEAR_CONVERSION _ENABLE_ALPHA_OUTPUT HDR_INPUT HDR_ENCODING UNITY_NO_DXT5nm UNITY_FRAMEBUFFER_FETCH_AVAILABLE UNITY_METAL_SHADOWS_USE_POINT_FILTERING UNITY_NO_SCREENSPACE_SHADOWS UNITY_PBS_USE_BRDF2 UNITY_PBS_USE_BRDF3 UNITY_HARDWARE_TIER1 UNITY_HARDWARE_TIER2 UNITY_HARDWARE_TIER3 UNITY_COLORSPACE_GAMMA UNITY_LIGHTMAP_DLDR_ENCODING UNITY_LIGHTMAP_RGBM_ENCODING UNITY_VIRTUAL_TEXTURING UNITY_PRETRANSFORM_TO_DISPLAY_ORIENTATION UNITY_ASTC_NORMALMAP_ENCODING SHADER_API_GLES30 SHADER_API_GLES31 SHADER_API_GLES32 UNITY_UNIFIED_SHADER_PRECISION_MODEL flags=0 lang=3 type=Fragment platform=d3d11 reqs=33 mask=6 start=366
RunExternalCompiler: begin name=FXC
RunExternalCompiler: end
compileSnippet complete
 ok=1 outsize=4366

Cmd: compileSnippet
  insize=18093 file=Packages/com.unity.render-pipelines.universal/Shaders/PostProcessing/UberPost.shader name=Hidden/Universal Render Pipeline/UberPost pass=UberPost ppOnly=0 stripLineD=0 buildPlatform=19 rsLen=0 pKW=UNITY_ENABLE_REFLECTION_BUFFERS UNITY_USE_DITHER_MASK_FOR_ALPHABLENDED_SHADOWS UNITY_PBS_USE_BRDF1 UNITY_SPECCUBE_BOX_PROJECTION UNITY_SPECCUBE_BLENDING UNITY_ENABLE_DETAIL_NORMALMAP SHADER_API_DESKTOP UNITY_LIGHT_PROBE_PROXY_VOLUME UNITY_LIGHTMAP_FULL_HDR UNITY_PLATFORM_SUPPORTS_DEPTH_FETCH uKW=_BLOOM_LQ _TONEMAP_NEUTRAL _FILM_GRAIN dKW=DEBUG_DISPLAY SCREEN_COORD_OVERRIDE _POINT_SAMPLING _DISTORTION _CHROMATIC_ABERRATION _BLOOM_HQ _BLOOM_LQ_DIRT _BLOOM_HQ_DIRT _HDR_GRADING _TONEMAP_ACES _DITHERING _GAMMA_20 _LINEAR_TO_SRGB_CONVERSION _USE_FAST_SRGB_LINEAR_CONVERSION _ENABLE_ALPHA_OUTPUT HDR_INPUT HDR_ENCODING UNITY_NO_DXT5nm UNITY_FRAMEBUFFER_FETCH_AVAILABLE UNITY_METAL_SHADOWS_USE_POINT_FILTERING UNITY_NO_SCREENSPACE_SHADOWS UNITY_PBS_USE_BRDF2 UNITY_PBS_USE_BRDF3 UNITY_HARDWARE_TIER1 UNITY_HARDWARE_TIER2 UNITY_HARDWARE_TIER3 UNITY_COLORSPACE_GAMMA UNITY_LIGHTMAP_DLDR_ENCODING UNITY_LIGHTMAP_RGBM_ENCODING UNITY_VIRTUAL_TEXTURING UNITY_PRETRANSFORM_TO_DISPLAY_ORIENTATION UNITY_ASTC_NORMALMAP_ENCODING SHADER_API_GLES30 SHADER_API_GLES31 SHADER_API_GLES32 UNITY_UNIFIED_SHADER_PRECISION_MODEL flags=0 lang=3 type=Fragment platform=d3d11 reqs=33 mask=6 start=366
RunExternalCompiler: begin name=FXC
RunExternalCompiler: end
compileSnippet complete
 ok=1 outsize=3522

Cmd: compileSnippet
  insize=18093 file=Packages/com.unity.render-pipelines.universal/Shaders/PostProcessing/UberPost.shader name=Hidden/Universal Render Pipeline/UberPost pass=UberPost ppOnly=0 stripLineD=0 buildPlatform=19 rsLen=0 pKW=UNITY_ENABLE_REFLECTION_BUFFERS UNITY_USE_DITHER_MASK_FOR_ALPHABLENDED_SHADOWS UNITY_PBS_USE_BRDF1 UNITY_SPECCUBE_BOX_PROJECTION UNITY_SPECCUBE_BLENDING UNITY_ENABLE_DETAIL_NORMALMAP SHADER_API_DESKTOP UNITY_LIGHT_PROBE_PROXY_VOLUME UNITY_LIGHTMAP_FULL_HDR UNITY_PLATFORM_SUPPORTS_DEPTH_FETCH uKW=_BLOOM_LQ _TONEMAP_NEUTRAL _FILM_GRAIN _GAMMA_20 dKW=DEBUG_DISPLAY SCREEN_COORD_OVERRIDE _POINT_SAMPLING _DISTORTION _CHROMATIC_ABERRATION _BLOOM_HQ _BLOOM_LQ_DIRT _BLOOM_HQ_DIRT _HDR_GRADING _TONEMAP_ACES _DITHERING _LINEAR_TO_SRGB_CONVERSION _USE_FAST_SRGB_LINEAR_CONVERSION _ENABLE_ALPHA_OUTPUT HDR_INPUT HDR_ENCODING UNITY_NO_DXT5nm UNITY_FRAMEBUFFER_FETCH_AVAILABLE UNITY_METAL_SHADOWS_USE_POINT_FILTERING UNITY_NO_SCREENSPACE_SHADOWS UNITY_PBS_USE_BRDF2 UNITY_PBS_USE_BRDF3 UNITY_HARDWARE_TIER1 UNITY_HARDWARE_TIER2 UNITY_HARDWARE_TIER3 UNITY_COLORSPACE_GAMMA UNITY_LIGHTMAP_DLDR_ENCODING UNITY_LIGHTMAP_RGBM_ENCODING UNITY_VIRTUAL_TEXTURING UNITY_PRETRANSFORM_TO_DISPLAY_ORIENTATION UNITY_ASTC_NORMALMAP_ENCODING SHADER_API_GLES30 SHADER_API_GLES31 SHADER_API_GLES32 UNITY_UNIFIED_SHADER_PRECISION_MODEL flags=0 lang=3 type=Fragment platform=d3d11 reqs=33 mask=6 start=366
RunExternalCompiler: begin name=FXC
RunExternalCompiler: end
compileSnippet complete
 ok=1 outsize=3542

Cmd: compileSnippet
  insize=18093 file=Packages/com.unity.render-pipelines.universal/Shaders/PostProcessing/UberPost.shader name=Hidden/Universal Render Pipeline/UberPost pass=UberPost ppOnly=0 stripLineD=0 buildPlatform=19 rsLen=0 pKW=UNITY_ENABLE_REFLECTION_BUFFERS UNITY_USE_DITHER_MASK_FOR_ALPHABLENDED_SHADOWS UNITY_PBS_USE_BRDF1 UNITY_SPECCUBE_BOX_PROJECTION UNITY_SPECCUBE_BLENDING UNITY_ENABLE_DETAIL_NORMALMAP SHADER_API_DESKTOP UNITY_LIGHT_PROBE_PROXY_VOLUME UNITY_LIGHTMAP_FULL_HDR UNITY_PLATFORM_SUPPORTS_DEPTH_FETCH uKW=_BLOOM_LQ _TONEMAP_NEUTRAL _FILM_GRAIN _LINEAR_TO_SRGB_CONVERSION dKW=DEBUG_DISPLAY SCREEN_COORD_OVERRIDE _POINT_SAMPLING _DISTORTION _CHROMATIC_ABERRATION _BLOOM_HQ _BLOOM_LQ_DIRT _BLOOM_HQ_DIRT _HDR_GRADING _TONEMAP_ACES _DITHERING _GAMMA_20 _USE_FAST_SRGB_LINEAR_CONVERSION _ENABLE_ALPHA_OUTPUT HDR_INPUT HDR_ENCODING UNITY_NO_DXT5nm UNITY_FRAMEBUFFER_FETCH_AVAILABLE UNITY_METAL_SHADOWS_USE_POINT_FILTERING UNITY_NO_SCREENSPACE_SHADOWS UNITY_PBS_USE_BRDF2 UNITY_PBS_USE_BRDF3 UNITY_HARDWARE_TIER1 UNITY_HARDWARE_TIER2 UNITY_HARDWARE_TIER3 UNITY_COLORSPACE_GAMMA UNITY_LIGHTMAP_DLDR_ENCODING UNITY_LIGHTMAP_RGBM_ENCODING UNITY_VIRTUAL_TEXTURING UNITY_PRETRANSFORM_TO_DISPLAY_ORIENTATION UNITY_ASTC_NORMALMAP_ENCODING SHADER_API_GLES30 SHADER_API_GLES31 SHADER_API_GLES32 UNITY_UNIFIED_SHADER_PRECISION_MODEL flags=0 lang=3 type=Fragment platform=d3d11 reqs=33 mask=6 start=366
RunExternalCompiler: begin name=FXC
RunExternalCompiler: end
compileSnippet complete
 ok=1 outsize=3782

Cmd: compileSnippet
  insize=18093 file=Packages/com.unity.render-pipelines.universal/Shaders/PostProcessing/UberPost.shader name=Hidden/Universal Render Pipeline/UberPost pass=UberPost ppOnly=0 stripLineD=0 buildPlatform=19 rsLen=0 pKW=UNITY_ENABLE_REFLECTION_BUFFERS UNITY_USE_DITHER_MASK_FOR_ALPHABLENDED_SHADOWS UNITY_PBS_USE_BRDF1 UNITY_SPECCUBE_BOX_PROJECTION UNITY_SPECCUBE_BLENDING UNITY_ENABLE_DETAIL_NORMALMAP SHADER_API_DESKTOP UNITY_LIGHT_PROBE_PROXY_VOLUME UNITY_LIGHTMAP_FULL_HDR UNITY_PLATFORM_SUPPORTS_DEPTH_FETCH uKW=_BLOOM_LQ _TONEMAP_NEUTRAL _FILM_GRAIN _DITHERING dKW=DEBUG_DISPLAY SCREEN_COORD_OVERRIDE _POINT_SAMPLING _DISTORTION _CHROMATIC_ABERRATION _BLOOM_HQ _BLOOM_LQ_DIRT _BLOOM_HQ_DIRT _HDR_GRADING _TONEMAP_ACES _GAMMA_20 _LINEAR_TO_SRGB_CONVERSION _USE_FAST_SRGB_LINEAR_CONVERSION _ENABLE_ALPHA_OUTPUT HDR_INPUT HDR_ENCODING UNITY_NO_DXT5nm UNITY_FRAMEBUFFER_FETCH_AVAILABLE UNITY_METAL_SHADOWS_USE_POINT_FILTERING UNITY_NO_SCREENSPACE_SHADOWS UNITY_PBS_USE_BRDF2 UNITY_PBS_USE_BRDF3 UNITY_HARDWARE_TIER1 UNITY_HARDWARE_TIER2 UNITY_HARDWARE_TIER3 UNITY_COLORSPACE_GAMMA UNITY_LIGHTMAP_DLDR_ENCODING UNITY_LIGHTMAP_RGBM_ENCODING UNITY_VIRTUAL_TEXTURING UNITY_PRETRANSFORM_TO_DISPLAY_ORIENTATION UNITY_ASTC_NORMALMAP_ENCODING SHADER_API_GLES30 SHADER_API_GLES31 SHADER_API_GLES32 UNITY_UNIFIED_SHADER_PRECISION_MODEL flags=0 lang=3 type=Fragment platform=d3d11 reqs=33 mask=6 start=366
RunExternalCompiler: begin name=FXC
RunExternalCompiler: end
compileSnippet complete
 ok=1 outsize=4482

Cmd: compileSnippet
  insize=18093 file=Packages/com.unity.render-pipelines.universal/Shaders/PostProcessing/UberPost.shader name=Hidden/Universal Render Pipeline/UberPost pass=UberPost ppOnly=0 stripLineD=0 buildPlatform=19 rsLen=0 pKW=UNITY_ENABLE_REFLECTION_BUFFERS UNITY_USE_DITHER_MASK_FOR_ALPHABLENDED_SHADOWS UNITY_PBS_USE_BRDF1 UNITY_SPECCUBE_BOX_PROJECTION UNITY_SPECCUBE_BLENDING UNITY_ENABLE_DETAIL_NORMALMAP SHADER_API_DESKTOP UNITY_LIGHT_PROBE_PROXY_VOLUME UNITY_LIGHTMAP_FULL_HDR UNITY_PLATFORM_SUPPORTS_DEPTH_FETCH uKW=_BLOOM_LQ _TONEMAP_NEUTRAL _FILM_GRAIN _DITHERING _GAMMA_20 dKW=DEBUG_DISPLAY SCREEN_COORD_OVERRIDE _POINT_SAMPLING _DISTORTION _CHROMATIC_ABERRATION _BLOOM_HQ _BLOOM_LQ_DIRT _BLOOM_HQ_DIRT _HDR_GRADING _TONEMAP_ACES _LINEAR_TO_SRGB_CONVERSION _USE_FAST_SRGB_LINEAR_CONVERSION _ENABLE_ALPHA_OUTPUT HDR_INPUT HDR_ENCODING UNITY_NO_DXT5nm UNITY_FRAMEBUFFER_FETCH_AVAILABLE UNITY_METAL_SHADOWS_USE_POINT_FILTERING UNITY_NO_SCREENSPACE_SHADOWS UNITY_PBS_USE_BRDF2 UNITY_PBS_USE_BRDF3 UNITY_HARDWARE_TIER1 UNITY_HARDWARE_TIER2 UNITY_HARDWARE_TIER3 UNITY_COLORSPACE_GAMMA UNITY_LIGHTMAP_DLDR_ENCODING UNITY_LIGHTMAP_RGBM_ENCODING UNITY_VIRTUAL_TEXTURING UNITY_PRETRANSFORM_TO_DISPLAY_ORIENTATION UNITY_ASTC_NORMALMAP_ENCODING SHADER_API_GLES30 SHADER_API_GLES31 SHADER_API_GLES32 UNITY_UNIFIED_SHADER_PRECISION_MODEL flags=0 lang=3 type=Fragment platform=d3d11 reqs=33 mask=6 start=366
RunExternalCompiler: begin name=FXC
RunExternalCompiler: end
compileSnippet complete
 ok=1 outsize=4478

Cmd: compileSnippet
  insize=18093 file=Packages/com.unity.render-pipelines.universal/Shaders/PostProcessing/UberPost.shader name=Hidden/Universal Render Pipeline/UberPost pass=UberPost ppOnly=0 stripLineD=0 buildPlatform=19 rsLen=0 pKW=UNITY_ENABLE_REFLECTION_BUFFERS UNITY_USE_DITHER_MASK_FOR_ALPHABLENDED_SHADOWS UNITY_PBS_USE_BRDF1 UNITY_SPECCUBE_BOX_PROJECTION UNITY_SPECCUBE_BLENDING UNITY_ENABLE_DETAIL_NORMALMAP SHADER_API_DESKTOP UNITY_LIGHT_PROBE_PROXY_VOLUME UNITY_LIGHTMAP_FULL_HDR UNITY_PLATFORM_SUPPORTS_DEPTH_FETCH uKW=_BLOOM_LQ _TONEMAP_NEUTRAL _FILM_GRAIN _DITHERING _LINEAR_TO_SRGB_CONVERSION dKW=DEBUG_DISPLAY SCREEN_COORD_OVERRIDE _POINT_SAMPLING _DISTORTION _CHROMATIC_ABERRATION _BLOOM_HQ _BLOOM_LQ_DIRT _BLOOM_HQ_DIRT _HDR_GRADING _TONEMAP_ACES _GAMMA_20 _USE_FAST_SRGB_LINEAR_CONVERSION _ENABLE_ALPHA_OUTPUT HDR_INPUT HDR_ENCODING UNITY_NO_DXT5nm UNITY_FRAMEBUFFER_FETCH_AVAILABLE UNITY_METAL_SHADOWS_USE_POINT_FILTERING UNITY_NO_SCREENSPACE_SHADOWS UNITY_PBS_USE_BRDF2 UNITY_PBS_USE_BRDF3 UNITY_HARDWARE_TIER1 UNITY_HARDWARE_TIER2 UNITY_HARDWARE_TIER3 UNITY_COLORSPACE_GAMMA UNITY_LIGHTMAP_DLDR_ENCODING UNITY_LIGHTMAP_RGBM_ENCODING UNITY_VIRTUAL_TEXTURING UNITY_PRETRANSFORM_TO_DISPLAY_ORIENTATION UNITY_ASTC_NORMALMAP_ENCODING SHADER_API_GLES30 SHADER_API_GLES31 SHADER_API_GLES32 UNITY_UNIFIED_SHADER_PRECISION_MODEL flags=0 lang=3 type=Fragment platform=d3d11 reqs=33 mask=6 start=366
RunExternalCompiler: begin name=FXC
RunExternalCompiler: end
compileSnippet complete
 ok=1 outsize=4742

Cmd: compileSnippet
  insize=18093 file=Packages/com.unity.render-pipelines.universal/Shaders/PostProcessing/UberPost.shader name=Hidden/Universal Render Pipeline/UberPost pass=UberPost ppOnly=0 stripLineD=0 buildPlatform=19 rsLen=0 pKW=UNITY_ENABLE_REFLECTION_BUFFERS UNITY_USE_DITHER_MASK_FOR_ALPHABLENDED_SHADOWS UNITY_PBS_USE_BRDF1 UNITY_SPECCUBE_BOX_PROJECTION UNITY_SPECCUBE_BLENDING UNITY_ENABLE_DETAIL_NORMALMAP SHADER_API_DESKTOP UNITY_LIGHT_PROBE_PROXY_VOLUME UNITY_LIGHTMAP_FULL_HDR UNITY_PLATFORM_SUPPORTS_DEPTH_FETCH uKW=_BLOOM_HQ dKW=DEBUG_DISPLAY SCREEN_COORD_OVERRIDE _POINT_SAMPLING _DISTORTION _CHROMATIC_ABERRATION _BLOOM_LQ _BLOOM_LQ_DIRT _BLOOM_HQ_DIRT _HDR_GRADING _TONEMAP_ACES _TONEMAP_NEUTRAL _FILM_GRAIN _DITHERING _GAMMA_20 _LINEAR_TO_SRGB_CONVERSION _USE_FAST_SRGB_LINEAR_CONVERSION _ENABLE_ALPHA_OUTPUT HDR_INPUT HDR_ENCODING UNITY_NO_DXT5nm UNITY_FRAMEBUFFER_FETCH_AVAILABLE UNITY_METAL_SHADOWS_USE_POINT_FILTERING UNITY_NO_SCREENSPACE_SHADOWS UNITY_PBS_USE_BRDF2 UNITY_PBS_USE_BRDF3 UNITY_HARDWARE_TIER1 UNITY_HARDWARE_TIER2 UNITY_HARDWARE_TIER3 UNITY_COLORSPACE_GAMMA UNITY_LIGHTMAP_DLDR_ENCODING UNITY_LIGHTMAP_RGBM_ENCODING UNITY_VIRTUAL_TEXTURING UNITY_PRETRANSFORM_TO_DISPLAY_ORIENTATION UNITY_ASTC_NORMALMAP_ENCODING SHADER_API_GLES30 SHADER_API_GLES31 SHADER_API_GLES32 UNITY_UNIFIED_SHADER_PRECISION_MODEL flags=0 lang=3 type=Fragment platform=d3d11 reqs=33 mask=6 start=366
RunExternalCompiler: begin name=FXC
RunExternalCompiler: end
compileSnippet complete
 ok=1 outsize=4070

Cmd: compileSnippet
  insize=18093 file=Packages/com.unity.render-pipelines.universal/Shaders/PostProcessing/UberPost.shader name=Hidden/Universal Render Pipeline/UberPost pass=UberPost ppOnly=0 stripLineD=0 buildPlatform=19 rsLen=0 pKW=UNITY_ENABLE_REFLECTION_BUFFERS UNITY_USE_DITHER_MASK_FOR_ALPHABLENDED_SHADOWS UNITY_PBS_USE_BRDF1 UNITY_SPECCUBE_BOX_PROJECTION UNITY_SPECCUBE_BLENDING UNITY_ENABLE_DETAIL_NORMALMAP SHADER_API_DESKTOP UNITY_LIGHT_PROBE_PROXY_VOLUME UNITY_LIGHTMAP_FULL_HDR UNITY_PLATFORM_SUPPORTS_DEPTH_FETCH uKW=_BLOOM_HQ _GAMMA_20 dKW=DEBUG_DISPLAY SCREEN_COORD_OVERRIDE _POINT_SAMPLING _DISTORTION _CHROMATIC_ABERRATION _BLOOM_LQ _BLOOM_LQ_DIRT _BLOOM_HQ_DIRT _HDR_GRADING _TONEMAP_ACES _TONEMAP_NEUTRAL _FILM_GRAIN _DITHERING _LINEAR_TO_SRGB_CONVERSION _USE_FAST_SRGB_LINEAR_CONVERSION _ENABLE_ALPHA_OUTPUT HDR_INPUT HDR_ENCODING UNITY_NO_DXT5nm UNITY_FRAMEBUFFER_FETCH_AVAILABLE UNITY_METAL_SHADOWS_USE_POINT_FILTERING UNITY_NO_SCREENSPACE_SHADOWS UNITY_PBS_USE_BRDF2 UNITY_PBS_USE_BRDF3 UNITY_HARDWARE_TIER1 UNITY_HARDWARE_TIER2 UNITY_HARDWARE_TIER3 UNITY_COLORSPACE_GAMMA UNITY_LIGHTMAP_DLDR_ENCODING UNITY_LIGHTMAP_RGBM_ENCODING UNITY_VIRTUAL_TEXTURING UNITY_PRETRANSFORM_TO_DISPLAY_ORIENTATION UNITY_ASTC_NORMALMAP_ENCODING SHADER_API_GLES30 SHADER_API_GLES31 SHADER_API_GLES32 UNITY_UNIFIED_SHADER_PRECISION_MODEL flags=0 lang=3 type=Fragment platform=d3d11 reqs=33 mask=6 start=366
RunExternalCompiler: begin name=FXC
RunExternalCompiler: end
compileSnippet complete
 ok=1 outsize=4090

Cmd: compileSnippet
  insize=18093 file=Packages/com.unity.render-pipelines.universal/Shaders/PostProcessing/UberPost.shader name=Hidden/Universal Render Pipeline/UberPost pass=UberPost ppOnly=0 stripLineD=0 buildPlatform=19 rsLen=0 pKW=UNITY_ENABLE_REFLECTION_BUFFERS UNITY_USE_DITHER_MASK_FOR_ALPHABLENDED_SHADOWS UNITY_PBS_USE_BRDF1 UNITY_SPECCUBE_BOX_PROJECTION UNITY_SPECCUBE_BLENDING UNITY_ENABLE_DETAIL_NORMALMAP SHADER_API_DESKTOP UNITY_LIGHT_PROBE_PROXY_VOLUME UNITY_LIGHTMAP_FULL_HDR UNITY_PLATFORM_SUPPORTS_DEPTH_FETCH uKW=_BLOOM_HQ _LINEAR_TO_SRGB_CONVERSION dKW=DEBUG_DISPLAY SCREEN_COORD_OVERRIDE _POINT_SAMPLING _DISTORTION _CHROMATIC_ABERRATION _BLOOM_LQ _BLOOM_LQ_DIRT _BLOOM_HQ_DIRT _HDR_GRADING _TONEMAP_ACES _TONEMAP_NEUTRAL _FILM_GRAIN _DITHERING _GAMMA_20 _USE_FAST_SRGB_LINEAR_CONVERSION _ENABLE_ALPHA_OUTPUT HDR_INPUT HDR_ENCODING UNITY_NO_DXT5nm UNITY_FRAMEBUFFER_FETCH_AVAILABLE UNITY_METAL_SHADOWS_USE_POINT_FILTERING UNITY_NO_SCREENSPACE_SHADOWS UNITY_PBS_USE_BRDF2 UNITY_PBS_USE_BRDF3 UNITY_HARDWARE_TIER1 UNITY_HARDWARE_TIER2 UNITY_HARDWARE_TIER3 UNITY_COLORSPACE_GAMMA UNITY_LIGHTMAP_DLDR_ENCODING UNITY_LIGHTMAP_RGBM_ENCODING UNITY_VIRTUAL_TEXTURING UNITY_PRETRANSFORM_TO_DISPLAY_ORIENTATION UNITY_ASTC_NORMALMAP_ENCODING SHADER_API_GLES30 SHADER_API_GLES31 SHADER_API_GLES32 UNITY_UNIFIED_SHADER_PRECISION_MODEL flags=0 lang=3 type=Fragment platform=d3d11 reqs=33 mask=6 start=366
RunExternalCompiler: begin name=FXC
RunExternalCompiler: end
compileSnippet complete
 ok=1 outsize=4330

Cmd: compileSnippet
  insize=18093 file=Packages/com.unity.render-pipelines.universal/Shaders/PostProcessing/UberPost.shader name=Hidden/Universal Render Pipeline/UberPost pass=UberPost ppOnly=0 stripLineD=0 buildPlatform=19 rsLen=0 pKW=UNITY_ENABLE_REFLECTION_BUFFERS UNITY_USE_DITHER_MASK_FOR_ALPHABLENDED_SHADOWS UNITY_PBS_USE_BRDF1 UNITY_SPECCUBE_BOX_PROJECTION UNITY_SPECCUBE_BLENDING UNITY_ENABLE_DETAIL_NORMALMAP SHADER_API_DESKTOP UNITY_LIGHT_PROBE_PROXY_VOLUME UNITY_LIGHTMAP_FULL_HDR UNITY_PLATFORM_SUPPORTS_DEPTH_FETCH uKW=_BLOOM_HQ _DITHERING dKW=DEBUG_DISPLAY SCREEN_COORD_OVERRIDE _POINT_SAMPLING _DISTORTION _CHROMATIC_ABERRATION _BLOOM_LQ _BLOOM_LQ_DIRT _BLOOM_HQ_DIRT _HDR_GRADING _TONEMAP_ACES _TONEMAP_NEUTRAL _FILM_GRAIN _GAMMA_20 _LINEAR_TO_SRGB_CONVERSION _USE_FAST_SRGB_LINEAR_CONVERSION _ENABLE_ALPHA_OUTPUT HDR_INPUT HDR_ENCODING UNITY_NO_DXT5nm UNITY_FRAMEBUFFER_FETCH_AVAILABLE UNITY_METAL_SHADOWS_USE_POINT_FILTERING UNITY_NO_SCREENSPACE_SHADOWS UNITY_PBS_USE_BRDF2 UNITY_PBS_USE_BRDF3 UNITY_HARDWARE_TIER1 UNITY_HARDWARE_TIER2 UNITY_HARDWARE_TIER3 UNITY_COLORSPACE_GAMMA UNITY_LIGHTMAP_DLDR_ENCODING UNITY_LIGHTMAP_RGBM_ENCODING UNITY_VIRTUAL_TEXTURING UNITY_PRETRANSFORM_TO_DISPLAY_ORIENTATION UNITY_ASTC_NORMALMAP_ENCODING SHADER_API_GLES30 SHADER_API_GLES31 SHADER_API_GLES32 UNITY_UNIFIED_SHADER_PRECISION_MODEL flags=0 lang=3 type=Fragment platform=d3d11 reqs=33 mask=6 start=366
RunExternalCompiler: begin name=FXC
RunExternalCompiler: end
compileSnippet complete
 ok=1 outsize=5030

Cmd: compileSnippet
  insize=18093 file=Packages/com.unity.render-pipelines.universal/Shaders/PostProcessing/UberPost.shader name=Hidden/Universal Render Pipeline/UberPost pass=UberPost ppOnly=0 stripLineD=0 buildPlatform=19 rsLen=0 pKW=UNITY_ENABLE_REFLECTION_BUFFERS UNITY_USE_DITHER_MASK_FOR_ALPHABLENDED_SHADOWS UNITY_PBS_USE_BRDF1 UNITY_SPECCUBE_BOX_PROJECTION UNITY_SPECCUBE_BLENDING UNITY_ENABLE_DETAIL_NORMALMAP SHADER_API_DESKTOP UNITY_LIGHT_PROBE_PROXY_VOLUME UNITY_LIGHTMAP_FULL_HDR UNITY_PLATFORM_SUPPORTS_DEPTH_FETCH uKW=_BLOOM_HQ _DITHERING _GAMMA_20 dKW=DEBUG_DISPLAY SCREEN_COORD_OVERRIDE _POINT_SAMPLING _DISTORTION _CHROMATIC_ABERRATION _BLOOM_LQ _BLOOM_LQ_DIRT _BLOOM_HQ_DIRT _HDR_GRADING _TONEMAP_ACES _TONEMAP_NEUTRAL _FILM_GRAIN _LINEAR_TO_SRGB_CONVERSION _USE_FAST_SRGB_LINEAR_CONVERSION _ENABLE_ALPHA_OUTPUT HDR_INPUT HDR_ENCODING UNITY_NO_DXT5nm UNITY_FRAMEBUFFER_FETCH_AVAILABLE UNITY_METAL_SHADOWS_USE_POINT_FILTERING UNITY_NO_SCREENSPACE_SHADOWS UNITY_PBS_USE_BRDF2 UNITY_PBS_USE_BRDF3 UNITY_HARDWARE_TIER1 UNITY_HARDWARE_TIER2 UNITY_HARDWARE_TIER3 UNITY_COLORSPACE_GAMMA UNITY_LIGHTMAP_DLDR_ENCODING UNITY_LIGHTMAP_RGBM_ENCODING UNITY_VIRTUAL_TEXTURING UNITY_PRETRANSFORM_TO_DISPLAY_ORIENTATION UNITY_ASTC_NORMALMAP_ENCODING SHADER_API_GLES30 SHADER_API_GLES31 SHADER_API_GLES32 UNITY_UNIFIED_SHADER_PRECISION_MODEL flags=0 lang=3 type=Fragment platform=d3d11 reqs=33 mask=6 start=366
RunExternalCompiler: begin name=FXC
RunExternalCompiler: end
compileSnippet complete
 ok=1 outsize=5026

Cmd: compileSnippet
  insize=18093 file=Packages/com.unity.render-pipelines.universal/Shaders/PostProcessing/UberPost.shader name=Hidden/Universal Render Pipeline/UberPost pass=UberPost ppOnly=0 stripLineD=0 buildPlatform=19 rsLen=0 pKW=UNITY_ENABLE_REFLECTION_BUFFERS UNITY_USE_DITHER_MASK_FOR_ALPHABLENDED_SHADOWS UNITY_PBS_USE_BRDF1 UNITY_SPECCUBE_BOX_PROJECTION UNITY_SPECCUBE_BLENDING UNITY_ENABLE_DETAIL_NORMALMAP SHADER_API_DESKTOP UNITY_LIGHT_PROBE_PROXY_VOLUME UNITY_LIGHTMAP_FULL_HDR UNITY_PLATFORM_SUPPORTS_DEPTH_FETCH uKW=_BLOOM_HQ _DITHERING _LINEAR_TO_SRGB_CONVERSION dKW=DEBUG_DISPLAY SCREEN_COORD_OVERRIDE _POINT_SAMPLING _DISTORTION _CHROMATIC_ABERRATION _BLOOM_LQ _BLOOM_LQ_DIRT _BLOOM_HQ_DIRT _HDR_GRADING _TONEMAP_ACES _TONEMAP_NEUTRAL _FILM_GRAIN _GAMMA_20 _USE_FAST_SRGB_LINEAR_CONVERSION _ENABLE_ALPHA_OUTPUT HDR_INPUT HDR_ENCODING UNITY_NO_DXT5nm UNITY_FRAMEBUFFER_FETCH_AVAILABLE UNITY_METAL_SHADOWS_USE_POINT_FILTERING UNITY_NO_SCREENSPACE_SHADOWS UNITY_PBS_USE_BRDF2 UNITY_PBS_USE_BRDF3 UNITY_HARDWARE_TIER1 UNITY_HARDWARE_TIER2 UNITY_HARDWARE_TIER3 UNITY_COLORSPACE_GAMMA UNITY_LIGHTMAP_DLDR_ENCODING UNITY_LIGHTMAP_RGBM_ENCODING UNITY_VIRTUAL_TEXTURING UNITY_PRETRANSFORM_TO_DISPLAY_ORIENTATION UNITY_ASTC_NORMALMAP_ENCODING SHADER_API_GLES30 SHADER_API_GLES31 SHADER_API_GLES32 UNITY_UNIFIED_SHADER_PRECISION_MODEL flags=0 lang=3 type=Fragment platform=d3d11 reqs=33 mask=6 start=366
RunExternalCompiler: begin name=FXC
RunExternalCompiler: end
compileSnippet complete
 ok=1 outsize=5290

Cmd: compileSnippet
  insize=18093 file=Packages/com.unity.render-pipelines.universal/Shaders/PostProcessing/UberPost.shader name=Hidden/Universal Render Pipeline/UberPost pass=UberPost ppOnly=0 stripLineD=0 buildPlatform=19 rsLen=0 pKW=UNITY_ENABLE_REFLECTION_BUFFERS UNITY_USE_DITHER_MASK_FOR_ALPHABLENDED_SHADOWS UNITY_PBS_USE_BRDF1 UNITY_SPECCUBE_BOX_PROJECTION UNITY_SPECCUBE_BLENDING UNITY_ENABLE_DETAIL_NORMALMAP SHADER_API_DESKTOP UNITY_LIGHT_PROBE_PROXY_VOLUME UNITY_LIGHTMAP_FULL_HDR UNITY_PLATFORM_SUPPORTS_DEPTH_FETCH uKW=_BLOOM_HQ _FILM_GRAIN dKW=DEBUG_DISPLAY SCREEN_COORD_OVERRIDE _POINT_SAMPLING _DISTORTION _CHROMATIC_ABERRATION _BLOOM_LQ _BLOOM_LQ_DIRT _BLOOM_HQ_DIRT _HDR_GRADING _TONEMAP_ACES _TONEMAP_NEUTRAL _DITHERING _GAMMA_20 _LINEAR_TO_SRGB_CONVERSION _USE_FAST_SRGB_LINEAR_CONVERSION _ENABLE_ALPHA_OUTPUT HDR_INPUT HDR_ENCODING UNITY_NO_DXT5nm UNITY_FRAMEBUFFER_FETCH_AVAILABLE UNITY_METAL_SHADOWS_USE_POINT_FILTERING UNITY_NO_SCREENSPACE_SHADOWS UNITY_PBS_USE_BRDF2 UNITY_PBS_USE_BRDF3 UNITY_HARDWARE_TIER1 UNITY_HARDWARE_TIER2 UNITY_HARDWARE_TIER3 UNITY_COLORSPACE_GAMMA UNITY_LIGHTMAP_DLDR_ENCODING UNITY_LIGHTMAP_RGBM_ENCODING UNITY_VIRTUAL_TEXTURING UNITY_PRETRANSFORM_TO_DISPLAY_ORIENTATION UNITY_ASTC_NORMALMAP_ENCODING SHADER_API_GLES30 SHADER_API_GLES31 SHADER_API_GLES32 UNITY_UNIFIED_SHADER_PRECISION_MODEL flags=0 lang=3 type=Fragment platform=d3d11 reqs=33 mask=6 start=366
RunExternalCompiler: begin name=FXC
RunExternalCompiler: end
compileSnippet complete
 ok=1 outsize=4446

Cmd: compileSnippet
  insize=18093 file=Packages/com.unity.render-pipelines.universal/Shaders/PostProcessing/UberPost.shader name=Hidden/Universal Render Pipeline/UberPost pass=UberPost ppOnly=0 stripLineD=0 buildPlatform=19 rsLen=0 pKW=UNITY_ENABLE_REFLECTION_BUFFERS UNITY_USE_DITHER_MASK_FOR_ALPHABLENDED_SHADOWS UNITY_PBS_USE_BRDF1 UNITY_SPECCUBE_BOX_PROJECTION UNITY_SPECCUBE_BLENDING UNITY_ENABLE_DETAIL_NORMALMAP SHADER_API_DESKTOP UNITY_LIGHT_PROBE_PROXY_VOLUME UNITY_LIGHTMAP_FULL_HDR UNITY_PLATFORM_SUPPORTS_DEPTH_FETCH uKW=_BLOOM_HQ _FILM_GRAIN _GAMMA_20 dKW=DEBUG_DISPLAY SCREEN_COORD_OVERRIDE _POINT_SAMPLING _DISTORTION _CHROMATIC_ABERRATION _BLOOM_LQ _BLOOM_LQ_DIRT _BLOOM_HQ_DIRT _HDR_GRADING _TONEMAP_ACES _TONEMAP_NEUTRAL _DITHERING _LINEAR_TO_SRGB_CONVERSION _USE_FAST_SRGB_LINEAR_CONVERSION _ENABLE_ALPHA_OUTPUT HDR_INPUT HDR_ENCODING UNITY_NO_DXT5nm UNITY_FRAMEBUFFER_FETCH_AVAILABLE UNITY_METAL_SHADOWS_USE_POINT_FILTERING UNITY_NO_SCREENSPACE_SHADOWS UNITY_PBS_USE_BRDF2 UNITY_PBS_USE_BRDF3 UNITY_HARDWARE_TIER1 UNITY_HARDWARE_TIER2 UNITY_HARDWARE_TIER3 UNITY_COLORSPACE_GAMMA UNITY_LIGHTMAP_DLDR_ENCODING UNITY_LIGHTMAP_RGBM_ENCODING UNITY_VIRTUAL_TEXTURING UNITY_PRETRANSFORM_TO_DISPLAY_ORIENTATION UNITY_ASTC_NORMALMAP_ENCODING SHADER_API_GLES30 SHADER_API_GLES31 SHADER_API_GLES32 UNITY_UNIFIED_SHADER_PRECISION_MODEL flags=0 lang=3 type=Fragment platform=d3d11 reqs=33 mask=6 start=366
RunExternalCompiler: begin name=FXC
RunExternalCompiler: end
compileSnippet complete
 ok=1 outsize=4466

Cmd: compileSnippet
  insize=18093 file=Packages/com.unity.render-pipelines.universal/Shaders/PostProcessing/UberPost.shader name=Hidden/Universal Render Pipeline/UberPost pass=UberPost ppOnly=0 stripLineD=0 buildPlatform=19 rsLen=0 pKW=UNITY_ENABLE_REFLECTION_BUFFERS UNITY_USE_DITHER_MASK_FOR_ALPHABLENDED_SHADOWS UNITY_PBS_USE_BRDF1 UNITY_SPECCUBE_BOX_PROJECTION UNITY_SPECCUBE_BLENDING UNITY_ENABLE_DETAIL_NORMALMAP SHADER_API_DESKTOP UNITY_LIGHT_PROBE_PROXY_VOLUME UNITY_LIGHTMAP_FULL_HDR UNITY_PLATFORM_SUPPORTS_DEPTH_FETCH uKW=_BLOOM_HQ _FILM_GRAIN _LINEAR_TO_SRGB_CONVERSION dKW=DEBUG_DISPLAY SCREEN_COORD_OVERRIDE _POINT_SAMPLING _DISTORTION _CHROMATIC_ABERRATION _BLOOM_LQ _BLOOM_LQ_DIRT _BLOOM_HQ_DIRT _HDR_GRADING _TONEMAP_ACES _TONEMAP_NEUTRAL _DITHERING _GAMMA_20 _USE_FAST_SRGB_LINEAR_CONVERSION _ENABLE_ALPHA_OUTPUT HDR_INPUT HDR_ENCODING UNITY_NO_DXT5nm UNITY_FRAMEBUFFER_FETCH_AVAILABLE UNITY_METAL_SHADOWS_USE_POINT_FILTERING UNITY_NO_SCREENSPACE_SHADOWS UNITY_PBS_USE_BRDF2 UNITY_PBS_USE_BRDF3 UNITY_HARDWARE_TIER1 UNITY_HARDWARE_TIER2 UNITY_HARDWARE_TIER3 UNITY_COLORSPACE_GAMMA UNITY_LIGHTMAP_DLDR_ENCODING UNITY_LIGHTMAP_RGBM_ENCODING UNITY_VIRTUAL_TEXTURING UNITY_PRETRANSFORM_TO_DISPLAY_ORIENTATION UNITY_ASTC_NORMALMAP_ENCODING SHADER_API_GLES30 SHADER_API_GLES31 SHADER_API_GLES32 UNITY_UNIFIED_SHADER_PRECISION_MODEL flags=0 lang=3 type=Fragment platform=d3d11 reqs=33 mask=6 start=366
RunExternalCompiler: begin name=FXC
RunExternalCompiler: end
compileSnippet complete
 ok=1 outsize=4706

Cmd: compileSnippet
  insize=18093 file=Packages/com.unity.render-pipelines.universal/Shaders/PostProcessing/UberPost.shader name=Hidden/Universal Render Pipeline/UberPost pass=UberPost ppOnly=0 stripLineD=0 buildPlatform=19 rsLen=0 pKW=UNITY_ENABLE_REFLECTION_BUFFERS UNITY_USE_DITHER_MASK_FOR_ALPHABLENDED_SHADOWS UNITY_PBS_USE_BRDF1 UNITY_SPECCUBE_BOX_PROJECTION UNITY_SPECCUBE_BLENDING UNITY_ENABLE_DETAIL_NORMALMAP SHADER_API_DESKTOP UNITY_LIGHT_PROBE_PROXY_VOLUME UNITY_LIGHTMAP_FULL_HDR UNITY_PLATFORM_SUPPORTS_DEPTH_FETCH uKW=_BLOOM_HQ _TONEMAP_ACES _DITHERING dKW=DEBUG_DISPLAY SCREEN_COORD_OVERRIDE _POINT_SAMPLING _DISTORTION _CHROMATIC_ABERRATION _BLOOM_LQ _BLOOM_LQ_DIRT _BLOOM_HQ_DIRT _HDR_GRADING _TONEMAP_NEUTRAL _FILM_GRAIN _GAMMA_20 _LINEAR_TO_SRGB_CONVERSION _USE_FAST_SRGB_LINEAR_CONVERSION _ENABLE_ALPHA_OUTPUT HDR_INPUT HDR_ENCODING UNITY_NO_DXT5nm UNITY_FRAMEBUFFER_FETCH_AVAILABLE UNITY_METAL_SHADOWS_USE_POINT_FILTERING UNITY_NO_SCREENSPACE_SHADOWS UNITY_PBS_USE_BRDF2 UNITY_PBS_USE_BRDF3 UNITY_HARDWARE_TIER1 UNITY_HARDWARE_TIER2 UNITY_HARDWARE_TIER3 UNITY_COLORSPACE_GAMMA UNITY_LIGHTMAP_DLDR_ENCODING UNITY_LIGHTMAP_RGBM_ENCODING UNITY_VIRTUAL_TEXTURING UNITY_PRETRANSFORM_TO_DISPLAY_ORIENTATION UNITY_ASTC_NORMALMAP_ENCODING SHADER_API_GLES30 SHADER_API_GLES31 SHADER_API_GLES32 UNITY_UNIFIED_SHADER_PRECISION_MODEL flags=0 lang=3 type=Fragment platform=d3d11 reqs=33 mask=6 start=366
RunExternalCompiler: begin name=FXC
RunExternalCompiler: end
compileSnippet complete
 ok=1 outsize=9402

Cmd: compileSnippet
  insize=18093 file=Packages/com.unity.render-pipelines.universal/Shaders/PostProcessing/UberPost.shader name=Hidden/Universal Render Pipeline/UberPost pass=UberPost ppOnly=0 stripLineD=0 buildPlatform=19 rsLen=0 pKW=UNITY_ENABLE_REFLECTION_BUFFERS UNITY_USE_DITHER_MASK_FOR_ALPHABLENDED_SHADOWS UNITY_PBS_USE_BRDF1 UNITY_SPECCUBE_BOX_PROJECTION UNITY_SPECCUBE_BLENDING UNITY_ENABLE_DETAIL_NORMALMAP SHADER_API_DESKTOP UNITY_LIGHT_PROBE_PROXY_VOLUME UNITY_LIGHTMAP_FULL_HDR UNITY_PLATFORM_SUPPORTS_DEPTH_FETCH uKW=_BLOOM_HQ _TONEMAP_ACES _DITHERING _GAMMA_20 dKW=DEBUG_DISPLAY SCREEN_COORD_OVERRIDE _POINT_SAMPLING _DISTORTION _CHROMATIC_ABERRATION _BLOOM_LQ _BLOOM_LQ_DIRT _BLOOM_HQ_DIRT _HDR_GRADING _TONEMAP_NEUTRAL _FILM_GRAIN _LINEAR_TO_SRGB_CONVERSION _USE_FAST_SRGB_LINEAR_CONVERSION _ENABLE_ALPHA_OUTPUT HDR_INPUT HDR_ENCODING UNITY_NO_DXT5nm UNITY_FRAMEBUFFER_FETCH_AVAILABLE UNITY_METAL_SHADOWS_USE_POINT_FILTERING UNITY_NO_SCREENSPACE_SHADOWS UNITY_PBS_USE_BRDF2 UNITY_PBS_USE_BRDF3 UNITY_HARDWARE_TIER1 UNITY_HARDWARE_TIER2 UNITY_HARDWARE_TIER3 UNITY_COLORSPACE_GAMMA UNITY_LIGHTMAP_DLDR_ENCODING UNITY_LIGHTMAP_RGBM_ENCODING UNITY_VIRTUAL_TEXTURING UNITY_PRETRANSFORM_TO_DISPLAY_ORIENTATION UNITY_ASTC_NORMALMAP_ENCODING SHADER_API_GLES30 SHADER_API_GLES31 SHADER_API_GLES32 UNITY_UNIFIED_SHADER_PRECISION_MODEL flags=0 lang=3 type=Fragment platform=d3d11 reqs=33 mask=6 start=366
RunExternalCompiler: begin name=FXC
RunExternalCompiler: end
compileSnippet complete
 ok=1 outsize=9398

Cmd: compileSnippet
  insize=18093 file=Packages/com.unity.render-pipelines.universal/Shaders/PostProcessing/UberPost.shader name=Hidden/Universal Render Pipeline/UberPost pass=UberPost ppOnly=0 stripLineD=0 buildPlatform=19 rsLen=0 pKW=UNITY_ENABLE_REFLECTION_BUFFERS UNITY_USE_DITHER_MASK_FOR_ALPHABLENDED_SHADOWS UNITY_PBS_USE_BRDF1 UNITY_SPECCUBE_BOX_PROJECTION UNITY_SPECCUBE_BLENDING UNITY_ENABLE_DETAIL_NORMALMAP SHADER_API_DESKTOP UNITY_LIGHT_PROBE_PROXY_VOLUME UNITY_LIGHTMAP_FULL_HDR UNITY_PLATFORM_SUPPORTS_DEPTH_FETCH uKW=_BLOOM_HQ _TONEMAP_ACES _DITHERING _LINEAR_TO_SRGB_CONVERSION dKW=DEBUG_DISPLAY SCREEN_COORD_OVERRIDE _POINT_SAMPLING _DISTORTION _CHROMATIC_ABERRATION _BLOOM_LQ _BLOOM_LQ_DIRT _BLOOM_HQ_DIRT _HDR_GRADING _TONEMAP_NEUTRAL _FILM_GRAIN _GAMMA_20 _USE_FAST_SRGB_LINEAR_CONVERSION _ENABLE_ALPHA_OUTPUT HDR_INPUT HDR_ENCODING UNITY_NO_DXT5nm UNITY_FRAMEBUFFER_FETCH_AVAILABLE UNITY_METAL_SHADOWS_USE_POINT_FILTERING UNITY_NO_SCREENSPACE_SHADOWS UNITY_PBS_USE_BRDF2 UNITY_PBS_USE_BRDF3 UNITY_HARDWARE_TIER1 UNITY_HARDWARE_TIER2 UNITY_HARDWARE_TIER3 UNITY_COLORSPACE_GAMMA UNITY_LIGHTMAP_DLDR_ENCODING UNITY_LIGHTMAP_RGBM_ENCODING UNITY_VIRTUAL_TEXTURING UNITY_PRETRANSFORM_TO_DISPLAY_ORIENTATION UNITY_ASTC_NORMALMAP_ENCODING SHADER_API_GLES30 SHADER_API_GLES31 SHADER_API_GLES32 UNITY_UNIFIED_SHADER_PRECISION_MODEL flags=0 lang=3 type=Fragment platform=d3d11 reqs=33 mask=6 start=366
RunExternalCompiler: begin name=FXC
RunExternalCompiler: end
compileSnippet complete
 ok=1 outsize=9662

Cmd: compileSnippet
  insize=18093 file=Packages/com.unity.render-pipelines.universal/Shaders/PostProcessing/UberPost.shader name=Hidden/Universal Render Pipeline/UberPost pass=UberPost ppOnly=0 stripLineD=0 buildPlatform=19 rsLen=0 pKW=UNITY_ENABLE_REFLECTION_BUFFERS UNITY_USE_DITHER_MASK_FOR_ALPHABLENDED_SHADOWS UNITY_PBS_USE_BRDF1 UNITY_SPECCUBE_BOX_PROJECTION UNITY_SPECCUBE_BLENDING UNITY_ENABLE_DETAIL_NORMALMAP SHADER_API_DESKTOP UNITY_LIGHT_PROBE_PROXY_VOLUME UNITY_LIGHTMAP_FULL_HDR UNITY_PLATFORM_SUPPORTS_DEPTH_FETCH uKW=_DISTORTION _CHROMATIC_ABERRATION _BLOOM_LQ _TONEMAP_NEUTRAL _FILM_GRAIN _DITHERING dKW=DEBUG_DISPLAY SCREEN_COORD_OVERRIDE _POINT_SAMPLING _BLOOM_HQ _BLOOM_LQ_DIRT _BLOOM_HQ_DIRT _HDR_GRADING _TONEMAP_ACES _GAMMA_20 _LINEAR_TO_SRGB_CONVERSION _USE_FAST_SRGB_LINEAR_CONVERSION _ENABLE_ALPHA_OUTPUT HDR_INPUT HDR_ENCODING UNITY_NO_DXT5nm UNITY_FRAMEBUFFER_FETCH_AVAILABLE UNITY_METAL_SHADOWS_USE_POINT_FILTERING UNITY_NO_SCREENSPACE_SHADOWS UNITY_PBS_USE_BRDF2 UNITY_PBS_USE_BRDF3 UNITY_HARDWARE_TIER1 UNITY_HARDWARE_TIER2 UNITY_HARDWARE_TIER3 UNITY_COLORSPACE_GAMMA UNITY_LIGHTMAP_DLDR_ENCODING UNITY_LIGHTMAP_RGBM_ENCODING UNITY_VIRTUAL_TEXTURING UNITY_PRETRANSFORM_TO_DISPLAY_ORIENTATION UNITY_ASTC_NORMALMAP_ENCODING SHADER_API_GLES30 SHADER_API_GLES31 SHADER_API_GLES32 UNITY_UNIFIED_SHADER_PRECISION_MODEL flags=0 lang=3 type=Fragment platform=d3d11 reqs=33 mask=6 start=366
RunExternalCompiler: begin name=FXC
RunExternalCompiler: end
compileSnippet complete
 ok=1 outsize=8390

Cmd: compileSnippet
  insize=4903 file=Packages/com.unity.render-pipelines.universal/Shaders/Terrain/TerrainDetailLit.shader name=Hidden/TerrainEngine/Details/UniversalPipeline/Vertexlit pass=TerrainDetailVertex ppOnly=0 stripLineD=0 buildPlatform=19 rsLen=0 pKW=UNITY_ENABLE_REFLECTION_BUFFERS UNITY_USE_DITHER_MASK_FOR_ALPHABLENDED_SHADOWS UNITY_PBS_USE_BRDF1 UNITY_SPECCUBE_BOX_PROJECTION UNITY_SPECCUBE_BLENDING UNITY_ENABLE_DETAIL_NORMALMAP SHADER_API_DESKTOP UNITY_LIGHT_PROBE_PROXY_VOLUME UNITY_LIGHTMAP_FULL_HDR UNITY_PLATFORM_SUPPORTS_DEPTH_FETCH uKW=_MAIN_LIGHT_SHADOWS_CASCADE _CLUSTER_LIGHT_LOOP _SCREEN_SPACE_OCCLUSION dKW=_SHADOWS_SOFT _SHADOWS_SOFT_LOW _SHADOWS_SOFT_MEDIUM _SHADOWS_SOFT_HIGH _SCREEN_SPACE_IRRADIANCE _LIGHT_COOKIES LIGHTMAP_BICUBIC_SAMPLING REFLECTION_PROBE_ROTATION _MAIN_LIGHT_SHADOWS _MAIN_LIGHT_SHADOWS_SCREEN _ADDITIONAL_LIGHTS_VERTEX _ADDITIONAL_LIGHTS LIGHTMAP_SHADOW_MIXING SHADOWS_SHADOWMASK DIRLIGHTMAP_COMBINED LIGHTMAP_ON PROBE_VOLUMES_L1 PROBE_VOLUMES_L2 DEBUG_DISPLAY FOG_LINEAR FOG_EXP FOG_EXP2 UNITY_NO_DXT5nm UNITY_FRAMEBUFFER_FETCH_AVAILABLE UNITY_METAL_SHADOWS_USE_POINT_FILTERING UNITY_NO_SCREENSPACE_SHADOWS UNITY_PBS_USE_BRDF2 UNITY_PBS_USE_BRDF3 UNITY_HARDWARE_TIER1 UNITY_HARDWARE_TIER2 UNITY_HARDWARE_TIER3 UNITY_COLORSPACE_GAMMA UNITY_LIGHTMAP_DLDR_ENCODING UNITY_LIGHTMAP_RGBM_ENCODING UNITY_VIRTUAL_TEXTURING UNITY_PRETRANSFORM_TO_DISPLAY_ORIENTATION UNITY_ASTC_NORMALMAP_ENCODING SHADER_API_GLES30 SHADER_API_GLES31 SHADER_API_GLES32 UNITY_UNIFIED_SHADER_PRECISION_MODEL flags=0 lang=3 type=Fragment platform=d3d11 reqs=1 mask=6 start=18
RunExternalCompiler: begin name=FXC
RunExternalCompiler: end
compileSnippet complete
 ok=1 outsize=2050

Cmd: compileSnippet
  insize=8146 file=Packages/com.unity.render-pipelines.universal/Shaders/Terrain/TerrainDetailLit.shader name=Hidden/TerrainEngine/Details/UniversalPipeline/Vertexlit pass=TerrainDetailVertex - GBuffer ppOnly=0 stripLineD=0 buildPlatform=19 rsLen=0 pKW=UNITY_ENABLE_REFLECTION_BUFFERS UNITY_USE_DITHER_MASK_FOR_ALPHABLENDED_SHADOWS UNITY_PBS_USE_BRDF1 UNITY_SPECCUBE_BOX_PROJECTION UNITY_SPECCUBE_BLENDING UNITY_ENABLE_DETAIL_NORMALMAP SHADER_API_DESKTOP UNITY_LIGHT_PROBE_PROXY_VOLUME UNITY_LIGHTMAP_FULL_HDR UNITY_PLATFORM_SUPPORTS_DEPTH_FETCH uKW=_MAIN_LIGHT_SHADOWS _SHADOWS_SOFT dKW=_SHADOWS_SOFT_LOW _SHADOWS_SOFT_MEDIUM _SHADOWS_SOFT_HIGH LIGHTMAP_BICUBIC_SAMPLING REFLECTION_PROBE_ROTATION _GBUFFER_NORMALS_OCT _RENDER_PASS_ENABLED _MAIN_LIGHT_SHADOWS_CASCADE _MAIN_LIGHT_SHADOWS_SCREEN _ADDITIONAL_LIGHTS_VERTEX _MIXED_LIGHTING_SUBTRACTIVE DIRLIGHTMAP_COMBINED LIGHTMAP_ON PROBE_VOLUMES_L1 PROBE_VOLUMES_L2 UNITY_NO_DXT5nm UNITY_FRAMEBUFFER_FETCH_AVAILABLE UNITY_METAL_SHADOWS_USE_POINT_FILTERING UNITY_NO_SCREENSPACE_SHADOWS UNITY_PBS_USE_BRDF2 UNITY_PBS_USE_BRDF3 UNITY_HARDWARE_TIER1 UNITY_HARDWARE_TIER2 UNITY_HARDWARE_TIER3 UNITY_COLORSPACE_GAMMA UNITY_LIGHTMAP_DLDR_ENCODING UNITY_LIGHTMAP_RGBM_ENCODING UNITY_VIRTUAL_TEXTURING UNITY_PRETRANSFORM_TO_DISPLAY_ORIENTATION UNITY_ASTC_NORMALMAP_ENCODING SHADER_API_GLES30 SHADER_API_GLES31 SHADER_API_GLES32 UNITY_UNIFIED_SHADER_PRECISION_MODEL flags=0 lang=3 type=Fragment platform=d3d11 reqs=1 mask=6 start=62
RunExternalCompiler: begin name=FXC
RunExternalCompiler: end
compileSnippet complete
 ok=1 outsize=7494

Cmd: compileComputeKernel
  insize=2899 file=Packages/com.unity.render-pipelines.core/Runtime/Vrs/Shaders/VrsTexture.compute kernel=TextureReduce ppOnly=0 stripLineD=0 buildPlatform=19 km=<UNITY_VERSION=60050002> pKW=UNITY_ENABLE_REFLECTION_BUFFERS UNITY_USE_DITHER_MASK_FOR_ALPHABLENDED_SHADOWS UNITY_PBS_USE_BRDF1 UNITY_SPECCUBE_BOX_PROJECTION UNITY_SPECCUBE_BLENDING UNITY_ENABLE_DETAIL_NORMALMAP SHADER_API_DESKTOP UNITY_LIGHT_PROBE_PROXY_VOLUME UNITY_LIGHTMAP_FULL_HDR UNITY_PLATFORM_SUPPORTS_DEPTH_FETCH uKW=VRS_TILE_SIZE_8 APPLY_Y_FLIP SHADER_STAGE_COMPUTE platform=d3d11 flags=0 reqs=50241 forceDXC=0 forceFXC=0
RunExternalCompiler: begin name=FXC
RunExternalCompiler: end
compilerComputeKernel complete
 ok=1 outsize=1717

Cmd: compileComputeKernel
  insize=2850 file=Packages/com.unity.render-pipelines.core/Runtime/Vrs/Shaders/VrsTexture.compute kernel=TextureReduce ppOnly=0 stripLineD=0 buildPlatform=19 km=<UNITY_VERSION=60050002> pKW=UNITY_ENABLE_REFLECTION_BUFFERS UNITY_USE_DITHER_MASK_FOR_ALPHABLENDED_SHADOWS UNITY_PBS_USE_BRDF1 UNITY_SPECCUBE_BOX_PROJECTION UNITY_SPECCUBE_BLENDING UNITY_ENABLE_DETAIL_NORMALMAP SHADER_API_DESKTOP UNITY_LIGHT_PROBE_PROXY_VOLUME UNITY_LIGHTMAP_FULL_HDR UNITY_PLATFORM_SUPPORTS_DEPTH_FETCH uKW=VRS_TILE_SIZE_32 DISABLE_TEXTURE2D_X_ARRAY APPLY_Y_FLIP SHADER_STAGE_COMPUTE platform=d3d11 flags=0 reqs=50241 forceDXC=0 forceFXC=0
RunExternalCompiler: begin name=FXC
RunExternalCompiler: end
compilerComputeKernel complete
 ok=1 outsize=1697

Cmd: compileSnippet
  insize=6773 file=Assets/UI/TextMesh Pro/Shaders/TMP_SDF-Mobile.shader name=TextMeshPro/Mobile/Distance Field pass= ppOnly=0 stripLineD=0 buildPlatform=19 rsLen=0 pKW=UNITY_ENABLE_REFLECTION_BUFFERS UNITY_USE_DITHER_MASK_FOR_ALPHABLENDED_SHADOWS UNITY_PBS_USE_BRDF1 UNITY_SPECCUBE_BOX_PROJECTION UNITY_SPECCUBE_BLENDING UNITY_ENABLE_DETAIL_NORMALMAP SHADER_API_DESKTOP UNITY_LIGHT_PROBE_PROXY_VOLUME UNITY_LIGHTMAP_FULL_HDR UNITY_PLATFORM_SUPPORTS_DEPTH_FETCH uKW=UNITY_UI_CLIP_RECT UNITY_UI_ALPHACLIP dKW=OUTLINE_ON UNDERLAY_ON UNDERLAY_INNER UNITY_NO_DXT5nm UNITY_FRAMEBUFFER_FETCH_AVAILABLE UNITY_METAL_SHADOWS_USE_POINT_FILTERING UNITY_NO_SCREENSPACE_SHADOWS UNITY_PBS_USE_BRDF2 UNITY_PBS_USE_BRDF3 UNITY_HARDWARE_TIER1 UNITY_HARDWARE_TIER2 UNITY_HARDWARE_TIER3 UNITY_COLORSPACE_GAMMA UNITY_LIGHTMAP_DLDR_ENCODING UNITY_LIGHTMAP_RGBM_ENCODING UNITY_VIRTUAL_TEXTURING UNITY_PRETRANSFORM_TO_DISPLAY_ORIENTATION UNITY_ASTC_NORMALMAP_ENCODING SHADER_API_GLES30 SHADER_API_GLES31 SHADER_API_GLES32 UNITY_UNIFIED_SHADER_PRECISION_MODEL flags=0 lang=0 type=Vertex platform=d3d11 reqs=33 mask=6 start=83
RunExternalCompiler: begin name=FXC
RunExternalCompiler: end
compileSnippet complete
 ok=1 outsize=93014

Cmd: compileSnippet
  insize=31506 file=Packages/com.unity.render-pipelines.universal/Shaders/AutodeskInteractive/AutodeskInteractive.shadergraph name=Universal Render Pipeline/Autodesk Interactive/AutodeskInteractive pass=ForwardLit ppOnly=0 stripLineD=0 buildPlatform=19 rsLen=0 pKW=UNITY_ENABLE_REFLECTION_BUFFERS UNITY_USE_DITHER_MASK_FOR_ALPHABLENDED_SHADOWS UNITY_PBS_USE_BRDF1 UNITY_SPECCUBE_BOX_PROJECTION UNITY_SPECCUBE_BLENDING UNITY_ENABLE_DETAIL_NORMALMAP SHADER_API_DESKTOP UNITY_LIGHT_PROBE_PROXY_VOLUME UNITY_LIGHTMAP_FULL_HDR UNITY_PLATFORM_SUPPORTS_DEPTH_FETCH uKW=_MAIN_LIGHT_SHADOWS_CASCADE _CLUSTER_LIGHT_LOOP _SCREEN_SPACE_OCCLUSION _ADDITIONAL_LIGHT_SHADOWS _REFLECTION_PROBE_BLENDING _REFLECTION_PROBE_BOX_PROJECTION _REFLECTION_PROBE_ATLAS _SHADOWS_SOFT _LIGHT_LAYERS dKW=_SCREEN_SPACE_IRRADIANCE _SHADOWS_SOFT_LOW _SHADOWS_SOFT_MEDIUM _SHADOWS_SOFT_HIGH _DBUFFER_MRT1 _DBUFFER_MRT2 _DBUFFER_MRT3 DEBUG_DISPLAY _LIGHT_COOKIES _WRITE_RENDERING_LAYERS LIGHTMAP_ON DYNAMICLIGHTMAP_ON DIRLIGHTMAP_COMBINED USE_LEGACY_LIGHTMAPS LIGHTMAP_BICUBIC_SAMPLING REFLECTION_PROBE_ROTATION _MAIN_LIGHT_SHADOWS _MAIN_LIGHT_SHADOWS_SCREEN _ADDITIONAL_LIGHTS_VERTEX _ADDITIONAL_LIGHTS LIGHTMAP_SHADOW_MIXING SHADOWS_SHADOWMASK EVALUATE_SH_MIXED EVALUATE_SH_VERTEX DOTS_INSTANCING_ON PROBE_VOLUMES_L1 PROBE_VOLUMES_L2 INSTANCING_ON FOG_LINEAR FOG_EXP FOG_EXP2 UNITY_NO_DXT5nm UNITY_FRAMEBUFFER_FETCH_AVAILABLE UNITY_METAL_SHADOWS_USE_POINT_FILTERING UNITY_NO_SCREENSPACE_SHADOWS UNITY_PBS_USE_BRDF2 UNITY_PBS_USE_BRDF3 UNITY_HARDWARE_TIER1 UNITY_HARDWARE_TIER2 UNITY_HARDWARE_TIER3 UNITY_COLORSPACE_GAMMA UNITY_LIGHTMAP_DLDR_ENCODING UNITY_LIGHTMAP_RGBM_ENCODING UNITY_VIRTUAL_TEXTURING UNITY_PRETRANSFORM_TO_DISPLAY_ORIENTATION UNITY_ASTC_NORMALMAP_ENCODING SHADER_API_GLES30 SHADER_API_GLES31 SHADER_API_GLES32 UNITY_UNIFIED_SHADER_PRECISION_MODEL flags=0 lang=3 type=Fragment platform=d3d11 reqs=1 mask=6 start=61
RunExternalCompiler: begin name=FXC
RunExternalCompiler: end
compileSnippet complete
 ok=1 outsize=35206

Cmd: compileSnippet
  insize=32082 file=Packages/com.unity.render-pipelines.universal/Shaders/AutodeskInteractive/AutodeskInteractiveMasked.shadergraph name=Universal Render Pipeline/Autodesk Interactive/AutodeskInteractiveMasked pass=ForwardLit ppOnly=0 stripLineD=0 buildPlatform=19 rsLen=0 pKW=UNITY_ENABLE_REFLECTION_BUFFERS UNITY_USE_DITHER_MASK_FOR_ALPHABLENDED_SHADOWS UNITY_PBS_USE_BRDF1 UNITY_SPECCUBE_BOX_PROJECTION UNITY_SPECCUBE_BLENDING UNITY_ENABLE_DETAIL_NORMALMAP SHADER_API_DESKTOP UNITY_LIGHT_PROBE_PROXY_VOLUME UNITY_LIGHTMAP_FULL_HDR UNITY_PLATFORM_SUPPORTS_DEPTH_FETCH uKW=_MAIN_LIGHT_SHADOWS _CLUSTER_LIGHT_LOOP FOG_EXP _SCREEN_SPACE_OCCLUSION _ADDITIONAL_LIGHT_SHADOWS _REFLECTION_PROBE_BLENDING _REFLECTION_PROBE_BOX_PROJECTION _REFLECTION_PROBE_ATLAS _SHADOWS_SOFT _LIGHT_LAYERS _LIGHT_COOKIES dKW=_SCREEN_SPACE_IRRADIANCE _SHADOWS_SOFT_LOW _SHADOWS_SOFT_MEDIUM _SHADOWS_SOFT_HIGH _DBUFFER_MRT1 _DBUFFER_MRT2 _DBUFFER_MRT3 DEBUG_DISPLAY _WRITE_RENDERING_LAYERS LIGHTMAP_ON DYNAMICLIGHTMAP_ON DIRLIGHTMAP_COMBINED USE_LEGACY_LIGHTMAPS LIGHTMAP_BICUBIC_SAMPLING REFLECTION_PROBE_ROTATION _MAIN_LIGHT_SHADOWS_CASCADE _MAIN_LIGHT_SHADOWS_SCREEN _ADDITIONAL_LIGHTS_VERTEX _ADDITIONAL_LIGHTS LIGHTMAP_SHADOW_MIXING SHADOWS_SHADOWMASK EVALUATE_SH_MIXED EVALUATE_SH_VERTEX DOTS_INSTANCING_ON PROBE_VOLUMES_L1 PROBE_VOLUMES_L2 INSTANCING_ON FOG_LINEAR FOG_EXP2 UNITY_NO_DXT5nm UNITY_FRAMEBUFFER_FETCH_AVAILABLE UNITY_METAL_SHADOWS_USE_POINT_FILTERING UNITY_NO_SCREENSPACE_SHADOWS UNITY_PBS_USE_BRDF2 UNITY_PBS_USE_BRDF3 UNITY_HARDWARE_TIER1 UNITY_HARDWARE_TIER2 UNITY_HARDWARE_TIER3 UNITY_COLORSPACE_GAMMA UNITY_LIGHTMAP_DLDR_ENCODING UNITY_LIGHTMAP_RGBM_ENCODING UNITY_VIRTUAL_TEXTURING UNITY_PRETRANSFORM_TO_DISPLAY_ORIENTATION UNITY_ASTC_NORMALMAP_ENCODING SHADER_API_GLES30 SHADER_API_GLES31 SHADER_API_GLES32 UNITY_UNIFIED_SHADER_PRECISION_MODEL flags=0 lang=3 type=Fragment platform=d3d11 reqs=1 mask=6 start=63
RunExternalCompiler: begin name=FXC
RunExternalCompiler: end
compileSnippet complete
 ok=1 outsize=39722

Cmd: compileSnippet
  insize=9560 file=Packages/com.unity.render-pipelines.universal/Shaders/Lit.shader name=Universal Render Pipeline/Lit pass=ForwardLit ppOnly=0 stripLineD=0 buildPlatform=19 rsLen=0 pKW=UNITY_ENABLE_REFLECTION_BUFFERS UNITY_USE_DITHER_MASK_FOR_ALPHABLENDED_SHADOWS UNITY_PBS_USE_BRDF1 UNITY_SPECCUBE_BOX_PROJECTION UNITY_SPECCUBE_BLENDING UNITY_ENABLE_DETAIL_NORMALMAP SHADER_API_DESKTOP UNITY_LIGHT_PROBE_PROXY_VOLUME UNITY_LIGHTMAP_FULL_HDR UNITY_PLATFORM_SUPPORTS_DEPTH_FETCH uKW=_MAIN_LIGHT_SHADOWS _LIGHT_LAYERS _CLUSTER_LIGHT_LOOP LOD_FADE_CROSSFADE FOG_EXP _RECEIVE_SHADOWS_OFF dKW=_MAIN_LIGHT_SHADOWS_CASCADE _MAIN_LIGHT_SHADOWS_SCREEN _ADDITIONAL_LIGHTS_VERTEX _ADDITIONAL_LIGHTS EVALUATE_SH_MIXED EVALUATE_SH_VERTEX LIGHTMAP_SHADOW_MIXING SHADOWS_SHADOWMASK DIRLIGHTMAP_COMBINED LIGHTMAP_ON DYNAMICLIGHTMAP_ON USE_LEGACY_LIGHTMAPS PROBE_VOLUMES_L1 PROBE_VOLUMES_L2 DOTS_INSTANCING_ON FOG_LINEAR FOG_EXP2 INSTANCING_ON _NORMALMAP _PARALLAXMAP _DETAIL_MULX2 _DETAIL_SCALED UNITY_NO_DXT5nm UNITY_FRAMEBUFFER_FETCH_AVAILABLE UNITY_METAL_SHADOWS_USE_POINT_FILTERING UNITY_NO_SCREENSPACE_SHADOWS UNITY_PBS_USE_BRDF2 UNITY_PBS_USE_BRDF3 UNITY_HARDWARE_TIER1 UNITY_HARDWARE_TIER2 UNITY_HARDWARE_TIER3 UNITY_COLORSPACE_GAMMA UNITY_LIGHTMAP_DLDR_ENCODING UNITY_LIGHTMAP_RGBM_ENCODING UNITY_VIRTUAL_TEXTURING UNITY_PRETRANSFORM_TO_DISPLAY_ORIENTATION UNITY_ASTC_NORMALMAP_ENCODING SHADER_API_GLES30 SHADER_API_GLES31 SHADER_API_GLES32 UNITY_UNIFIED_SHADER_PRECISION_MODEL flags=0 lang=3 type=Vertex platform=d3d11 reqs=1 mask=6 start=111
RunExternalCompiler: begin name=FXC
RunExternalCompiler: end
compileSnippet complete
 ok=1 outsize=1254

Cmd: compileSnippet
  insize=9560 file=Packages/com.unity.render-pipelines.universal/Shaders/Lit.shader name=Universal Render Pipeline/Lit pass=ForwardLit ppOnly=0 stripLineD=0 buildPlatform=19 rsLen=0 pKW=UNITY_ENABLE_REFLECTION_BUFFERS UNITY_USE_DITHER_MASK_FOR_ALPHABLENDED_SHADOWS UNITY_PBS_USE_BRDF1 UNITY_SPECCUBE_BOX_PROJECTION UNITY_SPECCUBE_BLENDING UNITY_ENABLE_DETAIL_NORMALMAP SHADER_API_DESKTOP UNITY_LIGHT_PROBE_PROXY_VOLUME UNITY_LIGHTMAP_FULL_HDR UNITY_PLATFORM_SUPPORTS_DEPTH_FETCH uKW=_MAIN_LIGHT_SHADOWS _LIGHT_LAYERS _CLUSTER_LIGHT_LOOP _RECEIVE_SHADOWS_OFF _ADDITIONAL_LIGHT_SHADOWS _REFLECTION_PROBE_BLENDING _REFLECTION_PROBE_BOX_PROJECTION _REFLECTION_PROBE_ATLAS _SHADOWS_SOFT _SCREEN_SPACE_OCCLUSION _EMISSION dKW=_SHADOWS_SOFT_LOW _SHADOWS_SOFT_MEDIUM _SHADOWS_SOFT_HIGH _SCREEN_SPACE_IRRADIANCE _DBUFFER_MRT1 _DBUFFER_MRT2 _DBUFFER_MRT3 _LIGHT_COOKIES _WRITE_RENDERING_LAYERS LIGHTMAP_BICUBIC_SAMPLING REFLECTION_PROBE_ROTATION DEBUG_DISPLAY _MAIN_LIGHT_SHADOWS_CASCADE _MAIN_LIGHT_SHADOWS_SCREEN _ADDITIONAL_LIGHTS_VERTEX _ADDITIONAL_LIGHTS EVALUATE_SH_MIXED EVALUATE_SH_VERTEX LIGHTMAP_SHADOW_MIXING SHADOWS_SHADOWMASK DIRLIGHTMAP_COMBINED LIGHTMAP_ON DYNAMICLIGHTMAP_ON USE_LEGACY_LIGHTMAPS LOD_FADE_CROSSFADE PROBE_VOLUMES_L1 PROBE_VOLUMES_L2 DOTS_INSTANCING_ON FOG_LINEAR FOG_EXP FOG_EXP2 INSTANCING_ON _SURFACE_TYPE_TRANSPARENT _ALPHATEST_ON _ALPHAPREMULTIPLY_ON _ALPHAMODULATE_ON _METALLICSPECGLOSSMAP _SMOOTHNESS_TEXTURE_ALBEDO_CHANNEL_A _OCCLUSIONMAP _SPECULARHIGHLIGHTS_OFF _ENVIRONMENTREFLECTIONS_OFF _SPECULAR_SETUP _NORMALMAP _PARALLAXMAP _DETAIL_MULX2 _DETAIL_SCALED UNITY_NO_DXT5nm UNITY_FRAMEBUFFER_FETCH_AVAILABLE UNITY_METAL_SHADOWS_USE_POINT_FILTERING UNITY_NO_SCREENSPACE_SHADOWS UNITY_PBS_USE_BRDF2 UNITY_PBS_USE_BRDF3 UNITY_HARDWARE_TIER1 UNITY_HARDWARE_TIER2 UNITY_HARDWARE_TIER3 UNITY_COLORSPACE_GAMMA UNITY_LIGHTMAP_DLDR_ENCODING UNITY_LIGHTMAP_RGBM_ENCODING UNITY_VIRTUAL_TEXTURING UNITY_PRETRANSFORM_TO_DISPLAY_ORIENTATION UNITY_ASTC_NORMALMAP_ENCODING SHADER_API_GLES30 SHADER_API_GLES31 SHADER_API_GLES32 UNITY_UNIFIED_SHADER_PRECISION_MODEL flags=0 lang=3 type=Fragment platform=d3d11 reqs=1 mask=6 start=111
RunExternalCompiler: begin name=FXC
RunExternalCompiler: end
compileSnippet complete
 ok=1 outsize=12498

Cmd: compileSnippet
  insize=9560 file=Packages/com.unity.render-pipelines.universal/Shaders/Lit.shader name=Universal Render Pipeline/Lit pass=ForwardLit ppOnly=0 stripLineD=0 buildPlatform=19 rsLen=0 pKW=UNITY_ENABLE_REFLECTION_BUFFERS UNITY_USE_DITHER_MASK_FOR_ALPHABLENDED_SHADOWS UNITY_PBS_USE_BRDF1 UNITY_SPECCUBE_BOX_PROJECTION UNITY_SPECCUBE_BLENDING UNITY_ENABLE_DETAIL_NORMALMAP SHADER_API_DESKTOP UNITY_LIGHT_PROBE_PROXY_VOLUME UNITY_LIGHTMAP_FULL_HDR UNITY_PLATFORM_SUPPORTS_DEPTH_FETCH uKW=_MAIN_LIGHT_SHADOWS _LIGHT_LAYERS _CLUSTER_LIGHT_LOOP _ADDITIONAL_LIGHT_SHADOWS _REFLECTION_PROBE_BLENDING _REFLECTION_PROBE_BOX_PROJECTION _REFLECTION_PROBE_ATLAS _SHADOWS_SOFT _SCREEN_SPACE_OCCLUSION _EMISSION dKW=_SHADOWS_SOFT_LOW _SHADOWS_SOFT_MEDIUM _SHADOWS_SOFT_HIGH _SCREEN_SPACE_IRRADIANCE _DBUFFER_MRT1 _DBUFFER_MRT2 _DBUFFER_MRT3 _LIGHT_COOKIES _WRITE_RENDERING_LAYERS LIGHTMAP_BICUBIC_SAMPLING REFLECTION_PROBE_ROTATION DEBUG_DISPLAY _MAIN_LIGHT_SHADOWS_CASCADE _MAIN_LIGHT_SHADOWS_SCREEN _ADDITIONAL_LIGHTS_VERTEX _ADDITIONAL_LIGHTS EVALUATE_SH_MIXED EVALUATE_SH_VERTEX LIGHTMAP_SHADOW_MIXING SHADOWS_SHADOWMASK DIRLIGHTMAP_COMBINED LIGHTMAP_ON DYNAMICLIGHTMAP_ON USE_LEGACY_LIGHTMAPS LOD_FADE_CROSSFADE PROBE_VOLUMES_L1 PROBE_VOLUMES_L2 DOTS_INSTANCING_ON FOG_LINEAR FOG_EXP FOG_EXP2 INSTANCING_ON _SURFACE_TYPE_TRANSPARENT _ALPHATEST_ON _ALPHAPREMULTIPLY_ON _ALPHAMODULATE_ON _METALLICSPECGLOSSMAP _SMOOTHNESS_TEXTURE_ALBEDO_CHANNEL_A _OCCLUSIONMAP _SPECULARHIGHLIGHTS_OFF _ENVIRONMENTREFLECTIONS_OFF _SPECULAR_SETUP _NORMALMAP _PARALLAXMAP _RECEIVE_SHADOWS_OFF _DETAIL_MULX2 _DETAIL_SCALED UNITY_NO_DXT5nm UNITY_FRAMEBUFFER_FETCH_AVAILABLE UNITY_METAL_SHADOWS_USE_POINT_FILTERING UNITY_NO_SCREENSPACE_SHADOWS UNITY_PBS_USE_BRDF2 UNITY_PBS_USE_BRDF3 UNITY_HARDWARE_TIER1 UNITY_HARDWARE_TIER2 UNITY_HARDWARE_TIER3 UNITY_COLORSPACE_GAMMA UNITY_LIGHTMAP_DLDR_ENCODING UNITY_LIGHTMAP_RGBM_ENCODING UNITY_VIRTUAL_TEXTURING UNITY_PRETRANSFORM_TO_DISPLAY_ORIENTATION UNITY_ASTC_NORMALMAP_ENCODING SHADER_API_GLES30 SHADER_API_GLES31 SHADER_API_GLES32 UNITY_UNIFIED_SHADER_PRECISION_MODEL flags=0 lang=3 type=Fragment platform=d3d11 reqs=1 mask=6 start=111
RunExternalCompiler: begin name=FXC
RunExternalCompiler: end
compileSnippet complete
 ok=1 outsize=33090

Cmd: compileSnippet
  insize=9560 file=Packages/com.unity.render-pipelines.universal/Shaders/Lit.shader name=Universal Render Pipeline/Lit pass=ForwardLit ppOnly=0 stripLineD=0 buildPlatform=19 rsLen=0 pKW=UNITY_ENABLE_REFLECTION_BUFFERS UNITY_USE_DITHER_MASK_FOR_ALPHABLENDED_SHADOWS UNITY_PBS_USE_BRDF1 UNITY_SPECCUBE_BOX_PROJECTION UNITY_SPECCUBE_BLENDING UNITY_ENABLE_DETAIL_NORMALMAP SHADER_API_DESKTOP UNITY_LIGHT_PROBE_PROXY_VOLUME UNITY_LIGHTMAP_FULL_HDR UNITY_PLATFORM_SUPPORTS_DEPTH_FETCH uKW=_MAIN_LIGHT_SHADOWS _LIGHT_LAYERS _CLUSTER_LIGHT_LOOP _ADDITIONAL_LIGHT_SHADOWS _REFLECTION_PROBE_BLENDING _REFLECTION_PROBE_BOX_PROJECTION _REFLECTION_PROBE_ATLAS _SHADOWS_SOFT _SCREEN_SPACE_OCCLUSION _SURFACE_TYPE_TRANSPARENT _ALPHATEST_ON dKW=_SHADOWS_SOFT_LOW _SHADOWS_SOFT_MEDIUM _SHADOWS_SOFT_HIGH _SCREEN_SPACE_IRRADIANCE _DBUFFER_MRT1 _DBUFFER_MRT2 _DBUFFER_MRT3 _LIGHT_COOKIES _WRITE_RENDERING_LAYERS LIGHTMAP_BICUBIC_SAMPLING REFLECTION_PROBE_ROTATION DEBUG_DISPLAY _MAIN_LIGHT_SHADOWS_CASCADE _MAIN_LIGHT_SHADOWS_SCREEN _ADDITIONAL_LIGHTS_VERTEX _ADDITIONAL_LIGHTS EVALUATE_SH_MIXED EVALUATE_SH_VERTEX LIGHTMAP_SHADOW_MIXING SHADOWS_SHADOWMASK DIRLIGHTMAP_COMBINED LIGHTMAP_ON DYNAMICLIGHTMAP_ON USE_LEGACY_LIGHTMAPS LOD_FADE_CROSSFADE PROBE_VOLUMES_L1 PROBE_VOLUMES_L2 DOTS_INSTANCING_ON FOG_LINEAR FOG_EXP FOG_EXP2 INSTANCING_ON _ALPHAPREMULTIPLY_ON _ALPHAMODULATE_ON _EMISSION _METALLICSPECGLOSSMAP _SMOOTHNESS_TEXTURE_ALBEDO_CHANNEL_A _OCCLUSIONMAP _SPECULARHIGHLIGHTS_OFF _ENVIRONMENTREFLECTIONS_OFF _SPECULAR_SETUP _NORMALMAP _PARALLAXMAP _RECEIVE_SHADOWS_OFF _DETAIL_MULX2 _DETAIL_SCALED UNITY_NO_DXT5nm UNITY_FRAMEBUFFER_FETCH_AVAILABLE UNITY_METAL_SHADOWS_USE_POINT_FILTERING UNITY_NO_SCREENSPACE_SHADOWS UNITY_PBS_USE_BRDF2 UNITY_PBS_USE_BRDF3 UNITY_HARDWARE_TIER1 UNITY_HARDWARE_TIER2 UNITY_HARDWARE_TIER3 UNITY_COLORSPACE_GAMMA UNITY_LIGHTMAP_DLDR_ENCODING UNITY_LIGHTMAP_RGBM_ENCODING UNITY_VIRTUAL_TEXTURING UNITY_PRETRANSFORM_TO_DISPLAY_ORIENTATION UNITY_ASTC_NORMALMAP_ENCODING SHADER_API_GLES30 SHADER_API_GLES31 SHADER_API_GLES32 UNITY_UNIFIED_SHADER_PRECISION_MODEL flags=0 lang=3 type=Fragment platform=d3d11 reqs=1 mask=6 start=111
RunExternalCompiler: begin name=FXC
RunExternalCompiler: end
compileSnippet complete
 ok=1 outsize=33206

Cmd: compileSnippet
  insize=9560 file=Packages/com.unity.render-pipelines.universal/Shaders/Lit.shader name=Universal Render Pipeline/Lit pass=ForwardLit ppOnly=0 stripLineD=0 buildPlatform=19 rsLen=0 pKW=UNITY_ENABLE_REFLECTION_BUFFERS UNITY_USE_DITHER_MASK_FOR_ALPHABLENDED_SHADOWS UNITY_PBS_USE_BRDF1 UNITY_SPECCUBE_BOX_PROJECTION UNITY_SPECCUBE_BLENDING UNITY_ENABLE_DETAIL_NORMALMAP SHADER_API_DESKTOP UNITY_LIGHT_PROBE_PROXY_VOLUME UNITY_LIGHTMAP_FULL_HDR UNITY_PLATFORM_SUPPORTS_DEPTH_FETCH uKW=_MAIN_LIGHT_SHADOWS _LIGHT_LAYERS _CLUSTER_LIGHT_LOOP _ADDITIONAL_LIGHT_SHADOWS _REFLECTION_PROBE_BLENDING _REFLECTION_PROBE_BOX_PROJECTION _REFLECTION_PROBE_ATLAS _SHADOWS_SOFT _SCREEN_SPACE_OCCLUSION dKW=_SHADOWS_SOFT_LOW _SHADOWS_SOFT_MEDIUM _SHADOWS_SOFT_HIGH _SCREEN_SPACE_IRRADIANCE _DBUFFER_MRT1 _DBUFFER_MRT2 _DBUFFER_MRT3 _LIGHT_COOKIES _WRITE_RENDERING_LAYERS LIGHTMAP_BICUBIC_SAMPLING REFLECTION_PROBE_ROTATION DEBUG_DISPLAY _MAIN_LIGHT_SHADOWS_CASCADE _MAIN_LIGHT_SHADOWS_SCREEN _ADDITIONAL_LIGHTS_VERTEX _ADDITIONAL_LIGHTS EVALUATE_SH_MIXED EVALUATE_SH_VERTEX LIGHTMAP_SHADOW_MIXING SHADOWS_SHADOWMASK DIRLIGHTMAP_COMBINED LIGHTMAP_ON DYNAMICLIGHTMAP_ON USE_LEGACY_LIGHTMAPS LOD_FADE_CROSSFADE PROBE_VOLUMES_L1 PROBE_VOLUMES_L2 DOTS_INSTANCING_ON FOG_LINEAR FOG_EXP FOG_EXP2 INSTANCING_ON _SURFACE_TYPE_TRANSPARENT _ALPHATEST_ON _ALPHAPREMULTIPLY_ON _ALPHAMODULATE_ON _EMISSION _METALLICSPECGLOSSMAP _SMOOTHNESS_TEXTURE_ALBEDO_CHANNEL_A _OCCLUSIONMAP _SPECULARHIGHLIGHTS_OFF _ENVIRONMENTREFLECTIONS_OFF _SPECULAR_SETUP _NORMALMAP _PARALLAXMAP _RECEIVE_SHADOWS_OFF _DETAIL_MULX2 _DETAIL_SCALED UNITY_NO_DXT5nm UNITY_FRAMEBUFFER_FETCH_AVAILABLE UNITY_METAL_SHADOWS_USE_POINT_FILTERING UNITY_NO_SCREENSPACE_SHADOWS UNITY_PBS_USE_BRDF2 UNITY_PBS_USE_BRDF3 UNITY_HARDWARE_TIER1 UNITY_HARDWARE_TIER2 UNITY_HARDWARE_TIER3 UNITY_COLORSPACE_GAMMA UNITY_LIGHTMAP_DLDR_ENCODING UNITY_LIGHTMAP_RGBM_ENCODING UNITY_VIRTUAL_TEXTURING UNITY_PRETRANSFORM_TO_DISPLAY_ORIENTATION UNITY_ASTC_NORMALMAP_ENCODING SHADER_API_GLES30 SHADER_API_GLES31 SHADER_API_GLES32 UNITY_UNIFIED_SHADER_PRECISION_MODEL flags=0 lang=3 type=Fragment platform=d3d11 reqs=1 mask=6 start=111
RunExternalCompiler: begin name=FXC
RunExternalCompiler: end
compileSnippet complete
 ok=1 outsize=32986

Cmd: compileSnippet
  insize=9560 file=Packages/com.unity.render-pipelines.universal/Shaders/Lit.shader name=Universal Render Pipeline/Lit pass=ForwardLit ppOnly=0 stripLineD=0 buildPlatform=19 rsLen=0 pKW=UNITY_ENABLE_REFLECTION_BUFFERS UNITY_USE_DITHER_MASK_FOR_ALPHABLENDED_SHADOWS UNITY_PBS_USE_BRDF1 UNITY_SPECCUBE_BOX_PROJECTION UNITY_SPECCUBE_BLENDING UNITY_ENABLE_DETAIL_NORMALMAP SHADER_API_DESKTOP UNITY_LIGHT_PROBE_PROXY_VOLUME UNITY_LIGHTMAP_FULL_HDR UNITY_PLATFORM_SUPPORTS_DEPTH_FETCH uKW=_MAIN_LIGHT_SHADOWS_CASCADE _LIGHT_LAYERS _CLUSTER_LIGHT_LOOP LOD_FADE_CROSSFADE FOG_EXP _RECEIVE_SHADOWS_OFF _ADDITIONAL_LIGHT_SHADOWS _REFLECTION_PROBE_BLENDING _REFLECTION_PROBE_BOX_PROJECTION _REFLECTION_PROBE_ATLAS _SCREEN_SPACE_OCCLUSION _LIGHT_COOKIES _EMISSION dKW=_SHADOWS_SOFT _SHADOWS_SOFT_LOW _SHADOWS_SOFT_MEDIUM _SHADOWS_SOFT_HIGH _SCREEN_SPACE_IRRADIANCE _DBUFFER_MRT1 _DBUFFER_MRT2 _DBUFFER_MRT3 _WRITE_RENDERING_LAYERS LIGHTMAP_BICUBIC_SAMPLING REFLECTION_PROBE_ROTATION DEBUG_DISPLAY _MAIN_LIGHT_SHADOWS _MAIN_LIGHT_SHADOWS_SCREEN _ADDITIONAL_LIGHTS_VERTEX _ADDITIONAL_LIGHTS EVALUATE_SH_MIXED EVALUATE_SH_VERTEX LIGHTMAP_SHADOW_MIXING SHADOWS_SHADOWMASK DIRLIGHTMAP_COMBINED LIGHTMAP_ON DYNAMICLIGHTMAP_ON USE_LEGACY_LIGHTMAPS PROBE_VOLUMES_L1 PROBE_VOLUMES_L2 DOTS_INSTANCING_ON FOG_LINEAR FOG_EXP2 INSTANCING_ON _SURFACE_TYPE_TRANSPARENT _ALPHATEST_ON _ALPHAPREMULTIPLY_ON _ALPHAMODULATE_ON _METALLICSPECGLOSSMAP _SMOOTHNESS_TEXTURE_ALBEDO_CHANNEL_A _OCCLUSIONMAP _SPECULARHIGHLIGHTS_OFF _ENVIRONMENTREFLECTIONS_OFF _SPECULAR_SETUP _NORMALMAP _PARALLAXMAP _DETAIL_MULX2 _DETAIL_SCALED UNITY_NO_DXT5nm UNITY_FRAMEBUFFER_FETCH_AVAILABLE UNITY_METAL_SHADOWS_USE_POINT_FILTERING UNITY_NO_SCREENSPACE_SHADOWS UNITY_PBS_USE_BRDF2 UNITY_PBS_USE_BRDF3 UNITY_HARDWARE_TIER1 UNITY_HARDWARE_TIER2 UNITY_HARDWARE_TIER3 UNITY_COLORSPACE_GAMMA UNITY_LIGHTMAP_DLDR_ENCODING UNITY_LIGHTMAP_RGBM_ENCODING UNITY_VIRTUAL_TEXTURING UNITY_PRETRANSFORM_TO_DISPLAY_ORIENTATION UNITY_ASTC_NORMALMAP_ENCODING SHADER_API_GLES30 SHADER_API_GLES31 SHADER_API_GLES32 UNITY_UNIFIED_SHADER_PRECISION_MODEL flags=0 lang=3 type=Fragment platform=d3d11 reqs=1 mask=6 start=111
RunExternalCompiler: begin name=FXC
RunExternalCompiler: end
compileSnippet complete
 ok=1 outsize=17374

Cmd: compileSnippet
  insize=9560 file=Packages/com.unity.render-pipelines.universal/Shaders/Lit.shader name=Universal Render Pipeline/Lit pass=ForwardLit ppOnly=0 stripLineD=0 buildPlatform=19 rsLen=0 pKW=UNITY_ENABLE_REFLECTION_BUFFERS UNITY_USE_DITHER_MASK_FOR_ALPHABLENDED_SHADOWS UNITY_PBS_USE_BRDF1 UNITY_SPECCUBE_BOX_PROJECTION UNITY_SPECCUBE_BLENDING UNITY_ENABLE_DETAIL_NORMALMAP SHADER_API_DESKTOP UNITY_LIGHT_PROBE_PROXY_VOLUME UNITY_LIGHTMAP_FULL_HDR UNITY_PLATFORM_SUPPORTS_DEPTH_FETCH uKW=_MAIN_LIGHT_SHADOWS_CASCADE _LIGHT_LAYERS _CLUSTER_LIGHT_LOOP LOD_FADE_CROSSFADE FOG_EXP _ADDITIONAL_LIGHT_SHADOWS _REFLECTION_PROBE_BLENDING _REFLECTION_PROBE_BOX_PROJECTION _REFLECTION_PROBE_ATLAS _SCREEN_SPACE_OCCLUSION _LIGHT_COOKIES _EMISSION dKW=_SHADOWS_SOFT _SHADOWS_SOFT_LOW _SHADOWS_SOFT_MEDIUM _SHADOWS_SOFT_HIGH _SCREEN_SPACE_IRRADIANCE _DBUFFER_MRT1 _DBUFFER_MRT2 _DBUFFER_MRT3 _WRITE_RENDERING_LAYERS LIGHTMAP_BICUBIC_SAMPLING REFLECTION_PROBE_ROTATION DEBUG_DISPLAY _MAIN_LIGHT_SHADOWS _MAIN_LIGHT_SHADOWS_SCREEN _ADDITIONAL_LIGHTS_VERTEX _ADDITIONAL_LIGHTS EVALUATE_SH_MIXED EVALUATE_SH_VERTEX LIGHTMAP_SHADOW_MIXING SHADOWS_SHADOWMASK DIRLIGHTMAP_COMBINED LIGHTMAP_ON DYNAMICLIGHTMAP_ON USE_LEGACY_LIGHTMAPS PROBE_VOLUMES_L1 PROBE_VOLUMES_L2 DOTS_INSTANCING_ON FOG_LINEAR FOG_EXP2 INSTANCING_ON _SURFACE_TYPE_TRANSPARENT _ALPHATEST_ON _ALPHAPREMULTIPLY_ON _ALPHAMODULATE_ON _METALLICSPECGLOSSMAP _SMOOTHNESS_TEXTURE_ALBEDO_CHANNEL_A _OCCLUSIONMAP _SPECULARHIGHLIGHTS_OFF _ENVIRONMENTREFLECTIONS_OFF _SPECULAR_SETUP _NORMALMAP _PARALLAXMAP _RECEIVE_SHADOWS_OFF _DETAIL_MULX2 _DETAIL_SCALED UNITY_NO_DXT5nm UNITY_FRAMEBUFFER_FETCH_AVAILABLE UNITY_METAL_SHADOWS_USE_POINT_FILTERING UNITY_NO_SCREENSPACE_SHADOWS UNITY_PBS_USE_BRDF2 UNITY_PBS_USE_BRDF3 UNITY_HARDWARE_TIER1 UNITY_HARDWARE_TIER2 UNITY_HARDWARE_TIER3 UNITY_COLORSPACE_GAMMA UNITY_LIGHTMAP_DLDR_ENCODING UNITY_LIGHTMAP_RGBM_ENCODING UNITY_VIRTUAL_TEXTURING UNITY_PRETRANSFORM_TO_DISPLAY_ORIENTATION UNITY_ASTC_NORMALMAP_ENCODING SHADER_API_GLES30 SHADER_API_GLES31 SHADER_API_GLES32 UNITY_UNIFIED_SHADER_PRECISION_MODEL flags=0 lang=3 type=Fragment platform=d3d11 reqs=1 mask=6 start=111
RunExternalCompiler: begin name=FXC
RunExternalCompiler: end
compileSnippet complete
 ok=1 outsize=20878

Cmd: compileSnippet
  insize=2951 file=Packages/com.unity.render-pipelines.universal/Shaders/Lit.shader name=Universal Render Pipeline/Lit pass=DepthNormals ppOnly=0 stripLineD=0 buildPlatform=19 rsLen=0 pKW=UNITY_ENABLE_REFLECTION_BUFFERS UNITY_USE_DITHER_MASK_FOR_ALPHABLENDED_SHADOWS UNITY_PBS_USE_BRDF1 UNITY_SPECCUBE_BOX_PROJECTION UNITY_SPECCUBE_BLENDING UNITY_ENABLE_DETAIL_NORMALMAP SHADER_API_DESKTOP UNITY_LIGHT_PROBE_PROXY_VOLUME UNITY_LIGHTMAP_FULL_HDR UNITY_PLATFORM_SUPPORTS_DEPTH_FETCH uKW=LOD_FADE_CROSSFADE _ALPHATEST_ON dKW=_WRITE_RENDERING_LAYERS DOTS_INSTANCING_ON INSTANCING_ON _SMOOTHNESS_TEXTURE_ALBEDO_CHANNEL_A _NORMALMAP _PARALLAXMAP _DETAIL_MULX2 _DETAIL_SCALED UNITY_NO_DXT5nm UNITY_FRAMEBUFFER_FETCH_AVAILABLE UNITY_METAL_SHADOWS_USE_POINT_FILTERING UNITY_NO_SCREENSPACE_SHADOWS UNITY_PBS_USE_BRDF2 UNITY_PBS_USE_BRDF3 UNITY_HARDWARE_TIER1 UNITY_HARDWARE_TIER2 UNITY_HARDWARE_TIER3 UNITY_COLORSPACE_GAMMA UNITY_LIGHTMAP_DLDR_ENCODING UNITY_LIGHTMAP_RGBM_ENCODING UNITY_VIRTUAL_TEXTURING UNITY_PRETRANSFORM_TO_DISPLAY_ORIENTATION UNITY_ASTC_NORMALMAP_ENCODING SHADER_API_GLES30 SHADER_API_GLES31 SHADER_API_GLES32 UNITY_UNIFIED_SHADER_PRECISION_MODEL flags=0 lang=3 type=Fragment platform=d3d11 reqs=1 mask=6 start=385
RunExternalCompiler: begin name=FXC
RunExternalCompiler: end
compileSnippet complete
 ok=1 outsize=1362

Cmd: compileSnippet
  insize=1571 file=Packages/com.unity.render-pipelines.universal/Shaders/Lit.shader name=Universal Render Pipeline/Lit pass=MotionVectors ppOnly=0 stripLineD=0 buildPlatform=19 rsLen=0 pKW=UNITY_ENABLE_REFLECTION_BUFFERS UNITY_USE_DITHER_MASK_FOR_ALPHABLENDED_SHADOWS UNITY_PBS_USE_BRDF1 UNITY_SPECCUBE_BOX_PROJECTION UNITY_SPECCUBE_BLENDING UNITY_ENABLE_DETAIL_NORMALMAP SHADER_API_DESKTOP UNITY_LIGHT_PROBE_PROXY_VOLUME UNITY_LIGHTMAP_FULL_HDR UNITY_PLATFORM_SUPPORTS_DEPTH_FETCH UNITY_PASS_MOTIONVECTORS uKW=LOD_FADE_CROSSFADE _ALPHATEST_ON dKW=DOTS_INSTANCING_ON INSTANCING_ON UNITY_NO_DXT5nm UNITY_FRAMEBUFFER_FETCH_AVAILABLE UNITY_METAL_SHADOWS_USE_POINT_FILTERING UNITY_NO_SCREENSPACE_SHADOWS UNITY_PBS_USE_BRDF2 UNITY_PBS_USE_BRDF3 UNITY_HARDWARE_TIER1 UNITY_HARDWARE_TIER2 UNITY_HARDWARE_TIER3 UNITY_COLORSPACE_GAMMA UNITY_LIGHTMAP_DLDR_ENCODING UNITY_LIGHTMAP_RGBM_ENCODING UNITY_VIRTUAL_TEXTURING UNITY_PRETRANSFORM_TO_DISPLAY_ORIENTATION UNITY_ASTC_NORMALMAP_ENCODING SHADER_API_GLES30 SHADER_API_GLES31 SHADER_API_GLES32 UNITY_UNIFIED_SHADER_PRECISION_MODEL flags=0 lang=3 type=Fragment platform=d3d11 reqs=4075 mask=6 start=503
RunExternalCompiler: begin name=FXC
RunExternalCompiler: end
compileSnippet complete
 ok=1 outsize=1606

Cmd: compileSnippet
  insize=2950 file=Assets/DefaultResourcesExtra/Normal-VertexLit.shader name=Legacy Shaders/VertexLit pass= ppOnly=0 stripLineD=0 buildPlatform=19 rsLen=0 pKW=UNITY_ENABLE_REFLECTION_BUFFERS UNITY_USE_DITHER_MASK_FOR_ALPHABLENDED_SHADOWS UNITY_PBS_USE_BRDF1 UNITY_SPECCUBE_BOX_PROJECTION UNITY_SPECCUBE_BLENDING UNITY_ENABLE_DETAIL_NORMALMAP SHADER_API_DESKTOP UNITY_LIGHT_PROBE_PROXY_VOLUME UNITY_LIGHTMAP_FULL_HDR UNITY_PLATFORM_SUPPORTS_DEPTH_FETCH uKW= dKW=FOG_LINEAR FOG_EXP FOG_EXP2 UNITY_NO_DXT5nm UNITY_FRAMEBUFFER_FETCH_AVAILABLE UNITY_METAL_SHADOWS_USE_POINT_FILTERING UNITY_NO_SCREENSPACE_SHADOWS UNITY_PBS_USE_BRDF2 UNITY_PBS_USE_BRDF3 UNITY_HARDWARE_TIER1 UNITY_HARDWARE_TIER2 UNITY_HARDWARE_TIER3 UNITY_COLORSPACE_GAMMA UNITY_LIGHTMAP_DLDR_ENCODING UNITY_LIGHTMAP_RGBM_ENCODING UNITY_VIRTUAL_TEXTURING UNITY_PRETRANSFORM_TO_DISPLAY_ORIENTATION UNITY_ASTC_NORMALMAP_ENCODING SHADER_API_GLES30 SHADER_API_GLES31 SHADER_API_GLES32 UNITY_UNIFIED_SHADER_PRECISION_MODEL flags=0 lang=0 type=Vertex platform=d3d11 reqs=1 mask=6 start=38
RunExternalCompiler: begin name=FXC
RunExternalCompiler: end
compileSnippet complete
 ok=1 outsize=934

Cmd: compileSnippet
  insize=18270 file=Assets/DefaultResourcesExtra/Normal-Diffuse.shader name=Legacy Shaders/Diffuse pass=FORWARD ppOnly=0 stripLineD=0 buildPlatform=19 rsLen=0 pKW=UNITY_ENABLE_REFLECTION_BUFFERS UNITY_USE_DITHER_MASK_FOR_ALPHABLENDED_SHADOWS UNITY_PBS_USE_BRDF1 UNITY_SPECCUBE_BOX_PROJECTION UNITY_SPECCUBE_BLENDING UNITY_ENABLE_DETAIL_NORMALMAP SHADER_API_DESKTOP UNITY_LIGHT_PROBE_PROXY_VOLUME UNITY_LIGHTMAP_FULL_HDR UNITY_PLATFORM_SUPPORTS_DEPTH_FETCH UNITY_PASS_FORWARDBASE uKW=FOG_EXP DIRECTIONAL SHADOWS_SCREEN dKW=INSTANCING_ON FOG_LINEAR FOG_EXP2 LIGHTPROBE_SH SHADOWS_SHADOWMASK DYNAMICLIGHTMAP_ON LIGHTMAP_ON LIGHTMAP_SHADOW_MIXING DIRLIGHTMAP_COMBINED VERTEXLIGHT_ON UNITY_NO_DXT5nm UNITY_FRAMEBUFFER_FETCH_AVAILABLE UNITY_METAL_SHADOWS_USE_POINT_FILTERING UNITY_NO_SCREENSPACE_SHADOWS UNITY_PBS_USE_BRDF2 UNITY_PBS_USE_BRDF3 UNITY_HARDWARE_TIER1 UNITY_HARDWARE_TIER2 UNITY_HARDWARE_TIER3 UNITY_COLORSPACE_GAMMA UNITY_LIGHTMAP_DLDR_ENCODING UNITY_LIGHTMAP_RGBM_ENCODING UNITY_VIRTUAL_TEXTURING UNITY_PRETRANSFORM_TO_DISPLAY_ORIENTATION UNITY_ASTC_NORMALMAP_ENCODING SHADER_API_GLES30 SHADER_API_GLES31 SHADER_API_GLES32 UNITY_UNIFIED_SHADER_PRECISION_MODEL flags=0 lang=0 type=Vertex platform=d3d11 reqs=227 mask=6 start=20
RunExternalCompiler: begin name=FXC
RunExternalCompiler: end
compileSnippet complete
 ok=1 outsize=1526

Cmd: compileSnippet
  insize=18270 file=Assets/DefaultResourcesExtra/Normal-Diffuse.shader name=Legacy Shaders/Diffuse pass=FORWARD ppOnly=0 stripLineD=0 buildPlatform=19 rsLen=0 pKW=UNITY_ENABLE_REFLECTION_BUFFERS UNITY_USE_DITHER_MASK_FOR_ALPHABLENDED_SHADOWS UNITY_PBS_USE_BRDF1 UNITY_SPECCUBE_BOX_PROJECTION UNITY_SPECCUBE_BLENDING UNITY_ENABLE_DETAIL_NORMALMAP SHADER_API_DESKTOP UNITY_LIGHT_PROBE_PROXY_VOLUME UNITY_LIGHTMAP_FULL_HDR UNITY_PLATFORM_SUPPORTS_DEPTH_FETCH UNITY_PASS_FORWARDBASE uKW=FOG_EXP DIRECTIONAL LIGHTPROBE_SH SHADOWS_SCREEN dKW=INSTANCING_ON FOG_LINEAR FOG_EXP2 SHADOWS_SHADOWMASK DYNAMICLIGHTMAP_ON LIGHTMAP_ON LIGHTMAP_SHADOW_MIXING DIRLIGHTMAP_COMBINED UNITY_NO_DXT5nm UNITY_FRAMEBUFFER_FETCH_AVAILABLE UNITY_METAL_SHADOWS_USE_POINT_FILTERING UNITY_NO_SCREENSPACE_SHADOWS UNITY_PBS_USE_BRDF2 UNITY_PBS_USE_BRDF3 UNITY_HARDWARE_TIER1 UNITY_HARDWARE_TIER2 UNITY_HARDWARE_TIER3 UNITY_COLORSPACE_GAMMA UNITY_LIGHTMAP_DLDR_ENCODING UNITY_LIGHTMAP_RGBM_ENCODING UNITY_VIRTUAL_TEXTURING UNITY_PRETRANSFORM_TO_DISPLAY_ORIENTATION UNITY_ASTC_NORMALMAP_ENCODING SHADER_API_GLES30 SHADER_API_GLES31 SHADER_API_GLES32 UNITY_UNIFIED_SHADER_PRECISION_MODEL flags=0 lang=0 type=Fragment platform=d3d11 reqs=227 mask=6 start=20
RunExternalCompiler: begin name=FXC
RunExternalCompiler: end
compileSnippet complete
 ok=1 outsize=3210

Cmd: compileSnippet
  insize=13246 file=Assets/DefaultResourcesExtra/Normal-Diffuse.shader name=Legacy Shaders/Diffuse pass=DEFERRED ppOnly=0 stripLineD=0 buildPlatform=19 rsLen=0 pKW=UNITY_ENABLE_REFLECTION_BUFFERS UNITY_USE_DITHER_MASK_FOR_ALPHABLENDED_SHADOWS UNITY_PBS_USE_BRDF1 UNITY_SPECCUBE_BOX_PROJECTION UNITY_SPECCUBE_BLENDING UNITY_ENABLE_DETAIL_NORMALMAP SHADER_API_DESKTOP UNITY_LIGHT_PROBE_PROXY_VOLUME UNITY_LIGHTMAP_FULL_HDR UNITY_PLATFORM_SUPPORTS_DEPTH_FETCH UNITY_PASS_DEFERRED uKW=LIGHTPROBE_SH UNITY_HDR_ON dKW=INSTANCING_ON DYNAMICLIGHTMAP_ON SHADOWS_SHADOWMASK LIGHTMAP_ON DIRLIGHTMAP_COMBINED UNITY_NO_DXT5nm UNITY_FRAMEBUFFER_FETCH_AVAILABLE UNITY_METAL_SHADOWS_USE_POINT_FILTERING UNITY_NO_SCREENSPACE_SHADOWS UNITY_PBS_USE_BRDF2 UNITY_PBS_USE_BRDF3 UNITY_HARDWARE_TIER1 UNITY_HARDWARE_TIER2 UNITY_HARDWARE_TIER3 UNITY_COLORSPACE_GAMMA UNITY_LIGHTMAP_DLDR_ENCODING UNITY_LIGHTMAP_RGBM_ENCODING UNITY_VIRTUAL_TEXTURING UNITY_PRETRANSFORM_TO_DISPLAY_ORIENTATION UNITY_ASTC_NORMALMAP_ENCODING SHADER_API_GLES30 SHADER_API_GLES31 SHADER_API_GLES32 UNITY_UNIFIED_SHADER_PRECISION_MODEL flags=0 lang=0 type=Fragment platform=d3d11 reqs=33 mask=6 start=128
RunExternalCompiler: begin name=FXC
RunExternalCompiler: end
compileSnippet complete
 ok=1 outsize=814

Cmd: compileSnippet
  insize=1486 file=Assets/DefaultResourcesExtra/Internal-DepthNormalsTexture.shader name=Hidden/Internal-DepthNormalsTexture pass= ppOnly=0 stripLineD=0 buildPlatform=19 rsLen=0 pKW=UNITY_ENABLE_REFLECTION_BUFFERS UNITY_USE_DITHER_MASK_FOR_ALPHABLENDED_SHADOWS UNITY_PBS_USE_BRDF1 UNITY_SPECCUBE_BOX_PROJECTION UNITY_SPECCUBE_BLENDING UNITY_ENABLE_DETAIL_NORMALMAP SHADER_API_DESKTOP UNITY_LIGHT_PROBE_PROXY_VOLUME UNITY_LIGHTMAP_FULL_HDR UNITY_PLATFORM_SUPPORTS_DEPTH_FETCH uKW= dKW=UNITY_NO_DXT5nm UNITY_FRAMEBUFFER_FETCH_AVAILABLE UNITY_METAL_SHADOWS_USE_POINT_FILTERING UNITY_NO_SCREENSPACE_SHADOWS UNITY_PBS_USE_BRDF2 UNITY_PBS_USE_BRDF3 UNITY_HARDWARE_TIER1 UNITY_HARDWARE_TIER2 UNITY_HARDWARE_TIER3 UNITY_COLORSPACE_GAMMA UNITY_LIGHTMAP_DLDR_ENCODING UNITY_LIGHTMAP_RGBM_ENCODING UNITY_VIRTUAL_TEXTURING UNITY_PRETRANSFORM_TO_DISPLAY_ORIENTATION UNITY_ASTC_NORMALMAP_ENCODING SHADER_API_GLES30 SHADER_API_GLES31 SHADER_API_GLES32 UNITY_UNIFIED_SHADER_PRECISION_MODEL flags=0 lang=0 type=Fragment platform=d3d11 reqs=33 mask=6 start=185
RunExternalCompiler: begin name=FXC
RunExternalCompiler: end
compileSnippet complete
 ok=1 outsize=702

Cmd: compileSnippet
  insize=12067 file=Assets/DefaultResourcesExtra/Internal-ScreenSpaceShadows.shader name=Hidden/Internal-ScreenSpaceShadows pass= ppOnly=0 stripLineD=0 buildPlatform=19 rsLen=0 pKW=UNITY_ENABLE_REFLECTION_BUFFERS UNITY_USE_DITHER_MASK_FOR_ALPHABLENDED_SHADOWS UNITY_PBS_USE_BRDF1 UNITY_SPECCUBE_BOX_PROJECTION UNITY_SPECCUBE_BLENDING UNITY_ENABLE_DETAIL_NORMALMAP SHADER_API_DESKTOP UNITY_LIGHT_PROBE_PROXY_VOLUME UNITY_LIGHTMAP_FULL_HDR UNITY_PLATFORM_SUPPORTS_DEPTH_FETCH uKW=SHADOWS_SINGLE_CASCADE dKW=SHADOWS_SPLIT_SPHERES UNITY_NO_DXT5nm UNITY_FRAMEBUFFER_FETCH_AVAILABLE UNITY_METAL_SHADOWS_USE_POINT_FILTERING UNITY_NO_SCREENSPACE_SHADOWS UNITY_PBS_USE_BRDF2 UNITY_PBS_USE_BRDF3 UNITY_HARDWARE_TIER1 UNITY_HARDWARE_TIER2 UNITY_HARDWARE_TIER3 UNITY_COLORSPACE_GAMMA UNITY_LIGHTMAP_DLDR_ENCODING UNITY_LIGHTMAP_RGBM_ENCODING UNITY_VIRTUAL_TEXTURING UNITY_PRETRANSFORM_TO_DISPLAY_ORIENTATION UNITY_ASTC_NORMALMAP_ENCODING SHADER_API_GLES30 SHADER_API_GLES31 SHADER_API_GLES32 UNITY_UNIFIED_SHADER_PRECISION_MODEL flags=0 lang=0 type=Vertex platform=d3d11 reqs=33 mask=6 start=358
RunExternalCompiler: begin name=FXC
RunExternalCompiler: end
compileSnippet complete
 ok=1 outsize=1290

Cmd: compileSnippet
  insize=12097 file=Assets/DefaultResourcesExtra/Internal-ScreenSpaceShadows.shader name=Hidden/Internal-ScreenSpaceShadows pass= ppOnly=0 stripLineD=0 buildPlatform=19 rsLen=0 pKW=UNITY_ENABLE_REFLECTION_BUFFERS UNITY_USE_DITHER_MASK_FOR_ALPHABLENDED_SHADOWS UNITY_PBS_USE_BRDF1 UNITY_SPECCUBE_BOX_PROJECTION UNITY_SPECCUBE_BLENDING UNITY_ENABLE_DETAIL_NORMALMAP SHADER_API_DESKTOP UNITY_LIGHT_PROBE_PROXY_VOLUME UNITY_LIGHTMAP_FULL_HDR UNITY_PLATFORM_SUPPORTS_DEPTH_FETCH uKW=SHADOWS_SINGLE_CASCADE dKW=SHADOWS_SPLIT_SPHERES UNITY_NO_DXT5nm UNITY_FRAMEBUFFER_FETCH_AVAILABLE UNITY_METAL_SHADOWS_USE_POINT_FILTERING UNITY_NO_SCREENSPACE_SHADOWS UNITY_PBS_USE_BRDF2 UNITY_PBS_USE_BRDF3 UNITY_HARDWARE_TIER1 UNITY_HARDWARE_TIER2 UNITY_HARDWARE_TIER3 UNITY_COLORSPACE_GAMMA UNITY_LIGHTMAP_DLDR_ENCODING UNITY_LIGHTMAP_RGBM_ENCODING UNITY_VIRTUAL_TEXTURING UNITY_PRETRANSFORM_TO_DISPLAY_ORIENTATION UNITY_ASTC_NORMALMAP_ENCODING SHADER_API_GLES30 SHADER_API_GLES31 SHADER_API_GLES32 UNITY_UNIFIED_SHADER_PRECISION_MODEL flags=0 lang=0 type=Vertex platform=d3d11 reqs=227 mask=6 start=404
RunExternalCompiler: begin name=FXC
RunExternalCompiler: end
compileSnippet complete
 ok=1 outsize=1290

Cmd: compileSnippet
  insize=2429 file=Assets/DefaultResourcesExtra/Internal-DeferredShading.shader name=Hidden/Internal-DeferredShading pass= ppOnly=0 stripLineD=0 buildPlatform=19 rsLen=0 pKW=UNITY_ENABLE_REFLECTION_BUFFERS UNITY_USE_DITHER_MASK_FOR_ALPHABLENDED_SHADOWS UNITY_PBS_USE_BRDF1 UNITY_SPECCUBE_BOX_PROJECTION UNITY_SPECCUBE_BLENDING UNITY_ENABLE_DETAIL_NORMALMAP SHADER_API_DESKTOP UNITY_LIGHT_PROBE_PROXY_VOLUME UNITY_LIGHTMAP_FULL_HDR UNITY_PLATFORM_SUPPORTS_DEPTH_FETCH uKW=UNITY_HDR_ON SPOT SHADOWS_DEPTH dKW=POINT DIRECTIONAL POINT_COOKIE DIRECTIONAL_COOKIE SHADOWS_SHADOWMASK LIGHTMAP_SHADOW_MIXING SHADOWS_SOFT SHADOWS_SCREEN SHADOWS_CUBE UNITY_NO_DXT5nm UNITY_FRAMEBUFFER_FETCH_AVAILABLE UNITY_METAL_SHADOWS_USE_POINT_FILTERING UNITY_NO_SCREENSPACE_SHADOWS UNITY_PBS_USE_BRDF2 UNITY_PBS_USE_BRDF3 UNITY_HARDWARE_TIER1 UNITY_HARDWARE_TIER2 UNITY_HARDWARE_TIER3 UNITY_COLORSPACE_GAMMA UNITY_LIGHTMAP_DLDR_ENCODING UNITY_LIGHTMAP_RGBM_ENCODING UNITY_VIRTUAL_TEXTURING UNITY_PRETRANSFORM_TO_DISPLAY_ORIENTATION UNITY_ASTC_NORMALMAP_ENCODING SHADER_API_GLES30 SHADER_API_GLES31 SHADER_API_GLES32 UNITY_UNIFIED_SHADER_PRECISION_MODEL flags=0 lang=0 type=Vertex platform=d3d11 reqs=227 mask=6 start=18
RunExternalCompiler: begin name=FXC
RunExternalCompiler: end
compileSnippet complete
 ok=1 outsize=1150

Cmd: compileSnippet
  insize=2429 file=Assets/DefaultResourcesExtra/Internal-DeferredShading.shader name=Hidden/Internal-DeferredShading pass= ppOnly=0 stripLineD=0 buildPlatform=19 rsLen=0 pKW=UNITY_ENABLE_REFLECTION_BUFFERS UNITY_USE_DITHER_MASK_FOR_ALPHABLENDED_SHADOWS UNITY_PBS_USE_BRDF1 UNITY_SPECCUBE_BOX_PROJECTION UNITY_SPECCUBE_BLENDING UNITY_ENABLE_DETAIL_NORMALMAP SHADER_API_DESKTOP UNITY_LIGHT_PROBE_PROXY_VOLUME UNITY_LIGHTMAP_FULL_HDR UNITY_PLATFORM_SUPPORTS_DEPTH_FETCH uKW=POINT SHADOWS_CUBE dKW=UNITY_HDR_ON DIRECTIONAL SPOT POINT_COOKIE DIRECTIONAL_COOKIE SHADOWS_SHADOWMASK LIGHTMAP_SHADOW_MIXING SHADOWS_DEPTH SHADOWS_SOFT SHADOWS_SCREEN UNITY_NO_DXT5nm UNITY_FRAMEBUFFER_FETCH_AVAILABLE UNITY_METAL_SHADOWS_USE_POINT_FILTERING UNITY_NO_SCREENSPACE_SHADOWS UNITY_PBS_USE_BRDF2 UNITY_PBS_USE_BRDF3 UNITY_HARDWARE_TIER1 UNITY_HARDWARE_TIER2 UNITY_HARDWARE_TIER3 UNITY_COLORSPACE_GAMMA UNITY_LIGHTMAP_DLDR_ENCODING UNITY_LIGHTMAP_RGBM_ENCODING UNITY_VIRTUAL_TEXTURING UNITY_PRETRANSFORM_TO_DISPLAY_ORIENTATION UNITY_ASTC_NORMALMAP_ENCODING SHADER_API_GLES30 SHADER_API_GLES31 SHADER_API_GLES32 UNITY_UNIFIED_SHADER_PRECISION_MODEL flags=0 lang=0 type=Fragment platform=d3d11 reqs=227 mask=6 start=18
RunExternalCompiler: begin name=FXC
RunExternalCompiler: end
compileSnippet complete
 ok=1 outsize=3978

Cmd: compileSnippet
  insize=2094 file=Assets/DefaultResourcesExtra/Internal/UIElements/Internal-UIRDefault.shader name=Hidden/Internal-UIRDefault pass= ppOnly=0 stripLineD=0 buildPlatform=19 rsLen=0 pKW=UNITY_ENABLE_REFLECTION_BUFFERS UNITY_USE_DITHER_MASK_FOR_ALPHABLENDED_SHADOWS UNITY_PBS_USE_BRDF1 UNITY_SPECCUBE_BOX_PROJECTION UNITY_SPECCUBE_BLENDING UNITY_ENABLE_DETAIL_NORMALMAP SHADER_API_DESKTOP UNITY_LIGHT_PROBE_PROXY_VOLUME UNITY_LIGHTMAP_FULL_HDR UNITY_PLATFORM_SUPPORTS_DEPTH_FETCH uKW=_UIE_TEXTURE_SLOT_COUNT_2 _UIE_RENDER_TYPE_GRADIENT dKW=_UIE_FORCE_GAMMA _UIE_TEXTURE_SLOT_COUNT_1 _UIE_TEXTURE_SLOT_COUNT_4 _UIE_RENDER_TYPE_SOLID _UIE_RENDER_TYPE_TEXTURE _UIE_RENDER_TYPE_TEXT UNITY_NO_DXT5nm UNITY_FRAMEBUFFER_FETCH_AVAILABLE UNITY_METAL_SHADOWS_USE_POINT_FILTERING UNITY_NO_SCREENSPACE_SHADOWS UNITY_PBS_USE_BRDF2 UNITY_PBS_USE_BRDF3 UNITY_HARDWARE_TIER1 UNITY_HARDWARE_TIER2 UNITY_HARDWARE_TIER3 UNITY_COLORSPACE_GAMMA UNITY_LIGHTMAP_DLDR_ENCODING UNITY_LIGHTMAP_RGBM_ENCODING UNITY_VIRTUAL_TEXTURING UNITY_PRETRANSFORM_TO_DISPLAY_ORIENTATION UNITY_ASTC_NORMALMAP_ENCODING SHADER_API_GLES30 SHADER_API_GLES31 SHADER_API_GLES32 UNITY_UNIFIED_SHADER_PRECISION_MODEL flags=0 lang=0 type=Vertex platform=d3d11 reqs=4075 mask=6 start=45
RunExternalCompiler: begin name=FXC
RunExternalCompiler: end
compileSnippet complete
 ok=1 outsize=4270

Cmd: compileSnippet
  insize=2094 file=Assets/DefaultResourcesExtra/Internal/UIElements/Internal-UIRDefault.shader name=Hidden/Internal-UIRDefault pass= ppOnly=0 stripLineD=0 buildPlatform=19 rsLen=0 pKW=UNITY_ENABLE_REFLECTION_BUFFERS UNITY_USE_DITHER_MASK_FOR_ALPHABLENDED_SHADOWS UNITY_PBS_USE_BRDF1 UNITY_SPECCUBE_BOX_PROJECTION UNITY_SPECCUBE_BLENDING UNITY_ENABLE_DETAIL_NORMALMAP SHADER_API_DESKTOP UNITY_LIGHT_PROBE_PROXY_VOLUME UNITY_LIGHTMAP_FULL_HDR UNITY_PLATFORM_SUPPORTS_DEPTH_FETCH uKW=_UIE_TEXTURE_SLOT_COUNT_4 dKW=_UIE_FORCE_GAMMA _UIE_TEXTURE_SLOT_COUNT_1 _UIE_TEXTURE_SLOT_COUNT_2 _UIE_RENDER_TYPE_SOLID _UIE_RENDER_TYPE_TEXTURE _UIE_RENDER_TYPE_TEXT _UIE_RENDER_TYPE_GRADIENT UNITY_NO_DXT5nm UNITY_FRAMEBUFFER_FETCH_AVAILABLE UNITY_METAL_SHADOWS_USE_POINT_FILTERING UNITY_NO_SCREENSPACE_SHADOWS UNITY_PBS_USE_BRDF2 UNITY_PBS_USE_BRDF3 UNITY_HARDWARE_TIER1 UNITY_HARDWARE_TIER2 UNITY_HARDWARE_TIER3 UNITY_COLORSPACE_GAMMA UNITY_LIGHTMAP_DLDR_ENCODING UNITY_LIGHTMAP_RGBM_ENCODING UNITY_VIRTUAL_TEXTURING UNITY_PRETRANSFORM_TO_DISPLAY_ORIENTATION UNITY_ASTC_NORMALMAP_ENCODING SHADER_API_GLES30 SHADER_API_GLES31 SHADER_API_GLES32 UNITY_UNIFIED_SHADER_PRECISION_MODEL flags=0 lang=0 type=Vertex platform=d3d11 reqs=4075 mask=6 start=45
RunExternalCompiler: begin name=FXC
RunExternalCompiler: end
compileSnippet complete
 ok=1 outsize=6522

Cmd: compileSnippet
  insize=2094 file=Assets/DefaultResourcesExtra/Internal/UIElements/Internal-UIRDefault.shader name=Hidden/Internal-UIRDefault pass= ppOnly=0 stripLineD=0 buildPlatform=19 rsLen=0 pKW=UNITY_ENABLE_REFLECTION_BUFFERS UNITY_USE_DITHER_MASK_FOR_ALPHABLENDED_SHADOWS UNITY_PBS_USE_BRDF1 UNITY_SPECCUBE_BOX_PROJECTION UNITY_SPECCUBE_BLENDING UNITY_ENABLE_DETAIL_NORMALMAP SHADER_API_DESKTOP UNITY_LIGHT_PROBE_PROXY_VOLUME UNITY_LIGHTMAP_FULL_HDR UNITY_PLATFORM_SUPPORTS_DEPTH_FETCH uKW=_UIE_FORCE_GAMMA _UIE_TEXTURE_SLOT_COUNT_2 dKW=_UIE_TEXTURE_SLOT_COUNT_1 _UIE_TEXTURE_SLOT_COUNT_4 _UIE_RENDER_TYPE_SOLID _UIE_RENDER_TYPE_TEXTURE _UIE_RENDER_TYPE_TEXT _UIE_RENDER_TYPE_GRADIENT UNITY_NO_DXT5nm UNITY_FRAMEBUFFER_FETCH_AVAILABLE UNITY_METAL_SHADOWS_USE_POINT_FILTERING UNITY_NO_SCREENSPACE_SHADOWS UNITY_PBS_USE_BRDF2 UNITY_PBS_USE_BRDF3 UNITY_HARDWARE_TIER1 UNITY_HARDWARE_TIER2 UNITY_HARDWARE_TIER3 UNITY_COLORSPACE_GAMMA UNITY_LIGHTMAP_DLDR_ENCODING UNITY_LIGHTMAP_RGBM_ENCODING UNITY_VIRTUAL_TEXTURING UNITY_PRETRANSFORM_TO_DISPLAY_ORIENTATION UNITY_ASTC_NORMALMAP_ENCODING SHADER_API_GLES30 SHADER_API_GLES31 SHADER_API_GLES32 UNITY_UNIFIED_SHADER_PRECISION_MODEL flags=0 lang=0 type=Fragment platform=d3d11 reqs=4075 mask=6 start=45
RunExternalCompiler: begin name=FXC
RunExternalCompiler: end
compileSnippet complete
 ok=1 outsize=8234

Cmd: compileSnippet
  insize=1455 file=Assets/DefaultResourcesExtra/Internal-ODSWorldTexture.shader name=Hidden/Internal-ODSWorldTexture pass= ppOnly=0 stripLineD=0 buildPlatform=19 rsLen=0 pKW=UNITY_ENABLE_REFLECTION_BUFFERS UNITY_USE_DITHER_MASK_FOR_ALPHABLENDED_SHADOWS UNITY_PBS_USE_BRDF1 UNITY_SPECCUBE_BOX_PROJECTION UNITY_SPECCUBE_BLENDING UNITY_ENABLE_DETAIL_NORMALMAP SHADER_API_DESKTOP UNITY_LIGHT_PROBE_PROXY_VOLUME UNITY_LIGHTMAP_FULL_HDR UNITY_PLATFORM_SUPPORTS_DEPTH_FETCH uKW= dKW=UNITY_NO_DXT5nm UNITY_FRAMEBUFFER_FETCH_AVAILABLE UNITY_METAL_SHADOWS_USE_POINT_FILTERING UNITY_NO_SCREENSPACE_SHADOWS UNITY_PBS_USE_BRDF2 UNITY_PBS_USE_BRDF3 UNITY_HARDWARE_TIER1 UNITY_HARDWARE_TIER2 UNITY_HARDWARE_TIER3 UNITY_COLORSPACE_GAMMA UNITY_LIGHTMAP_DLDR_ENCODING UNITY_LIGHTMAP_RGBM_ENCODING UNITY_VIRTUAL_TEXTURING UNITY_PRETRANSFORM_TO_DISPLAY_ORIENTATION UNITY_ASTC_NORMALMAP_ENCODING SHADER_API_GLES30 SHADER_API_GLES31 SHADER_API_GLES32 UNITY_UNIFIED_SHADER_PRECISION_MODEL flags=0 lang=0 type=Vertex platform=d3d11 reqs=33 mask=6 start=180
RunExternalCompiler: begin name=FXC
RunExternalCompiler: end
compileSnippet complete
 ok=1 outsize=1222

Cmd: compileSnippet
  insize=6994 file=Assets/DefaultResourcesExtra/VideoDecode.shader name=Hidden/VideoDecode pass=YCbCrA_To_RGBA ppOnly=0 stripLineD=0 buildPlatform=19 rsLen=0 pKW=UNITY_ENABLE_REFLECTION_BUFFERS UNITY_USE_DITHER_MASK_FOR_ALPHABLENDED_SHADOWS UNITY_PBS_USE_BRDF1 UNITY_SPECCUBE_BOX_PROJECTION UNITY_SPECCUBE_BLENDING UNITY_ENABLE_DETAIL_NORMALMAP SHADER_API_DESKTOP UNITY_LIGHT_PROBE_PROXY_VOLUME UNITY_LIGHTMAP_FULL_HDR UNITY_PLATFORM_SUPPORTS_DEPTH_FETCH uKW=ADJUST_TO_LINEARSPACE dKW=UNITY_NO_DXT5nm UNITY_FRAMEBUFFER_FETCH_AVAILABLE UNITY_METAL_SHADOWS_USE_POINT_FILTERING UNITY_NO_SCREENSPACE_SHADOWS UNITY_PBS_USE_BRDF2 UNITY_PBS_USE_BRDF3 UNITY_HARDWARE_TIER1 UNITY_HARDWARE_TIER2 UNITY_HARDWARE_TIER3 UNITY_COLORSPACE_GAMMA UNITY_LIGHTMAP_DLDR_ENCODING UNITY_LIGHTMAP_RGBM_ENCODING UNITY_VIRTUAL_TEXTURING UNITY_PRETRANSFORM_TO_DISPLAY_ORIENTATION UNITY_ASTC_NORMALMAP_ENCODING SHADER_API_GLES30 SHADER_API_GLES31 SHADER_API_GLES32 UNITY_UNIFIED_SHADER_PRECISION_MODEL flags=0 lang=0 type=Vertex platform=d3d11 reqs=33 mask=6 start=193
RunExternalCompiler: begin name=FXC
RunExternalCompiler: end
compileSnippet complete
 ok=1 outsize=722

Cmd: shutdown

Quitting shader compiler process
